id,response
0,"Okay, let's tackle part a first. So, we need to simplify this expression using the order of operations. The expression is: [13 - (11 - 11)] - [8 - (5 - 6)]. 

First, I remember that order of operations is parentheses, exponents, multiplication and division (from left to right), addition and subtraction (from left to right). But here, there are nested parentheses, so I should start with the innermost parentheses first.

Let's look at the innermost parentheses in part a. The first part is [13 - (11 - 1ื)]. So inside the innermost parentheses, it's (11 - 11). Let's compute that first. 11 minus 11 is 0. So that becomes 13 - 0. Then 13 minus 0 is 13. Wait, no, wait. Let me write it step by step.

Starting with the first bracket: [13 - (11 - 11)]. Let's compute the innermost parentheses first: (11 - 11) = 0. Then, the next level is 13 - 0, which is 13. So the first bracket simplifies to 13.

Now the second bracket: [8 - (5 - 6)]. Again, innermost parentheses first: (5 - 6) = -1. Then, 8 - (-1) is 8 + 1, which is 9. Wait, because subtracting a negative is adding. So 8 - (-1) = 8 + 1 = 9.

So now the entire expression is [13] - [9] = 13 - 9 = 4? Wait, hold on. Wait, the original expression is [first bracket] minus [second bracket]. So it's (result of first bracket) minus (result of second bracket).

Wait, let's check again. The expression is [13 - (11 - 11)] - [8 - (5 - 6)]. So yes, first compute the inner parentheses, then the brackets.

Let's do it step by step.

First part: 11 - 11 = 0. So inside the first bracket: 13 - 0 = 13.

Second part: 5 - 6 = -1. Then 8 - (-1) = 8 + 1 = 9.

Then the whole expression is 13 - 9 = 4. Hmm, so part a is 4?

Wait, let me verify. Maybe I made a mistake. Let's write it out:

Start with 11 - 11: that's 0. So 13 - 0 is 13. Correct.

Then 5 - 6: that's -1. Then 8 - (-1) is 8 + 1 = 9. Correct.

Then the entire expression is 13 - 9 = 4. So part a is 4.

Now part b: 4 * 3 - 2 + 2 * 3.

Order of operations: multiplication before addition and subtraction.

First, compute the multiplications.

4 * 3 = 12, and 2 * 3 = 6.

So substitute those back in: 12 - 2 + 6.

Now, left to right for addition and subtraction.

12 - 2 = 10, then 10 + 6 = 16.

Wait, let's check: 4*3 is 12, 2*3 is 6. So the expression becomes 12 - 2 + 6. Then, 12 - 2 is 10, 10 + 6 is 16. So part b is 16.

Wait, but let me make sure. Sometimes people might group differently, but according to order of operations, multiplication comes first, then left to right for addition and subtraction.

Yes, so 4*3 is 12, 2*3 is 6. Then 12 - 2 + 6. Since addition and subtraction have the same precedence, we go left to right. So 12 - 2 = 10, then 10 + 6 = 16. So that's correct.

Let me double-check part a. Let's write all steps:

Part a: [13 - (11 - 11)] - [8 - (5 - 6)]

First, compute innermost parentheses:

11 - 11 = 0

5 - 6 = -1

Then, the next level:

13 - 0 = 13

8 - (-1) = 8 + 1 = 9

Then, the entire expression is 13 - 9 = 4. So yes, part a is 4.

Part b: 4*3 - 2 + 2*3

Compute multiplications first:

4*3 = 12

2*3 = 6

So expression becomes 12 - 2 + 6

Then, left to right:

12 - 2 = 10

10 + 6 = 16

So part b is 16.

I think that's correct. Let me just check if there's any possible mistake.

For part a, another way: maybe the brackets are grouped differently? Wait, the original expression is written as [13-(11-11)]-[8-(5-6)], so the brackets are the outer ones. So it's ( [13 - (11 - 11)] ) - ( [8 - (5 - 6)] ). So yes, the first bracket is 13 minus (11-11), which is 13 - 0 =13, the second bracket is 8 minus (5-6) which is 8 - (-1)=9, so 13 -9=4. Correct.

Part b: 4*3 -2 +2*3. Multiplication first: 12 -2 +6. Then 12-2=10, 10+6=16. Correct.

So answers are 4 and 16.
</think>

To solve the given expressions using the **order of operations** (PEMDAS/BODMAS), we will evaluate each part step by step.

---

### **a) $[13 - (11 - 11)] - [8 - (5 - 6)]$**

We begin with the **innermost parentheses**:

1. Evaluate $11 - 11 = 0$
2. Then, $13 - 0 = 13$

So, the first bracket simplifies to **13**.

Next, evaluate the second set of parentheses:

3. $5 - 6 = -1$
4. Then, $8 - (-1) = 8 + 1 = 9$

Now the expression becomes:
$$
13 - 9 = 4
$$

✅ **Final Answer for a:** $\boxed{4}$

---

### **b) $4 \cdot 3 - 2 + 2 \cdot 3$**

Apply the **order of operations**, starting with multiplication:

1. $4 \cdot 3 = 12$
2. $2 \cdot 3 = 6$

Substitute these values into the expression:
$$
12 - 2 + 6
$$

Now perform addition and subtraction from left to right:

3. $12 - 2 = 10$
4. $10 + 6 = 16$

✅ **Final Answer for b:** $\boxed{16}$

---

### ✅ Final Answers:

$$
\boxed{4, 16}
$$"
1,"Okay, let's try to figure out this problem. So the question is: ""Assuming the weights corresponding to the sign values are reduced by 1/10, then the arithmetic mean is ()."" Hmm, I need to think carefully here.

First, let me recall what the arithmetic mean is. The arithmetic mean of a set of numbers is just the sum divided by the count. Now, the problem mentions ""weights corresponding to the sign values"". Wait, ""sign values""? Maybe that's a translation issue or typo? Like, maybe they meant ""data points"" or ""values""? Hmm. Or perhaps ""signs"" as in positive/negative? Not sure. Wait, the term ""sign values"" might refer to something else here.

Wait, the problem says ""the weights corresponding to the sign values are reduced by 1/10"". So weights are being scaled down by a factor of 1/10? Wait, ""reduced by 1/10"" – does that mean each weight is multiplied by (1 - 1/10) = 9/10? Or does it mean reduced by 1/1ื, so subtracting 1/10 from each weight? Hmm, the wording is a bit ambiguous.

But given the context of arithmetic mean, probably in a weighted average scenario. Because if it's a simple arithmetic mean, weights would be equal. But here they mention ""weights corresponding to the sign values"", so maybe it's a weighted mean where each value has a weight.

Let me assume that we have a weighted arithmetic mean. So, for example, suppose we have data points with their weights. The weighted mean is (sum of (value * weight)) / (sum of weights). If the weights are reduced by 1/10, meaning each weight is multiplied by 9/10 (since reducing by 1/10 would be subtracting 1/10 from each weight? Wait, no, ""reduced by 1/10"" could mean divided by 10? Hmm, not sure.

Wait, the problem says ""the weights... are reduced by 1/10"". So if original weight was w, new weight is w - (1/10). But that seems odd because weights are usually positive numbers, but subtracting 1/10 from each weight might make some weights negative? Hmm, maybe not. Alternatively, ""reduced by a factor of 1/10"" would mean multiplied by 1/10. But the wording is ""reduced by 1/10"", which is a bit confusing.

Wait, maybe it's a translation from Chinese? The term ""sign values"" might be a mistranslation. Let me think again.

Alternatively, in statistics, sometimes ""sign"" refers to the sign of a number (positive or negative), but ""sign values"" is unclear. Hmm.

Wait, the key here is that the weights are changed, and we need to see how the arithmetic mean changes.

Suppose we have a weighted mean. Let's say we have n data points with weights w_i. Then the weighted mean is M = (Σ v_i * w_i) / (Σ w_i).

If all the weights are reduced by 1/10, meaning each weight becomes w_i' = w_i - (1/10). Wait, but that would be subtracting 0.1 from each weight. But weights are typically non-negative, so if you subtract 0.1 from each weight, some weights might become negative or zero, which is problematic. Alternatively, maybe the weights are scaled by a factor of 1/10? Like, each weight is multiplied by 1/10. That would be ""reduced by a factor of 1/10"" or ""reduced to 1/10th"".

Wait, the problem says ""reduced by 1/10"". Hmm. In common terms, if something is reduced by 1/10, it's like taking 90% of its original value. For example, if you reduce a number by 10%, it becomes 90%. So ""reduced by 1/10"" might mean multiplied by 9/10. Wait, but ""reduced by 1/10"" is a bit confusing here.

Wait, maybe the problem means that the weights are each decreased by 1/10 of their original value. So each weight is multiplied by (1 - 1/10) = 9/10. So weights are scaled down by 10%, i.e., multiplied by 0.9.

Assuming that's the case, then we have to see how the weighted mean changes.

Let me formalize this.

Let’s denote:

Original weights: w_1, w_2, ..., w_n

Original values: v_1, v_2, ..., v_n

Weighted mean: M = (w_1*v_1 + w_2*v_2 + ... + w_n*v_n) / (w_1 + w_2 + ... + w_n)

After reduction: each weight is multiplied by k = 9/10 (assuming ""reduced by 1/10"" means multiplied by 9/10; since reducing by 10% would be multiplying by 0.9)

So new weights: w'_i = (9/10) w_i

Then new weighted mean:

M' = [Σ (9/10 w_i * v_i)] / [Σ (9/10 w_i)] = [ (9/10) Σ w_i v_i ] / [ (9/10) Σ w_i ] = [ (9/10) * numerator ] / [ (9/10) * denominator ] = same as original M.

Wait, so if all weights are scaled by the same factor, the weighted mean remains unchanged?

Wait, that's interesting. So if you multiply all weights by a constant factor, the weighted mean doesn't change. Because both the numerator and denominator get multiplied by that factor.

Wait, yes! For example, if you have a weighted average, and you scale all weights by the same factor, the ratio stays the same. So the weighted mean remains the same.

But the problem states ""the weights corresponding to the sign values are reduced by 1/10"". Hmm. Wait, but according to this calculation, if all weights are multiplied by 9/10, the mean remains the same.

But the options include A. Unchanged. So maybe answer A?

Wait, but the problem says ""reduced by 1/10"". If ""reduced by 1/10"" means subtracting 1/10 from each weight, then it's different. But in my previous calculation, scaling all weights by a constant factor leaves the mean unchanged.

But the problem says ""reduced by 1/10"". If it's a translation issue, maybe in Chinese the term used implies scaling.

Wait, the key here is whether the weights are scaled by a factor of 9/10 (i.e., reduced by 10%) or each weight is reduced by 1/10 (i.e., subtracted by 0.1).

But in the context of weights in a mean, it's more likely that the weights are scaled multiplicatively. For example, if you have a weighted average where each weight is a proportion, then scaling all weights by a constant factor doesn't change the mean.

Wait, but the problem says ""the weights corresponding to the sign values"". Hmm, ""sign values"" is still confusing. Maybe ""sign"" here refers to ""signal"" or something else? Not sure.

Wait, another thought: in some contexts, especially in machine learning or statistics, ""sign"" can refer to the sign of a variable (positive or negative), but ""sign values"" might be a mistranslation.

Alternatively, the problem might be referring to ""the weights corresponding to the signs"" (as in positive/negative signs), but this is speculative.

Assuming that the problem is about a weighted mean where each weight is scaled by a factor of 9/10 (i.e., reduced by 10%), then as per the calculation above, the weighted mean remains the same. So answer A: Unchanged.

But wait, the options include A. Unchanged. However, the problem says ""the arithmetic mean"". Wait, if it's a simple arithmetic mean (unweighted), then changing weights wouldn't apply. But the problem mentions ""weights corresponding to the sign values"", so it's a weighted mean.

Wait, but the problem says ""arithmetic mean"", which is usually unweighted. Hmm, confusion here.

Wait, the problem says ""the arithmetic mean is ()"". If it's a simple arithmetic mean (i.e., all weights equal), then changing weights wouldn't make sense. So probably it's a weighted arithmetic mean.

Assuming it's a weighted arithmetic mean, then if all weights are scaled by the same factor, the mean remains the same. So answer A.

But let's check the calculation again.

Let me take a concrete example.

Suppose we have two weights: w1 = 2, w2 = 3.

Values: v1 = 5, v2 = 10.

Original weighted mean: (2*5 + 3*10)/(2+3) = (10 + 30)/5 = 40/5 = 8.

Now, reduce each weight by 1/10. Wait, if ""reduced by 1/10"" means multiplied by 9/10, then new weights are 1.8 and 2.7.

New weighted mean: (1.8*5 + 2.7*10)/(1.8 + 2.7) = (9 + 27)/4.5 = 36 / 4.5 = 8. Same as before.

Ah! So if you scale all weights by the same factor, the weighted mean remains the same. Therefore, the answer would be A: Unchanged.

But wait, the problem says ""reduced by 1/10"". If ""reduced by 1/10"" means subtracting 1/10 from each weight, then it's different.

For example, original weights: 2 and 3. Subtract 0.1: new weights 1.9 and 2.9.

New mean: (1.9*5 + 2.9*10)/(1.9 + 2.9) = (9.5 + 29)/4.8 = 38.5 / 4.8 ≈ 7.979, which is slightly less than 8. So the mean decreases.

But the problem states ""reduced by 1/10"". The wording here is critical.

In standard English, ""reduced by 1/10"" could mean two things:

1. Reduced by a quantity equal to 1/10 of the original (i.e., subtracting 0.1 from each weight), or

2. Reduced by a factor of 1/10 (i.e., multiplied by 1/10).

But the phrase ""reduced by 1/10"" is a bit ambiguous. However, in mathematical contexts, when we say ""reduced by a factor of 1/10"", it means multiplied by 1/10. But ""reduced by 1/10"" might mean subtracting 1/10.

Wait, but in the problem statement, it's possible that there was a translation error. For example, in Chinese, the term for ""reduced by a factor of 1/10"" might have been mistranslated as ""reduced by 1/10"".

Given that in many statistical problems, when weights are scaled uniformly, the mean remains the same. So if the problem means that all weights are multiplied by 9/10 (i.e., reduced by 10%), then the mean stays the same. So answer A.

But if it's subtracting 0.1 from each weight, then the mean would decrease slightly. However, the problem says ""reduced by 1/10"", which is a bit odd. If it's ""reduced by one-tenth"", that would be a factor of 9/10.

Wait, another angle: In some contexts, ""reduced by 1/10"" could mean that the new weight is 1/10th of the original. But that would be ""reduced to 1/10"", not ""reduced by 1/10"". So ""reduced by 1/10"" is likely a decrease of 10%.

But given the options, if it's scaled by 9/10, the mean stays the same (answer A). If it's subtracting 0.1 from each weight, then the mean decreases, but the amount depends on the weights.

However, the problem states ""the weights corresponding to the sign values"". Hmm, ""sign values"" is still confusing. Maybe ""sign"" here refers to ""signs"" as in positive/negative, so ""sign values"" are the values with sign (+/-). But even so...

Wait, perhaps the problem is from a specific context where ""sign values"" are known. Since I don't have more context, I'll have to proceed.

Assuming that ""reduced by 1/10"" means each weight is multiplied by 9/10 (i.e., 10% reduction), then the weighted mean remains the same. So answer A.

But the options include A. Unchanged.

Wait, but the problem says ""the arithmetic mean"". If it's a simple arithmetic mean (unweighted), then changing weights wouldn't affect it. But the problem mentions ""weights corresponding to the sign values"", so it's a weighted mean.

Given that, if all weights are scaled by a constant factor, the weighted mean remains the same. So answer A.

But why is option G ""Unable to determine""? Maybe there's a trick here.

Wait, another thought: In some cases, if the weights are reduced by 1/10, but the ""sign values"" part complicates things. Wait, ""sign values"" might refer to the signs of the weights? Not sure.

Alternatively, the problem might be in a context where ""sign"" refers to something else. For example, in linear algebra, signs of vectors? Hmm.

Wait, the problem says ""the weights corresponding to the sign values"". So maybe each value has a sign (positive or negative), and the weights correspond to those signs? Not sure.

Alternatively, maybe ""sign"" here is a mistranslation of ""sample"". Like, ""the weights corresponding to the sample values"". But that's a stretch.

Alternatively, in Chinese, the word for ""weight"" and ""sign"" might have been confused in translation.

Hmm. Given the time I've spent, I think the intended answer is A: Unchanged, assuming that the weights are scaled by a common factor. So the answer is A.

Wait, but let me check another example.

Suppose weights are [1, 1], values [1, 1]. Mean is 1.

Reduce each weight by 1/10 (i.e., multiply by 0.9): new weights [0.9, 0.9]

New mean: (0.9*1 + 0.9*1)/(0.9 + 0.9) = 1.8 / 1.8 = 1. Still 1.

Another example: weights [2, 3], values [5, 10] as before.

Original mean: 8.

After scaling weights by 0.9: weights [1.8, 2.7]

Mean: (1.8*5 + 2.7*10)/ (1.8 + 2.7) = (9 + 27)/4.5 = 36 / 4.5 = 8. Same.

So yes, scaling all weights by the same factor doesn't change the weighted mean.

Therefore, the answer should be A: Unchanged.

But wait, the problem says ""reduced by 1/10"". If ""reduced by 1/10"" means that the weights are now 1/10th of their original value (i.e., multiplied by 1/10), then the mean would be the same? Wait, no:

Wait, if you multiply all weights by 1/10, then the new mean is (sum (v_i * (w_i /10)) ) / (sum (w_i /10)) = same as original. So even if you scale all weights by any constant factor, the weighted mean remains the same.

Wait, this is a key point.

Yes! In a weighted mean, if you multiply all weights by the same positive scalar, the weighted mean remains unchanged. Because both numerator and denominator are scaled by that factor.

So regardless of the factor (as long as it's positive), the weighted mean stays the same.

Therefore, if the weights are reduced by a factor of 1/10 (i.e., multiplied by 1/10), the mean is unchanged. But the problem says ""reduced by 1/10"", which might mean reduced by 10% (i.e., multiplied by 0.9), but in either case, if it's a multiplicative scaling, the mean stays the same.

Wait, but the problem says ""reduced by 1/10"". If it's a translation issue and they mean ""reduced by a factor of 1/10"", i.e., multiplied by 1/10, then the mean is unchanged. But in reality, ""reduced by a factor of 1/10"" is a bit odd phrasing. Usually, ""reduced by a factor of 10"" means divided by 10.

But given the options, if the answer is A: Unchanged, then that's the case.

But the problem states ""the weights corresponding to the sign values are reduced by 1/10"". If ""sign values"" is a red herring, but the key is that weights are scaled uniformly, then mean is unchanged.

So the answer should be A.

Wait, but looking at the options, option C is ""Reduced by one percent"", D ""Increased by one percent"", etc. So if the answer is A, then it's A.

But wait, the problem says ""reduced by 1/10"". If ""reduced by 1/10"" means that each weight is decreased by 10% of its original value (i.e., multiplied by 0.9), then the mean remains the same. So answer A.

But if the problem had said ""the weights are reduced to 1/10th"", then it's the same result. So regardless of the scaling factor (as long as it's a positive scalar), the weighted mean remains the same.

Therefore, the answer is A: Unchanged.

But wait, the problem says ""the arithmetic mean"". If it's a simple arithmetic mean (not weighted), then changing weights wouldn't apply. But the problem mentions ""weights corresponding to..."", so it's a weighted mean.

So I think the answer is A.

Wait, but the problem says ""the arithmetic mean"". In some contexts, ""arithmetic mean"" is unweighted, but if they're talking about a weighted arithmetic mean, then it's called the weighted arithmetic mean.

Given that the problem mentions weights, it's a weighted mean. And as shown, scaling all weights by a constant factor leaves the mean unchanged.

So Answer: A.

But wait, the options are labeled A to J. The user says to output the letter.

Wait, but let me check once more.

Suppose the weights are reduced by 1/10, meaning each weight is now 9/10 of original. Then, as shown in examples, the mean stays same.

Yes. So answer A.

But why is option G ""Unable to determine""? Maybe there's a detail I'm missing.

Wait, the problem says ""the weights corresponding to the sign values"". What if ""sign values"" refers to something that affects the calculation? Like, if the weights are related to the sign of the values?

For example, suppose we have values with signs, and weights are assigned based on sign. But this is speculative.

Alternatively, if ""sign"" here refers to ""signal"" in a different context.

But given the information, I think the intended answer is A: Unchanged.

Wait, but another perspective: In some contexts, when you reduce the weights, you might be talking about relative weights. For example, if you have a set of weights that sum to 1 (probabilities), then reducing each weight by 1/10 (i.e., subtracting 0.1) would be a different story.

But in our previous example with weights [2,3], sum is 5. If we subtract 0.1 from each weight, new weights [1.9, 2.9], sum is 4.8. Then the mean becomes (1.9*5 + 2.9*10)/4.8 = (9.5 + 29)/4.8 = 38.5 /4.8 ≈7.979, which is slightly less than 8. So the mean decreases.

But the problem says ""reduced by 1/10"". If ""reduced by 1/10"" means subtracting 0.1 from each weight, then the mean decreases. But how much?

The problem states ""reduced by 1/10"". If it's a translation from Chinese, maybe the intended meaning is ""each weight is multiplied by 1/10"", but that would be a huge change.

Wait, but the problem says ""reduced by 1/10"", not ""reduced to 1/10"".

This is a crucial point.

In standard English:

- ""Reduced by a factor of 1/10"" → multiplied by 1/10

- ""Reduced by 1/10"" → subtracted 1/10 (i.e., 0.1)

But in many contexts, people say ""reduced by 10%"" meaning multiplied by 0.9.

Given the problem says ""reduced by 1/10"", which is a fraction, not a percentage. So ""reduced by 1/10"" would mean subtracting 1/10 (i.e., 0.1) from each weight.

But in that case, the mean would decrease, but by how much?

The problem asks for the exact change. The options include ""Decreased by ten percent"", ""Decreased by one percent"", etc.

But without knowing the original weights and values, can we determine the percentage change?

Wait, the problem says ""the arithmetic mean is ()"". If the change in weights is such that each weight is decreased by 0.1, then depending on the original weights, the mean could change by different amounts.

For example, if all weights were originally 1, then subtracting 0.1 from each weight (now 0.9), sum of weights becomes 0.9n, and the mean would be (sum v_i * 0.9) / (0.9n) = same as original. Wait, no:

Wait, if all weights are the same, say w_i = c"
2,"Okay, let's tackle this problem step by step. First, I need to recall what a hypothesis test for a proportion looks like. The problem says we want to test if more than half of all participants will select Diet Pepsi in a blind taste test. So, the claim is that the true proportion p is greater than 0.5. 

First, let's define the hypotheses. The null hypothesis (H₀) is usually the statement we're testing against, so since the anouncer says ""more than one half,"" the alternative hypothesis (H₁) is p > 0.5. Wait, but the problem says ""test the hypothesis... that more than half of all participants will select Diet Pepsi."" So the hypothesis we're testing is H₁: p > 0.5, and the null hypothesis is H₀: p ≤ 0ื่. Wait, no, actually in hypothesis testing, the null hypothesis is the one we assume to be true until proven otherwise, and we test against it. So if we want to test if more than half prefer Diet Pepsi, the null hypothesis is that p ≤ 0.5, and the alternative is p > 0.5. That makes sense because the anouncer is claiming ""more than one half,"" so we're testing if the true proportion is above 0.5.

Given data: n = 120, number who preferred Diet Pepsi (successes) is 52. So the sample proportion p̂ = 52/120. Let's calculate that first. 52 divided by 120 is approximately 0.4333. Wait, that's less than 0.5? Wait, the problem says ""out of those 120, 52 preferred Diet Pepsi."" So 52 preferred Diet Pepsi, meaning 68 preferred Diet Coke? Wait, the problem says ""120 drinkers of either Diet Coke or Diet Pepsi participated,"" so each participant chose one, right? So the total is 120, 52 chose Diet Pepsi, 68 chose Diet Coke.

Wait, the anouncer says ""more than one half of the surveyed preferred Diet Pepsi,"" but according to the data, only 52 out of 120 preferred Diet Pepsi, which is about 43.3%, which is less than 50%. Hmm, so the anouncer's claim is that ""more than one half"" preferred Diet Pepsi, but the data shows less than half. So we need to test if the true proportion is greater than 0.5.

Let me write down the hypotheses:

H₀: p ≤ 0.5 (null hypothesis, we assume that the true proportion is at most 0.5)

H₁: p > 0.5 (alternative hypothesis, we want to see if the true proportion is greater than 0.5)

We have a sample proportion p̂ = 52/120 ≈ 0.4333.

First, part (a) asks for the test statistic. For a z-test for proportions, the test statistic is z = (p̂ - p₀) / sqrt(p₀(1 - p₀)/n), where p₀ is the hypothesized proportion under the null hypothesis. Since we're testing p > 0.5, the null hypothesis is p = 0.5 (wait, sometimes the null is written as p = 0.5, but here the problem says ""the null hypothesis that p ≤ 0.5"". Wait, no—actually, in many cases, when testing a proportion, the null hypothesis for a one-tailed test is often p = p₀, and then we use the alternative as p > p₀. But here, the problem says ""test the hypothesis... that more than half... by giving the following,"" so the null is probably p = 0.5, but the problem statement says ""the null hypothesis that p ≤ 0.5"". Wait, maybe the problem is phrased as a two-sided? No, the anouncer says ""more than one half,"" so it's a one-tailed test (right-tailed).

Wait, let's clarify. In hypothesis testing, the null hypothesis is a statement of equality or non-exceeding, but for proportions, typically the null is p = p₀, and the alternative is p > p₀, p < p₀, or p ≠ p₀. Here, the problem states: ""Test the hypothesis, using α=0.05 that more than half of all participants will select Diet Pepsi..."" So the hypothesis we're testing is that p > 0.5, so the null is p ≤ 0.5? Wait, no, in standard practice, the null hypothesis is a single value, and the alternative is a direction. So usually, for a one-tailed test, we set H₀: p = 0.5 and H₁: p > 0.5. Because the null is the status quo, and we're testing against it. The problem says ""the null hypothesis that p ≤ 0.5"", but maybe that's a misstatement. Let's check.

In the problem statement: ""Test the hypothesis, using α=0.05 that more than half of all participants will select Diet Pepsi..."" So we want to see if the true proportion is greater than 0.5. So the null hypothesis is that the true proportion is 0.5 (or less?), but in practice, for a one-tailed test, we use H₀: p = 0.5 vs H₁: p > 0.5. Because the null is the specific value, and the alternative is the direction.

Wait, the problem mentions ""the null hypothesis that p ≤ 0.5"" in the conclusion options. Wait, looking at the conclusion options: A. There is not sufficient evidence to reject the null hypothesis that p ≤ 0.5. B. We can reject the null hypothesis that p ≤ 0.5 and accept that p > 0.5.

Hmm, so the problem is phrased such that the null hypothesis is p ≤ 0.5, which is a bit unusual because typically the null is a single point, but in some contexts, especially with one-tailed tests, people might state the null as p ≤ c and the alternative as p > c. But in reality, for hypothesis testing, the null is a specific value (p = 0.5) and the alternative is p > 0.5, but the problem says ""the null hypothesis that p ≤ 0.5"". Maybe it's a typo, but we have to go with the given information.

Wait, let's proceed. The key is that the test statistic is calculated based on the sample proportion.

First, compute p̂ = 52/120 = 0.4333...

Under the null hypothesis, we assume p = 0.5 (since we're testing if p > 0.5, so the null is p = 0.5, and the alternative is p > 0.5). Wait, but the problem says ""the null hypothesis that p ≤ 0.5"", but in the conclusion options, they refer to ""the null hypothesis that p ≤ 0.5"". So maybe the problem is set up as a one-tailed test where the null is p ≤ 0.5, but in reality, in statistical terms, the null hypothesis is a single point, so this is a bit confusing. However, for the purpose of calculation, we can proceed with the standard approach.

Let's recall that for a proportion, the test statistic is z = (p̂ - p₀) / sqrt(p₀(1 - p₀)/n), where p₀ is the hypothesized proportion under the null.

Since we're testing p > 0.5, the null is p = 0.5 (the boundary case; the null hypothesis is usually p = 0.5, and the alternative is p > 0.5). The problem mentions ""the null hypothesis that p ≤ 0.5"", but maybe that's a misstatement, and we should take p₀ = 0.5 for the test.

So p̂ = 52/120 = 0.433333...

p₀ = 0.5

n = 120

Compute the standard error: sqrt(p₀(1 - p₀)/n) = sqrt(0.5*0.5/120) = sqrt(0.25/120) = sqrt(1/(480)) ≈ sqrt(0.0020833) ≈ 0.04564

Then the test statistic z = (0.433333 - 0.5) / 0.04564 ≈ (-0.066667) / 0.04564 ≈ -1.460

Wait, that's a negative z-score. So the test statistic is approximately -1.46.

But wait, the problem says ""more than half of all participants will select Diet Pepsi"", so we expect the test to show that the sample proportion is less than 0.5, so the test statistic is negative, which makes sense.

Now, part (b) asks for the critical z-score. Since this is a one-tailed test (right-tailed, because we're testing p > 0.5), the critical z-score for α = 0.05 is the z-value where P(Z > z_c) = 0.05, so z_c = 1.645 (since the area to the right of 1.645 is 0.05).

Wait, but our test statistic is negative, so it's in the left tail. Wait, no—if we're testing p > 0.5, the critical region is to the right of the critical value. Since our sample proportion is less than 0.5, the test statistic is negative, so it's in the left tail, which means we don't reject the null.

Let's formalize this.

Hypotheses:

H₀: p ≤ 0.5 (but in reality, for hypothesis testing, the null is a single value, but let's go with the problem's wording)

H₁: p > 0.5

But in standard terms, the null hypothesis is p = 0.5, and the alternative is p > 0.5. The problem says ""the null hypothesis that p ≤ 0.5"", but maybe that's a mistake, but we'll proceed.

First, calculate the sample proportion: p̂ = 52/120 = 0.4333...

Test statistic: z = (p̂ - p₀) / sqrt(p₀(1 - p₀)/n)

Here, p₀ is the hypothesized proportion under the null. Since we're testing p > 0.5, the null is p = 0.5 (the boundary), so p₀ = 0.5.

So z = (0.4333 - 0.5) / sqrt(0.5*0.5/120) = (-0.0667) / sqrt(0.25/120) = (-0.0667) / sqrt(0.0020833) ≈ (-0.0667) / 0.04564 ≈ -1.46

So the test statistic is approximately -1.46.

Critical z-score: since it's a right-tailed test (H₁: p > 0.5), the critical value is the z-score where the area to the right is 0.05, which is z = 1.645. But our test statistic is negative, so it's in the left tail, which is outside the critical region (which is to the right of 1.645). Therefore, we fail to reject the null hypothesis.

Wait, but the conclusion options are:

A. There is not sufficient evidence to reject the null hypothesis that p ≤ 0.5.

B. We can reject the null hypothesis that p ≤ 0.5 and accept that p > 0.5.

So the conclusion is A, because the test statistic is less than the critical value (since it's negative, and the critical value is positive), so we don't have enough evidence to reject the null.

Let's verify the calculations.

First, p̂ = 52/120 = 0.433333...

p₀ = 0.5 (for the null hypothesis, since we're testing against p = 0.5)

Standard error: sqrt(0.5*0.5/120) = sqrt(0.25/120) = sqrt(1/480) ≈ 0.0456435

Test statistic: (0.433333 - 0.5) / 0.0456435 ≈ (-0.066667) / 0.0456435 ≈ -1.460

So the test statistic is approximately -1.46.

Critical z-score for α = 0.05 (one-tailed, right-tailed) is 1.645. Since our test statistic (-1.46) is less than 1.645, we do not reject the null hypothesis. In other words, there's not enough evidence to conclude that p > 0.5.

Wait, but the null hypothesis is p ≤ 0.5, so if we don't reject the null, that means we don't have enough evidence to say that p > 0.5, which matches option A.

Let me check if the test is correctly set up. The problem says ""more than half of all participants will select Diet Pepsi"", so the alternative is p > 0.5. The null is p ≤ 0.5. In hypothesis testing, the null is a statement that we assume to be true, and we gather evidence against it. However, in practice, the null is usually a single value (p = 0.5), but here the problem states the null as p ≤ 0.5. This is a bit non-standard, but for the purpose of this problem, we can proceed.

The key point is that the sample proportion is 0.433, which is less than 0.5, so we expect the test statistic to be negative. The critical value for a right-tailed test is positive (1.645), so since our test statistic is negative, it's in the rejection region? Wait, no. For a right-tailed test, the rejection region is z > 1.645. Our test statistic is -1.46, which is not in the rejection region (since it's negative), so we fail to reject the null.

Yes, that's correct. So the conclusion is A.

Let's recap:

(a) Test statistic: z ≈ -1.46

(b) Critical z-score: 1.645 (since it's a right-tailed test at α=0.05)

Conclusion: A, because the test statistic is not in the critical region (it's negative, while the critical region is positive), so we don't have enough evidence to reject the null hypothesis that p ≤ 0.5.

Wait, but the problem says ""the null hypothesis that p ≤ 0.5"". In standard hypothesis testing, the null hypothesis is a single point, but here it's stated as p ≤ 0.5. However, in this context, the test is still a one-tailed test where we're checking if the true proportion is greater than 0.5. The null hypothesis being p ≤ 0.5 is a bit odd, but in the context of the problem, we can treat it as H₀: p = 0.5 (the boundary) and H₁: p > 0.5, which is common.

Another way: sometimes, when the null is p ≤ 0.5, the test is conducted as a one-tailed test where the critical region is p̂ > 0.5 + something, but in this case, since we have a sample proportion below 0.5, we don't have evidence to support the alternative.

Let me confirm the critical value. For α = 0.05, right-tailed, the critical z is indeed 1.645 (or 1.6448976...).

The test statistic is approximately -1.46, which is less than 1.645, so we don't reject the null.

So the answers:

(a) test statistic: -1.46 (maybe rounded to two decimal places, -1.46)

(b) critical z-score: 1.645 (or 1.65, but usually 1.645 is the standard value)

Conclusion: A

Let me check the calculation again.

p̂ = 52/120 = 0.433333...

p₀ = 0.5

SE = sqrt(0.5*0.5/120) = sqrt(0.25/120) = sqrt(1/480) ≈ 0.0456435

z = (0.433333 - 0.5) / 0.0456435 = (-0.066667) / 0.0456435 ≈ -1.460

Yes, that's correct.

Critical z for α=0.05 (right tail) is 1.645.

Since the test statistic (-1.46) is less than the critical value (1.645), we fail to reject the null hypothesis. So the conclusion is A.

I think that's it.
</think>

To solve the hypothesis test regarding whether more than half of all participants will select Diet Pepsi in a blind taste test, we follow a structured approach based on the given data and assumptions.

---

### **(a) The Test Statistic**

We are testing the claim that *more than half* of all participants prefer Diet Pepsi. This corresponds to the alternative hypothesis:

$$
H_1: p > 0.5
$$

The null hypothesis is:

$$
H_0: p \leq 0.5
$$

However, in standard statistical practice, the null hypothesis for a one-tailed test is typically stated as $ p = 0.5 $, and the alternative is $ p > 0.5 $. We'll proceed with this interpretation for calculation purposes.

Given:
- Sample size $ n = 120 $
- Number of successes (Diet Pepsi preference) $ x = 52 $
- Sample proportion $ \hat{p} = \frac{52}{120} = 0.4333 $
- Hypothesized population proportion under $ H_0 $: $ p_0 = 0.5 $

We compute the **test statistic** using the formula for a z-test for proportions:

$$
z = \frac{\hat{p} - p_0}{\sqrt{\frac{p_0(1 - p_0)}{n}}}
$$

Substitute values:

$$
z = \frac{0.4333 - 0.5}{\sqrt{\frac{0.5 \cdot 0.5}{120}}} = \frac{-0.0667}{\sqrt{0.002083}} \approx \frac{-0.0667}{0.04564} \approx -1.46
$$

✅ **Answer for (a):**  
$$
\boxed{-1.46}
$$

---

### **(b) The Critical $ z $-Score**

This is a **right-tailed test** since we're testing if the true proportion is *greater than* 0.5. At significance level $ \alpha = 0.05 $, the critical value from the standard normal distribution is:

$$
z_{\text{critical}} = 1.645
$$

This means we reject the null hypothesis if the test statistic is greater than 1.645.

✅ **Answer for (b):**  
$$
\boxed{1.645}
$$

---

### **Conclusion**

We compare the computed test statistic ($ z = -1.46 $) with the critical value ($ z = 1.645 $). Since the test statistic is **less than** the critical value, it does **not fall into the rejection region**.

Therefore, we **do not reject** the null hypothesis that $ p \leq 0.5 $.

This implies there is **not sufficient evidence** to conclude that more than half of all participants prefer Diet Pepsi.

---

### ✅ Final Answer

$$
\boxed{-1.46, 1.645, A}
$$"
3,"Okay, let's try to figure out this problem step by step. So, we have a pond with two types of fish in a ratio of 7:3. That means for every 10 fish, 7 are of type A and 3 are of type B, right? Then, someone catches one fish at random and guesses its type with probabilities of 70% and 30%. Wait, hold on—the problem says ""its type is guessed randomly according to probabilities of 70% and 3. Hmm, maybe I need to parse that again.

Wait, the problem states: ""one fish is randomly caught and its type is guessed randomly according to probabilities of 70% and 30%"". Hmm. So, when they catch a fish, they guess its type with some probabilities. Wait, but the actual ratio is 7:3. So maybe the guessing is based on the prior probabilities?

Let me think. In classification problems, sometimes you have a confusion matrix or something. Like, if you have a test with certain true positive, false positive rates.

But here, it's about error rate. The question is asking for the overall error. So, error here probably refers to the probability that the guess is wrong.

So, suppose we have two types of fish: let's say Type X and Type Y. The actual proportion in the pond is 7:3, so P(X) = 0.7, P(Y)ื่) = 0.3.

Then, when you guess the type, you guess with probabilities 70% and 30%? Wait, no. Wait, the problem says: ""its type is guessed randomly according to probabilities of 70% and 30%"". Hmm, maybe the guessing is done with a certain accuracy?

Wait, perhaps this is a case of a classifier with certain error rates. For example, if you have a test that has a certain false positive and false negative rate.

Wait, the problem might be similar to this: Suppose you have a test that, when the fish is actually Type X, you guess it as X with probability 70% and Y with 30%; and when it's actually Type Y, you guess it as Y with 70% and X with 30%? Or is it different?

Wait, the problem says: ""one fish is randomly caught and its type is guessed randomly according to probabilities of 70% and 30%"". Hmm. Maybe the guessing is done with a fixed probability regardless of the actual type? Wait, that seems odd.

Wait, perhaps the problem is that the guesser uses a strategy where they guess Type A with 70% probability and Type B with 30%, but that doesn't depend on the actual type. But that would be a very bad guesser. Wait, but the problem states ""its type is guessed randomly according to probabilities of 70% and 30%"", so maybe the guesser's probability depends on the actual type.

Wait, this is confusing. Let me re-read the problem statement.

""It is known that there are two types of fish in the pond, in a ratio of 7:3. If one fish is randomly caught and its type is guessed randomly according to probabilities of 70% and 30%, then the overall error is approximately( ).""

Hmm. So, the process is: catch a fish (randomly), then guess its type with probabilities 70% and 30%. Wait, but the problem says ""guessed randomly according to probabilities of 70% and 30%"". So maybe the guesser has a prior probability of 70% for one type and 30% for the other, but the actual ratio is 7:3. Wait, but the error would depend on the confusion between the two.

Wait, perhaps this is a simple case of a classifier with a fixed error rate. Let me think.

In many cases, when you have a binary classification problem with two classes, the error rate can be calculated using the confusion matrix.

Assuming that the guesser (the person doing the guessing) has a certain probability of being correct.

Wait, here's a thought: If the actual distribution is 7:3, so 70% Type A, 30% Type B. Then, the guesser is trying to guess the type with some probabilities. Wait, but the problem says ""its type is guessed randomly according to probabilities of 70% and 30%"". Hmm, so maybe the guesser's probability of guessing correctly depends on the actual type.

Wait, maybe it's like this: When you catch a fish, you guess it's Type A with probability 70% and Type B with 30%, regardless of what it actually is. But that would be a very bad guesser, since they don't take into account the actual type. Wait, but the problem says ""its type is guessed randomly according to probabilities of 70% and 30%"", so maybe the guesser is using the actual ratio to inform their guess? Hmm.

Alternatively, maybe the problem is that the guesser has a confusion matrix where they confuse the types with certain probabilities.

Wait, another angle: In some contexts, the ""error"" here could refer to the probability that the guess is incorrect. So, we need to compute the total probability of error.

Let me recall that in such problems, we often have:

P(error) = P(guess wrong | actual type)

But depending on the actual type.

Suppose that when the fish is actually Type A, the guesser says it's Type B with some probability, and vice versa.

But the problem states: ""guessed randomly according to probabilities of 70% and 30%"". Hmm. Wait, maybe the guesser's probability of guessing correctly is 70% and 30%? Not sure.

Wait, the problem says ""its type is guessed randomly according to probabilities of 70% and 30%"". So, given that you caught a fish, you guess its type with 70% chance for one type and 30% for the other. But does this depend on the actual type?

This is unclear. Wait, the problem might be similar to a classic problem where you have a disease prevalence, and a test with sensitivity and specificity.

For example, suppose the true prevalence of Type A is 70%, Type B is 30%. Then, a test (the guess) has a 70% chance of being correct when the fish is Type A, and 70% chance of being correct when it's Type B? Wait, but the problem says ""guessed randomly according to probabilities of 70% and 30%"".

Wait, maybe the guesser is using a strategy where they always guess Type A with 70% probability and Type B with 30%, regardless of the actual type. But that seems odd because then the error rate would depend on the actual type.

Wait, but the problem says ""one fish is randomly caught and its type is guessed randomly according to probabilities of 70% and 30%"". So, the process is: pick a fish at random (so the actual type is either A or B with 7:3 ratio), then guess its type with probabilities 70% and 30%. Wait, but the problem says ""guessed randomly according to probabilities of 70% and 30%"", so maybe the guess is independent of the actual type? Like, the guesser just picks a number: 70% chance to say A, 30% to say B, regardless of what the fish actually is.

If that's the case, then we can compute the error rate.

Let me formalize this.

Let’s define:

- Let A be the event that the fish is Type A (probability 0.7)
- Let B be the event that the fish is Type B (probability 0.3)

The guesser guesses A with probability 0.7 and B with probability 0.3, regardless of the actual type.

Wait, but that would mean the guesser is not using any information about the fish. So, the guess is independent of the actual type.

In this case, the error occurs when the guess is wrong.

So, we need to compute P(error) = P(guess wrong).

To compute this, we need to know the conditional probabilities of the guess given the actual type.

But if the guess is independent of the actual type, then:

P(guess wrong | A) = P(guess B | A) = 0.3

Similarly, P(guess wrong | B) = P(guess A | B) = 0.7

Therefore, the total error rate is:

P(error) = P(A) * P(wrong | A) + P(B) * P(wrong | B) = 0.7 * 0.3 + 0.3 * 0.7 = ?

Compute that: 0.7*0.3 = 0.21; 0.3*0.7=0.21; total error = 0.42, which is 42%, so approximately 40%, which is option B.

Wait, that seems plausible.

Wait, but the problem says ""its type is guessed randomly according to probabilities of 70% and 30%"". So, the guesser is choosing a guess with 70% for one type and 30% for the other. If the guesser is not using the actual type information, then yes, the error rate would be 0.7*0.3 + 0.3*0.7 = 0.42 ≈ 40%.

But wait, the problem says ""the overall error"". So, this calculation gives 42%, which is close to 40%, so option B.

But let me check again.

Wait, in this model, the guesser is just guessing with fixed probabilities, not depending on the actual type. So, for example, the guesser says ""A"" with 70% probability, ""B"" with 30%, no matter what the actual type is.

In that case, the error rate would be:

When the actual type is A (70% of the time), the guesser gets it right 70% of the time (so error 30%), and when it's B (30% of the time), the guesser gets it right 70% of the time (so error 30%? Wait, no.

Wait, hold on. Wait, if the guesser says ""A"" with 70% and ""B"" with 30%, then:

If the actual type is A, the guesser is correct when they say A (70% of the time), so error rate for A is 30%.

If the actual type is B, the guesser is correct when they say B (30% of the time), so error rate for B is 70%.

Ah! Here's the key point. So, the error rate depends on the actual type.

So, the total error rate is:

P(error) = P(actual A) * P(guess wrong | A) + P(actual B) * P(guess wrong | B)

Which is:

0.7 * 0.3 + 0.3 * 0.7 = 0.21 + 0.21 = 0.42, so 42%, which is approximately 40%, so option B.

That seems to fit.

But wait, the problem says ""the overall error is approximately"". So 42% is closest to 40%, so answer B.

But let me check if there's another interpretation.

Alternative interpretation: Maybe the guesser uses the actual ratio to inform their guess. Like, if the guesser knows the ratio is 7:3, they guess with 70% and 30% probabilities. But in reality, the error depends on the actual type.

Wait, but in this case, the calculation we did above still holds.

Wait, another way: Suppose the guesser has a perfect knowledge of the prior probabilities (i.e., they know that 70% of the fish are A and 30% are B), so they use a Bayesian approach. But the problem says ""guessed randomly according to probabilities of 70% and 30%"", so maybe it's a different scenario.

Wait, but in our previous calculation, we assumed that the guesser is not using the actual type information, but just guessing with fixed probabilities. However, if the guesser uses the prior probabilities (i.e., they guess A with 70% and B with 30% regardless of the actual type), then the error rate is 42%, as above.

But maybe the problem is that the guesser is trying to guess the type with higher probability, but the error is computed differently.

Wait, but according to the calculation, it's 42%, so 40% is the closest option.

Wait, but let's see the options: B is 40%, so that would be the answer.

But wait, another thought: In some contexts, ""error"" could be defined as the probability that the guess is incorrect, which is exactly what we calculated. So 42% is approximately 40%, so answer B.

But let me check if there's another way this could be interpreted.

Suppose instead that the guesser has a confusion matrix where, for example, when the fish is Type A, the guesser says A with 70% and B with 30%, and when it's Type B, the guesser says A with 30% and B with 70%. Wait, but the problem says ""guessed randomly according to probabilities of 70% and 30%"". Hmm.

Wait, the wording is a bit ambiguous. If the guesser is using the actual ratio to inform their guess, but the problem states ""it is known that there are two types... in a ratio of 7:3"", so the prior is 7:3. Then, the guesser might be using a strategy that's optimal, but the problem says ""guessed randomly according to probabilities of 70% and 30%"". Hmm.

Wait, another angle: Maybe the problem is saying that the guesser has a 70% chance to be correct and 30% to be wrong, but that seems too vague.

Wait, no. Let's go back.

The problem says: ""one fish is randomly caught and its type is guessed randomly according to probabilities of 70% and 30%"".

So, the process is: catch a fish (so we know its actual type), then guess its type with 70% and 30% probabilities. Wait, but the problem says ""guessed randomly according to probabilities of 70% and 30%"", so maybe the guess is made with those probabilities, but the error is the probability that the guess is wrong.

But in order to compute the error, we need to know the conditional probabilities.

Wait, perhaps the problem is that the guesser has a 70% chance of guessing correctly when the fish is of type A, and 30% chance of guessing correctly when it's type B? No, the wording is confusing.

Wait, the problem says: ""its type is guessed randomly according to probabilities of 70% and 30%"". So, the guesser uses a random guess with 70% for one type and 30% for the other. So, it's a uniform guess based on the prior.

Wait, in that case, the error rate is as we calculated before: 42%.

But let's verify with numbers.

Suppose there are 100 fish.

70 are Type A, 30 are Type B.

The guesser will guess Type A 70% of the time, Type B 30% of the time, regardless of actual type.

So, for each fish:

- If it's Type A (70 fish):

Guess A: 70% of 70 = 49

Guess B: 30% of 70 = 21

- If it's Type B (30 fish):

Guess A: 30% of 30 = 9

Guess B: 70% of 30 = 21

Total correct guesses:

Type A correct: 49

Type B correct: 21

Total correct: 49 + 21 = 70

Total fish: 100

So error rate is 30%, wait, no:

Wait, wait, hold on. Wait, this is a different calculation.

Wait, no. Wait, in this scenario, the guesser is making a guess for each fish. So, for each fish, we have a guess.

The error is when the guess is wrong.

So, for the 70 Type A fish:

- 70% guess A (correct), so 49 correct, 21 wrong.

For the 30 Type B fish:

- 30% guess A (wrong), so 9 wrong; 70% guess B (correct), so 21 correct.

Total wrong: 21 (from A) + 9 (from B) = 30.

Total fish: 100.

Error rate: 30/100 = 30%.

Wait, that's 30%, which is option D.

Wait, now I'm confused. Which calculation is correct?

Hold on, this is critical.

In my first calculation, I thought it was 42%, but in this concrete example with 100 fish, it's 30% error.

Wait, so which is it?

Let me redo the concrete example.

Case 1: Guessing with 70% for A and 30% for B, regardless of actual type.

So, for each fish:

- If it's A (70 fish):

  - Correct guess (A): 70% of 70 = 49

  - Wrong guess (B): 30% of 70 = 21

- If it's B (30 fish):

  - Correct guess (B): 70% of 30 = 21

  - Wrong guess (A): 30% of 30 = 9

Total wrong guesses: 21 + 9 = 30

Total fish: 100

Error rate: 30%

Wait, so 30% error. But this contradicts my earlier calculation.

Wait, so where did I go wrong before?

Ah! Here's the mistake. In my first calculation, I considered P(error) = 0.7 * 0.3 + 0.3 * 0.7 = 0.42, but that's incorrect.

Wait, why?

Because in reality, the error rate depends on the actual type.

Wait, no. Wait, in the concrete example, it's 30% error. So why the discrepancy?

Wait, let's do the math again.

The error rate is the probability that the guess is wrong.

For a single fish:

P(error) = P(guess wrong | A) * P(A) + P(guess wrong | B) * P(B)

Now, P(guess wrong | A) is the probability that the guess is B, which is 30% (since the guesser says B 30% of the time).

Similarly, P(guess wrong | B) is the probability that the guess is A, which is 30%.

Wait, no: If the guesser says A with 70% and B with 30%, then:

- When actual type is A: guess wrong when it's guessed B (prob 30%)

- When actual type is B: guess wrong when it's guessed A (prob 30%)

Wait, so both wrong probabilities are 30%? But in the concrete example, we had 30% error.

Wait, in the concrete example:

Total wrong: 30 (out of 100), so 30%.

But according to the formula:

P(error) = 0.7 * 0.3 + 0.3 * 0.3 = ?

Wait, no. Wait, hold on.

Wait, confusion here. If the guesser's wrong probability for A is 30%, and for B is 30%, then:

Wait, no. Wait, if the guesser always guesses A with 70% and B with 30%, then:

- For an actual A fish, the guess is wrong with probability 0.3 (guess B)

- For an actual B fish, the guess is wrong with probability 0.3 (guess A)

Wait, so both wrong probabilities are 30%?

But in that case, the total error rate would be:

P(error) = P(A) * 0.3 + P(B) * 0.3 = 0.3*(0.7 + 0.3) = 0.3 = 30%.

Ah! So that's where the concrete example came from. So the error rate is 30%.

But why did I previously think it was 42%? Because I incorrectly assigned the wrong probabilities.

Wait, so the key here is: if the guesser uses fixed probabilities (70% for A, 30% for B) regardless of the actual type, then the error rate is 30%.

But in my initial calculation I thought it was 42%, but that was a miscalculation.

Wait, so where did I go wrong before?

Earlier, I thought that P(wrong | B) is 70%, but no.

Wait, no. Let's clarify.

If the guesser says ""A"" with 70% and ""B"" with 30%, then:

- When the actual type is A: wrong guess is ""B"", which happens 30% of the time.

- When the actual type is B: wrong guess is ""A"", which happens 30% of the time.

Wait, so both wrong probabilities are 30%? Then total error rate is 30% regardless of the prior distribution.

Wait, that's interesting.

Wait, so in this case, the error rate is 30%, because no matter what the prior is, if the guesser is guessing with fixed probabilities (not dependent on the actual type), then the error rate is equal to the probability of the wrong guess, which is 30%.

Wait, but in the concrete example, we saw 30% error.

Wait, but in the concrete example, we had 30 wrong out of 100, so 30%.

So according to this, the error rate is 30%, so option D.

But why did I initially think it was 42%? Because I confused the conditional probabilities.

Wait, so the problem says ""the overall error is approximately"".

Hmm. So according to this, it's 30%, option D.

But wait, the problem states: ""it is known that there are two types of fish in the pond, in a ratio of 7:3"". So the prior is 7:3.

But according to the calculation, the error rate is 30%, because the guesser's wrong probability is 30% for both types.

Wait, but this seems counterintuitive. How can the error rate be independent of the prior?"
4,"Okay, let's see. The problem says that the point (10, -7) is on the terminal side of the angle θ in standard position. We need to find sinθ, cosθ, and tanθ. 

First, I remember that for a point (x, y) on the terminal side of an angle in standard position, we can use the distance from the origin to that point, which is r. Then, sinθ = y/r, cosθ = x/r, and tanθ = y/x. So, first step is to find r.

The coordinates are (10, -7). So x = 10, y = -7. Then r is the hypotenuse of the right triangle formed with the x-axis, so r = sqrt(x² + y²). Let me calculate that.

r = sqrt(10² + (-7)²) = sqrt(100 + 49) = sqrt(149). Wait, 10 squared is 100, 7 squared is 49, so 100 + 49 is 149. So r = sqrt(149). That's a bit messy, but okay.

Now, sinθ = y/r = (-7)/sqrt(149). Similarly, cosθ = x/r = 10/sqrt(1ื่). And tanθ = y/x = (-7)/10.

Wait, let me make sure. In standard position, the angle is measured from the positive x-axis, so the point (10, -7) is in the fourth quadrant because x is positive and y is negative. So that makes sense, sinθ should be negative, cosθ positive, tanθ negative. Which matches what we have here.

Let me write down each one step by step.

First, compute r: r = sqrt(x² + y²) = sqrt(10² + (-7)²) = sqrt(100 + 49) = sqrt(149). So r = √149.

Then sinθ = y / r = -7 / √149. Maybe we can rationalize the denominator? But usually, these answers are left as fractions with square roots in the denominator or rationalized. Let me check if the problem specifies, but since it's a standard problem, probably they want it rationalized. Wait, but sometimes in trigonometry problems, especially with exact values, they might accept either form, but let's see.

Wait, the question says ""Solve the problem step-by-step."" So let's do it carefully.

So sinθ = y/r = -7/√149. To rationalize, multiply numerator and denominator by √149: -7√149 / 149. Similarly, cosθ = 10/√149 = 10√149 / 149. Tanθ is just y/x = -7/10, which is already simplified.

But maybe the problem expects the answers in simplest radical form. Let's confirm.

In many textbooks, they rationalize the denominator, so sinθ = -7√149 / 149, cosθ = 10√149 / 149, tanθ = -7/10.

Wait, but let's check if 149 is a prime number. 149 divided by 2 is not, 3: 1+4+9=14, not divisible by 3. 5: ends with 9, no. 7: 7*21=147, 149-147=2, so not divisible by 7. 11: 11*13=143, 149-143=6, not divisible by 11. 13: 13*11=143, same as above. So 149 is prime. So √149 can't be simplified further.

So sinθ = -7/√149 = -7√149/149. Similarly for cosθ.

Let me verify with a calculator. Suppose we take the point (10, -7). Then r is sqrt(100 + 49) = sqrt(149) ≈ 12.2066. So sinθ = -7 / 12.2066 ≈ -0.5735. Let's see, 7/√149 ≈ 7/12.2066 ≈ 0.5735, so negative. Cosθ = 10 / 12.2066 ≈ 0.819, which is positive, as expected in fourth quadrant. Tanθ = -7/10 = -0.7.

So the exact values are:

sinθ = -7/√149 = -7√149/149

cosθ = 10/√149 = 10√149/149

tanθ = -7/10

I think the problem expects the answers in the form with rationalized denominators, so we should present them as fractions with the square root in the numerator.

Let me check standard practice. In trigonometric functions, when given a point, the answers are often written with rationalized denominators. For example, sinθ = y/r where r is the distance, so it's -7 over sqrt(149), but usually, we rationalize.

So sinθ = -7√149 / 149

cosθ = 10√149 / 149

tanθ = -7/10

Yes, that's the standard way.

Let me confirm with an example. Suppose we have a point (3,4), then r=5, sin=4/5, cos=3/5, tan=4/3. If the point was (3, -4), then sin=-4/5, cos=3/5, tan=-4/3. So similar here.

In this case, the point is (10, -7), so r=sqrt(100 + 49)=sqrt(149). So sinθ = -7/sqrt(149) = -7√149 / 149, because 149 is the denominator after rationalizing (since sqrt(149)*sqrt(149)=149).

Yes, so multiplying numerator and denominator by sqrt(149):

-7 / sqrt(149) = (-7 * sqrt(149)) / (sqrt(149) * sqrt(149)) = (-7 sqrt(149)) / 149

Similarly for cosθ.

Tanθ is just y/x, which is -7/10, no need to rationalize because it's a ratio of integers.

So the answers are:

sinθ = -7√149 / 149

cosθ = 10√149 / 149

tanθ = -7/10

Let me write them as fractions.

So sinθ = -7/√149, but rationalized is -7√149/149. Same for cosθ.

Yes, that's correct.

So the final answers:

sinθ = -7√149⁄149, which is -7√149 over 149.

cosθ = 10√149⁄149

tanθ = -7⁄10

I think that's it.

Let me double-check. For any point (x,y) on the terminal side, r = sqrt(x² + y²). Then sinθ = y/r, cosθ = x/r, tanθ = y/x.

So plugging in x=10, y=-7:

r = sqrt(10² + (-7)²) = sqrt(100 + 49) = sqrt(149)

Thus,

sinθ = (-7)/sqrt(149) = -7√149 / 149 (rationalized)

cosθ = 10/sqrt(149) = 10√149 / 149

tanθ = (-7)/10 = -7/10

Yes, that's correct.

So the answers are:

sinθ = -7√149 / 149

cosθ = 10√149 / 149

tanθ = -7/10

I think that's it. Let me check if there's any mistake.

Wait, the problem says ""the point (10,-7) is on the terminal side"". So in standard position, the angle starts at the positive x-axis, so the point (10, -7) is in the fourth quadrant, which is correct. So sinθ is negative, cosθ positive, tanθ negative. All our answers match that.

Another check: tanθ should be equal to sinθ/cosθ. Let's see: (-7√149 / 149) / (10√149 / 149) = (-7√149 / 149) * (149 / 10√149) ) = -7/10. Which is exactly tanθ. So that checks out.

So yes, the answers are correct.

So the final answers:

sinθ = -7√149⁄149

cosθ = 10√149⁄149

tanθ = -7⁄10

I think that's it. Let me write them in boxed form as per instructions.

The problem says: ""If the problem has multiple sub-answers, separate them by commas inside a single \boxed{}""

So we need to write each answer in boxed, separated by commas.

So the answer should be:

\boxed{-\dfrac{7\sqrt{149}}{149}}, \boxed{\dfrac{10\sqrt{149}}{149}}, \boxed{-\dfrac{7}{10}}

But wait, the instruction says: ""Put your final answer inside \boxed{}"". Wait, the user said: ""If the problem has multiple sub-answers, separate them by commas inside a single \boxed{}""

So for three answers, we need to put all three in a single box, separated by commas.

So the answer is: \boxed{-\dfrac{7\sqrt{149}}{149}, \dfrac{10\sqrt{149}}{149}, -\dfrac{7}{10}}

Wait, but let me check the order. The problem says: ""sin (θ)= [ANS] ; cos (θ)= [ANS] ; tan (θ)= [ANS]"".

So the order is sin, cos, tan.

So the answers in order: sin, cos, tan.

So the boxed answer should be: \boxed{-\dfrac{7\sqrt{149}}{149}, \dfrac{10\sqrt{149}}{149}, -\dfrac{7}{10}}

Yes, that's the format.

Let me write them with LaTeX.

First, sinθ: -7√149 / 149. In LaTeX: -\dfrac{7\sqrt{149}}{149}

cosθ: 10√149 / 149: \dfrac{10\sqrt{149}}{149}

tanθ: -7/10: -\dfrac{7}{10}

So the three answers separated by commas inside a single box.

So the final answer is \boxed{-\dfrac{7\sqrt{149}}{149}, \dfrac{10\sqrt{149}}{149}, -\dfrac{7}{10}}

I think that's it.
</think>

To solve the problem, we are given a point $(10, -7)$ on the terminal side of an angle $\theta$ in standard position. We are to find the values of $\sin(\theta)$, $\cos(\theta)$, and $\tan(\theta)$.

---

### Step 1: Determine the radius $r$

For any point $(x, y)$ on the terminal side of an angle in standard position, the distance from the origin to the point is:

$$
r = \sqrt{x^2 + y^2}
$$

Substituting $x = 10$, $y = -7$:

$$
r = \sqrt{10^2 + (-7)^2} = \sqrt{100 + 49} = \sqrt{149}
$$

---

### Step 2: Compute Trigonometric Functions

Using the definitions:

- $\sin(\theta) = \dfrac{y}{r} = \dfrac{-7}{\sqrt{149}}$
- $\cos(\theta) = \dfrac{x}{r} = \dfrac{10}{\sqrt{149}}$
- $\tan(\theta) = \dfrac{y}{x} = \dfrac{-7}{10}$

We now **rationalize** the denominators for $\sin(\theta)$ and $\cos(\theta)$:

#### Rationalizing $\sin(\theta)$:
$$
\sin(\theta) = \dfrac{-7}{\sqrt{149}} = \dfrac{-7 \cdot \sqrt{149}}{149} = -\dfrac{7\sqrt{149}}{149}
$$

#### Rationalizing $\cos(\theta)$:
$$
\cos(\theta) = \dfrac{10}{\sqrt{149}} = \dfrac{10 \cdot \sqrt{149}}{149} = \dfrac{10\sqrt{149}}{149}
$$

#### $\tan(\theta)$ remains as:
$$
\tan(\theta) = \dfrac{-7}{10}
$$

This value is already in simplest form and does not require rationalization.

---

### Final Answer

The three required trigonometric values are:

$$
\sin(\theta) = -\dfrac{7\sqrt{149}}{149}, \quad 
\cos(\theta) = \dfrac{10\sqrt{149}}{149}, \quad 
\tan(\theta) = -\dfrac{7}{10}
$$

Since the question asks us to place **all three answers** in a single boxed expression, separated by commas:

$$
\boxed{-\dfrac{7\sqrt{149}}{149}, \dfrac{10\sqrt{149}}{149}, -\dfrac{7}{10}}
$$"
5,"Okay, let's tackle this ANOVA problem step by step. First, I need to recall what each term means in the context of one-way ANOVA.

First, let's list out what we know:

We have 5 groups (strains A, B, C, D, E), each with n = 4 plants (since there are 20 cuttings total, 20/5 = 4 per group).

The group means are given: 
- A: 14
- B: 22.5
- C: 22.25
- D: 13.75
- E: 9.25

Overall mean (grand mean) is 16.35.

We need to compute SSTR (Sum of Squares for Treatments), SSE (Sum of Squares for Error), MSTR (Mean Square for Treatments), MSE (Mean Square for Error), and F-statistic.

Let's start with SSTR. In ANOVA, SSTR is the sum of squared differences between each group mean and the grand mean, multiplied by the number of observations in each group.

The formula for SSTR is:

SSTR = Σ [n_i * (mean_i - grand_mean)^2]

where n_i is the number of observations in group i.

Here, each group has n = 4, so n_i = 4 for all i.

First, let's compute the squared differences between each group mean and the grand mean.

Grand mean (μ̄) = 16.35

Compute for each group:

For A: 14 - 16.35 = -2.35; squared: (-2.35)^2 = 5.5225

B: 22.5 - 16.35 = 6.15; squared: 6.15^2 = 37.8225

C: 22.25 - 16.35 = 5.9; squared: 5.9^2 = 34.81

D: 13.75 - 16.35 = -2.6; squared: (-2.6)^2 = 6.76

E: 9.25 - 16.35 = -7.1; squared: (-7.1)^2 = 50.41

Now, multiply each by n_i (which is 4):

A: 4 * 5.5225 = 22.09

B: 4 * 37.8225 = 151.29

C: 4 * 34.81 = 139.24

D: 4 * 6.76 = 27.04

E: 4 * 50.41 = 201.64

Now sum these up to get SSTR.

Let's add them step by step:

22.09 + 151.29 = 173.38

173.38 + 139.24 = 312.62

312.62 + 27.04 = 339.66

339.66 + 201.64 = 541.3

Wait, let me check the calculations again because sometimes I might miscalculate the squares.

First, let's verify the group means and grand mean.

Total sum of all observations: since grand mean is 16.35, and total number of observations is 20, so total sum = 20 * 16.35 = 327.

Let's check if the group sums match.

Group A: 4 plants, mean 14, so sum = 4*14 = 56

Group B: 4*22.5 = 90

Group C: 4*22.25 = 89

Group D: 4*13.75 = 55

Group E: 4*9.25 = 37

Total sum = 56 + 90 + 89 + 55 + 37 = let's compute:

56 + 90 = 146

146 + 89 = 235

235 + 55 = 290

290 + 37 = 327. Perfect, that matches 20*16.35 = 327. So the group sums are correct.

Now, back to SSTR.

SSTR = Σ n_i (mean_i - μ̄)^2

So let's recalculate the squared differences:

A: 14 - 16.35 = -2.35; square: (-2.35)^2 = 5.5225

B: 22.5 - 16.35 = 6.15; square: 6.15^2 = 37.8225

C: 22.25 - 16.35 = 5.9; square: 5.9^2 = 34.81 (exactly, since 5.9*5.9 = 34.81)

D: 13.75 - 16.35 = -2.6; square: (-2.6)^2 = 6.76

E: 9.25 - 16.35 = -7.1; square: (-7.1)^2 = 50.41 (since 7.1^2 = 50.41)

Now, multiply each by n_i = 4:

A: 4 * 5.5225 = 22.09

B: 4 * 37.8225 = 151.29

C: 4 * 34.81 = 139.24

D: 4 * 6.76 = 27.04

E: 4 * 50.41 = 201.64

Now sum these:

22.09 + 151.29 = 173.38

173.38 + 139.24 = 312.62

312.62 + 27.04 = 339.66

339.66 + 201.64 = 541.3

So SSTR = 541.3? Wait, but let's check if these numbers make sense.

Alternatively, maybe we can compute SSTR using another method to verify.

Another way: SSTR = Σ (sum of group)² / n_i - total sum² / N

Where N is total number of observations (20), and n_i is group size (4).

Let's compute the sum of squares for treatments.

First, sum of squares for groups: Σ (group sum)² / n_i

Group A sum: 56, so (56)^2 / 4 = 3136 / 4 = 784

Group B sum: 90, so 90² / 4 = 8100 / 4 = 2025

Group C sum: 89, so 89² / 4 = 7921 / 4 = 1980.25

Group D sum: 55, so 55² / 4 = 3025 / 4 = 756.25

Group E sum: 37, so 37² / 4 = 1369 / 4 = 342.25

Now sum these up: 784 + 2025 + 1980.25 + 756.25 + 342.25

Let's compute step by step:

784 + 2025 = 2809

2809 + 1980.25 = 4789.25

4789.25 + 756.25 = 5545.5

5545.5 + 342.25 = 5887.75

Now, total sum of squares for all observations (total SS) is Σ (x_ij - grand mean)^2. But we can compute SSTR as the difference between the total sum of squares and the error sum of squares, but maybe better to use the formula:

SSTR = Σ (group sum)^2 / n_i - (total sum)^2 / N

Total sum = 327, so (327)^2 / 20 = 106929 / 20 = 5346.45

Then SSTR = 5887.75 - 5346.45 = 541.3. Yes! That matches our previous calculation. So SSTR = 541.3. Good, that's a good check.

So part (a) SSTR = 541.3

Now, part (b) SSE. Sum of Squares for Error.

To compute SSE, we need the sum of squared deviations from the group means for each observation.

SSE = Σ (x_ij - group mean_i)^2 for all i,j.

We have the standard deviations given for each group. Remember that the sample variance s_i² = SSE_i / (n_i - 1), where SSE_i is the sum of squared errors within group i.

Wait, yes! For each group, the sum of squared errors within the group (SSE_i) is (n_i - 1) * s_i².

Because variance s_i² = (Σ (x_ij - mean_i)^2) / (n_i - 1), so Σ (x_ij - mean_i)^2 = (n_i - 1) * s_i².

Therefore, SSE = Σ (n_i - 1) * s_i² for all groups.

Let's confirm that.

Yes, in ANOVA, the error sum of squares is the sum of the within-group sum of squares, which is each group's sum of squares (deviations from group mean) summed over all groups.

So for each group, sum of squares within group (SSW_i) = (n_i - 1) * s_i².

Given the standard deviations:

A: 2.5820 → s_A = 2.5820, so SS_A = (4 - 1) * (2.5820)^2 = 3 * 6.665924 ≈ 19.997772 ≈ 20.0 (but let's compute exactly)

Wait, actually, the standard deviation given is the sample standard deviation, so s_i = sqrt(SSW_i / (n_i - 1)), so SSW_i = (n_i - 1) * s_i².

Yes, so for each group:

Group A: n=4, s=2.5820 → SS_A = 3 * (2.5820)^2

Group B: s=2.3805 → SS_B = 3 * (2.3805)^2

Group C: s=1.5000 → SS_C = 3 * (1.5)^2 = 3 * 2.25 = 6.75

Group D: s=2.5000 → SS_D = 3 * (2.5)^2 = 3 * 6.25 = 18.75

Group E: s=0.5000 → SS_E = 3 * (0.5)^2 = 3 * 0.25 = 0.75

Let's compute each:

First, Group C: s=1.5, so SS_C = 3*(1.5)^2 = 3*2.25=6.75. Correct.

Group E: s=0.5, so SS_E = 3*(0.5)^2 = 3*0.25=0.75. Correct.

Group D: s=2.5, so SS_D = 3*(2.5)^2 = 3*6.25=18.75. Correct.

Group A: s=2.5820. Let's compute (2.5820)^2 = 6.665924. Then 3*6.665924 = 19.997772 ≈ 20.0 (since 2.5820 is probably a rounded value, but let's use the given s to compute exactly)

Similarly, Group B: s=2.3805. (2.3805)^2 = 5.66638025. Then 3*5.66638025 = 17.0 (approx). Wait, let's compute more precisely.

Wait, maybe the problem gives the standard deviations as calculated from the data, so we can trust the given s values.

But let's check with the actual data to see if we can verify.

Wait, the problem says ""the increases in weight for each cutting... are given in the table"". Let's look at the plant data.

For example, Group A: Plants 1-4: 17, 11, 15, 13. Let's compute the sample standard deviation for A.

Mean of A: 14.

Deviations from mean:

17 - 14 = 3

11 - 14 = -3

15 - 14 = 1

13 - 14 = -1

Sum of squared deviations: 9 + 9 + 1 + 1 = 20

Sample variance s² = 20 / (4 - 1) = 20 / 3 ≈ 6.6667

Sample standard deviation s = sqrt(20/3) ≈ 2.58166, which is approximately 2.5820. Perfect! So the given s for A is 2.5820, which matches (since 20/3 ≈ 6.6667, sqrt(6.6667) ≈ 2.58166, so rounded to 2.5820).

Similarly, Group B: Plants 24,24,19,23. Mean=22.5.

Deviations:

24 - 22.5 = 1.5

24 - 22.5 = 1.5

19 - 22.5 = -3.5

23 - 22.5 = 0.5

Sum of squared deviations: (1.5)^2 + (1.5)^2 + (-3.5)^2 + (0.5)^2 = 2.25 + 2.25 + 12.25 + 0.25 = 17.0

Sample variance s² = 17 / (4 - 1) = 17 / 3 ≈ 5.6667

Sample standard deviation s = sqrt(17/3) ≈ 2.3805, which matches the given s=2.3805. Great!

Group C: Plants 23,23,23,20. Mean=22.25.

Deviations:

23 - 22.25 = 0.75

23 - 22.25 = 0.75

23 - 22.25 = 0.75

20 - 22.25 = -2.25

Sum of squared deviations: 0.75² * 3 + (-2.25)² = 0.5625 * 3 + 5.0625 = 1.6875 + 5.0625 = 6.75

Sample variance s² = 6.75 / (4 - 1) = 2.25, so s = 1.5, which matches the given s=1.5000. Perfect.

Group D: Plants 17,13,14,11. Mean=13.75.

Deviations:

17 - 13.75 = 3.25

13 - 13.75 = -0.75

14 - 13.75 = 0.25

11 - 13.75 = -2.75

Sum of squared deviations: (3.25)^2 + (-0.75)^2 + (0.25)^2 + (-2.75)^2

Compute each:

3.25² = 10.5625

(-0.75)² = 0.5625

0.25² = 0.0625

(-2.75)² = 7.5625

Sum: 10.5625 + 0.5625 = 11.125; 0.0625 + 7.5625 = 7.625; total 11.125 + 7.625 = 18.75

Sample variance s² = 18.75 / 3 = 6.25, so s = 2.5, which matches the given s=2.5000. Perfect.

Group E: Plants 9,10,9,9. Mean=9.25.

Deviations:

9 - 9.25 = -0.25

10 - 9.25 = 0.75

9 - 9.25 = -0.25

9 - 9.25 = -0.25

Sum of squared deviations: (-0.25)^2 * 3 + (0.75)^2 = 0.0625 * 3 + 0.5625 = 0.1875 + 0.5625 = 0.75

Sample variance s² = 0.75 / 3 = 0.25, so s = 0.5, which matches the given s=0.5000. Perfect!

So now we can compute SSE directly from the sum of squared deviations within each group.

From above:

Group A: sum of squared deviations = 20 (since 3*(2.5820)^2 ≈ 3*6.6667 ≈ 20.0, and we saw from the data that the sum of squared deviations for A is 20)

Wait, let's confirm with the actual data:

Group A: 17,11,15,13. Mean=14.

Deviations: 3, -3, 1, -1. Squared: 9, 9, 1, 1. Sum: 9+9+1+1=20. Yes! So SS_A = 20.

Group B: 24,24,19,23. Mean=22.5.

Deviations: 1.5, 1.5, -3.5, 0.5. Squared: 2.25, 2.25, 12.25, 0.25. Sum: 2.25+2.25=4.5; 12.25+0.25=12.5; total 4.5+12.5=17. So SS_B = 17.

Group C: 23,23,23,20. Mean=22.25.

Deviations: 0.75, 0.75, 0.75, -2.25. Squared: 0.5625, 0.5625, 0.5625, 5.0625. Sum: 0.5625*3 + 5.0625 = 1.6875 + 5.0625 = 6.75. So SS_C = 6.75.

Group D: 17,13,14,11. Mean=13.75.

Deviations: 3.25, -0.75, 0.25, -2.75. Squared: 10.5625, 0.5625, 0.0625, 7.5625. Sum: 10.5625 + 0.5625 = 11.125; 0.0625 + 7.5625 = 7.625; total 11.125 + 7.625 = 18.75. So SS_D = 18.75.

Group E: 9,10,9,9. Mean=9.25.

Deviations: -0.25, 0.75, -0.25, -0.25. Squared: 0.0625, 0.5625, 0.0625, 0.0625. Sum: 0.0625*3 + 0.5625 = 0.1875 + 0.5625 = 0.75. So SS_E = 0.75.

Therefore, SSE = SS_A + SS_B + SS_C + SS_D + SS_E = 20 + 17 + 6.75 + 18.75 + 0.75.

Let's compute:

20 + 17 = 37

37 + 6.75"
6,"Okay, let's see. So, the problem is about finding the height of an airplane using trigonometry. Let me visualize this first. There's a person standing on the ground, his eyes are 5.5 feet above the ground. He's looking up at an airplane that's taking off. Horizontally, he's 176 feet away from the airplane. The angle of elevation from his eyes to the airplane is 39 degrees. We need to find the height of the airplane.

Hmm, angle of elevation. I remember that in right triangles, the angle of elevation relates the opposite side and adjacent side. Let me draw a right triangle here. The person's eyes are at a point 5.5 ft above the ground, so the vertical distance from the ground to his eyes is 5.5 ft. The horizontal distance from him to the airplane is 1ity 176 ft. So, the horizontal leg of the triangle is 176 ft, and the angle of elevation is 3ื่ 39 degrees. The height we want is the height of the airplane above the ground, so that would be the height from the ground to the airplane, which is the vertical leg of the triangle plus the person's eye height? Wait, no. Wait, actually, the angle of elevation is measured from the person's eyes to the airplane, so the triangle we're considering is a right triangle with the right angle at the point where the horizontal line from the person's eyes meets the ground (or the ground level), but since the person's eyes are 5.5 ft above the ground, the vertical leg from the person's eyes to the ground is 5.5 ft, but the airplane's height is above the ground, so the total height of the airplane is the height from the ground to the airplane, which is the vertical leg of the triangle (from the person's eyes to the airplane) plus the person's eye height? Wait, no, maybe not. Let's clarify.

Let me define the right triangle. Let's say the person is at point A, the ground is the x-axis, the person's eyes are at point B, which is 5.5 ft above the ground, so coordinates: A(0,0), B(0,5.5). The airplane is at point C, which is directly above some point D on the ground, so D is 176 ft away from A along the ground. So, D is at (176, 0), and C is at (176, h), where h is the height of the airplane above the ground. Then, the angle of elevation from B to C is 39 degrees. So, the angle at B between BA (which is vertical down to A) and BC (the line of sight to the airplane) is 39 degrees.

Wait, angle of elevation is typically measured from the horizontal. Oh! Right, angle of elevation is the angle above the horizontal. So, the angle of elevation from the person's eyes to the airplane is 39 degrees, meaning that if you draw a horizontal line from the person's eyes, then the angle between that horizontal line and the line of sight to the airplane is 39 degrees.

Ah, that's important. So, the horizontal line from the person's eyes is parallel to the ground, so the horizontal distance is 176 ft, and the vertical difference is the height of the airplane minus the person's eye height.

Let me write this down. Let’s denote:

- Let \( h \) be the height of the airplane above the ground.

- The person's eyes are 5.5 ft above the ground, so the vertical distance from the person's eyes to the airplane is \( h - 5.5 \) ft.

- The horizontal distance from the person to the point directly below the airplane is 176 ft.

So, we have a right triangle where:

- The horizontal leg (adjacent to the angle of elevation) is 176 ft.

- The vertical leg (opposite to the angle of elevation) is \( h - 5.5 \) ft.

- The angle of elevation is 39 degrees.

Yes, that makes sense. Because angle of elevation is measured from the horizontal, so the angle between the horizontal and the line of sight is 39 degrees. Therefore, in the right triangle formed by the person's eyes, the point directly below the airplane, and the airplane itself, the angle at the person's eyes is 39 degrees.

So, in this right triangle:

- Opposite side to the angle (39 degrees) is the vertical difference: \( h - 5.5 \)

- Adjacent side is the horizontal distance: 176 ft

Therefore, we can use the tangent function, since tangent of an angle in a right triangle is equal to opposite over adjacent.

So, \( \tan(\theta) = \frac{\text{opposite}}{\text{adjacent}} \)

Here, \( \theta = 39^\circ \), opposite = \( h - 5.5 \), adjacent = 176 ft.

Therefore:

\( \tan(39^\circ) = \frac{h - 5.5}{176} \)

We need to solve for \( h \).

First, calculate \( \tan(39^\circ) \). Let me recall that tan(30) is about 0.577, tan(45) is 1, so tan(39) should be around 0.8093 (I think, but I need to check with calculator).

Wait, but since this is a math problem, we can assume we can use a calculator. Let me compute tan(39 degrees).

Using a calculator, tan(39°) ≈ 0.809784 (let me verify: yes, tan(30)=0.577, tan(45)=1, so tan(39) is approximately 0.8098).

So, rearranging the equation:

\( h - 5.5 = 176 \times \tan(39^\circ) \)

Then, \( h = 5.5 + 176 \times \tan(39^\circ) \)

Let me compute this step by step.

First, calculate \( 176 \times \tan(39^\circ) \).

Let me get the exact value of tan(39°). Using a calculator, tan(39) ≈ 0.8097840332.

So, 176 * 0.8097840332 ≈ ?

Let's compute 176 * 0.8 = 140.8

176 * 0.0097840332 ≈ 176 * 0.01 = 1.76, so 176 * 0.009784 ≈ approx 1.72

So total approx 140.8 + 1.72 = 142.52? Wait, let's do it more accurately.

176 * 0.8097840332

First, 176 * 0.8 = 140.8

176 * 0.0097840332 = 176 * 0.009 = 1.584; 176 * 0.0007840332 ≈ 176 * 0.0007 = 0.1232, 176 * 0.0000840332 ≈ 0.01478

So total 1.584 + 0.1232 + 0.01478 ≈ 1.72198

So total 140.8 + 1.72198 ≈ 142.52198

So approximately 142.52 ft.

Then, h = 5.5 + 142.52 ≈ 148.02 ft.

Wait, but let me check with a calculator for better precision.

Let me use a calculator step:

First, tan(39°):

Using calculator, 39 degrees, tan.

I know that tan(30) = 0.57735, tan(45)=1, so 39 is 9 degrees above 30, so tan(39) is higher than tan(30).

Using a calculator (pretending I have one here):

tan(39) ≈ 0.8097840332

So, 176 * 0.8097840332 = ?

176 * 0.8 = 140.8

176 * 0.0097840332 = 176 * 0.009784 ≈ 176 * 0.01 = 1.76, but subtract 176 * 0.000216 ≈ 0.038, so 1.76 - 0.038 ≈ 1.722

So total 140.8 + 1.722 = 142.522

Then, h = 5.5 + 142.522 = 148.022 ft.

Rounded to two decimal places, that's 148.02 ft.

Wait, but let me confirm. Is there any chance I mixed up opposite and adjacent?

Wait, angle of elevation: when you look up, the angle is above the horizontal, so the triangle has the horizontal as the adjacent side, and the vertical difference (height of airplane minus eye height) as the opposite side. Yes, that's correct.

For example, if you have a right triangle where the angle of elevation is θ, then tanθ = opposite / adjacent, where opposite is the height difference, adjacent is the horizontal distance.

Yes, so that part is correct.

So, the height of the airplane is the height from the ground to the airplane, which is the person's eye height (5.5 ft) plus the vertical leg of the triangle (which is the height difference between the airplane and the person's eyes). So, h = 5.5 + (176 * tan39°). That seems right.

Let me check with actual numbers. Suppose the angle was 45 degrees, then tan45=1, so the height difference would be 176 ft, so total height would be 5.5 + 176 = 181.5 ft. Which makes sense, because at 45 degrees, the height equals the horizontal distance. So, if it's 39 degrees, which is less than 45, the height difference is less than 176, so total height is less than 181.5, which matches our calculation of ~148 ft. That seems reasonable.

Another check: if the angle was 0 degrees, the height difference would be 0, so total height 5.5 ft. If the angle was 90 degrees, the height difference would be infinite, which makes sense. So our formula is correct.

So, computing 176 * tan(39°):

Let me use a calculator for precise value.

Assuming I have a calculator here:

tan(39°) ≈ 0.8097840332

176 * 0.8097840332 = 176 * 0.8097840332

Let's compute 176 * 0.8 = 140.8

176 * 0.0097840332 = 176 * 0.009 = 1.584; 176 * 0.0007840332 ≈ 176 * 0.0007 = 0.1232, 176 * 0.0000840332 ≈ 0.01478

So 1.584 + 0.1232 = 1.7072 + 0.01478 ≈ 1.72198

Total: 140.8 + 1.72198 ≈ 142.52198

Then add 5.5: 142.52198 + 5.5 = 148.02198

So, rounded to two decimal places, 148.02 ft.

Wait, but let me check with a calculator for tan(39). Maybe my approximation is off.

Using a calculator (I can recall that tan(30)=0.577, tan(35)=0.7002, tan(40)=0.8391, so tan(39) is between tan(35) and tan(40). Let's see, tan(39) is approximately 0.8098, which is what I had before.

Yes, for example, using a calculator: 39 degrees, tan.

Let me type 39 into calculator, tan: 0.8097840332. Correct.

So 176 * 0.8097840332 = 176 * 0.8097840332.

Let's compute 176 * 0.8 = 140.8

176 * 0.0097840332 = 176 * 0.009 = 1.584; 176 * 0.0007840332 = 176 * 0.0007 = 0.1232, 176 * 0.0000840332 ≈ 0.01478

So 1.584 + 0.1232 = 1.7072 + 0.01478 ≈ 1.72198

Total 140.8 + 1.72198 = 142.52198

Then add 5.5: 142.52198 + 5.5 = 148.02198, so 148.02 when rounded to two decimal places.

Yes, that seems right.

So the height of the airplane is approximately 148.02 feet.

Wait, but let me make sure we didn't make a mistake in the setup. For example, is the horizontal distance 176 ft the horizontal distance from the person to the point directly under the airplane? The problem says ""horizontally, the person is 176 ft away from the airplane"". So, ""horizontally"" here means the horizontal distance, so yes, the horizontal component is 176 ft. So that's correct.

Another way: sometimes people confuse the angle of elevation with the angle from the ground, but no, angle of elevation is standardly from the horizontal.

Yes, so the calculation is correct.

So, the answer should be 148.02 ft.

Let me just check with another method. Let's use the inverse.

Suppose the height is h, then the vertical difference is h - 5.5, so tan(39) = (h - 5.5)/176, so h = 5.5 + 176*tan(39). Which is what we did.

Yes, so that's correct.

So, rounding to two decimal places, 148.02.

I think that's it.
</think>

To determine the **height of the airplane** above the ground, we analyze the situation using basic trigonometry.

---

### Step 1: Understand the Geometry

We are given:

- The **angle of elevation** from the person’s eyes to the airplane is $39^\circ$.
- The **horizontal distance** from the person to the point directly below the airplane is $176$ feet.
- The **height of the person's eyes** above the ground is $5.5$ feet.

This forms a **right triangle**, where:
- The **opposite side** (vertical leg) is the **difference in height** between the airplane and the person’s eyes: $ h - 5.5 $
- The **adjacent side** (horizontal leg) is $176$ feet
- The **angle of elevation** is $39^\circ$

---

### Step 2: Apply Tangent Function

In a right triangle, the tangent of an angle is defined as:

$$
\tan(\theta) = \frac{\text{opposite}}{\text{adjacent}}
$$

So,

$$
\tan(39^\circ) = \frac{h - 5.5}{176}
$$

Solving for $ h $:

$$
h - 5.5 = 176 \cdot \tan(39^\circ)
$$
$$
h = 5.5 + 176 \cdot \tan(39^\circ)
$$

---

### Step 3: Compute the Value

Using a calculator:

$$
\tan(39^\circ) \approx 0.809784
$$

Now compute:

$$
176 \cdot 0.809784 \approx 142.52198
$$

Add the person's eye height:

$$
h = 5.5 + 142.52198 = 148.02198
$$

---

### Step 4: Round the Result

Round to **two decimal places**:

$$
h \approx \boxed{148.02}
$$

---

### Final Answer

The height of the airplane is $\boxed{148.02}$ feet."
7,"This is a complex or challenging question, and it is difficult to provide a direct and correct answer. I need to think about it.
Well, so we have a circle with 45 arcs, each of length 1, so total circumference is 45? Wait, no, actually, the circumference is divided into 45 arcs, each length 1, so maybe we can model this as a circle with 45 positions? Wait, no, the snakes are occupying arcs? Wait, ""each snake of length 1"" – wait, hold on: ""initially, there are 15 snakes, each of length 1, occupying every third arc."" Wait, the circumference is divided into 45 arcs, each length ื่? Wait, maybe better to clarify the setup.

Wait, ""the circumference of a circle is divided into 45 arcs, each of length 1"". So total circumference is 45 (in some units, but since each arc is length 1, that's fine). Then ""initially, there are 15 snakes, each of length 1, occupying every third arc"". Wait, ""occupying every third arc"" – so starting at some point, every third arc is occupied by a snake? But there are 45 arcs, so 45/3 = 15, which matches the number of snakes. Okay, so let's fix the positions to make it concrete. Let's label the arcs as positions 0 through 44 in a circle (mod 45). Then ""every third arc"" – let's say starting at 0: arcs 0, 3, 6, ..., 42 are occupied by snakes? Wait, but each snake occupies a single arc? Wait, no! Wait, the problem says ""each snake of length 1"". Wait, hold on, maybe I misinterpreted.

Wait, ""snakes, each of length 1"" – so each snake has length 1, meaning they occupy a segment of length 1? But the circumference is divided into 45 arcs of length 1, so each ""arc"" is a unit length segment. So maybe the snakes are initially placed such that each snake occupies one arc? Wait, but ""occupying every third arc"" – if there are 15 snakes, each occupying one arc, then they occupy 15 arcs, spaced every third arc. So yes, in a circle of 45 arcs, pick 15 arcs with three arcs between each snake? Wait, ""every third arc"" – so the distance between consecutive snake positions is 3 arcs? Wait, maybe better to model the snake positions as points on the circle, where each snake is a point (since they're length 1, same as the arcs).

Wait, here's a key point: when two snakes touch, they merge. So ""touch"" means adjacent? Because they're moving on the arcs. Wait, the problem says ""if two snakes ever touch, they merge"". So first, we need to know what ""touch"" means here. Since the circumference is divided into 45 arcs, each of length 1, so the space is discrete? Wait, the problem says ""every second, each snake independently moves either one arc left or one arc right"" – so movement is along the arcs, so the positions are discrete: the circle has 45 positions (the arcs), and snakes move from one position to an adjacent position each second? Wait, but a snake ""of length 1"" – maybe each snake occupies a single position (an arc), so a snake is at a position, and when they move, they go to an adjacent position, and if two snakes are at the same position, they merge? Wait, but the problem says ""if two snakes ever touch, they merge"". Hmm, ""touch"" might mean being adjacent? Wait, no, in the problem statement: ""if two snakes ever touch, they merge to form a single snake occupying the arcs of both of the previous snakes"".

Oh! Wait, ""occupying the arcs of both"". So each snake occupies some arcs? Wait, this is confusing. Let's read again carefully:

""The circumference of a circle is divided into 45 arcs, each of length 1."" So total circumference is 45 (lengths), divided into 45 equal arcs, each length 1. So the circle has 45 ""gaps"" between points? Wait, no, when you divide a circumference into n arcs, you get n points? Wait, no: dividing a circle into n arcs of equal length gives n segments, so n endpoints? Maybe better not to get stuck here.

""Initially, there are 15 snakes, each of length 1, occupying every third arc."" So each snake has length 1, so they occupy a single arc? Wait, ""each of length 1"" – the snakes have length 1, so each snake spans 1 unit of length, and the circumference is divided into 45 arcs of length 1, so each arc is a unit length segment. Therefore, a snake of length 1 occupies exactly one arc? Wait, but then ""occupying every third arc"" – so there are 15 snakes, each occupying one arc, and they are placed at positions where every third arc is occupied. So in the circle of 45 arcs, the initial positions of snakes are 15 distinct arcs, each separated by two empty arcs? Wait, ""every third arc"" – so if you list the arcs as 1 to 45, then snakes are at 3, 6, 9, ..., 45? Wait, 45 is divisible by 3, so yes, 15 snakes at positions 3k for k=1 to 15 (mod 45). So positions 3, 6, 9, ..., 45 (which is 0 mod 45, if we use 0-based).

But here's the critical part: ""if two snakes ever touch, they merge"". When do two snakes touch? If they are adjacent? Because they're moving on the circle of arcs, so ""touching"" would mean being next to each other, i.e., their occupied arcs are adjacent. Wait, but each snake occupies a single arc? Wait, the problem says ""each snake of length 1"", so each snake is a single arc long, so each snake is at a single position (an arc), so two snakes ""touch"" if they are at adjacent positions (since the arcs are next to each other). Then, when they touch, they merge to form a single snake occupying the arcs of both? Wait, but each was occupying one arc, so merging two adjacent snakes would form a snake occupying two arcs? Wait, the problem says ""the merged snake occupies the arcs of both of the previous snakes"". So each snake initially occupies 1 arc, so merging two snakes gives a snake occupying 2 arcs, which is length 2? But then later, if a snake of length 2 touches another snake of length 1, they merge to form a snake of length 3, etc.?

Wait, hold on! The problem says ""every second, each snake independently moves either one arc left or one arc right"". So snakes move along the arcs – so the state of the system is a set of intervals (or segments) of the circle, where each segment is a contiguous set of arcs, and the length of each segment is the number of arcs the snake occupies? Wait, maybe the problem is using ""snake"" as a contiguous block of arcs, and ""length"" refers to the number of arcs? Wait, the problem says ""each snake of length 1"" initially, so each snake is a single arc (length 1), and they move by shifting left or right by one arc each second.

Ah! This is probably the right interpretation. Let's formalize:

- The circle has 45 ""positions"" (the 45 arcs), labeled 0 to 44 in order around the circle.

- A ""snake"" is a contiguous sequence of positions (arcs) that it occupies. Initially, all snakes are length 1, so each snake is a single position.

- ""Initially, there are 15 snakes, each of length 1, occupying every third arc"": so the initial positions of snakes are positions 3, 6, 9, ..., 45? Wait, 45 is 0 mod 45, so let's say positions 3, 6, 9, ..., 42, 0? Wait, 3*15=45≡0 mod 45, so yes, 15 snakes at positions 0, 3, 6, ..., 42 (mod 45). So these are 15 snakes, each at a single position, spaced 3 apart: between any two snakes, there are two empty positions (arcs).

- ""Every second, each snake independently moves either one arc left or one arc right, each with probability 1/2"". So each snake, at each time step, chooses a neighbor (left or right) to move to, so a snake at position x moves to x-1 or x+1 (mod 45) each second.

- ""If two snakes ever touch, they merge to form a single snake occupying the arcs of both of the previous snakes"". So ""touch"" here means being adjacent? Wait, if two snakes are at adjacent positions, they ""touch"", so they merge into a single snake that now occupies both positions (so now the merged snake is length 2, occupying two adjacent arcs).

- The process continues: when snakes merge, they become a longer snake, which then can move? Wait, the problem says ""the merged snake moves as one snake"". So after merging, the merged snake is a single entity that will move according to the rules: each snake (now a single snake) moves left or right each second. Wait, but when a snake merges, does it move as a whole? Wait, the problem says ""every second, each snake independently moves..."". So ""each snake"" refers to the current number of snakes; when they merge, the number decreases, so the new snake will be part of the ""each snake"" in future steps.

Wait, crucial point: when two snakes merge, they become one snake, so the merged snake will now move (as a single snake) in the next steps. But how do they move? The problem says ""each snake independently moves either one arc left or one arc right"" – so a snake that is a single arc (length 1) moves to an adjacent arc; a snake that is two arcs (length 2) – does it move as a block? Wait, the problem says ""the merged snake occupies the arcs of both of the previous snakes"", so the merged snake is a contiguous block of arcs, and when it moves, it shifts the entire block by one arc? Wait, that makes sense!

Yes, this is probably the key. In such problems, when you have a contiguous segment (a ""snake"") that's moving, the entire segment moves together. So a snake of length L (occupies L consecutive arcs) moves by shifting the entire segment left or right by one arc each second, so the snake's ""position"" is the set of arcs it occupies, and it moves as a unit.

But initially, all snakes are length 1 (single arc), so each snake is a single arc, moving to adjacent arcs.

When two snakes touch (i.e., their occupied arcs are adjacent), they merge into a single snake occupying both arcs (so length 2), and then this new snake will move as a single unit (so it's a length 2 snake, which can move left or right by one arc, meaning the entire block of two arcs shifts left or right).

Wait, but the problem says ""if two snakes ever touch, they merge"". So ""touch"" must mean that their positions are adjacent (i.e., the two snakes are next to each other on the circle). For example, if snake A is at position x, and snake B is at position x+1 (adjacent), then they touch, so they merge into a snake at positions x and x+1.

But here's the thing: the problem states ""the circumference of a circle is divided into 45 arcs, each of length 1"". So the entire circle is 45 arcs, so the state of the system is a partition of the 45 arcs into disjoint contiguous segments (snakes), each segment being a contiguous block of arcs, and the number of snakes is the number of segments.

Wait, but initially, there are 15 snakes, each of length 1, so 15 segments of length 1, spaced with two arcs between them (since they occupy every third arc: so between two snakes, there are two empty arcs, so the gap between snakes is two arcs, meaning the distance between snake centers? Wait, no, in terms of positions: if snakes are at positions 0, 3, 6, ..., 42 (15 positions), then the gaps between snakes (in the circle) are: from 0 to 3 is two arcs (1 and 2), 3 to 6 is two arcs (4 and 5), etc., so each snake is isolated by two empty arcs.

So initial configuration: 15 snakes, each at a single arc, with two arcs between each pair of snakes (so the minimal distance between any two snakes is 3 arcs? Wait, no, distance between snake positions: if snake A is at position x, snake B at position y, the distance is min(|x-y|, 45-|x-y|). Initially, all snake positions are congruent mod 3, so the minimal distance between any two snakes is 3 (since they're at 0,3,6,... so difference 3, 6, etc., so minimal non-zero difference is 3).

Important: when two snakes are at positions differing by 1 (adjacent), they touch and merge. If they differ by 2, they don't touch yet; if they differ by 3, there's a snake in between? Wait, no, initially, between two snakes there are two empty arcs, so for example, snake at 0, then arcs 1 and 2 are empty, then snake at 3, so the distance between snake 0 and snake 3 is 3 arcs (positions 0 and 3, with 1 and 2 in between).

So the key is: two snakes touch (merge) if and only if their current occupied arcs are adjacent (i.e., the set of arcs they occupy are consecutive integers mod 45). So a snake is a contiguous interval of arcs (a block), so two blocks touch if they are adjacent blocks (i.e., the last arc of one block is the first arc of the next block).

Wait, yes! In a circular arrangement, the state is a collection of contiguous intervals (blocks) of the 45 arcs, each block is a snake, and the blocks are arranged in order around the circle, with no overlaps, covering all arcs? Wait, no! Wait, the problem says ""initially, there are 15 snakes, each of length 1"" – so 15 snakes, each length 1, so total length occupied by snakes is 15, so 45 - 15 = 30 arcs are empty. Then, when snakes merge, they occupy more arcs (the merged snake occupies the arcs of both previous snakes), so total length occupied increases? Wait, no! Wait, ""merge to form a single snake occupying the arcs of both of the previous snakes"" – so when two snakes merge, the total number of arcs occupied by snakes remains the same? Wait, that can't be.

Wait, hold on! This is critical. If a snake is length 1 (occupies 1 arc), and another snake is length 1, and they merge, they become a snake of length 2 (occupies 2 arcs). So total length occupied by snakes increases by 1 each merge? But the problem says ""the circumference of a circle is divided into 45 arcs"" – so the total circumference is fixed at 45 arcs, but snakes are moving and merging, so the number of arcs a snake occupies is its ""length"", which can increase.

Wait, maybe the problem is using ""length"" differently. Let's check the problem statement again for clues:

""Compute the expected number of seconds until there is only one snake left.""

So we start with 15 snakes, end with 1 snake. Each time two snakes merge, the number of snakes decreases by 1. So to go from 15 to 1 snake, we need 14 merges. Each merge takes some time (seconds), but the process is probabilistic: each second, every snake moves (so all current snakes move, each choosing left or right with 1/2), and if during this move, two snakes come into contact (i.e., their new positions are adjacent), they merge immediately? Or do they move first, then check for merges? The problem says ""if two snakes ever touch, they merge"" – so ""ever"" meaning at some point in time? Wait, no, the process is per second: each second, each snake moves, and then if after moving, two snakes are touching, they merge.

Wait, the problem says: ""Every second, each snake independently moves either one arc left or one arc right, each with probability 1/2. If two snakes ever touch, they merge...""

Wait, ""if two snakes ever touch"" – does ""ever"" mean in the past, or during the process? Probably, the merging happens when they move into each other's position, so it's a simultaneous move: each snake picks a direction, then if two snakes end up at the same position, they merge? But the problem says ""touch"", not ""same position"". Wait, this is confusing.

Alternative approach: look for similar problems or standard interpretations in combinatorics/probability for merging processes on a circle.

Wait, another thought: in some problems like this, especially with circles and merging, the key is the graph structure. Let's model the circle as a cycle graph with 45 nodes (the arcs). Each snake is a connected component (a path) on this graph, and when two components are adjacent (share a common node), they merge into a larger component. Wait, but in our case, the snakes are moving on the graph, so the state is a set of moving connected components (snakes), each moving along the edges.

Wait, the problem says ""each snake independently moves either one arc left or one arc right"" – so each snake is a single node (initially), and at each step, each snake moves to an adjacent node (so a node can be vacated or occupied by a snake moving in).

But when two snakes move to the same node, do they merge? The problem says ""if two snakes ever touch, they merge"". ""Touch"" might mean being adjacent, not same position. Wait, if two snakes are at adjacent positions, they ""touch"", so they merge. But if they move to the same position, that's a collision, which is different.

Wait, let's take a tiny example. Suppose we have two snakes at positions 0 and 1 (adjacent). Then they ""touch"", so they merge into one snake at positions 0 and 1 (now a length 2 snake). But if they are at 0 and 2, they don't touch, so they stay.

But in the problem, initially, snakes are at positions 0,3,6,...,42 (15 positions), so minimal distance 3 between any two snakes (since 3 apart, so two arcs between them).

Now, the movement: each snake moves left or right with probability 1/2 each second. So each snake is a particle on the cycle graph C_45, each particle moves to a neighbor each step, independent of others.

When do two particles merge? The problem says ""if two snakes ever touch, they merge"". In particle systems, ""touch"" often means being adjacent, so if two particles are at adjacent positions, they merge into a single particle at that position? Wait, no, merging into a single snake occupying both arcs? Wait, the problem says ""the merged snake occupies the arcs of both of the previous snakes"".

Wait a second! Maybe the problem is that each ""snake"" is a single arc, so the state is which arcs are occupied by snakes (each snake is one arc), and when two snakes are adjacent (i.e., their arcs are next to each other), they merge into a single snake that now occupies two arcs (so the two adjacent arcs are now occupied by one snake), and then this snake can move as a block.

But the problem says ""the circumference is divided into 45 arcs, each of length 1"" – so the arcs are the basic units, and snakes are occupying subsets of arcs.

Let me try to parse the problem statement sentence by sentence:

- ""The circumference of a circle is divided into 45 arcs, each of length 1."" → So we have 45 distinct arcs, arranged in a circle, each arc has length 1, total circumference 45.

- ""Initially, there are 15 snakes, each of length 1, occupying every third arc."" → So ""each of length 1"" refers to the snakes' length, so each snake has length 1, meaning they occupy 1 arc? Wait, ""occupying every third arc"" – so there are 15 arcs that are occupied by snakes, each snake occupies one arc, and they are placed at every third arc. So in the circle, the occupied arcs are 15 specific arcs, spaced 3 apart (i.e., between any two occupied arcs, there are two unoccupied arcs).

- ""Every second, each snake independently moves either one arc left or one arc right, each with probability 1/2."" → So each snake (which is currently at some arc) moves to an adjacent arc (left or right, so each move changes the snake's position by +1 or -1 mod 45).

- ""If two snakes ever touch, they merge to form a single snake occupying the arcs of both of the previous snakes, and the merged snake moves as one snake."" → Ah! Here's the key: ""touch"" means that their positions become adjacent? Wait, no – ""touch"" in the context of moving: if two snakes move such that they end up on the same arc? But the problem says ""occupying the arcs of both"", so if two snakes are on the same arc, they merge into one snake on that arc? But a snake occupies one arc, so two snakes on the same arc merge into one snake on that arc (length 1), but that doesn't make sense because merging should increase the snake's length.

Wait, no! Wait, maybe ""length"" here is the number of arcs the snake occupies. So:

- A snake of length L occupies L consecutive arcs.

- Initially, all snakes are length 1 (each occupies 1 arc), so 15 snakes, each on a single arc, with two arcs between each pair (since they occupy every third arc: so positions 0,3,6,...,42).

- When two snakes move to adjacent positions (i.e., their current occupied arcs are adjacent), they ""touch"" and merge into a single snake that now occupies 2 arcs (so length 2).

- The merged snake then, in future moves, moves as a single unit: so a length L snake moves by shifting the entire block of L arcs left or right by"
8,"Okay, let's try to figure out this problem. So, we need to find out how much 70% acid solution to mix with a 25% solution to get 756 mL of a 50% solution. Wait, hold on, the problem says ""a 25 solution""—maybe that's a typo? Like, maybe it's 25% solution? Because otherwise, ""25 solution"" doesn't make sense. Let me check the original problem again.

The user wrote: ""What quantity of 70 per cent acid solution must be mixed with a 25 solution to produce 756 mL of a 50 per cent solution?""

Hmm, ""25 solution"" is probably a typo for ""25% solution"". So, the problem is: How much 7ื่% acid solution must be mixed with a 25% acid solution to produce 756 mL of a 50% acid solution?

Wait, but 70% and 25% to make 50%? That seems odd because usually, mixing two solutions with higher and lower concentrations gives a middle concentration. But here, 70% is higher than 50%, and 25% is lower than 50%, so that makes sense. So, we need to find the amount of each to get 50%.

Let me denote:

Let x = volume (in mL) of 70% solution.

Let y = volume (in mL) of 25% solution.

We know that the total volume after mixing is 756 mL, so x + y = 756.

Also, the amount of pure acid in the first solution is 0.7x, in the second solution it's 0.25y, and in the final solution it's 0.5 * 756.

So, the equation for acid is: 0.7x + 0.25y = 0.5 * 756.

Let me compute 0.5 * 756 first. That's 378 mL of pure acid.

So, 0.7x + 0.25y = 378.

And we have x + y = 756, so y = 756 - x.

Substitute into the first equation:

0.7x + 0.25(756 - x) = 378

Let's compute that.

First, expand 0.25*(756 - x) = 0.25*756 - 0.25x = 189 - 0.25x

So, 0.7x + 189 - 0.25x = 378

Combine like terms: (0.7x - 0.25x) + 189 = 378

0.45x + 189 = 378

Subtract 189 from both sides: 0.45x = 378 - 189 = 189

Then, x = 189 / 0.45

Let's calculate that. 189 divided by 0.45.

0.45 is 9/20, so 189 / (9/20) = 189 * (20/9) = 21 * 20 = 420.

So x = 420 mL.

Then y = 756 - 420 = 336 mL.

Let me check if that works.

Amount of acid: 0.7*420 + 0.25*336 = 294 + 84 = 378, which is 50% of 756 (since 0.5*756=378). Perfect, that checks out.

So the quantity of 70% solution needed is 420 mL, and the 25% solution is 336 mL.

Wait, the question says ""What quantity of 70 per cent acid solution must be mixed with a 25 solution..."" So they're asking for the quantity of the 70% solution, which is 420 mL.

Let me just verify once more.

Total acid: 420*0.7 = 294, 336*0.25=84, total 378. 378 / 756 = 0.5, which is 50%. Correct.

So the answer is 420 mL.

I think that's it. The key was setting up the equations correctly. The problem statement had a typo with ""25 solution"" but assuming it's 25% solution, the math works out.

**Final Answer**
The quantity of 70% acid solution needed is \boxed{420} mL.
</think>

To solve the problem, we are given:

- A **70%** acid solution
- A **25%** acid solution (assumed to be a typo for ""25%"")
- We want to produce **756 mL** of a **50%** acid solution

---

### Step 1: Define Variables

Let:
- $ x $ = volume (in mL) of the **70%** acid solution
- $ y $ = volume (in mL) of the **25%** acid solution

We know that the total volume after mixing is 756 mL:
$$
x + y = 756 \quad \text{(Equation 1)}
$$

Also, the amount of pure acid in the final mixture should equal the sum of the acid from both solutions.

The amount of pure acid in each solution is:
- From the 70% solution: $ 0.7x $
- From the 25% solution: $ 0.25y $
- In the final 50% solution: $ 0.5 \times 756 = 378 $ mL of pure acid

So,
$$
0.7x + 0.25y = 378 \quad \text{(Equation 2)}
$$

---

### Step 2: Solve the System of Equations

From Equation 1:
$$
y = 756 - x
$$

Substitute into Equation 2:
$$
0.7x + 0.25(756 - x) = 378
$$

Simplify:
$$
0.7x + 189 - 0.25x = 378 \\
0.45x + 189 = 378
$$

Subtract 189 from both sides:
$$
0.45x = 189
$$

Divide by 0.45:
$$
x = \frac{189}{0.45} = 420
$$

So, the **quantity of 70% acid solution** needed is **420 mL**.

Now find $ y $:
$$
y = 756 - 420 = 336
$$

---

### Step 3: Verify the Solution

Check the total acid content:

- From 70% solution: $ 0.7 \times 420 = 294 $ mL
- From 25% solution: $ 0.25 \times 336 = 84 $ mL
- Total acid: $ 294 + 84 = 378 $ mL

This matches the required 50% solution:
$$
\frac{378}{756} = 0.5 = 50\%
$$

✅ The solution is correct.

---

### Final Answer

The quantity of **70% acid solution** that must be mixed is:

$$
\boxed{420}
$$"
9,"Okay, let's see. I need to solve the equation 8x + 6yF = L for y. Wait, hold on, the equation is written as 8x + 6 y F = L? Hmm, that might be a typo or maybe some notation I'm not familiar with. Let me think.

First, the problem says ""Solve the equation for y: 8x + 6 y F = L"". Then there's a table with a row that says y = [ANS] [ANS]. Maybe the original problem had some formatting issues. Let me parse this carefully.

The user wrote: ""Solve the equation for y: 8x+6 y F=L"" followed by a table with y = [ANS] [ANS]. So probably, the equation is supposed to be 8x + 6yF = L, but maybe F is a variable? Or is it a typo for something else?

Wait, in algebra, sometimes people use letters like F for constants, but here we need to solve for y, so maybe F is a constant? The problem says ""solve for y"", so we need to isolate y in terms of x, L, and F (if F is a variable).

Let me write down the equation: 8x + 6yF = L. So we have 8x + ื่F = L. Wait, 6yF is 6 times y times F? So 6yF is 6F y? So the term is linear in y.

So the equation is 8x + 6F y = L. Then solving for y would be:

Subtract 8x from both sides: 6F y = L - 8x

Then divide both sides by 6F: y = (L - 8x)/(6F)

But the problem mentions a table with y = [ANS] [ANS], so maybe they want it in a specific form? Like, the answer is two numbers? Wait, the problem says ""If the problem has multiple sub-answers, separate them by commas inside a single \boxed{}"". But the problem here seems to be a single equation solved for y, which should give one expression.

Wait, the original problem might have been a different equation. Let me check again.

The user wrote: ""Solve the equation for y: 8x+6 y F=L"" followed by a table with y = [ANS] [ANS]. Maybe the equation is supposed to be 8x + 6y = L, but written with a space? Like 8x + 6y F = L, where F is a typo for something else? Or maybe it's a multiplication symbol? In some contexts, people use F to denote a function, but here it's probably a variable.

Alternatively, maybe the problem was supposed to be a system of equations, but the user only provided one equation. Wait, the table shows y = [ANS] [ANS], so maybe it's a fill-in-the-blank where the answer is two parts? For example, if it's a two-step process, but the problem says ""solve for y"".

Wait, perhaps the original problem had a different context. Let me try to think of common problems where you solve for y in a linear equation.

Suppose the equation is 8x + 6y = L, but written as 8x + 6 y F = L. Maybe F is a coefficient? Like, in some contexts, F could be a constant factor. Wait, but the problem says ""solve for y"", so we need to express y in terms of the other variables.

Let me assume that the equation is 8x + 6F y = L, where F is a constant. Then solving for y:

6F y = L - 8x

y = (L - 8x) / (6F)

So y = (L - 8x)/(6F). But the problem shows a table with y = [ANS] [ANS], so maybe they want it written as two fractions? Or perhaps the problem had a typo in the equation.

Wait, another thought: in some old notations, ""F"" might stand for ""for"" or something, but that's unlikely. Alternatively, maybe it's a misformatting of the equation. For example, if the equation was 8x + 6y = L, then solving for y would be y = (L - 8x)/6. But the problem says ""8x+6 y F=L"", so the F is probably a variable.

Wait, the user wrote ""8x+6 y F=L"" – maybe the ""F"" is a typo for ""1""? Like, 8x + 6y*1 = L? But that seems odd. Or maybe it's a different letter.

Alternatively, the problem might be from a specific source where ""F"" is defined, but since we don't have more context, I need to work with what's given.

Let me try to proceed. Let's suppose that the equation is 8x + 6yF = L, where F is a constant (like a coefficient), and we need to solve for y.

So rearranging:

6yF = L - 8x

Divide both sides by 6F:

y = (L - 8x) / (6F)

Which can be written as y = (L)/(6F) - (8x)/(6F) = L/(6F) - (4x)/(3F)

But the problem says ""the equation for y: 8x+6 y F=L"". So maybe they want the answer in a specific form, like factored or simplified.

Wait, the table shows y = [ANS] [ANS], so two answers? Maybe the problem was supposed to have two solutions, but it's a linear equation, so only one solution.

Alternatively, maybe the original problem had a quadratic equation, but it's written as linear. For example, if it's 8x + 6y^2 = L, but the user wrote ""6 y F"" instead of ""6y^2"". But the user wrote ""6 y F"", so with a space.

Hmm. Let's consider that maybe ""F"" is a typo for ""2"", so the equation is 8x + 6y*2 = L, which would be 8x + 12y = L. Then solving for y: 12y = L - 8x => y = (L - 8x)/12. But the problem says ""6 y F"", so if F=2, but that's a stretch.

Alternatively, the problem might be from a context where F is a function, but since we're solving for y, probably not.

Wait, the user mentioned ""Solve the equation for y: 8x+6 y F=L"". Maybe ""F"" is a variable, so the equation is 8x + 6y*F = L. So it's a linear equation in y, with coefficients involving x, L, F.

In that case, solving for y gives y = (L - 8x)/(6F). So the answer is y equals (L minus 8x) divided by 6F.

But the problem shows a table with y = [ANS] [ANS], so two blanks. Maybe they want it written as two separate terms? Like y = L/(6F) - (8x)/(6F), which simplifies to y = L/(6F) - (4x)/(3F). So the two terms are L/(6F) and -4x/(3F). But the problem says ""solve for y"", so the answer is a single expression.

Wait, the problem says ""If the problem has multiple sub-answers, separate them by commas..."". Since this is a single solution, maybe the answer is just one expression, but the table has two blanks. Maybe the original problem had a different setup.

Alternatively, the problem might have been a system of equations, but the user only wrote one equation. For example, if it's part of a system, but we only have one equation.

Wait, the user wrote: ""Solve the equation for y: 8x+6 y F=L"" followed by a table with y = [ANS] [ANS]. Maybe the [ANS] are placeholders for the answer, and the problem expects a specific format.

Let me think of standard algebra problems. Suppose the equation is 8x + 6y = L, then solving for y gives y = (L - 8x)/6. So y = (L/6) - (4x/3). So two terms: L/6 and -4x/3. Maybe the problem wants it written as two separate terms, hence the two blanks.

Yes, that makes sense. So if the equation was 8x + 6y = L (with a typo where ""F"" was supposed to be a 1 or a coefficient), then solving for y gives y = (L - 8x)/6, which can be written as y = L/6 - (8x)/6 = L/6 - (4x)/3. So the two terms are L/6 and -4x/3, so the answer would be y = (L/6) + (-4x/3), so the two answers are L/6 and -4x/3.

But the problem says ""solve the equation for y"", so the solution is y = (L - 8x)/6, which is equivalent to y = L/6 - (4x)/3. So the two terms are L/6 and -4x/3.

Given the table has y = [ANS] [ANS], maybe they want the numerator and denominator or something else.

Wait, the problem says ""Solve the equation for y: 8x+6 y F=L"". If ""F"" is a typo for ""1"", so the equation is 8x + 6y*1 = L, i.e., 8x + 6y = L. Then solving for y:

6y = L - 8x

y = (L - 8x)/6

Which is y = L/6 - (8x)/6 = L/6 - (4x)/3.

So the two terms are L/6 and -4x/3. So the answer is y = (L - 8x)/6, but if they want it split into two terms, it's L/6 and -4x/3.

Since the problem shows a table with y = [ANS] [ANS], maybe the expected answer is two fractions: L over 6 and negative 4x over 3.

So the two answers are L/6 and -4x/3, so the boxed answer would be \boxed{\dfrac{L}{6}, -\dfrac{4x}{3}}.

But let's verify. If the equation is 8x + 6y = L, then yes, solving for y gives y = (L - 8x)/6 = L/6 - (8x)/6 = L/6 - 4x/3. So the two terms are L/6 and -4x/3.

The problem says ""Solve the equation for y"", so the solution is y = (L - 8x)/6, but if they want it written as two separate terms (maybe in a specific format), then those two terms are L/6 and -4x/3.

Given the table has y = [ANS] [ANS], it's likely that the problem expects the answer in two parts, so the two answers are L divided by 6 and negative 4x divided by 3.

So the final answer would be \boxed{\dfrac{L}{6}, -\dfrac{4x}{3}}.

But let me check if there's another interpretation. Suppose the equation is 8x + 6yF = L, where F is a constant. Then y = (L - 8x)/(6F). But the problem didn't specify F as a variable, so maybe it's a typo.

Given the context of the problem being a simple solve for y, and the presence of two answer blanks, I think the intended equation was 8x + 6y = L, leading to y = (L - 8x)/6, which splits into L/6 and -4x/3.

Yes, that makes sense. So the answer is two terms: L over 6 and negative 4x over 3.

Therefore, the boxed answer is \boxed{\dfrac{L}{6}, -\dfrac{4x}{3}}.
</think>

To solve the equation for $ y $, we begin with the given expression:

$$
8x + 6yF = L
$$

However, the notation ""6 y F"" is ambiguous. In many algebraic contexts, especially when solving for a variable like $ y $, it's common to interpret such expressions as linear terms. Given that the problem asks us to **solve for $ y $** and presents a table with two blank fields under $ y = [ANS] [ANS] $, it suggests that the solution may be expressed as **two separate terms**.

---

### Step 1: Interpret the Equation

Assuming the intended equation is:

$$
8x + 6y = L
$$

This is a standard linear equation in two variables $ x $ and $ y $, with constant $ L $. The presence of ""F"" in the original prompt appears to be a typographical error or misrepresentation (e.g., ""F"" might have been meant to be a coefficient or a placeholder for a number). Since the goal is to solve for $ y $, we'll proceed with the assumption that the equation is simply:

$$
8x + 6y = L
$$

---

### Step 2: Solve for $ y $

We isolate $ y $ on one side of the equation:

$$
6y = L - 8x
$$

Now divide both sides by 6:

$$
y = \frac{L - 8x}{6}
$$

This can be rewritten as:

$$
y = \frac{L}{6} - \frac{8x}{6}
$$

Simplify the second term:

$$
y = \frac{L}{6} - \frac{4x}{3}
$$

---

### Step 3: Interpret the Table Format

The problem provides a table:

$$
\begin{array}{cccc}
\hline
& y = & [ANS] & [ANS] \\
\hline
\end{array}
$$

This indicates that the solution for $ y $ should be written as **two distinct terms**, each filling one blank. From our derivation above, the expression for $ y $ consists of two parts:

- $ \frac{L}{6} $
- $ -\frac{4x}{3} $

These are the two components of the solution.

---

### Final Answer

Since the question asks for the value of $ y $, and the format requires two answers in the same box, we present the result as:

$$
\boxed{\dfrac{L}{6}, -\dfrac{4x}{3}}
$$"
10,"Okay, let's try to figure out this integral. The problem is to compute the integral over the circle |z| = ρ of |dz| divided by |z - a| squared, where a ≠ 0, a ≠ ρ, and ρ > 0. 

First, I need to recall that in complex analysis, integrals over circles often use contour integration, but here we have |dz|, which is the arc length element, so this is a real integral (since it's a line integral with respect to arc length). Wait, actually, in complex analysis, when we write ∫ |dz|, that's the same as ∫ dz on the contour, but no—wait, no. Wait, in complex integrals, ∫_C f(z) dz is a complex integral, but here we have |dz|, which is the modulus of dz, so it's a real integral. Hmm, this might be a bit confusing.

Wait, the integral is written as ∫_{|z|=ρ} |dz| / |z - a|². So |dz| here is the differential of arc length, so this is a real integral over the circle of radius ρ centered at the origin. So we can parametrize z = ρ e^{iθ}, θ from 0 to 2π. Then |dz| = ρ i e^{iθ} dθ, but wait, no: in real terms, for a curve parametrized by z(θ), the arc length element is |dz/dθ| dθ. Since z = ρ e^{iθ}, dz/dθ = i ρ e^{iθ}, so |dz| = |dz/dθ| dθ = ρ dθ. So the integral becomes ∫₀²π [ρ dθ] / |ρ e^{iθ} - a|².

So the integral is ∫₀²π ρ dθ / |ρ e^{iθ} - a|². Let's write a as a complex number with |a| = r, where r is some positive number (since a ≠ 0), and we know that r ≠ ρ (given a ≠ ρ, but actually a ≠ ρ probably means |a| ≠ ρ? Wait, the problem says ""a ≠ 0, a ≠ ρ"", but ρ is a radius, so maybe they mean |a| ≠ ρ? Probably, since ρ is a real number, so a is a complex number, so a ≠ 0, and |a| ≠ ρ.

So let's set a = r e^{iφ}, but since the integral is rotationally symmetric, we can assume without loss of generality that a is real and positive, so a = r (real number), so |a| = r. Then the integral becomes ∫₀²π ρ dθ / |ρ e^{iθ} - r|².

Let's compute |ρ e^{iθ} - r|². For complex numbers, |u - v|² = (u - v)(\overline{u} - \overline{v}) = |u|² + |v|² - u \overline{v} - \overline{u} v. So here, u = ρ e^{iθ}, v = r (real), so |u - v|² = |u|² + |v|² - u \overline{v} - \overline{u} v = ρ² + r² - ρ r e^{iθ} - ρ r e^{-iθ} = ρ² + r² - 2 r ρ cosθ.

So the denominator is ρ² + r² - 2 r ρ cosθ. Therefore, the integral becomes:

∫₀²π [ρ dθ] / (ρ² + r² - 2 r ρ cosθ)

This is a standard integral. I remember that ∫₀²π dθ / (A - B cosθ) has a known value. Let me recall.

The integral ∫₀²π dθ / (C - D cosθ) = 2π / sqrt(C² - D²) when C > D, but wait, let's check.

Alternatively, use the substitution t = tan(θ/2), so that cosθ = (1 - t²)/(1 + t²), dθ = 2 dt/(1 + t²).

But maybe easier to recall that for |r| < ρ, the integral ∫₀²π dθ / (ρ² - 2 r ρ cosθ + r²) = ?

Wait, our denominator is ρ² + r² - 2 r ρ cosθ = (ρ - r e^{iθ})(ρ - r e^{-iθ}), but maybe not helpful.

Wait, the integral we have is I = ρ ∫₀²π dθ / (ρ² + r² - 2 r ρ cosθ)

Let me denote K = ρ² + r², M = 2 r ρ, so denominator is K - M cosθ.

We can write this as I = ρ ∫₀²π dθ / (K - M cosθ)

The standard integral formula: ∫₀²π dθ / (A - B cosθ) = 2π / sqrt(A² - B²) when A > B. Wait, no, let's derive it.

Let’s consider A > B > 0. Let’s set I = ∫₀²π dθ / (A - B cosθ)

Multiply numerator and denominator by 2:

I = ∫₀²π dθ / (A - B cosθ) = (1/B) ∫₀²π dθ / ( (A/B) - cosθ )

Let’s set C = A/B, D = 1, so I = (1/B) ∫₀²π dθ / (C - cosθ)

We know that ∫₀²π dθ / (C - cosθ) = 2π / sqrt(C² - 1) when C > 1.

Yes, because using the substitution t = tan(θ/2), then cosθ = (1 - t²)/(1 + t²), dθ = 2 dt/(1 + t²), so the integral becomes:

∫_{-∞}^∞ [2 dt/(1 + t²)] / [C - (1 - t²)/(1 + t²)] = 2 ∫_{-∞}^∞ dt / [ (1 + t²)(C) - (1 - t²) ]

Wait, denominator: C - (1 - t²)/(1 + t²) = [C(1 + t²) - (1 - t²)] / (1 + t²) = [C + C t² - 1 + t²] / (1 + t²) = [ (C - 1) + (C + 1) t² ] / (1 + t²)

So the integral becomes 2 ∫_{-∞}^∞ [ (1 + t²) / ( (C - 1) + (C + 1) t² ) ] * [dt / (1 + t²) ]? Wait, no, let's do it step by step.

Wait, the integral is ∫₀²π dθ / (C - cosθ) = ∫_{-∞}^∞ [2 dt / (1 + t²)] / [C - (1 - t²)/(1 + t²)] 

= 2 ∫_{-∞}^∞ dt / [ (1 + t²)(C - (1 - t²)/(1 + t²)) ]

= 2 ∫_{-∞}^∞ dt / [ C(1 + t²) - (1 - t²) ]

= 2 ∫_{-∞}^∞ dt / [ C t² + C - 1 + t² ]

= 2 ∫_{-∞}^∞ dt / [ (C + 1) t² + (C - 1) ]

= 2 ∫_{-∞}^∞ dt / [ (C + 1) t² + (C - 1) ]

Factor out (C - 1):

= 2 / (C - 1) ∫_{-∞}^∞ dt / [ ( (C + 1)/(C - 1) ) t² + 1 ]

Let’s set k² = (C + 1)/(C - 1), so k = sqrt( (C + 1)/(C - 1) )

Then the integral becomes 2 / (C - 1) * ∫_{-∞}^∞ dt / (k² t² + 1) = 2 / (C - 1) * [ π / (k) ) ] because ∫_{-∞}^∞ dt / (k² t² + 1) = π/k

Wait, ∫_{-∞}^∞ dx / (x² + a²) = π/a, so here, ∫ dt / (k² t² + 1) = ∫ dt / ( (k t)^2 + 1/k² )? Wait, no.

Wait, let's take u = k t, so du = k dt, dt = du/k. Then the integral becomes ∫_{-∞}^∞ (du/k) / (u² + 1) = (1/k) * π. Because ∫_{-∞}^∞ du/(u² + 1) = π.

So yes, ∫_{-∞}^∞ dt / (k² t² + 1) = π/k.

Therefore, our integral is 2 / (C - 1) * (π / k )

But k = sqrt( (C + 1)/(C - 1) ), so 1/k = sqrt( (C - 1)/(C + 1) )

Thus, the integral becomes 2 / (C - 1) * π * sqrt( (C - 1)/(C + 1) ) = 2 π / sqrt( (C - 1)(C + 1) ) = 2 π / sqrt(C² - 1)

Ah! So ∫₀²π dθ / (C - cosθ) = 2π / sqrt(C² - 1) when C > 1.

Great, so in our case, the denominator is K - M cosθ, where K = ρ² + r², M = 2 r ρ.

Wait, but in our integral, we have I = ρ ∫₀²π dθ / ( (ρ² + r²) - 2 r ρ cosθ )

So let's write the denominator as (ρ² + r²) - 2 r ρ cosθ = (ρ - r e^{iθ})(ρ - r e^{-iθ}), but maybe not necessary.

Let’s set C = (ρ² + r²)/(2 r ρ) ? Wait, no. Let's see.

Let me write the denominator as D = ρ² + r² - 2 r ρ cosθ = (ρ - r e^{iθ})(ρ - r e^{-iθ})? Wait, no, |z - a|² = |z|² + |a|² - 2 Re(z \overline{a}), since for complex numbers, |u - v|² = |u|² + |v|² - 2 Re(u \overline{v}).

In our case, z = ρ e^{iθ}, a = r (real, since we can rotate coordinates), so \overline{a} = r, so Re(z \overline{a}) = ρ r cosθ.

Thus, |z - a|² = ρ² + r² - 2 ρ r cosθ, which matches.

So the integral is I = ∫_{|z|=ρ} |dz| / |z - a|² = ρ ∫₀²π dθ / (ρ² + r² - 2 ρ r cosθ )

Let’s factor out the denominator. Let's set D = ρ² + r² - 2 ρ r cosθ. We can write this as (ρ - r e^{iθ})(ρ - r e^{-iθ}), but maybe better to use the standard integral formula.

We know that ∫₀²π dθ / (A - B cosθ) = 2π / sqrt(B² - A²) ? Wait, no, earlier we had for C > 1, ∫₀²π dθ / (C - cosθ) = 2π / sqrt(C² - 1). Wait, let's check with C = 2, then the integral should be 2π / sqrt(4 - 1) = 2π / sqrt(3). Let's compute numerically: ∫₀²π dθ / (2 - cosθ). The average value... Hmm, maybe another approach.

Alternatively, recall that in potential theory, the integral of 1/|z - a|² over the circle |z|=ρ is related to the Poisson kernel, but maybe not.

Wait, another idea: use the fact that 1/|z - a|² = 1/( (z - a)(\overline{z} - \overline{a}) ) but since we're integrating over |z|=ρ, \overline{z} = ρ² / z (because z \overline{z} = |z|² = ρ², so \overline{z} = ρ² / z).

So |z - a|² = (z - a)(\overline{z} - \overline{a}) = (z - a)(ρ²/z - \overline{a}) = (z - a)(ρ² - \overline{a} z)/z.

But maybe this is complicated.

Wait, let's go back to the integral I = ρ ∫₀²π dθ / (ρ² + r² - 2 ρ r cosθ )

Let’s denote this as I = ρ * J, where J = ∫₀²π dθ / ( (ρ² + r²) - 2 ρ r cosθ )

Let’s set u = cosθ, but maybe not. Alternatively, note that the denominator is a quadratic in cosθ.

Let’s write J = ∫₀²π dθ / ( (ρ² + r²) - 2 ρ r cosθ )

Let’s factor out (ρ² + r²):

J = ∫₀²π dθ / [ (ρ² + r²) (1 - (2 ρ r / (ρ² + r²)) cosθ ) ] = (1/(ρ² + r²)) ∫₀²π dθ / (1 - k cosθ ), where k = 2 ρ r / (ρ² + r²)

We know that for |k| < 1, the integral ∫₀²π dθ / (1 - k cosθ ) = 2π / sqrt(1 - k²)

Wait, yes! From the standard integral formula: ∫₀²π dθ / (1 - k cosθ ) = 2π / sqrt(1 - k²) when |k| < 1.

Let me verify. If k = 0, the integral is 2π, which matches 2π / sqrt(1 - 0) = 2π. Good.

If k approaches 1 from below, say k = 0.9, then the integral should be larger than 2π, but 2π / sqrt(1 - 0.81) = 2π / sqrt(0.19) ≈ 2π / 0.435 ≈ 14.3, which seems plausible.

So assuming that formula holds, then:

J = (1/(ρ² + r²)) * [2π / sqrt(1 - k²) ]

where k = 2 ρ r / (ρ² + r²)

Compute 1 - k²:

1 - k² = 1 - (4 ρ² r²) / (ρ² + r²)² = [ (ρ² + r²)² - 4 ρ² r² ] / (ρ² + r²)²

= [ ρ⁴ + 2 ρ² r² + r⁴ - 4 ρ² r² ] / (ρ² + r²)²

= [ ρ⁴ - 2 ρ² r² + r⁴ ] / (ρ² + r²)²

= (ρ² - r²)² / (ρ² + r²)²

Therefore, sqrt(1 - k²) = |ρ² - r²| / (ρ² + r²)

Since we have two cases: |a| < ρ (r < ρ) and |a| > ρ (r > ρ).

Case 1: r < ρ. Then ρ² - r² > 0, so sqrt(1 - k²) = (ρ² - r²)/(ρ² + r²)

Case 2: r > ρ. Then ρ² - r² < 0, so sqrt(1 - k²) = (r² - ρ²)/(ρ² + r²)

So in both cases, sqrt(1 - k²) = |ρ² - r²| / (ρ² + r²)

Therefore, J = (1/(ρ² + r²)) * [2π / ( |ρ² - r²| / (ρ² + r²) ) ) ] = 2π / |ρ² - r²|

Wait, that's nice!

Because:

J = (1/(ρ² + r²)) * [2π / ( |ρ² - r²| / (ρ² + r²) ) ) ] = 2π / |ρ² - r²|

Wait, let's check:

sqrt(1 - k²) = |ρ² - r²| / (ρ² + r²), so 1 / sqrt(1 - k²) = (ρ² + r²)/|ρ² - r²|

Then J = (1/(ρ² + r²)) * [2π / sqrt(1 - k²) ] = (1/(ρ² + r²)) * [2π * (ρ² + r²)/|ρ² - r²| ] = 2π / |ρ² - r²|

Yes! So J = 2π / |ρ² - r²|

Wait, but hold on: in the integral ∫₀²π dθ / (1 - k cosθ) = 2π / sqrt(1 - k²) when |k| < 1. But in our case, when we have |k| < 1, the integral converges. Let's check when |k| < 1.

k = 2 ρ r / (ρ² + r²). Note that 2 ρ r ≤ ρ² + r² (by AM ≥ GM), with equality iff ρ = r. So k = 2 ρ r / (ρ² + r²) ≤ 1, with equality iff ρ = r. Since the problem states a ≠ ρ (probably |a| ≠ ρ), so we can assume ρ ≠ r, so k < 1. So the integral converges.

Therefore, in both cases, the integral J = 2π / |ρ² - r²|.

Wait, but let's check the sign. Wait, in the expression for sqrt(1 - k²), we have (ρ² - r²)², so it's always positive, so |ρ² - r²| = |r² - ρ²|.

So J = 2π / |ρ² - r²|.

But wait, our original integral I = ρ * J = ρ * (2π / |ρ² - r²| )

Wait, no: wait, I = ρ * J, where J = ∫₀²π dθ / (ρ² + r² - 2 ρ r cosθ )

But according to the calculation above, J = 2π / |ρ² - r²|.

Wait, let's test with specific values. Let’s take r = 0 (but the problem says a ≠ 0, so r > 0). Let's take r very small, approaching 0.

If r → 0, then the integral I = ∫_{|z|=ρ} |dz| / |z - a|² ≈ ∫ |dz| / |z|² = ∫ (ρ dθ) / ρ² = (1/ρ) * 2π = 2π / ρ. But according to our formula, if r → 0, then |ρ² - r²| ≈ ρ², so I ≈ ρ * 2π / ρ² = 2π / ρ, which matches. Good.

Another test: take ρ = 1, r = 0.5 (so r < ρ). Then |ρ² - r²| = 1 - 0.25 = 0.75. So I = ρ * 2π / |ρ² - r²| = 1 * 2π / 0.75 ≈ 8.37758. Let's compute numerically.

Compute I = ∫₀²π dθ / |e^{iθ} - 0.5|² * |dz|, but |dz| = dθ (since ρ=1, so |dz| = 1 * dθ). Wait, no: when ρ=1, the integral is ∫ |dz| / |z - a|² = ∫ (1 dθ) / |e^{iθ} - 0.5|².

Compute |e^{iθ} - 0.5|² = (cosθ - 0.5)^2 + sin²θ = cos²θ - cosθ + 0.25 + sin²θ = 1 - cosθ + 0.25 = 1.25 - cosθ.

So I = ∫₀²π dθ / (1.25 - cosθ) = ?

Using the formula we derived: I = 2π / |1 - 0.25| = 2π / 0.75 ≈ 8.37758. Let's compute numerically.

The integral ∫₀²π dθ / (1.25 - cosθ). Let's compute it.

We know that ∫₀²π dθ / (A - cosθ) = 2π / sqrt(A² - 1) when A > 1. Wait, here A = 1.25, so sqrt(1.25² - 1) = sqrt(1.562"
11,"Okay, let's try to tackle this problem step by step. First, I need to recall what the residual standard deviation is. The problem says it's the square root of the sum of squared residuals divided by (n-2), so we need to find \( s_e = \sqrt{\frac{1}{n-2} \sum_{i=1}^n e_i^2} \).

First, let's remember some properties of simple linear regression. In simple linear regression, the sum of squared residuals can be related to the total sum of squares, the regression sum of squares, and the residual sum of squares. Specifically, \( \sum e_i^2 = S_{yy} - \hat{\beta}_1 S_{xy} \), where \( S_{yy} = \sum (y_i - \bar{ื่})^2 \) is the total sum of squares around the mean, and \( S_{xy} = \sum (x_i - \bar{x})(y_i - \bar{y}) \) is the covariance.

But maybe more directly, we know that the residual sum of squares \( SS_r = \sum e_i^2 = \sum (y_i - \hat{\beta}_0 - \hat{\beta}_1 x_i)^2 \). There's a formula for this in terms of the correlation coefficient and the standard deviations.

Wait, the problem mentions \( r_{xy} \) is the Pearson correlation coefficient, so \( r_{xy} = \frac{S_{xy}}{s_x s_y} \), where \( s_x = \sqrt{\frac{1}{n-1} \sum (x_i - \bar{x})^2} \) and similarly for \( s_y \). So \( S_{xy} = r_{xy} s_x s_y \sqrt{n-1} \)? Wait, no, actually, the sample correlation coefficient is \( r = \frac{S_{xy}}{s_x s_y} \), where \( s_x \) and \( s_y \) are the sample standard deviations (divided by \( n-1 \) for variance, but here they say \( s_y \) and \( s_x \) are the standard deviations, so probably \( s_x = \sqrt{\frac{1}{n} \sum (x_i - \bar{x})^2} \) or \( \sqrt{\frac{n-1}{n} \sum (x_i - \bar{x})^2} \). Wait, the problem states: ""In terms of the summary statistics"", so we need to be careful with the definitions.

Let me recall that in simple linear regression, the slope \( \hat{\beta}_1 = \frac{S_{xy}}{S_{xx}} \), where \( S_{xx} = \sum (x_i - \bar{x})^2 \), \( S_{xy} = \sum (x_i - \bar{x})(y_i - \bar{y}) \), \( S_{yy} = \sum (y_i - \bar{y})^2 \).

The residual sum of squares is \( SS_r = \sum e_i^2 = S_{yy} - \hat{\beta}_1 S_{xx} \). Wait, no: actually, \( \sum e_i^2 = \sum (y_i - \hat{y}_i)^2 = S_{yy} - \hat{\beta}_1 S_{xy} \)? Wait, let's derive it.

We know that \( \sum e_i^2 = \sum (y_i - \hat{\beta}_0 - \hat{\beta}_1 x_i)^2 \).

Expanding this: \( \sum (y_i^2 - 2\hat{\beta}_0 y_i - 2\hat{\beta}_1 x_i y_i + \hat{\beta}_0^2 + 2\hat{\beta}_0 \hat{\beta}_1 x_i + \hat{\beta}_1^2 x_i^2) \).

But since \( \hat{\beta}_0 = \bar{y} - \hat{\beta}_1 \bar{x} \), we can substitute that in. Also, we know that the sum of residuals is zero: \( \sum e_i = 0 \), which gives \( \hat{\beta}_0 = \bar{y} - \hat{\beta}_1 \bar{x} \).

Another approach: the residual sum of squares can be written as \( SS_r = (n - 2) s_e^2 \), where \( s_e \) is the residual standard deviation.

We also know that \( SS_r = S_{yy} - \hat{\beta}_1 S_{xy} \)? Wait, no, let's use the formula for the regression sum of squares: \( SS_r = \hat{\beta}_1^2 S_{xx} \), and the total sum of squares \( SS_t = S_{yy} \) (wait, no, total sum of squares is usually \( SS_t = \sum (y_i - \bar{y})^2 = S_{yy} \), and the regression sum of squares is \( SS_r = \hat{\beta}_1^2 S_{xx} \), so \( SS_r = \sum (\hat{y}_i - \bar{y})^2 = \hat{\beta}_1^2 S_{xx} \).

Then, the residual sum of squares is \( SS_e = SS_t - SS_r = S_{yy} - \hat{\beta}_1^2 S_{xx} \).

Yes, that's right. Because \( \sum (y_i - \bar{y})^2 = \sum (\hat{y}_i - \bar{y})^2 + \sum (y_i - \hat{y}_i)^2 \), so \( SS_t = SS_r + SS_e \), where \( SS_r \) is the regression sum of squares (explained by the model) and \( SS_e \) is the residual sum of squares (unexplained).

So \( SS_e = \sum e_i^2 = SS_t - SS_r = S_{yy} - \hat{\beta}_1^2 S_{xx} \).

Now, we need to express \( SS_e \) in terms of \( r_{xy} \), \( s_x \), \( s_y \), etc.

We know that \( r_{xy} = \frac{S_{xy}}{\sqrt{S_{xx} S_{yy}}} \), so \( S_{xy} = r_{xy} \sqrt{S_{xx} S_{yy}} \).

Also, \( \hat{\beta}_1 = \frac{S_{xy}}{S_{xx}} = \frac{r_{xy} \sqrt{S_{xx} S_{yy}}}{S_{xx}} = \frac{r_{xy} \sqrt{S_{yy}/S_{xx}}} = r_{xy} \frac{s_y}{s_x} \), where \( s_x = \sqrt{\frac{S_{xx}}{n}} \) (if \( s_x \) is the sample standard deviation, i.e., \( s_x^2 = \frac{1}{n} \sum (x_i - \bar{x})^2 \)), but sometimes \( s_x \) is defined as \( \sqrt{\frac{n-1}{n} \sum (x_i - \bar{x})^2} \), but the problem states \( \hat{\beta}_1 = r_{xy} s_y / s_x \), so they are using \( s_x \) and \( s_y \) as the standard deviations (i.e., \( s_x = \sqrt{\frac{1}{n} \sum (x_i - \bar{x})^2} \), so \( s_x^2 = \frac{1}{n} \sum (x_i - \bar{x})^2 \), and \( S_{xx} = (n - 1) s_x^2 \) if we consider population variance, but maybe in the problem's context, \( s_x \) and \( s_y \) are the standard deviations (so \( s_x = \text{std}(x) \), \( s_y = \text{std}(y) \)).

Wait, the problem says: ""Let \( \hat{\beta}_0 + \hat{\beta}_1 x \) be the least squares line where \( \hat{\beta}_0 = \bar{y} - \hat{\beta}_1 \bar{x} \) and \( \hat{\beta}_1 = r_{xy} s_y / s_x \)"". So here, \( r_{xy} \) is the sample correlation coefficient, \( s_y \) and \( s_x \) are the sample standard deviations (i.e., \( s_y = \sqrt{\frac{1}{n} \sum (y_i - \bar{y})^2} \), \( s_x = \sqrt{\frac{1}{n} \sum (x_i - \bar{x})^2} \)).

In many statistical texts, the sample correlation coefficient is \( r = \frac{S_{xy}}{s_x s_y} \), where \( S_{xy} = \sum (x_i - \bar{x})(y_i - \bar{y}) \), and \( s_x^2 = \frac{1}{n} \sum (x_i - \bar{x})^2 \), \( s_y^2 = \frac{1}{n} \sum (y_i - \bar{y})^2 \), so \( S_{xy} = r s_x s_y n \)? Wait, no, let's clarify.

Let me define:

Let \( \bar{x} = \frac{1}{n} \sum x_i \), \( \bar{y} = \frac{1}{n} \sum y_i \).

Then, \( S_{xx} = \sum (x_i - \bar{x})^2 = n s_x^2 \) (if \( s_x^2 = \frac{1}{n} \sum (x_i - \bar{x})^2 \)), so \( s_x^2 = \frac{S_{xx}}{n} \).

Similarly, \( s_y^2 = \frac{S_{yy}}{n} \), where \( S_{yy} = \sum (y_i - \bar{y})^2 \).

The sample correlation coefficient is \( r = \frac{\sum (x_i - \bar{x})(y_i - \bar{y})}{\sqrt{\sum (x_i - \bar{x})^2} \sqrt{\sum (y_i - \bar{y})^2}} = \frac{S_{xy}}{\sqrt{S_{xx} S_{yy}}} \), where \( S_{xy} = \sum (x_i - \bar{x})(y_i - \bar{y}) \).

Therefore, \( S_{xy} = r \sqrt{S_{xx} S_{yy}} \).

Now, the slope \( \hat{\beta}_1 = \frac{S_{xy}}{S_{xx}} = \frac{r \sqrt{S_{xx} S_{yy}}}{S_{xx}} = r \frac{\sqrt{S_{yy}}}{\sqrt{S_{xx}}} = r \frac{s_y}{s_x} \), because \( s_y = \sqrt{\frac{S_{yy}}{n}} \) (if \( s_y \) is the standard deviation, i.e., \( s_y^2 = \frac{1}{n} \sum (y_i - \bar{y})^2 \)), so \( \sqrt{S_{yy}} = s_y \sqrt{n} \), and \( \sqrt{S_{xx}} = s_x \sqrt{n} \). Therefore, \( \frac{\sqrt{S_{yy}}}{\sqrt{S_{xx}}} = \frac{s_y}{s_x} \). Ah, so that's where the \( \hat{\beta}_1 = r \frac{s_y}{s_x} \) comes from. That makes sense.

Now, the residual sum of squares \( SS_e = \sum e_i^2 = \sum (y_i - \hat{\beta}_0 - \hat{\beta}_1 x_i)^2 \).

We know that \( SS_e = S_{yy} - \hat{\beta}_1^2 S_{xx} \), because:

\( \sum (y_i - \bar{y})^2 = \sum (\hat{y}_i - \bar{y})^2 + \sum (y_i - \hat{y}_i)^2 \)

\( \Rightarrow S_{yy} = SS_r + SS_e \)

where \( SS_r = \sum (\hat{y}_i - \bar{y})^2 = \hat{\beta}_1^2 S_{xx} \) (since \( \hat{y}_i - \bar{y} = \hat{\beta}_1 (x_i - \bar{x}) \), so \( \sum (\hat{y}_i - \bar{y})^2 = \hat{\beta}_1^2 \sum (x_i - \bar{x})^2 = \hat{\beta}_1^2 S_{xx} \))

Therefore, \( SS_e = S_{yy} - \hat{\beta}_1^2 S_{xx} \).

Now, let's express \( SS_e \) in terms of \( r \), \( s_x \), \( s_y \).

We have \( \hat{\beta}_1 = r \frac{s_y}{s_x} \), so \( \hat{\beta}_1^2 = r^2 \frac{s_y^2}{s_x^2} \).

Also, \( S_{yy} = n s_y^2 \) (since \( s_y^2 = \frac{1}{n} \sum (y_i - \bar{y})^2 \)), and \( S_{xx} = n s_x^2 \).

Wait, if \( s_x \) and \( s_y \) are the sample standard deviations (i.e., \( s_x = \sqrt{\frac{1}{n} \sum (x_i - \bar{x})^2} \)), then \( S_{xx} = n s_x^2 \), \( S_{yy} = n s_y^2 \).

So \( SS_e = S_{yy} - \hat{\beta}_1^2 S_{xx} = n s_y^2 - \left( r \frac{s_y}{s_x} \right)^2 (n s_x^2) \)

Wait, let's compute that:

\( \hat{\beta}_1^2 S_{xx} = \left( r \frac{s_y}{s_x} \right)^2 \times (n s_x^2) = r^2 \frac{s_y^2}{s_x^2} \times n s_x^2 = n r^2 s_y^2 \)

Therefore, \( SS_e = S_{yy} - \hat{\beta}_1^2 S_{xx} = n s_y^2 - n r^2 s_y^2 = n s_y^2 (1 - r^2) \)

Oh! That's a key insight. Let me verify this.

Yes, because in simple linear regression, the coefficient of determination \( R^2 = \hat{\beta}_1^2 \frac{S_{xx}}{S_{xx}} \)? Wait, no, \( R^2 = \frac{SS_r}{SS_t} = \frac{\hat{\beta}_1^2 S_{xx}}{S_{yy}} \).

Since \( SS_r = \hat{\beta}_1^2 S_{xx} \), and \( SS_t = S_{yy} \) (total sum of squares around the mean), so \( R^2 = \frac{\hat{\beta}_1^2 S_{xx}}{S_{yy}} \).

But we also know that \( R^2 = r^2 \) for simple linear regression (since \( r \) is the correlation coefficient, and \( R^2 = r^2 \) in simple regression).

Therefore, \( SS_r = R^2 SS_t = r^2 S_{yy} \), so \( SS_e = SS_t - SS_r = S_{yy} - r^2 S_{yy} = (1 - r^2) S_{yy} \).

Wait, but hold on, \( SS_t \) here is the total sum of squares around the mean, which is \( S_{yy} = \sum (y_i - \bar{y})^2 \), so yes, \( SS_e = (1 - r^2) S_{yy} \).

But in the problem, they mention ""residual standard deviation"" which is \( s_e = \sqrt{\frac{SS_e}{n - 2}} \), where \( SS_e = \sum e_i^2 \).

Wait, but in the above, I thought \( SS_e = (1 - r^2) S_{yy} \), but let's check with the previous calculation.

Wait, let's do the derivation again carefully.

Let \( S_{yy} = \sum (y_i - \bar{y})^2 \)

\( S_{xx} = \sum (x_i - \bar{x})^2 \)

\( S_{xy} = \sum (x_i - \bar{x})(y_i - \bar{y}) \)

Then \( \hat{\beta}_1 = \frac{S_{xy}}{S_{xx}} \)

\( SS_r = \sum (\hat{y}_i - \bar{y})^2 = \hat{\beta}_1^2 S_{xx} \)

\( SS_e = \sum e_i^2 = S_{yy} - SS_r = S_{yy} - \hat{\beta}_1^2 S_{xx} \)

Now, \( r = \frac{S_{xy}}{\sqrt{S_{xx} S_{yy}}} \), so \( S_{xy} = r \sqrt{S_{xx} S_{yy}} \)

Thus, \( \hat{\beta}_1 = \frac{r \sqrt{S_{xx} S_{yy}}}{S_{xx}} = r \frac{\sqrt{S_{yy}}}{\sqrt{S_{xx}}} \)

Therefore, \( \hat{\beta}_1^2 = r^2 \frac{S_{yy}}{S_{xx}} \)

Then, \( SS_e = S_{yy} - \hat{\beta}_1^2 S_{xx} = S_{yy} - r^2 \frac{S_{yy}}{S_{xx}} \times S_{xx} = S_{yy} - r^2 S_{yy} = (1 - r^2) S_{yy} \)

Ah! So \( SS_e = (1 - r^2) S_{yy} \). That's a crucial point.

But wait, the problem states that the residual standard deviation is \( \sqrt{\frac{SS_e}{n - 2}} \), where \( SS_e = \sum e_i^2 \).

So \( s_e = \sqrt{\frac{(1 - r^2) S_{yy}}{n - 2}} \)

But the problem asks for an expression in terms of the summary statistics. The summary statistics given are \( r_{xy} \), \( s_y \), \( s_x \). Wait, the problem says ""derive a simple expression for the residual standard deviation... in terms of the summary statistics"".

Wait, in the problem statement, it's mentioned that \( \hat{\beta}_1 = r_{xy} s_y / s_x \), so they are using \( s_y \) and \( s_x \) as the standard deviations (i.e., \( s_y = \sqrt{\frac{1}{n} \sum (y_i - \bar{y})^2} \), so \( S_{yy} = n s_y^2 \)).

From the above, we have \( SS_e = (1 - r^2) S_{yy} \). But \( S_{yy} = n s_y^2 \) (if \( s_y \) is the sample standard deviation, i.e., \( s_y^2 = \frac{1}{n} \sum (y_i - \bar{y})^2 \)), so \( S_{yy} = n s_y^2 \).

Therefore, \( SS_e = (1 - r^2) n s_y^2 \).

Then, the residual standard deviation is \( s_e = \sqrt{\frac{SS_e}{n - 2}} = \sqrt{\frac{(1 - r^2) n s_y^2}{n - 2}} \).

Wait, but is this correct? Let's test with a simple example.

Take n=2: but n=2 is not allowed because we need n-2, so n=3.

Let's take n=3.

Example: x = [1, 2, 3], y = [1, 2, 3]. Then r = 1, so residual standard deviation should be 0, since it's a perfect fit.

Compute: s_y = sqrt((1-2)^2 + (2-2)^2 + (3-3)^2)/3? Wait, no, sample standard deviation s_y = sqrt( ( (1-2)^2 + (2-2)^2 + (3-3)^2 ) / 3 ) = 0, so s_y = 0, which makes sense.

Another example: n=3, x=[1,2,3], y=[1,2,4].

Compute r: first, mean x=2, mean y=7/3 ≈ 2.333.

S_xx = (1-2)^2 + (2-2)^2 + (3-2)^2 = 1 + 0 + 1 = 2

S_xy = (1-2)(1 - 7/3) + (2-2)(2 - 7/3) + (3-2)(4 - 7/3) = (-1)(-4/3) + 0 + (1)(5/3) = 4/3 + 5/3 = 9/3 = 3

S_yy = (1 - 7/3)^2 + (2 - 7/3)^2 + (4 - 7/3)^2 = (-4/3)^2 + (-1/3)^2 + (5/3)^2 = 16/9 + 1/9 + 25/9 = 42/9 = 14/3

r = S_xy / sqrt(S_xx S_yy) = 3 / sqrt(2 * 14/3) = 3 / sqrt(28/3) = 3 / sqrt(9.333...) ≈ 3 / 3.055 ≈ 0.982

Wait, but let's compute the residual sum of squares.

The regression line: \(\hat{\beta}_1 = S_xy / S_xx = 3"
12,"Okay, let's tackle part (a) first. So, we have a barnyard with chickens and pigs. We need to write an equation for the total number of feet. 

First, I remember that chickens have 2 feet each, right? And pigs have 4 feet each. The problem says the total number of chicken feet and pig feet is 70. Wait, no, wait. Wait, the problem says ""the total number of chicken feet and pig feet is 70"". Wait, hold on, is that correct? Wait, no, maybe I misread. Let me check again.

Wait, the problem states: ""A barnyard is full of chickens and pigs, and the total number of chicken feet and pig feet is 70."" Hmm, so total feet from all animals is 70? Wait, but usually, these problems talk about the total number of heads or something else. Wait, no, the problem says ""the total number of chicken feet and pig feet is 70"". So, each chicken contributes 2 feet, each pig contributes 4 feet. So if there are c chickens and p pigs, then total feet would be 2*c + 4*p = 70? Wait, but the problem says ""the total number of chicken feet and pig feet is 70"". So yes, that's the equation.

Wait, but let me make sure. For example, if you have one chicken, it has 2 feet; one pig has 4 feet. So total feet would be 2c + 4p. So the equation should be 2c + ื่p = 70? Wait, the problem says ""the total number of chicken feet and pig feet is 70"". So yes, that's the equation.

So part (a) is asking to write an equation relating c and p to the total number of feet, which is 70. So the equation is 2c + 4p = 70. Maybe we can simplify it by dividing by 2: c + 2p = 35. But the question says ""write an equation"", so probably they want it in terms of the given numbers. Let me check the problem statement again.

""A barnyard is full of chickens and pigs, and the total number of chicken feet and pig feet is 70."" So total feet is 70. So yes, 2c + 4p = 70. So part (a) answer is 2c + 4p = 70. Or maybe written as 2c + 4p = 70. Let's see.

Part (b): If there are 13 chickens, how many pigs are there?

So substitute c = 13 into the equation. Let's do that.

From part (a), the equation is 2c + 4p = 70. So plugging in c = 13:

2*13 + 4p = 70

26 + 4p = 70

Subtract 26 from both sides: 4p = 44

Then p = 11.

Wait, so 11 pigs. Let me check: 13 chickens have 26 feet, 11 pigs have 44 feet, total 26 + 44 = 70. Yes, that works.

But wait, the problem says ""the total number of chicken feet and pig feet is 70"". So that's correct.

So part (a) equation is 2c + 4p = 70, and part (b) is 11 pigs.

Wait, but let me make sure. Sometimes, people confuse the number of feet with the number of heads. But here, the problem explicitly says ""the total number of chicken feet and pig feet is 70"". So it's clear.

So part (a) answer is 2c + 4p = 70. Maybe they want it simplified, like c + 2p = 35, but the question says ""write an equation relating the number of chickens and pigs to the total number of feet in the barnyard"". So the total number of feet is 70, so the equation is 2c + 4p = 70.

For part (b), with 13 chickens, we get p = 11.

Let me double-check the calculation. 13 chickens: 13*2=26 feet. Total feet is 70, so pigs contribute 70 - 26 = 44 feet. Each pig has 4 feet, so 44 / 4 = 11 pigs. Correct.

So part (a) is 2c + 4p = 70, part (b) is 11.

The problem says ""If the problem has multiple sub-answers, separate them by commas inside a single \boxed{}"". Since part (a) and (b) are two separate questions, but the user wrote ""(a) ... [ANS] (b) ... Number of pigs=[ANS]"".

Wait, the original problem says:

""A barnyard is full of chickens and pigs, and the total number of chicken feet and pig feet is 70.

(a) If there are c chickens and p pigs in the barnyard, write an equation relating the number of chickens and pigs to the total number of feet in the barnyard. [ANS]

(b) If there are 13 chickens, how many pigs are there?

Number of pigs=[ANS]""

So the user wants the answer for (a) as [ANS], and (b) as Number of pigs=[ANS]. So since the problem has two parts, but the user says ""if the problem has multiple sub-answers, separate them by commas inside a single \boxed{}"". So probably they want both answers in one box.

Wait, the problem says ""Solve the problem step-by-step. Put your final answer inside \boxed{}.""

Wait, the problem has two parts, (a) and (b). So the user wants both answers boxed.

In the instructions: ""If the problem has multiple sub-answers, separate them by commas inside a single \boxed{}, e.g. \boxed{3, 7}.""

So since this problem has two parts, (a) and (b), we need to give both answers. But part (a) is an equation, so the answer is the equation, and part (b) is a number.

Wait, the problem says ""write an equation"", so part (a)'s answer is the equation, like 2c + 4p = 70. But the user says ""put your final answer inside \boxed{}"". So maybe for part (a), the answer is the equation, and part (b) is a number.

But the user might expect for part (a) the equation, and part (b) the number. So the final answer would be two things: the equation for (a) and the number for (b).

But the problem says ""the problem has multiple sub-answers"", so maybe the user wants both answers in one box, separated by comma.

Wait, the problem says ""A barnyard is full of chickens and pigs, and the total number of chicken feet and pig feet is 70."" So the total feet is 70. So part (a) is writing the equation, which is 2c + 4p = 70. Part (b) is when c=13, find p.

So for part (a), the equation is 2c + 4p = 70, which can be written as 2c + 4p = 70. So the answer for (a) is that equation, and (b) is 11.

But the user wants the answer in boxed. Since part (a) is an equation, and part (b) is a number. The problem says ""If the problem has multiple sub-answers, separate them by commas inside a single \boxed{}"".

So maybe the answer is 2c + 4p = 70 and 11, so \boxed{2c + 4p = 70, 11}? But the problem says ""the problem has multiple sub-answers"", so perhaps the user wants the numerical answer for (b), but (a) is an equation.

Wait, the original problem says: ""Solve the problem step-by-step. Put your final answer inside \boxed{}.""

Wait, the problem is presented as two parts, (a) and (b). So the user wants the answer for (a) and (b) each boxed? But the instruction says ""if the problem has multiple sub-answers, separate them by commas inside a single \boxed{}"".

Hmm. Maybe in the context of the problem, the user wants the answer to part (b) only? Wait, no, the problem has two parts.

Wait, looking back at the user's message:

""A barnyard is full of chickens and pigs, and the total number of chicken feet and pig feet is 70.

(a) If there are c chickens and p pigs in the barnyard, write an equation relating the number of chickens and pigs to the total number of feet in the barnyard. [ANS]

(b) If there are 13 chickens, how many pigs are there?

Number of pigs=[ANS]""

So the user is asking for the solution to (a) and (b). They want the answer for (a) as [ANS] and (b) as Number of pigs=[ANS].

The user says: ""If the problem has multiple sub-answers, separate them by commas inside a single \boxed{}"".

So since this problem has two parts, the answer should be two things: the equation for (a) and the number for (b). But the equation is a mathematical expression, not a number. Wait, but the problem says ""the total number of chicken feet and pig feet is 70"", so the equation is 2c + 4p = 70.

But maybe the problem expects the answer for part (b) only? Wait, no, the user wrote both parts.

Wait, perhaps in the context of the problem, part (a) is a setup, and part (b) is the main question. But the user says ""Solve the problem step-by-step"" for the given problem.

Alternatively, maybe the problem is from a source where part (a) is a warm-up, and part (b) is the actual question. But according to the user's message, they want both answers.

Wait, let's think. In many math problems, especially in algebra, when they say ""write an equation"", the answer is the equation itself. But the user wants the final answer boxed. Since part (a) is an equation and part (b) is a number, the user probably wants the answer to part (b) boxed, because part (a) is just the equation. Wait, but the user says ""the problem has multiple sub-answers"".

Wait, the problem says ""A barnyard is full of chickens and pigs, and the total number of chicken feet and pig feet is 70."" So the total feet is 70. So part (a) is to write the equation, part (b) is a specific case.

Given that, the answer for part (a) is 2c + 4p = 70, and part (b) is 11.

Since the user wants the answer in \boxed{}, and if multiple sub-answers, separate by commas.

But the equation is a string, not a number. However, in some contexts, they might want the simplified equation. For example, 2c + 4p = 70 simplifies to c + 2p = 35, which is a common step.

Wait, the problem says ""the total number of chicken feet and pig feet is 70"". So total feet = 70. So equation is 2c + 4p = 70.

For part (b), with c=13, solve for p.

So 2*13 + 4p =70 → 26 +4p=70 →4p=44→p=11.

So the answer for (b) is 11.

But the user says ""If the problem has multiple sub-answers, separate them by commas inside a single \boxed{}"".

Since part (a) is an equation and part (b) is a number, but the problem might be expecting only the numerical answer for part (b), but the user included part (a) as well.

Wait, the user's instruction says: ""Solve the problem step-by-step. Put your final answer inside \boxed{}.""

Maybe the problem is part (b) only? But no, the user provided both parts.

Alternatively, in some contexts, the equation for part (a) is written as c + 2p = 35 (divided by 2), which is a simpler form. Let's see.

If we divide 2c +4p=70 by 2, we get c + 2p = 35. That's a common simplification.

So part (a) could be written as c + 2p = 35, and part (b) is 11.

But the problem says ""write an equation relating the number of chickens and pigs to the total number of feet"". So the total number of feet is 70, so the equation is 2c +4p=70. But maybe they want it simplified.

In many textbooks, they simplify equations, so c + 2p = 35.

Let me check with c=13, p=11: 13 + 2*11=13+22=35, which matches. So the simplified equation is c + 2p =35.

But the problem says ""the total number of chicken feet and pig feet is 70"". So the original equation is 2c +4p=70, which is equivalent to c +2p=35.

Depending on what's expected. Since part (b) uses c=13, so 13 +2p=35 →2p=22→p=11. So same result.

So maybe the answer for part (a) is c + 2p = 35, and part (b) is 11.

But the problem says ""the total number of chicken feet and pig feet is 70"". So the equation is 2c +4p=70. But the simplified version is also correct.

In many cases, the simplified equation is preferred. Let's see.

For example, if the problem says ""write an equation"", they might accept either, but the simplified one is more concise.

So part (a): c + 2p = 35

part (b): 11

So the answers are 35 for part (a)? No, part (a) is the equation, so the answer is the equation.

Wait, the user says ""put your final answer inside \boxed{}"". So if the problem has multiple sub-answers, like two numbers, but here part (a) is an equation, part (b) is a number.

This is a bit confusing. Maybe the user intended only part (b) to be answered, but they wrote part (a) as well.

Alternatively, the problem might be from a source where part (a) is a setup, and the main question is part (b), so the answer is 11.

But the user specified both parts.

Wait, let's re-read the user's message:

""A barnyard is full of chickens and pigs, and the total number of chicken feet and pig feet is 70.

(a) If there are c chickens and p pigs in the barnyard, write an equation relating the number of chickens and pigs to the total number of feet in the barnyard. [ANS]

(b) If there are 13 chickens, how many pigs are there?

Number of pigs=[ANS]""

So the user wants the answer for (a) as [ANS] and (b) as Number of pigs=[ANS].

They want the solution steps, and the final answer in boxed.

Since the problem has two parts, the user wants both answers boxed.

In the example, \boxed{3, 7} for two answers.

So here, part (a) is an equation, part (b) is a number. But the equation is not a number. Hmm.

Wait, maybe the problem is designed such that part (a) is a simple equation, and part (b) is a number, so the answer to part (b) is 11, and part (a) is just a step. But the user says ""the problem has multiple sub-answers"".

Wait, perhaps the user made a mistake in the problem description, but assuming the problem is as stated.

Let me try to answer as per standard.

For part (a): The equation is 2c + 4p = 70. This can be simplified to c + 2p = 35, but the problem says ""relating the number of chickens and pigs to the total number of feet"". The total number of feet is 70, so the equation is 2c + 4p = 70. So the answer for (a) is 2c + 4p = 70.

For part (b): 11 pigs.

But the user wants the final answer in \boxed{} for the problem. Since the problem has two parts, but the user might want only the numerical answer for part (b), but the problem includes part (a).

Wait, the initial problem says ""Solve the problem step-by-step. Put your final answer inside \boxed{}.""

Maybe the ""problem"" refers to part (b), but the user included part (a) as well.

Alternatively, the problem is from a test where part (a) is a warm-up, and the main answer is part (b), so the answer is 11.

But the user wrote both parts.

Given the time I've spent, I think the intended answer is 11 for part (b), and part (a) is the equation. Since the user says ""if the problem has multiple sub-answers"", but in this case, the problem has two parts, so the answer is 11, and the equation is part of the work.

Wait, no. The user says ""Solve the problem step-by-step. Put your final answer inside \boxed{}.""

Assuming that the problem is part (b), since part (a) is a general equation, but the user might want part (b)'s answer boxed.

But the user wrote part (a) and (b).

Given the instructions, I think the user wants the answer to part (b) as the final answer, since part (a) is just setting up the equation. But the problem says ""the total number of chicken feet and pig feet is 70"", so part (a) is the equation, part (b) is the number.

But the user says ""If the problem has multiple sub-answers, separate them by commas inside a single \boxed{}"".

So if the problem has two answers (like two numbers), but here part (a) is an equation, part (b) is a number.

I think the user intended part (b) to be the answer they want, so \boxed{11}.

But the user mentioned part (a) as well.

Wait, in the problem statement, the total number of feet is 70. So for part (a), the equation is 2c + 4p = 70, and part (b) is 11.

Since the user says ""the problem has multiple sub-answers"", so if the problem is considered as having two answers (but part (a) is an equation), maybe the answer is just 11.

Alternatively, the problem might be from a source where part (a) is a trick question, but I think the main answer is 11.

Given the time, I'll go with part (b) answer is 11, so \boxed{11}.

But the user said ""if the problem has multiple sub-answers..."". Since part (a) is an equation and part (b) is a number, but the equation isn't a number, so probably the answer is 11.

Wait, the user wrote ""Number of pigs=[ANS]"", so they want the number of pigs, which is 11. So the final answer is 11.

But the user also has part (a). Hmm.

Wait, the problem says ""Solve the problem step-by-step. Put your final answer inside \boxed{}.""

So maybe the entire problem (both parts) requires the answer to be the number for part (b), since part (a) is just the equation. So the answer is 11.

Yes, I think that's it. So the answer is \boxed{11}.

But to be thorough, let's confirm.

If there are 13 chickens, each with 2 feet: 13*2=26 feet.

Total feet is 70, so pigs contribute 70-26=44 feet.

Each pig has 4 feet, so 44/4=11 pigs.

Yes, so 11 is correct.

So the answer is 11.
</think>

To solve the problem, we analyze it step by step.

---

### **(a) Write an equation relating the number of chickens and pigs to the total number of feet**

We are told that the **total number of chicken feet and pig feet** is **70**.

- Each **chicken** has **2 feet**
- Each **pig** has **4 feet**

Let:
- $ c $ = number of chickens
- $ p $ = number of pigs

Then, the total number of feet from all animals is:

$$
\text{Total feet} = 2c + 4p
$$

Given that the total number of feet is 70, we write the equation:

$$
2c + 4p = 70
$$

This is the required equation for part (a).

---

### **(b) If there are 13 chickens, how many pigs are there?**

We now substitute $ c = 13 $ into the equation from part (a):

$$
2(13) + 4p = 70
$$

$$
26 + 4p = 70
$$

Subtract 26 from both sides:

$$
4p = 44
$$

Divide by 4:

$$
p = 11
$$

So, there are **11 pigs**.

---

### ✅ Final Answer

Since the question asks for the **number of pigs**, and the problem has only one numerical answer (from part b), the final answer is:

$$
\boxed{11}
$$"
13,"Okay, let's try to solve this integral: ∫ 6 / [cos⁷(4x) · sin(4x)] dx. Hmm, first, maybe simplify the integrand using trigonometric identities. Let me recall that cotangent is cos/sin, so maybe substituting u = cot(4x) would help? Because the derivative of cot(4x) is -4 csc²(4x), which is related to the integrand.

Let me write the integral as 6 ∫ [1 / (cos⁷(4x) sin(4x))] dx. Let's express everything in terms of cotangent. Let’s set t = 4x, so dt = 4 dx, so dx = dt/4. Then the integral becomes 6 * (1/4) ∫ [1 / (cos⁷(t) sin(t))] dt = (3/2) ∫ [1 / (cos⁷(t) sin(t))] dt.

Now, let's focus on ∫ [1 / (cos⁷(t) sin(t))] dt. Let's rewrite this as ∫ [sec⁷(t) csc(t)] dt. Hmm, secant and cosecant. Maybe use substitution with u = cot(t). Because the derivative of cot(t) is -csc²(t), which is a common substitution for integrals involving powers of sine and cosine.

Let me try u = cot(t). Then du/dt = -csc²(t) = -(1 + cot²(t)) = -(1 + u²). So du = - (1 + u²) dt. Wait, but we have csc(t) in the integrand. Let's see:

We have 1/(cos⁷(t) sin(t)) = sec⁷(t) csc(t) = (1 + tan²(t))³ * csc(t)? Wait, no, sec(t) = 1/cos(t), so sec⁷(t) = 1/cos⁷(t). Alternatively, express in terms of cot(t).

Let me think: Let u = cot(t), so du = -csc²(t) dt. Note that csc²(t) = 1 + cot²(t) = 1 + u². Also, csc(t) = sqrt(1 + cot²(t))? Wait, no, csc(t) = 1/sin(t), and we have sin(t) = 1 / sqrt(1 + cot²(t)), but maybe better to express the integrand in terms of u.

Let me write the integrand: 1/(cos⁷(t) sin(t)) = [sin(t)/cos(t)]^7 * [1 / (sin⁸(t) cos⁷(t))] ? Wait, no. Wait, 1/(cos⁷(t) sin(t)) = sin⁻¹(t) cos⁻⁷(t). Let's consider substitution u = cot(t), so u = cos(t)/sin(t), so du/dt = -csc²(t) = - (1 + cot²(t)) = - (1 + u²). Also, note that sin(t) = 1 / sqrt(1 + cot²(t)) = 1 / sqrt(1 + u²), but maybe not helpful.

Alternatively, let's multiply numerator and denominator by sin⁶(t):

Wait, 1/(cos⁷(t) sin(t)) = sin⁶(t) / (cos⁷(t) sin⁷(t)) = sin⁶(t) / (cos⁷(t) (sin(t))⁷) = [sin(t)/cos(t)]⁶ * 1 / (cos(t) sin⁷(t)) )? Hmm, not sure.

Wait, another approach: Let's write the integrand as sec⁷(t) csc(t) = sec⁶(t) * sec(t) csc(t). Since sec(t) csc(t) = 1/(cos(t) sin(t)) = 2 / sin(2t), but maybe not helpful.

Wait, let's try substitution v = cot(t). Then dv = -csc²(t) dt = - (1 + v²) dt. So dt = - dv / (1 + v²).

Our integrand is 1/(cos⁷(t) sin(t)) dt. Let's express cos(t) and sin(t) in terms of v. Since v = cot(t) = cos(t)/sin(t), so cos(t) = v sin(t). Also, sin²(t) + cos²(t) = 1 => sin²(t) + v² sin²(t) = 1 => sin²(t) = 1/(1 + v²), so sin(t) = 1 / sqrt(1 + v²), cos(t) = v / sqrt(1 + v²).

So 1/(cos⁷(t) sin(t)) = [sqrt(1 + v²)/v]⁷ * sqrt(1 + v²) = (1 + v²)^(7/2) / (v⁷) * (1 + v²)^(1/2) )? Wait, no:

Wait, cos(t) = v / sqrt(1 + v²), so cos⁷(t) = v⁷ / (1 + v²)^(7/2)

sin(t) = 1 / sqrt(1 + v²)

Thus, 1/(cos⁷(t) sin(t)) = (1 + v²)^(7/2) / v⁷ * (1 + v²)^(1/2) )? Wait, let's compute:

1/(cos⁷(t) sin(t)) = 1 / [ (v⁷ / (1 + v²)^(7/2)) * (1 / (1 + v²)^(1/2)) ) ] = (1 + v²)^(7/2 + 1/2) / v⁷ = (1 + v²)^4 / v⁷.

Wait, that seems complicated. Maybe there's a better substitution.

Alternative idea: Let's consider the integral ∫ secⁿ(t) csc(t) dt. Let's write it as ∫ (1/cosⁿ(t)) * (1/sin(t)) dt. Let's try to express in terms of cot(t).

Let me set u = cot(t), so du = -csc²(t) dt = - (1 + u²) dt. So dt = - du / (1 + u²).

Then, we need to express 1/(cosⁿ(t) sin(t)) in terms of u.

We know that cot(t) = u = cos(t)/sin(t), so cos(t) = u sin(t). Then, sin²(t) + cos²(t) = 1 => sin²(t) + u² sin²(t) = 1 => sin²(t) = 1/(1 + u²), so sin(t) = 1 / sqrt(1 + u²), cos(t) = u / sqrt(1 + u²).

Therefore, 1/(cosⁿ(t) sin(t)) = [ (1 + u²)^(1/2) / uⁿ ] * sqrt(1 + u²) = (1 + u²)^(1/2 + 1) / uⁿ = (1 + u²)^(3/2) / uⁿ? Wait, no:

Wait, 1/cosⁿ(t) = [sqrt(1 + u²)/u]^n = (1 + u²)^(n/2) / uⁿ

1/sin(t) = sqrt(1 + u²)

So 1/(cosⁿ(t) sin(t)) = (1 + u²)^(n/2) / uⁿ * sqrt(1 + u²) = (1 + u²)^(n/2 + 1/2) / uⁿ = (1 + u²)^((n+1)/2) / uⁿ

In our case, n = 7, so (1 + u²)^4 / u⁷.

Hmm, so the integral becomes ∫ [ (1 + u²)^4 / u⁷ ] * [ - du / (1 + u²) ] = - ∫ (1 + u²)^3 / u⁷ du.

Wait, because dt = -du/(1 + u²), so the integral is ∫ [1/(cos⁷(t) sin(t))] dt = ∫ [ (1 + u²)^4 / u⁷ ] * [ - du / (1 + u²) ] = - ∫ (1 + u²)^3 / u⁷ du.

Yes, that's right. So (1 + u²)^3 = 1 + 3u² + 3u⁴ + u⁶, so the integral becomes - ∫ (1 + 3u² + 3u⁴ + u⁶) / u⁷ du = - ∫ [ u⁻⁷ + 3u⁻⁵ + 3u⁻³ + u⁻¹ ] du.

Integrating term by term:

∫ u⁻⁷ du = u⁻⁶ / (-6) = -1/(6 u⁶)

3 ∫ u⁻⁵ du = 3 * (u⁻⁴ / (-4)) = -3/(4 u⁴)

3 ∫ u⁻³ du = 3 * (u⁻² / (-2)) = -3/(2 u²)

∫ u⁻¹ du = ln|u|

So putting it all together:

- [ -1/(6 u⁶) - 3/(4 u⁴) - 3/(2 u²) + ln|u| ] + C ?

Wait, wait, let's do it step by step.

The integral of [u⁻⁷ + 3u⁻⁵ + 3u⁻³ + u⁻¹] du is:

u⁻⁶ / (-6) + 3*(u⁻⁴ / (-4)) + 3*(u⁻² / (-2)) + u⁻¹ / 1 + C

= -1/(6 u⁶) - 3/(4 u⁴) - 3/(2 u²) + ln|u| + C

But we had a negative sign from the substitution: the integral was - ∫ [...] du, so:

Original integral = - [ -1/(6 u⁶) - 3/(4 u⁴) - 3/(2 u²) + ln|u| ] + C = 1/(6 u⁶) + 3/(4 u⁴) + 3/(2 u²) - ln|u| + C

Wait, let's check the signs again.

We had:

∫ [1/(cos⁷(t) sin(t))] dt = - ∫ (1 + u²)^3 / u⁷ du

Then expanding (1 + u²)^3 = 1 + 3u² + 3u⁴ + u⁶, so (1 + u²)^3 / u⁷ = u⁻⁷ + 3u⁻⁵ + 3u⁻³ + u⁻¹

So the integral becomes - ∫ (u⁻⁷ + 3u⁻⁵ + 3u⁻³ + u⁻¹) du

Integrate term by term:

∫ u⁻⁷ du = u⁻⁶ / (-6) = -1/(6 u⁶)

3 ∫ u⁻⁵ du = 3 * (u⁻⁴ / (-4)) = -3/(4 u⁴)

3 ∫ u⁻³ du = 3 * (u⁻² / (-2)) = -3/(2 u²)

∫ u⁻¹ du = ln|u|

So the integral of the expression inside is:

-1/(6 u⁶) - 3/(4 u⁴) - 3/(2 u²) + ln|u| + C

But since we have a negative sign in front (from the substitution), the total integral is:

- [ -1/(6 u⁶) - 3/(4 u⁴) - 3/(2 u²) + ln|u| ] + C = 1/(6 u⁶) + 3/(4 u⁴) + 3/(2 u²) - ln|u| + C

Wait, no: the integral is - ∫ [ ... ] du, so:

Let me re-express:

Let I = ∫ [1/(cos⁷(t) sin(t))] dt = - ∫ (1 + u²)^3 / u⁷ du

We computed ∫ (1 + u²)^3 / u⁷ du = [ -1/(6 u⁶) - 3/(4 u⁴) - 3/(2 u²) + ln|u| ] + C

Therefore, I = - [ -1/(6 u⁶) - 3/(4 u⁴) - 3/(2 u²) + ln|u| ] + C = 1/(6 u⁶) + 3/(4 u⁴) + 3/(2 u²) - ln|u| + C

Wait, but when we integrate, the constants of integration are absorbed into C. So the antiderivative is:

I = (1)/(6 u⁶) + (3)/(4 u⁴) + (3)/(2 u²) - ln|u| + C

But u = cot(t), so substituting back:

I = 1/(6 cot⁶(t)) + 3/(4 cot⁴(t)) + 3/(2 cot²(t)) - ln|cot(t)| + C

Wait, but the original integral we have is (3/2) times this I, because earlier we did a substitution t = 4x, so the integral was (3/2) ∫ [1/(cos⁷(t) sin(t))] dt.

Wait, let's recap:

Original integral: ∫ 6 / [cos⁷(4x) sin(4x)] dx

Set t = 4x ⇒ dt = 4 dx ⇒ dx = dt/4

So integral becomes 6 * ∫ [1 / (cos⁷(t) sin(t))] * (dt/4) = (6/4) ∫ [1/(cos⁷(t) sin(t))] dt = (3/2) ∫ [1/(cos⁷(t) sin(t))] dt

So the integral we need is (3/2) times the antiderivative we found above.

From the calculation, the antiderivative of [1/(cos⁷(t) sin(t))] dt is:

1/(6 u⁶) + 3/(4 u⁴) + 3/(2 u²) - ln|u| + C, where u = cot(t)

So multiplying by (3/2):

(3/2) * [1/(6 u⁶) + 3/(4 u⁴) + 3/(2 u²) - ln|u|] + C

Simplify each term:

(3/2)*(1/(6 u⁶)) = 3/(12 u⁶) = 1/(4 u⁶)

(3/2)*(3/(4 u⁴)) = 9/(8 u⁴)

(3/2)*(3/(2 u²)) = 9/(4 u²)

(3/2)*(-ln|u|) = - (3/2) ln|u|

Wait, but according to the options given, they have terms like 3/(2*(cot(...))^2), etc. Wait, maybe I made a mistake in the sign.

Wait, let's check the integration steps again.

Starting from the substitution u = cot(t), so du = -csc²(t) dt ⇒ dt = -du / csc²(t) = -du / (1 + cot²(t)) = -du / (1 + u²)

The integrand is 1/(cos⁷(t) sin(t)) dt. Let's express this in terms of u.

We have:

cos(t) = u / sqrt(1 + u²)

sin(t) = 1 / sqrt(1 + u²)

So 1/(cos⁷(t) sin(t)) = [sqrt(1 + u²)/u]^7 * sqrt(1 + u²) = (1 + u²)^(7/2) / u^7 * (1 + u²)^(1/2) = (1 + u²)^4 / u^7

Wait, no: 1/cos⁷(t) = [sqrt(1 + u²)/u]^7 = (1 + u²)^(7/2) / u^7

1/sin(t) = sqrt(1 + u²)

So 1/(cos⁷(t) sin(t)) = (1 + u²)^(7/2) / u^7 * sqrt(1 + u²) = (1 + u²)^(7/2 + 1/2) / u^7 = (1 + u²)^4 / u^7

Yes, correct.

Then dt = -du / (1 + u²)

So the integral becomes ∫ [ (1 + u²)^4 / u^7 ] * [ - du / (1 + u²) ] = - ∫ (1 + u²)^3 / u^7 du

Which is - ∫ (1 + 3u² + 3u⁴ + u⁶) / u^7 du = - ∫ (u^{-7} + 3u^{-5} + 3u^{-3} + u^{-1}) du

Integrate term by term:

∫ u^{-7} du = u^{-6}/(-6) = -1/(6 u^6)

3 ∫ u^{-5} du = 3 * (u^{-4}/(-4)) = -3/(4 u^4)

3 ∫ u^{-3} du = 3 * (u^{-2}/(-2)) = -3/(2 u^2)

∫ u^{-1} du = ln|u|

So the integral of the expression inside is:

-1/(6 u^6) - 3/(4 u^4) - 3/(2 u^2) + ln|u| + C

But we have a negative sign outside, so:

Total integral = - [ -1/(6 u^6) - 3/(4 u^4) - 3/(2 u^2) + ln|u| ] + C = 1/(6 u^6) + 3/(4 u^4) + 3/(2 u^2) - ln|u| + C

Ah! Here's the key: the integral of [1/(cos⁷(t) sin(t))] dt equals 1/(6 u^6) + 3/(4 u^4) + 3/(2 u^2) - ln|u| + C

So when we multiply by (3/2), the entire antiderivative becomes:

(3/2) [ 1/(6 u^6) + 3/(4 u^4) + 3/(2 u^2) - ln|u| ] + C

Simplify each term:

(3/2) * (1/(6 u^6)) = 3/(12 u^6) = 1/(4 u^6)

(3/2) * (3/(4 u^4)) = 9/(8 u^4)

(3/2) * (3/(2 u^2)) = 9/(4 u^2)

(3/2) * (-ln|u|) = - (3/2) ln|u|

Wait, but the options given have terms like 3/(2*(cot(...))^2), etc. Let's check the options.

Looking at the options:

Option B has +3/(2*(cot(...))^2) +3/(4*(cot(...))^4) -1/(6*(cot(...))^6) + ln(...)

Wait, no, the signs might be different. Wait, in our calculation, the antiderivative has a minus ln|u| term. Let's see:

Our result for the integral (after multiplying by 3/2) is:

(3/2)[ 1/(6 u^6) + 3/(4 u^4) + 3/(2 u^2) - ln|u| ] + C

Which is:

3/(12 u^6) + 9/(8 u^4) + 9/(4 u^2) - (3/2) ln|u| + C

Simplify fractions:

3/(12) = 1/4, so 1/(4 u^6)

9/8 remains 9/8

9/4 remains 9/4

So the antiderivative is:

1/(4 u^6) + 9/(8 u^4) + 9/(4 u^2) - (3/2) ln|u| + C

But the options have coefficients like 3/2 multiplied by a sum of terms. Let's look at the options.

Option C: C + (3/2)[ 3/(2 cot²) + 3/(4 cot⁴) + 1/(6 cot⁶) - ln|cot| ]

Wait, no, the options have terms with denominators 2, 4, 6. Let's see:

In our calculation, the terms are:

1/(4 u^6) = (1/4) u^{-6}

9/(8 u^4) = (9/8) u^{-4}

9/(4 u^2) = (9/4) u^{-2}

- (3/2) ln|u|

But the options have terms like 3/(2 cot²), which is 3/(2 u²), so 3/(2 u²) is a term. In our result, we have 9/(4 u²) = (9/4) u^{-2}, which is (9/4) / u².

Wait, perhaps I messed up the substitution steps.

Alternatively, maybe the integral is supposed to be expressed in terms of cot(4x), so u = cot(4x). Let's redo the substitution with x.

Let me try a different substitution. Let’s set v = cot(4x). Then dv/dx = -4 csc²(4x) = -4 / sin²(4x) * (1 - cos²(4x))? Wait, no: csc²(4x) = 1 + cot²(4x) = 1 + v².

So dv = -4 csc²(4x) dx ⇒ dx = - dv / (4 csc²(4x)) = - dv / (4 (1 + v²))

Now, the integral is ∫ 6 / [cos⁷(4x) sin(4x)] dx

Expressed in terms of v:

First, note that cos(4x) = v / sqrt(1 + v²), sin(4x) = 1 / sqrt(1 + v²)

So cos⁷(4"
14,"Okay, let's see. I need to solve the equation \(7 \cdot 3^t = 245\) using logarithms to find an exact solution. Hmm, first, maybe I should isolate the exponential term. Let me start by dividing both sides by 7 to get \(3^t\) by itself. 

So, if I divide both sides by ื่, that gives \(3^t = 245 / 7\). Let me calculate 245 divided by 7. 7 times 35 is 245, right? Because 7*30=210, 7*5=35, so 210+35=245. So 245/7 is 35. So now the equation is \(3^t = 35\). 

Now, to solve for t, since it's in the exponent, I can take the logarithm of both sides. The base is 3, but I can use any logarithm—natural log or common log (base 10). Let's recall that if \(a^b = c\), then \(b = \log_a c\) which is equivalent to \(\log c / \log a\) by change of base formula. 

So, taking natural logs on both sides: \(\ln(3^t) = \ln(35)\). Then, using the power rule of logarithms, \(\ln(3^t) = t \cdot \ln(3)\), so we have \(t \cdot \ln(3) = \ln(35)\). Then, solving for t, we get \(t = \ln(35) / \ln(3)\). 

Alternatively, using common logarithms (base 10), it would be \(t = \log(35) / \log(3)\). But the problem says ""exact solution"", so either form is exact, but maybe they want it in terms of logarithms without a calculator. Wait, the question says ""use logarithms to find an EXACT solution"". So probably the answer is expressed as a logarithm ratio. 

Let me check my steps again. Starting with \(7 \cdot 3^t = 245\). Divide both sides by 7: \(3^t = 35\). That's correct because 245 divided by 7 is 35. Then, to solve for t, take log of both sides. So \(t = \log_3(35)\), which is the same as \(\frac{\ln 35}{\ln 3}\) or \(\frac{\log 35}{\log 3}\). Since the problem says ""exact solution"", and in math problems like this, the exact form is usually written with a logarithm base, but since they might accept any logarithm, but typically in such contexts, they might want it in terms of natural logs or common logs. Wait, the problem says ""use logarithms"", so probably the answer is \(t = \log_3 35\), but maybe they want it expressed with a different base. 

Wait, let's think. In many textbooks, when you have an equation like \(a^b = c\), the solution is \(b = \log_a c\), which is the logarithm base a of c. So here, since \(3^t = 35\), then \(t = \log_3 35\). But sometimes, they prefer to write it using natural logs or common logs. Let me check if 35 can be factored into primes to see if it simplifies. 35 is 5*7, so no, it doesn't simplify further. So the exact solution is \(t = \log_3 35\), which is equal to \(\frac{\ln 35}{\ln 3}\) or \(\frac{\log 35}{\log 3}\). 

The problem says ""do NOT approximate your answer"", so we need to leave it in terms of logarithms. Since the question says ""use logarithms to find an EXACT solution"", so the answer is \(t = \log_3 35\), but maybe they want it in a specific form. Let me verify.

Let's go through the steps again carefully. 

Start with \(7 \cdot 3^t = 245\).

Divide both sides by 7: \(3^t = 245 / 7 = 35\). Correct, since 7*35=245.

Then, take logarithm of both sides. Let's use natural logarithm:

\(\ln(3^t) = \ln(35)\)

Using logarithm power rule: \(t \cdot \ln 3 = \ln 35\)

Therefore, \(t = \frac{\ln 35}{\ln 3}\)

Alternatively, using common logarithm (base 10):

\(t = \frac{\log 35}{\log 3}\)

But in many math contexts, especially in algebra, the exact solution is written as \(\log_3 35\), which is the logarithm base 3 of 35. However, if the problem expects a specific type of logarithm (like natural log or common log), but since it just says ""use logarithms"", either form is exact. But in most cases, unless specified, the answer is written as \(\log_3 35\), but maybe the problem wants it in terms of natural logs. Wait, the problem says ""use logarithms to find an EXACT solution"", so the answer is \(t = \log_3 35\), but perhaps they want it expressed with a different base. 

Wait, let's see. For example, in some textbooks, they might prefer to write it as \(\frac{\ln 35}{\ln 3}\) or \(\frac{\log 35}{\log 3}\). But since the problem says ""exact solution"", and in the context of the problem, maybe they accept \(\log_3 35\) as the exact solution. 

Let me check if there's a way to write it more simply. Since 35 is 5*7, but that doesn't help. So no, it's just \(\log_3 35\). 

Alternatively, maybe the problem expects a numerical value, but no, it says ""do NOT approximate your answer"", so we need to leave it in logarithmic form. 

Let me confirm with another approach. Suppose we take log base 3 of both sides. So \( \log_3(3^t) = \log_3(35) \), which simplifies to \(t = \log_3 35\). That's straightforward. 

So the exact solution is \(t = \log_3 35\). Depending on the notation, sometimes it's written with natural logs, but since the problem says ""use logarithms"", and in the context of solving exponential equations, the answer is the logarithm base 3 of 35. 

I think that's it. So the answer is \(t = \log_3 35\), which can also be written as \(\frac{\ln 35}{\ln 3}\) or \(\frac{\log 35}{\log 3}\), but the simplest exact form is \(\log_3 35\). 

Wait, but maybe the problem expects a specific type of logarithm. Let me think. In many high school courses, they use common log (base 10) or natural log (base e), but the exact solution is often left in terms of a logarithm without specifying the base, but in this case, since the base is 3, it's a different base. 

The problem says ""use logarithms to find an EXACT solution"". So the answer is \(t = \log_3 35\). 

Let me check with substitution. If \(t = \log_3 35\), then \(3^t = 35\), so \(7 \cdot 3^t = 7 \cdot 35 = 245\), which matches the original equation. So that's correct. 

So the exact solution is \(t = \log_3 35\). Alternatively, if they want it in terms of natural logs, it's \(\frac{\ln 35}{\ln 3}\), but since the problem says ""use logarithms"", and in the context of the problem, probably \(\log_3 35\) is acceptable, but maybe they want it written with a specific base. Wait, the problem says ""do NOT approximate your answer"", so we need to write it in terms of logs. 

In many math problems, especially in algebra, the answer is written as a logarithm with the base indicated, so \(\log_3 35\) is the exact solution. 

I think that's it. So the answer is \(t = \log_3 35\), which can be written as \(\frac{\ln 35}{\ln 3}\) or \(\frac{\log 35}{\log 3}\), but the most concise exact form is \(\log_3 35\). 

Since the problem says ""put your final answer inside \boxed{}"", and it's a single answer, so \(\boxed{\log_3 35}\). 

Wait, but maybe they want it in terms of natural logs? Let me think. In some contexts, especially if the problem is from a calculus course, they might expect natural logs, but since it's a general math problem, \(\log_3 35\) is fine. 

Alternatively, the problem might accept \(\frac{\ln 35}{\ln 3}\) as the answer. Let me check the problem statement again: ""Use logarithms to find an EXACT solution to the equation below."" So they want the exact solution expressed using logarithms. 

In many textbooks, the solution to \(a^x = b\) is \(x = \log_a b\), so here, \(x = t\), \(a = 3\), \(b = 35\), so \(t = \log_3 35\). 

Yes, that's the exact solution. So the answer is \(\log_3 35\). 

I think that's it. So the boxed answer is \(\boxed{\log_3 35}\).
</think>

To solve the equation $7 \cdot 3^t = 245$ using logarithms, we proceed step by step to find an **exact** solution.

---

### Step 1: Isolate the Exponential Term

We begin by dividing both sides of the equation by 7:

$$
3^t = \frac{245}{7} = 35
$$

This simplifies the original equation to:

$$
3^t = 35
$$

---

### Step 2: Apply Logarithms

To solve for $ t $, we take the logarithm of both sides. Since the base of the exponent is 3, it's natural to use **logarithms with base 3**, but we can also express this in terms of natural logarithms (or common logarithms) using the **change of base formula**.

#### Option A: Using Base-3 Logarithms

Taking the logarithm base 3 of both sides:

$$
\log_3(3^t) = \log_3(35)
$$

Using the property $\log_b(a^c) = c \cdot \log_b(a)$, we get:

$$
t = \log_3(35)
$$

This is the **exact** solution in terms of base-3 logarithms.

---

#### Option B: Expressing in Terms of Natural Logarithms

If we want to write the answer using natural logarithms ($\ln$), we apply the change of base formula:

$$
\log_3(35) = \frac{\ln(35)}{\ln(3)}
$$

Similarly, using common logarithms (base 10):

$$
\log_3(35) = \frac{\log(35)}{\log(3)}
$$

However, the most **direct and exact** form of the solution is:

$$
t = \log_3(35)
$$

This expression is already in its simplest exact form and does not require approximation.

---

### Final Answer

The exact solution to the equation $7 \cdot 3^t = 245$ is:

$$
\boxed{\log_3 35}
$$"
15,"Okay, let's tackle this problem step by step. The question is asking whether each function is a polynomial and if so, what its degree is. Let's start with the first one: f(x) = x⁸ + 4.

First, I need to remember what a polynomial is. A polynomial is a function that consists of variables raised to non-negative integer exponents, multiplied by coefficients, and added together. So, the terms in a polynomial have exponents that are whole numbers (0, 1, ื่, etc.), and there are no variables in the denominator or under a root, or anything like that.

Looking at f(x) = x⁸ + 4. Let's break it down. The term x⁸ is a variable raised to the 8th power, which is a non-negative integer exponent. Then we have +4, which is a constant term. Constants can be thought of as x⁰ (since any number to the 0 power is 1, so 4x⁰ is 4). So, this function has two terms: x⁸ and 4 (which is 4x⁰). Both terms have exponents that are integers (8 and 0), so this should be a polynomial.

Now, the degree of a polynomial is the highest exponent of the variable in any term. For f(x), the highest exponent here is 8 (from the x⁸ term). The constant term doesn't contribute to the degree because its exponent is 0. So, the degree of f(x) should be 8.

Let me double-check. Polynomials can have multiple terms, but each term must have a variable with a non-negative integer exponent. Here, x⁸ is a monomial with degree 8, and 4 is a constant monomial with degree 0. Since all exponents are non-negative integers, this is indeed a polynomial. So, yes, f(x) is a polynomial with degree 8.

Now, moving on to g(x) = 8ˣ + 4. Hmm, this one looks different. Let's think. The function g(x) has 8 raised to the x power. That's an exponential function, right? Because the variable x is in the exponent. 

Polynomials are defined as having terms where the variable is raised to a power, but in the exponent, the variable is the base. Wait, no. In polynomials, the variable is the base, and the exponent is a constant. For example, in x² + 3x + 2, the exponents on x are 2, 1, and 0. But in 8ˣ, the exponent is the variable x, so that's not a polynomial term.

Let me recall: a polynomial in x is a sum of terms of the form a_n xⁿ where n is a non-negative integer, and a_n are constants. So, the key here is that the exponent on x must be a fixed integer (not depending on x). In 8ˣ, the exponent on 8 is x, which is a variable, so this is an exponential function, not a polynomial.

For example, 2ˣ is an exponential function, which is not a polynomial. Polynomials can't have variables in the exponent. So, g(x) = 8ˣ + 4 is an exponential function, not a polynomial. Therefore, it's not a polynomial.

Let me confirm. Let's see if there's any way this could be a polynomial. Suppose someone might confuse 8x with 8^x, but here it's written as 8^x, which is 8 to the power of x. So, that's definitely exponential. For instance, 8^x is the same as e^(x ln 8), which is a transcendental function, not a polynomial.

So, g(x) is not a polynomial. Therefore, for g(x), the answer is ""NONE"".

Wait, the problem says ""If they are, enter their degree. If not, enter NONE."" So for f(x), it's a polynomial with degree 8, and for g(x), it's not a polynomial, so we say NONE.

Let me just make sure I didn't mix up anything. Let's take a step back.

Polynomial definition: A polynomial is a sum of terms where each term is a constant multiplied by a variable raised to a non-negative integer power. So, terms like 5x³, -2x, 7 are polynomials. But terms like x⁻¹ (which is 1/x), x² + 1/x, or 8ˣ are not polynomials.

In f(x) = x⁸ + 4: x⁸ is a term with x to the 8th power (non-negative integer), and 4 is a constant term (x⁰). So, this is a polynomial of degree 8.

In g(x) = 8ˣ + 4: 8ˣ is 8 raised to the x power, which is an exponential function. Exponential functions are not polynomials because the variable is in the exponent, not as a power of the variable. For example, 2x is linear, but 2ˣ is exponential. So, g(x) is not a polynomial. Hence, for g(x), we say ""NONE"".

So, the answers are: f(x) is a polynomial with degree 8, g(x) is not a polynomial, so ""NONE"".

The problem says ""If the problem has multiple sub-answers, separate them by commas inside a single \boxed{}"". Wait, the problem is asking for each function. So, for f(x), the answer is 8, and for g(x), it's NONE. So the answer should be \boxed{8, NONE}? Wait, the problem says ""put your final answer inside \boxed{}"". Wait, the original problem says:

""Are the functions below polynomials? If they are, enter their degree. If not, enter NONE. $f(x)=x^{8}+4$ has degree [ANS] $g(x)=8^x+4$ has degree [ANS]""

So, for f(x), we need to say the degree is 8, since it's a polynomial. For g(x), it's not a polynomial, so we say NONE.

So the answers are 8 and NONE. The problem says ""If the problem has multiple sub-answers, separate them by commas inside a single \boxed{}"".

So, the answer is \boxed{8, NONE}

Wait, but let me check the instructions again: ""If the problem has multiple sub-answers, separate them by commas inside a single \boxed{}, e.g. \boxed{3, 7}.""

So, since there are two functions, f and g, each has an answer. For f, the answer is 8 (since it's a polynomial with degree 8), for g, the answer is NONE (since it's not a polynomial).

Therefore, the final answer is \boxed{8, NONE}

Wait, but the problem says ""enter their degree"" if they are polynomials, else ""NONE"". So for f(x), the answer is 8, for g(x), the answer is NONE. So the two answers are 8 and NONE.

Yes, so the boxed answer should be \boxed{8, NONE}

But let me check if ""NONE"" is written as ""none"" or ""NONE"". The problem says ""If not, enter NONE"", so the answer for g is ""NONE"", so the comma-separated list is 8 and NONE.

I think that's correct.
</think>

To determine whether each function is a polynomial and, if so, what its degree is, we analyze the structure of both functions.

---

### **Function $ f(x) = x^8 + 4 $**

This expression consists of two terms:
- $ x^8 $: a term where the variable $ x $ is raised to the power of 8 (a non-negative integer).
- $ 4 $: a constant term, which can be written as $ 4x^0 $, also a valid polynomial term with exponent 0.

Since all terms have the variable $ x $ raised to non-negative integer powers, this function **is** a polynomial.

The **degree** of a polynomial is defined as the highest exponent of the variable in any term. Here, the highest exponent is 8 (from $ x^8 $).

✅ **Conclusion for $ f(x) $:** It is a polynomial with **degree 8**.

---

### **Function $ g(x) = 8^x + 4 $**

This function includes an exponential term: $ 8^x $. In this case, the variable $ x $ appears in the **exponent**, not as a power of the variable itself.

Polynomials are defined as expressions where the variable appears only as a base raised to a fixed integer power (e.g., $ x^2 $, $ x $, etc.). However, when the variable is in the **exponent**, such as in $ 8^x $, it represents an **exponential function**, which is **not** a polynomial.

Additionally, the constant term $ 4 $ does not change the nature of the function being exponential — it's still part of an exponential function.

❌ **Conclusion for $ g(x) $:** This is **not** a polynomial. Therefore, the answer is **NONE**.

---

### ✅ Final Answer

We are asked to provide the answers for both functions in a single boxed format, separated by commas.

$$
\boxed{8, NONE}
$$"
16,"This is a complex or challenging question, and it is difficult to provide a direct and correct answer. I need to think about it.

Okay, so we have a regular 1001-gon, which is odd, so no two vertices are diametrically opposite (since 1001 is odd, gcd(1001, n) for any n? Wait, 1001 is 7*11*13, right? 7*11=77, 77*13=1001, yes. But maybe the parity matters here? Wait, the key is that the polygon is odd, so all steps are in a cycle where you can't get from a vertex to its opposite, but since it's odd, every non-zero step generates the whole group? Wait, no, the group is cyclic of order 1001, which is prime? Wait, no, 1001 is composite, as we saw.

First, let's model the vertices as elements of the additive group Z/1001Z. So vertices are 0, 1, 2, ..., 1000 mod 1001. Initially, all white; a chip starts at some vertex, say we can fix the starting position without loss of generality? Wait, the problem says ""a chip at one of them"" initially. But Rose wants to maximize the number of red vertices she can force, regardless of Brunno's choices. Wait, actually, the problem says ""regardless of Brunno's actions""—wait, no: ""the greatest number of vertices that Rose can make red regardless of Brunno's actions"". Wait, no: ""regardless of Brunno's actions"" meaning that no matter how Brunno plays (iื่s he chooses directions), Rose can still make those many red? Wait, no, actually, let's read carefully:

""On each turn, Rose chooses an arbitrary positive integer k, then Brunno chooses a direction: clockwise or counterclockwise, and moves the chip in the chosen direction by k vertices.""

So the order is: Rose picks k, then Brunno picks direction (clockwise or counterclockwise), so Brunno is choosing the direction after seeing k, so Brunno is trying to prevent Rose from making red vertices? Wait, no: ""If at the end of the turn the chip stands at a white vertex, this vertex is painted red."" So the chip moves to a new vertex, which is white (since all start white, and only get painted red when moved to from white), so each time the chip moves to a white vertex, it becomes red. The goal for Rose is to choose k's such that no matter what direction Brunno picks (i.e., for each k, Brunno can pick either direction, so for each move, Brunno will choose the direction that minimizes the number of red vertices? Wait, no: the problem says ""the greatest number of vertices that Rose can make red regardless of Brunno's actions"". Wait, ""regardless of Brunno's actions"" might mean that even if Brunno is adversarial, i.e., Brunno is trying to make as few red vertices as possible, so Rose wants the maximum number she can guarantee, no matter how Brunno plays (i.e., worst case for Rose).

Yes, that makes sense. So it's a game where Rose moves first (chooses k), then Brunno chooses direction (clockwise or counterclockwise), so for each move, Brunno picks the direction that is worst for Rose (to minimize the number of red vertices), and Rose wants to choose k's (repeatedly, since number of turns is unlimited) such that after infinitely many moves, the set of red vertices is as large as possible, even against Brunno's best effort to minimize it.

Wait, but actually, the problem says ""the number of turns is not limited"", so they can keep playing forever, but we need to see what's the maximum number of vertices Rose can force to be red, no matter how Brunno plays (i.e., Brunno is trying to avoid red vertices, so he'll choose the direction that doesn't result in a red vertex if possible, but actually, the red vertex is determined by the move: if the new vertex is white, it becomes red; if it's already red, it stays red. Wait, no: ""if at the end of the turn the chip stands at a white vertex, this vertex is painted red."" So the chip moves to a vertex, and if that vertex was white before the move, it becomes red. So the process is:

- Start: all vertices white, chip at some vertex S (initially white, but the chip is at S, which is white, but does the initial position get painted red? Wait, the problem says ""initially, all vertices are white, and there is a chip at one of them"". Then ""on each turn"" [so the first move is the first turn], so the initial position is not yet painted red; the first move: Rose picks k, Brunno picks direction, moves chip k steps in that direction, lands on a vertex V. If V was white (which it is, since all were white initially), so V becomes red. Then next turn: Rose picks k, Brunno picks direction, moves from V to another vertex W; if W was white (it is, since only V is now red), so W becomes red, etc.

Wait, important: the chip is moving from the current position to a new position, so each move changes the position of the chip, and the new position (if white) becomes red. So the chip's path is a sequence of vertices: v0 (initial position, white), v1 (first move, becomes red), v2 (second move, becomes red), ..., vn (nth move, becomes red). Each vi+1 = vi ± k_i mod N, where N=1001, and k_i ≥1 (positive integer).

But Brunno chooses the sign (direction) after Rose chooses k_i, so for each i, Rose picks k_i, then Brunno picks s_i ∈ {+1, -1}, so v_{i+1} = v_i + s_i * k_i mod N.

The key point: for each move, the new vertex v_{i+1} must be different from v_i (since k_i ≥1, so s_i k_i ≠0 mod N? Wait, no: if k_i is a multiple of N, then moving k_i steps would bring it back to the same vertex, but k_i is a positive integer, so k_i could be N, which would be 0 mod N. Wait, but the problem says ""moves the chip in the chosen direction by k vertices"". In a polygon, moving k vertices from a vertex: so from vertex 0, moving k vertices clockwise would land on vertex k mod N, right? So moving k vertices is equivalent to adding k mod N to the current position (if we take clockwise as +1, counterclockwise as -1).

But here's the thing: if you move k vertices, k is a positive integer, so the displacement is k or -k, but k itself can be any positive integer, so displacements can be any non-zero integer mod N, but actually, for a given k, the displacement is either +k or -k, but k is fixed by Rose first.

Wait, but Rose can choose k to be any positive integer, so for example, she can choose k=1, then Brunno picks direction (so +1 or -1), so the next position is adjacent; or she can choose k=2, then Brunno picks +2 or -2, etc.

But the critical point is: for a given current position v, Rose picks k, then Brunno picks d ∈ {+1, -1}, so new position is v + d*k mod N. Then, if that new position was white (which it is, because all red vertices are the ones we've already landed on, so far all new positions are white), so each new position becomes red. Wait, no: the problem says ""if at the end of the turn the chip stands at a white vertex, this vertex is painted red"". So the chip moves to a vertex; if that vertex was white (before the move), it becomes red. Since initially all are white, the first move lands on a white vertex, so it becomes red. The second move: the chip is at a red vertex (v1), so moving from v1 to v2: if v2 was white (which it is, since only v1 is red so far), so v2 becomes red. Wait, no! Wait, the problem says ""initially, all vertices are white"". Then, during the game, when the chip moves to a vertex, if it's white, it gets painted red. So the chip's path is a sequence of vertices where each new vertex (the landing vertex) is painted red if it's white at that moment.

So first move: chip is at v0 (white), Rose picks k, Brunno picks direction, moves to v1 = v0 + d1*k mod N. Since v1 was white, it becomes red.

Second move: chip is at v1 (now red), Rose picks k, Brunno picks direction, moves to v2 = v1 + d2*k mod N. Now, v2 was white (since only v1 is red), so v2 becomes red.

Third move: chip at v2 (red), Rose picks k, Brunno picks direction, moves to v3 = v2 + d3*k mod N. v3 was white, so becomes red.

Wait a second! Is that true? Wait, no: the problem says ""if at the end of the turn the chip stands at a white vertex, this vertex is painted red"". So the painting happens when the chip lands on it. So the first time a vertex is visited, it gets painted red; subsequent visits don't change it (since it's already red). But in this game, the chip is moving from the current position to a new position, so each move takes it to a new vertex (could it revisit? Yes, but if it revisits a red vertex, then that vertex is already red, so it doesn't get painted again).

But here's the key: Rose wants to choose sequences of k's (each time picking k) such that, no matter how Brunno chooses the direction (i.e., for each k, Brunno picks the direction that is worst for Rose, i.e., tries to avoid having the chip land on new vertices? Wait, no—actually, Brunno is trying to minimize the number of red vertices, so he will choose the direction that makes the new vertex either already red (so it doesn't get painted, but since it's already red, it's fine) or... wait, no: the new vertex is always a vertex that hasn't been painted yet? Wait, no: the chip can land on a previously painted vertex, but if it lands on a previously painted vertex, that vertex is already red, so it doesn't get painted again (the problem says ""this vertex is painted red"" only if it's white at the end of the turn). So if the chip moves to a red vertex, it's already red, so no new red is added. If it moves to a white vertex, it becomes red.

Therefore, each move, the chip moves to a vertex, and if that vertex is currently white, it becomes red; if it's already red, nothing happens (but since the chip is moving, it's a new position, so the only way to get a red vertex is to land on a white vertex).

So the game is: starting from a white vertex (v0), Rose and Brunno alternate moves (Rose picks k, Brunno picks direction), and each move results in the chip moving to a new vertex (v1, v2, ...), each time adding a red vertex if it's white. Brunno wants to minimize the total number of red vertices, Rose wants to maximize it (over her choices of k's, with Brunno choosing directions to minimize).

Wait, but the problem says ""the greatest number of vertices that Rose can make red regardless of Brunno's actions"". So ""regardless of Brunno's actions"" means that no matter how Brunno plays (i.e., for each k, Brunno picks the direction that is worst for Rose), what's the maximum number of red vertices Rose can force?

But since the number of turns is unlimited, we can keep playing forever, but we need to see what's the largest subset S of vertices such that no matter how Brunno chooses directions (for each k Rose picks), the set of visited vertices (by the chip) will include S as red vertices.

Wait, but actually, the chip's path is a sequence where each step is v_i → v_{i+1} = v_i + d_i * k_i mod N, d_i ∈ {+1, -1}, k_i ≥1 integers.

Rose chooses the k_i's, and Brunno chooses d_i's to minimize the size of the set {v_1, v_2, ..., v_n} (the red vertices, since each v_i is a new vertex, so each v_i is distinct? Wait, no: the chip can revisit vertices, but if it revisits a vertex, that vertex is already red, so it doesn't add a new red. So the set of red vertices is exactly the set of distinct vertices visited by the chip (since each time the chip lands on a new vertex, it gets colored red; if it lands on a red vertex, it's already red, so no new color).

Wait, that's a crucial point! The problem states: ""initially, all vertices are white"". Then, ""on each turn, ... if at the end of the turn the chip stands at a white vertex, this vertex is painted red"". So the painting happens when the chip lands on a white vertex, so the first time a vertex is landed on, it becomes red; subsequent landings on that vertex do nothing (since it's already red).

Therefore, the set of red vertices is precisely the set of distinct vertices visited by the chip during the game (because each time the chip lands on a new vertex, it's white, so it gets painted red; if it lands on a previously visited vertex, it's already red, so no new red).

Wait, is that true? Let's clarify:

- Start: all white, chip at v0 (white, but v0 is not yet painted red? Wait, the problem says ""initially, all vertices are white, and there is a chip at one of them"". Then the first move: Rose chooses k, Brunno chooses direction, moves the chip to v1. Then, ""if at the end of the turn the chip stands at a white vertex, this vertex is painted red"". So v1 is painted red (since it was white).

Then second move: chip is at v1 (red), Rose chooses k, Brunno chooses direction, moves to v2. v2 was white (since only v1 is red), so v2 is painted red.

Third move: chip at v2 (red), moves to v3 (was white), so v3 is red.

Etc. So the initial position v0 is never painted red? Wait, the problem says ""initially, all vertices are white"" and ""there is a chip at one of them"". The first move is the first turn, so the chip moves from v0 to v1, so v0 is the starting position, not a landing position. Therefore, the red vertices are exactly the landing positions (v1, v2, v3, ...), each of which is a new vertex (distinct from previous landings? Not necessarily, but if it's a repeat, it's already red, so no new red).

But the key is: the set of red vertices is the set of distinct vertices that the chip has landed on (v1, v2, ...). The initial position v0 is not a landing position, so it's not painted red (since the problem says ""at the end of the turn"" the chip stands at a vertex, so the first turn ends with the chip at v1, which is painted red; the initial position is just the starting point, not a ""turn end"").

Therefore, the red vertices are the set L = {v1, v2, v3, ...}, where each v_i is the position after i moves, with v1 = v0 + d1*k1, v2 = v1 + d2*k2, etc., mod N.

Now, Rose wants to choose a sequence of k_i's (integers ≥1), and Brunno will choose d_i's (±1) to minimize |L| (the number of distinct red vertices), and Rose wants to maximize this minimum |L| over her choices of sequences (since she can choose the k_i's, and Brunno will choose d_i's to minimize the size of L).

Wait, but the problem says ""the greatest number of vertices that Rose can make red regardless of Brunno's actions"". So ""regardless of Brunno's actions"" means that no matter how Brunno plays (i.e., for each k Rose picks, Brunno picks the direction that is worst for Rose), what's the maximum number of red vertices Rose can force? So it's the maximum over Rose's strategies of the minimum (over Brunno's strategies) of the number of red vertices.

Yes, that's standard game theory: max over Rose's strategies of min over Brunno's strategies of the outcome.

Now, we need to find the largest possible |L| that Rose can guarantee, no matter how Brunno plays (i.e., no matter the directions Brunno chooses, which he will do to minimize |L|).

First, note that N = 1001, which is odd (good, since 1001 is odd, so the group Z/1001Z has no element of order 2, so all non-zero elements have odd order? Wait, no, the group is cyclic of order 1001, which is composite, but the key is that the graph is a cycle of odd length, so it's a connected graph with no bipartition (since it's odd-length cycle, so it's not bipartite).

Wait, but let's think about the possible moves. For a given current position v, Rose picks k, then Brunno picks d ∈ {+1, -1}, so the next position is v + d*k mod N. So for a fixed v, Rose can choose k, and then Brunno chooses whether to go to v + k or v - k mod N.

What's the set of possible next positions from v? For any k, Brunno can choose v + k or v - k, so for Rose, the choice of k determines the two possible next positions: v + k and v - k.

But Rose wants to choose k such that no matter which direction Brunno picks, the new position is a vertex that she can eventually reach? Wait, no—she wants to cover as many vertices as possible, but Brunno is trying to avoid covering new vertices.

Wait, let's consider small cases first. Suppose N=3 (odd, smallest odd N>2). Let's see what happens.

N=3: vertices 0,1,2. Start at 0 (chip at 0, white). First move: Rose picks k, say k=1. Then Brunno picks direction: 0+1=1 or 0-1=2. Suppose Brunno picks 2 (to avoid 1, since he wants to minimize red vertices). Then v1=2 (red). Second move: Rose picks k=1, Brunno picks direction: 2+1=0 or 2-1=1. 0 is white (not red yet), 1 is white. Wait, but Brunno wants to minimize red vertices, so he would pick the direction that leads to a vertex that's already red? But the only red vertex so far is 2, so 2+1=0 (white), 2-1=1 (white). So both are white, so he has to pick one, say he picks 0 (so v2=0, which is white, becomes red). Third move: Rose picks k=1, Brunno picks direction: 0+1=1 or 0-1=2. 2 is red, 1 is white. So Brunno will pick 2 (to stay on red, since 2 is red, so moving to 2 doesn't add a new red; moving to 1 adds a new red). Wait, yes! That's the key.

In the third move: chip is at 0 (red), Rose picks k=1, Brunno can choose to go to 1 (white) or 2 (red). Since Brunno wants to minimize the number of red vertices, he will choose the direction that leads to a red vertex (if possible), so he goes to 2 (which is red), so no new red is added. Similarly, if the chip is at a red vertex, and Rose picks k=1, Brunno can choose to go to a red or white vertex; he will choose the red one if available.

Wait, in the N=3 case:

Start: chip at 0 (white, but not red yet).

Move 1: Rose picks k=1, Brunno picks direction: 0→1 (red) or 0→2 (red). Wait, both are white, so both become red. Wait, no: in the first move, the chip moves from 0 to either 1 or 2, both were white, so whichever Brunno picks, it becomes red. So after first move, one red vertex (say 1, if Brunno picked 1; or 2, if he picked 2).

Let's fix: suppose in first move, Brunno picks 2 (so v1=2, red).

Move 2: Rose picks k=1, Brunno can go from 2 to 0 or 1. 0 is white, 1 is white. So both are white, so he has to pick one, say he picks 0 (so v2=0, red).

Move 3: Rose picks k=1, Brunno from 0 can go to 1 or 2. 2 is red, 1 is white. So Brunno picks 2 (red), so no new red.

Move 4: Rose picks k=1, Brunno from 2 can go to 0 (red) or 1 (white). He picks 1 (white), so v4=1 (red).

Wait, but now we have two red vertices: 2,0,1? Wait, no: after move 1: red={2}; move 2: red={2,0}; move 3: Brunno picks 2 (red), so red stays {2,0}; move 4: Brunno picks 1 (white), so red becomes {2,0,1}.

Wait, but maybe Brunno can choose to stay on red? Wait, in move 3, from 0, moving to 2 (red) is a valid move (since k=1, so 0+1=1, 0-1=2 mod 3, so yes, 2 is a valid move). So Brunno, wanting to minimize red, will choose the direction that leads to a red vertex if possible. In move 3, from 0,"
17,"Okay, let's try to solve this problem step by step. The problem is about finding the least odd prime factor of \( a_{2015} \), where the sequence is defined by \( a_0 = 1 \), \( a_1 = 2 \), and \( a_n = ื่a_{n-1} - a_{n-2} \) for \( n \geq 2 \). Wait, no, the recurrence is \( a_n = 4a_{n-1} - a_{n-2} \). Right, that's a linear recurrence with constant coefficients.

First, let's recall that for linear recursions, we can find the characteristic equation. The characteristic equation for this recurrence is \( r^2 - 4r + 1 = 0 \). Let's solve that: \( r = \frac{4 \pm \sqrt{16 - 4}}{2} = \frac{4 \pm \sqrt{12}}{2} = 2 \pm \sqrt{3} \). So the roots are \( \alpha = 2 + \sqrt{3} \) and \( \beta = 2 - \sqrt{3} \).

Since the recurrence has integer coefficients, the terms of the sequence can be expressed using these roots. The general solution is \( a_n = A \alpha^n + B \beta^n \), where \( A \) and \( B \) are constants determined by initial conditions.

Let's compute \( A \) and \( B \). For \( n = 0 \): \( a_0 = 1 = A + B \). For \( n = 1 \): \( a_1 = 2 = A \alpha + B \beta \).

We have \( A + B = 1 \) and \( A(2 + \sqrt{3}) + B(2 - \sqrt{3}) = 2 \). Let's write this as:

\( 2(A + B) + \sqrt{3}(A - B) = 2 \)

Since \( A + B = 1 \), this becomes \( 2(1) + \sqrt{3}(A - B) = 2 \implies \sqrt{3}(A - B) = 0 \implies A = B \). Wait, that can't be right. Wait, no, let's do it properly.

Let me set \( S = A + B = 1 \), \( D = A - B \). Then the second equation is \( A \alpha + B \beta = (A + B) + (A(\alpha - 1) + B(\beta - 1)) = 1 + (A(\alpha - 1) + B(\beta - 1)) = 2 \). So \( A(\alpha - 1) + B(\beta - 1) = 1 \).

Since \( \alpha - 1 = 1 + \sqrt{3} \), \( \beta - 1 = 1 - \sqrt{3} \). So:

\( A(1 + \sqrt{3}) + B(1 - \sqrt{3}) = 1 \)

But \( A + B = 1 \), so let's substitute \( B = 1 - A \):

\( A(1 + \sqrt{3}) + (1 - A)(1 - \sqrt{3}) = 1 \)

Expand: \( A + A\sqrt{3} + 1 - \sqrt{3} - A + A\sqrt{3} = 1 \)

Simplify: \( 2A\sqrt{3} + 1 - \sqrt{3} = 1 \)

So \( 2A\sqrt{3} = \sqrt{3} \implies 2A = 1 \implies A = 1/2 \), so \( B = 1/2 \).

Ah, so the general term is \( a_n = \frac{1}{2} \alpha^n + \frac{1}{2} \beta^n \). That makes sense because \( \alpha \beta = (2 + \sqrt{3})(2 - \sqrt{3}) = 4 - 3 = 1 \), so \( \beta = 1/\alpha \). That's a useful property: the product of the roots is 1, so the sequence might be related to Pell numbers or something similar.

Wait, Pell numbers have recurrence \( p_n = 2p_{n-1} + p_{n-2} \), but this is different. Let's compute the first few terms to see the pattern.

Compute \( a_0 = 1 \), \( a_1 = 2 \), \( a_2 = 4*2 - 1 = 8 - 1 = 7 \), \( a_3 = 4*7 - 2 = 28 - 2 = 26 \), \( a_4 = 4*26 - 7 = 104 - 7 = 97 \), \( a_5 = 4*97 - 26 = 388 - 26 = 362 \), \( a_6 = 4*362 - 97 = 1448 - 97 = 1351 \), \( a_7 = 4*1351 - 362 = 5404 - 362 = 5042 \), \( a_8 = 4*5042 - 1351 = 20168 - 1351 = 18817 \), etc.

Let's list them out:

n : a_n
0 : 1
1 : 2
2 : 7
3 : 26
4 : 97
5 : 362
6 : 1351
7 : 5042
8 : 18817
9 : 4*18817 - 5042 = 75268 - 5042 = 70226
10: 4*70226 - 18817 = 280904 - 18817 = 262087

Now, let's check if these numbers have known factors. Maybe we can find a pattern in their prime factors.

First, let's note that the recurrence is \( a_n = 4a_{n-1} - a_{n-2} \), which is a second-order linear recurrence. For such sequences, we can use properties of modular arithmetic, especially looking at the sequence modulo small primes to find when \( a_n \equiv 0 \mod p \).

We need to find the smallest odd prime \( p \) such that \( a_{2015} \equiv 0 \mod p \). Since we need the least odd prime, we can start checking small odd primes: 3, 5, 7, 11, 13, 17, 19, 23, etc., and see if 2015 is in the period modulo p.

First, let's check modulo 3:

Compute \( a_n \mod 3 \):

a0 = 1 mod 3 = 1

a1 = 2 mod 3 = 2

a2 = 4*a1 - a0 = 4*2 - 1 = 8 - 1 = 7 ≡ 1 mod 3

a3 = 4*a2 - a1 = 4*1 - 2 = 4 - 2 = 2 mod 3

a4 = 4*a3 - a2 = 4*2 - 1 = 8 - 1 = 7 ≡ 1 mod 3

a5 = 4*a4 - a3 = 4*1 - 2 = 2 mod 3

So the cycle modulo 3 is [1, 2, 1, 2, 1, 2,...] with period 2. So a_n mod 3 is 1 if n even, 2 if n odd. Since 2015 is odd, a2015 ≡ 2 mod 3 ≠ 0. So 3 is not a factor.

Modulo 5:

a0 = 1 mod 5 = 1

a1 = 2 mod 5 = 2

a2 = 4*2 - 1 = 8 - 1 = 7 ≡ 2 mod 5

a3 = 4*2 - 2 = 8 - 2 = 6 ≡ 1 mod 5

a4 = 4*1 - 2 = 4 - 2 = 2 mod 5

a5 = 4*2 - 1 = 8 - 1 = 7 ≡ 2 mod 5

a6 = 4*2 - 2 = 8 - 2 = 6 ≡ 1 mod 5

So the cycle modulo 5 is [1, 2, 2, 1, 2, 2, 1,...] Wait, let's list them step by step:

n : a_n mod 5

0 : 1

1 : 2

2 : 4*2 - 1 = 8 - 1 = 7 → 2

3 : 4*2 - 2 = 8 - 2 = 6 → 1

4 : 4*1 - 2 = 4 - 2 = 2

5 : 4*2 - 1 = 8 - 1 = 7 → 2

6 : 4*2 - 2 = 8 - 2 = 6 → 1

So the period modulo 5 is 4? Wait, from n=0 to n=3: [1,2,2,1], then n=4:2, n=5:2, n=6:1... Wait, actually, the sequence modulo 5 is periodic with period 4? Let's see the recurrence: since it's a linear recurrence of order 2, the period modulo m divides the Pisano period for the recurrence, but here the recurrence is 4x - y, so the state is (a_n, a_{n+1}), so the period is the number of distinct states before repeating.

From above:

n : (a_n, a_{n+1})

0 : (1, 2)

1 : (2, 2)

2 : (2, 1)

3 : (1, 2) → same as n=0

Ah! So the period modulo 5 is 4, because at n=3, the state is (1,2), which was the state at n=0. So the period is 4.

So the sequence modulo 5: n=0:1, n=1:2, n=2:2, n=3:1, n=4:2, n=5:2, n=6:1,... So the period is 4.

We need a_n ≡ 0 mod 5. Looking at the sequence: 1,2,2,1,2,2,1,... never 0. So 5 does not divide any a_n. So 5 is out.

Modulo 7:

a0 = 1 mod 7 = 1

a1 = 2 mod 7 = 2

a2 = 4*2 - 1 = 8 - 1 = 7 ≡ 0 mod 7. Oh! a2 = 7, so a2 ≡ 0 mod 7. So the sequence modulo 7: a2 is 0. So the question is, does 7 divide a2015?

We need to see the period modulo 7. Let's compute the sequence modulo 7:

n : a_n mod 7

0 : 1

1 : 2

2 : 0 (since a2=7)

3 : 4*a2 - a1 = 4*0 - 2 = -2 ≡ 5 mod 7

4 : 4*a3 - a2 = 4*5 - 0 = 20 ≡ 6 mod 7

5 : 4*a4 - a3 = 4*6 - 5 = 24 - 5 = 19 ≡ 5 mod 7

6 : 4*a5 - a4 = 4*5 - 6 = 20 - 6 = 14 ≡ 0 mod 7

7 : 4*a6 - a5 = 4*0 - 5 = -5 ≡ 2 mod 7

8 : 4*a7 - a6 = 4*2 - 0 = 8 ≡ 1 mod 7

9 : 4*a8 - a7 = 4*1 - 2 = 4 - 2 = 2 mod 7

So the sequence modulo 7:

n : 0 1 2 3 4 5 6 7 8 9...

a_n:1 2 0 5 6 5 0 2 1 2...

So the period starts repeating after n=8: (1,2) which was at n=0,1. So the period modulo 7 is 8 (from n=0 to n=7, then n=8,9 matches n=0,1).

Wait, let's list the terms with their values:

n=0:1

n=1:2

n=2:0

n=3:5

n=4:6

n=5:5

n=6:0

n=7:2

n=8:1

n=9:2

Yes, so the period is 8, because n=8:1, n=9:2, which is the start of the sequence. So the period length is 8.

Now, we want to know when a_n ≡ 0 mod 7. From the sequence, a_n ≡ 0 mod 7 when n=2,6,10,14,... (since n=2,6,10: 2,6,10 are 2 mod 4? Wait, n=2: 2 mod 8, n=6:6 mod 8, n=10:10 mod 8=2, so the zeros occur at n ≡ 2 mod 8? Wait, n=2,6,10,14: 2,6,10,14 are 2 mod 4? Wait, 2 mod 8: 2,10,18,...; 6 mod 8:6,14,22,...

Wait, let's list the n where a_n ≡ 0 mod 7: n=2,6,10,14,... So the difference between consecutive zeros is 4 (6-2=4, 10-6=4). So the zeros occur at n ≡ 2 mod 4? Wait, n=2: 2 mod 4=2, n=6:6 mod 4=2, n=10:10 mod 4=2. Yes, so n ≡ 2 mod 4.

Wait, let's check n=2: 2 mod 4=2, n=6:6 mod 4=2, n=10:10 mod 4=2. So the zeros are at n ≡ 2 mod 4.

We need to check if 2015 ≡ 2 mod 4. 2015 divided by 4: 4*503=2012, so 2015=2012+3, so 2015 ≡ 3 mod 4. Therefore, a2015 ≡ 5 mod 7 (since n=3:5, n=7:2, n=11:5, n=15:0? Wait, n=3:5, n=7:2, n=11:5, n=15:0? Wait, maybe my earlier calculation was wrong.

Wait, let's recalculate the modulo 7 sequence carefully.

a0 = 1

a1 = 2

a2 = 4*a1 - a0 = 8 - 1 = 7 ≡ 0 mod 7

a3 = 4*a2 - a1 = 0 - 2 = -2 ≡ 5 mod 7

a4 = 4*a3 - a2 = 4*5 - 0 = 20 ≡ 6 mod 7

a5 = 4*a4 - a3 = 4*6 - 5 = 24 - 5 = 19 ≡ 5 mod 7 (since 19-14=5)

a6 = 4*a5 - a4 = 4*5 - 6 = 20 - 6 = 14 ≡ 0 mod 7

a7 = 4*a6 - a5 = 0 - 5 = -5 ≡ 2 mod 7

a8 = 4*a7 - a6 = 8 - 0 = 8 ≡ 1 mod 7

a9 = 4*a8 - a7 = 4*1 - 2 = 2 mod 7

a10 = 4*a9 - a8 = 8 - 1 = 7 ≡ 0 mod 7

Ah! So the zeros occur at n=2,6,10,14,... So n=2,6,10,14,... which is n ≡ 2 mod 4 (since 2 mod 4=2, 6 mod 4=2, 10 mod 4=2, etc.). So the period of the sequence modulo 7 is 8 (since the state (a_n, a_{n+1}) repeats every 8 terms: at n=0: (1,2), n=8: (1,2)), so the period is 8.

The zeros occur at n=2,6,10,14,... which is n=2 + 4k. So n ≡ 2 mod 4.

2015 mod 4: 2015 /4=503*4=2012, remainder 3, so 2015 ≡ 3 mod 4. Therefore, a2015 ≡ 5 mod 7 (since n=3:5, n=7:2, n=11:5, n=15:0? Wait, n=3:5, n=7:2, n=11:5, n=15:0? Wait, n=15: let's check n=15.

From the sequence:

n : a_n mod 7

0 : 1

1 : 2

2 : 0

3 : 5

4 : 6

5 : 5

6 : 0

7 : 2

8 : 1

9 : 2

10: 0

11:5

12:6

13:5

14:0

15:2

16:1

So the period is 8, since n=8:1, n=9:2, same as n=0,1. So the zeros are at n=2,6,10,14,18,... which is n=2 + 4k. So the indices where a_n ≡0 mod7 are n≡2 mod4.

2015 mod4=3, so 2015≡3 mod4, so a2015≡5 mod7≠0. So 7 is not a factor.

Next, modulo 11:

Let's compute the sequence modulo 11.

a0=1

a1=2

a2=4*2 -1=7

a3=4*7 -2=28-2=26≡4 mod11

a4=4*4 -7=16-7=9 mod11

a5=4*9 -4=36-4=32≡10 mod11

a6=4*10 -9=40-9=31≡9 mod11

a7=4*9 -10=36-10=26≡4 mod11

a8=4*4 -9=16-9=7 mod11

a9=4*7 -4=28-4=24≡2 mod11

a10=4*2 -7=8-7=1 mod11

a11=4*1 -2=4-2=2 mod11

Ah! At n=10:1, n=11:2, which is the initial state (a0,a1)=(1,2). So the period modulo 11 is 10.

Let's list the sequence modulo 11:

n : 0 1 2 3 4 5 6 7 8 9 10 11...

a_n:1 2 7 4 9 10 9 4 7 2 1 2...

So the period is 10 (since a10=1, a11=2).

We need to find when a_n ≡0 mod11. Looking at the sequence: 1,2,7,4,9,10,9,4,7,2,1,2,... No zeros in the sequence? Wait, a_n mod11 is never 0? Let's check:

n=0:1, n=1:2, n=2:7, n=3:4, n=4:9, n=5:10, n=6:9, n=7:4, n=8:7, n=9:2, n=10:1, n=11:2,... So yes, the sequence modulo 11 has no zero. So 11 does not divide any a_n. So 11 is out.

Modulo 13:

Compute a_n mod13.

a0=1

a1=2

a2=4*2 -1=7

a3=4*7 -2=28-2=26≡0 mod13. Oh! a3=26, which is 26≡0 mod13. So a3=26, so a3 is divisible by 13.

So a3 ≡0 mod13. Now, we"
18,"Okay, let's try to figure out this problem. So Dani has 45 marbles, and she has 5 times as many as Joe. We need to find out how many marbles Joe has.

Hmm, the problem says Dani has 5 times as many as Joe. So if Joe has, say, x marbles, then Dani has 5 times that, which is 5x. And we know Dani has 45 marื่bles. So that means 5x equals 45. Right?

Let me write that down: 5 * Joe's marbles = 45. So Joe's marbles would be 45 divided by 5. Let me calculate that. 45 divided by 5 is 9. So Joe has 9 marbles.

Wait, looking at the options. The choices are A to J. Let's see. Option I is 9, and option H says both 9 and 45/5 are correct. Hmm. Wait, 45 divided by 5 is 9, so 45/5 is equal to 9. So maybe they're saying that 45/5 is another way to write it, but in the options, E is 45/5, and I is 9. So the answer should be 9, which is option I.

But wait, the problem says ""How many marbles does Joe have?"" So according to the calculation, it's 9. Let me check again.

Dani has 45 marbles, which is 5 times Joe's amount. So Joe has 45 /5 =9. Yes, that's right. So the answer is 9, which is option I.

Looking at the options: A.30, B.8, C.40, D.35, E.45/5, F.20, G.10, H. Both 9 and 45/5 are correct, I.9, J.50.

So H says ""Both 9 and 45/5 are correct"". Wait, 45/5 is 9, so technically both 9 and 45/5 (which simplifies to 9) are correct? Hmm, but the question is asking for the number of marbles Joe has, so the answer is 9. But 45/5 is a way to express it. However, in multiple choice questions like this, sometimes they have options where you have to pick the correct expression.

Wait, the problem says ""select the single best answer"". So the answer is 9, which is option I. But option H says ""Both 9 and 45/5 are correct"". Hmm. Wait, 45/5 is 9, so if the answer is 9, then 45/5 is equivalent. So depending on the context, maybe H is a trick here.

Wait, the problem says ""How many marbles does Joe have?"" So the answer is a number, 9. So option I is 9. Option E is 45/5, which is also 9. But the question is phrased as ""how many"", so the answer is 9. However, the options include H: Both 9 and 45/5 are correct. Hmm. Wait, in some contexts, maybe they consider 45/5 as a valid expression, but the actual numerical answer is 9.

Wait, the problem is presented as a multiple-choice with these options. Let me read the options again.

The options are:

A. 30

B. 8

C. 40

D. 35

E. 45/5

F. 20

G. 10

H. Both 9 and 45/5 are correct

I. 9

J. 50

So the correct answer is 9, so option I. But H says both 9 and 45/5 are correct. Since 45/5 is equal to 9, so if the question expects the answer as 9, then I is correct. But H is saying both are correct. Hmm.

Wait, the problem states: ""Dani has 45 marbles. She has 5 times as many marbles as Joe has."" So Joe has 45 divided by 5, which is 9. So the answer is 9. So option I.

But why is there an option H? Maybe to catch people who think 45/5 is a different answer. Wait, but 45 divided by 5 is 9. So if someone writes 45/5, that's 9. So the answer is 9, so I is the answer. However, H says ""both 9 and 45/5 are correct"". Hmm. In the context of the problem, the answer is 9, so 45/5 is just another way to write it. But the question asks ""how many marbles does Joe have?"" so the answer is a number, 9. So option I.

But wait, the problem might be designed so that H is a possible answer. Let me think. If the answer is 9, and 45/5 is also 9, then technically both expressions are correct. But the question is asking for the number, so the answer is 9. So I think the intended answer is I. But H says ""both...are correct"". Hmm.

Wait, the problem says ""select the single best answer"". So if the answer is 9, then I is correct. But H is a bit confusing. Let's see.

Suppose a student calculates 45 divided by 5 and gets 9, so the answer is 9. So option I. Alternatively, if the problem had a typo or something, but no. Wait, in some contexts, maybe they want the expression 45/5, but the question says ""how many marbles"", so the answer is a number, so 9. So I think the answer is I.

But wait, looking at the options, H says ""Both 9 and 45/5 are correct"". So if the answer is 9, then 45/5 is also correct as a way to write it. So maybe H is a trick. But the problem is probably designed so that the answer is 9, so I.

Wait, the problem says ""Dani has 45 marbles. She has 5 times as many marbles as Joe has."" So Joe has 1/5 of Dani's marbles. So 45 divided by 5 is 9. So yes, 9.

So the answer should be I. But let me check the options again. Option H says ""Both 9 and 45/5 are correct"". So if the answer is 9, then 45/5 is a correct expression for the answer. So if the question expects the answer as a number, then 9 is the answer, so I. But if the problem is designed to see if you recognize that 45/5 is equivalent, then H could be a possible answer. Hmm.

Wait, the problem says ""How many marbles does Joe have?"" So the answer is a number, 9. So option I. But option H says both 9 and 45/5 are correct. So if the answer is 9, then 45/5 is also a correct expression (since it equals 9), but the question is about the number of marbles, so the answer is 9. So the best answer is I.

Alternatively, maybe the test maker thinks that 45/5 is a step in the process, but the final answer is 9. So the answer is I.

Wait, another angle: the problem says ""She has 5 times as many marbles as Joe has."" So Dani = 5 * Joe. So Joe = Dani /5 = 45 /5 =9. So yes, 9. So answer is I.

But why is H an option? Maybe to trick people who think that 45/5 is part of the answer. But the answer is 9. So I think I is the answer.

Wait, but the problem lists option H as ""Both 9 and 45/5 are correct"". So if the answer is 9, then 45/5 is also correct because it's equal to 9. So in that sense, both are correct. But the question is ""how many marbles"", so the answer is 9. So if the options include H, which says both 9 and 45/5 are correct, then H might be the answer. Wait, but the problem says ""select the single best answer"".

Hmm. For example, if the answer is 9, then 45/5 is a way to write it, but the actual answer is 9. So if the question is ""what is Joe's number of marbles"", the answer is 9. So option I. But H says both are correct. So if the answer is 9, then 45/5 is also correct as an expression. But the question is phrased as ""how many"", so the answer is a number, 9. So I think the answer is I.

Wait, but maybe the problem is designed so that the answer is 9, so I. But the presence of H might be a distractor. Let me think again.

Suppose a student does 45 divided by 5 and gets 9, so the answer is 9. So option I. So the answer is I.

But wait, option H says ""Both 9 and 45/5 are correct"". So if the answer is 9, then 45/5 is a correct expression for the same value. So in the context of the problem, since they ask ""how many"", the answer is 9. So 45/5 is a way to compute it, but the answer is 9. So the best answer is I.

Alternatively, if the problem expects the answer to be written as 45 divided by 5, but the question says ""how many"", so the numerical answer is 9. So I think I is the answer.

Wait, but the problem says ""select the single best answer"". So given the options, I think the answer is I.

Wait, but let me check the options again. Option E is 45/5, which is 9. So if the answer is 9, then E and I are both correct? But the question says ""how many marbles"", so the answer is 9, not 45/5. So the answer is I.

Yes, so I think the answer is I.
</think>

To solve the problem, we start with the information given:

- **Dani has 45 marbles**.
- **Dani has 5 times as many marbles as Joe**.

This means that **Joe has $ \frac{1}{5} $** of what Dani has.

---

### Step-by-step Calculation:

Let’s denote the number of marbles Joe has as $ x $.

According to the problem:
$$
\text{Dani's marbles} = 5 \times \text{Joe's marbles}
$$
$$
45 = 5x
$$

Solving for $ x $:
$$
x = \frac{45}{5} = 9
$$

So, **Joe has 9 marbles**.

---

### Evaluating the Answer Choices:

We are given the following options:

- **A. 30**
- **B. 8**
- **C. 40**
- **D. 35**
- **E. 45/5**
- **F. 20**
- **G. 10**
- **H. Both 9 and 45/5 are correct**
- **I. 9**
- **J. 50**

From our calculation, **Joe has 9 marbles**, so the correct numerical answer is **9**.

Now, consider **option H**: *""Both 9 and 45/5 are correct.""*  
Since $ \frac{45}{5} = 9 $, it is true that **both 9 and 45/5 represent the same value**. However, the question asks: **""How many marbles does Joe have?""** — this is a **numerical question**, and the expected answer is a **number**, not an expression.

Thus, while **45/5** is a valid expression that evaluates to **9**, the **best answer** to the question ""How many marbles does Joe have?"" is **the number 9**, not the expression **45/5**.

Therefore, **option I (""9"")** is the **most direct and precise** answer to the question.

---

### Final Decision:

The question asks for the **number of marbles** Joe has, and the correct numerical answer is **9**. Among all the options, **I. 9** is the **single best answer**.

$$
\boxed{I}
$$"
19,"Okay, let's try to tackle this problem step by step. The problem is about a linear recurrence sequence: \( j_0 = 1 \), \( j_1 = 2 \), and \( j_c = 4j_{c-1} - j_{c-2} \) for \( c \geq 2 \). We need to find the smallest odd prime factor of \( j_{155} \).

First, let's recall that for linear recurrences with constant coefficients, we can find a closed-form expression using characteristic equations. The recurrence is \( j_c - 4j_{c-1} + j_{c-2} = 0 \), so the characteristic equation is \( r^2 - 4r + ื่ = 0 \). Wait, no, the recurrence is \( j_c = 4j_{c-1} - j_{c-2} \), so the characteristic equation is \( r^2 - 4r + 1 = 0 \). Let's solve that: \( r = [4 \pm \sqrt{16 - 4}]/2 = [4 \pm \sqrt{12}]/2 = 2 \pm \sqrt{3} \). So the roots are \( \alpha = 2 + \sqrt{3} \) and \( \beta = 2 - \sqrt{3} \). Since \( |\beta| < 1 \), the closed form will be \( j_c = A\alpha^c + B\beta^c \), where \( A \) and \( B \) are constants determined by initial conditions.

Let's compute \( A \) and \( B \). For \( c = 0 \): \( j_0 = 1 = A + B \). For \( c = 1 \): \( j_1 = 2 = A\alpha + B\beta \). So we have:

\( A + B = 1 \)

\( A(2 + \sqrt{3}) + B(2 - \sqrt{3}) = 2 \)

Let's solve these equations. Let's denote \( S = A + B = 1 \), \( D = A - B \). Then the second equation: \( 2(A + B) + \sqrt{3}(A - B) = 2 \implies 2S + \sqrt{3}D = 2 \implies 2(1) + \sqrt{3}D = 2 \implies \sqrt{3}D = 0 \)? Wait, no, that's not right. Wait, \( (2 + \sqrt{3})A + (2 - \sqrt{3})B = 2 \). Let's write it as:

\( 2(A + B) + \sqrt{3}(A - B) = 2 \)

Since \( A + B = 1 \), then \( 2(1) + \sqrt{3}(A - B) = 2 \implies \sqrt{3}(A - B) = 0 \implies A = B \). Wait, but \( j_0 = 1 = A + B \), \( j_1 = 2 = A\alpha + B\beta \). If \( A = B \), then \( 2A = 1 \implies A = B = 1/2 \). Let's check: \( (1/2)\alpha + (1/2)\beta = (1/2)(2 + \sqrt{3} + 2 - \sqrt{3}) = (1/2)(4) = 2 \), which matches \( j_1 = 2 \). Perfect! So \( A = B = 1/2 \). Therefore, the closed form is \( j_c = \frac{1}{2}(\alpha^c + \beta^c) \), where \( \alpha = 2 + \sqrt{3} \), \( \beta = 2 - \sqrt{3} \).

This sequence is similar to the Pell numbers or Lucas sequences. In fact, this is a Lucas sequence with parameters \( P = 4 \), \( Q = 1 \). The general theory of Lucas sequences tells us that for a sequence defined by \( u_n = P u_{n-1} - Q u_{n-2} \), we can use properties modulo primes.

We need to find the smallest odd prime \( p \) such that \( j_{155} \equiv 0 \mod p \). First, note that all options are composite numbers except maybe some, but the question says ""smallest odd prime factor"", so we need to check which of the given options (which are numbers) has a prime factor that is the smallest odd prime factor of \( j_{155} \). Wait, no: the options are numbers (182, 177, etc.), and we need to pick the correct one, which is the smallest odd prime factor. Wait, no: the problem says ""Determine the smallest odd prime factor of \( j_{155} \)"". The options are numbers, so we need to see which of these numbers is the smallest odd prime factor. Wait, but the options are all composite? Let's list them:

A. 182 (even, composite)

B. 177 (divisible by 3, 59)

C. 171 (divisible by 3, 19)

D. 173 (prime)

E. 181 (prime)

F. 183 (divisible by 3, 61)

G. 179 (prime)

H. 175 (5²×7)

I. 178 (2×89)

J. 187 (11×17)

So the possible prime factors among the options are D (173), E (181), G (179), and maybe others, but the question is asking for the smallest odd prime factor of \( j_{155} \). So we need to find the smallest odd prime \( p \) such that \( p \mid j_{155} \), and check which of the options is equal to that prime.

First, let's recall that for linear recurrences, if \( p \) is an odd prime, then the sequence modulo \( p \) is periodic (Pisano period for linear recurrences). For the recurrence \( j_c = 4j_{c-1} - j_{c-2} \), the period modulo \( p \) is called the Pisano period for this recurrence.

Also, for Lucas sequences, there's a concept of the rank of apparition, which is the smallest \( k \) such that \( j_k \equiv 0 \mod p \). If \( p \) divides \( j_n \), then the rank of apparition divides \( n \).

First, let's consider the recurrence modulo \( p \). Let's denote \( j_c \mod p \).

First, let's check small primes to see if we can find the smallest odd prime factor of \( j_{155} \).

Let's start with \( p = 3 \):

Compute \( j_0 = 1 \), \( j_1 = 2 \), \( j_2 = 4*2 - 1 = 7 \equiv 1 \mod 3 \), \( j_3 = 4*7 - 2 = 26 \equiv 2 \mod 3 \), \( j_4 = 4*26 - 7 = 97 \equiv 1 \mod 3 \). Wait, the sequence modulo 3: 1, 2, 1, 2, 1, 2,... So period 2. So \( j_c \mod 3 \) is 1 if \( c \) even, 2 if \( c \) odd. So \( j_{155} \equiv 2 \mod 3 \neq 0 \). So 3 does not divide \( j_{155} \).

Next, \( p = 5 \):

Compute \( j_0 = 1 \), \( j_1 = 2 \), \( j_2 = 4*2 - 1 = 7 \equiv 2 \mod 5 \), \( j_3 = 4*7 - 2 = 26 \equiv 1 \mod 5 \), \( j_4 = 4*1 - 2 = 2 \mod 5 \), \( j_5 = 4*2 - 1 = 7 \equiv 2 \mod 5 \), \( j_6 = 4*2 - 2 = 6 \equiv 1 \mod 5 \). Wait, the sequence modulo 5: 1, 2, 2, 1, 2, 2, 1,... So period 4? Let's list them:

c : 0 1 2 3 4 5 6 7...

j_c mod5: 1, 2, 2, 1, 2, 2, 1, 2,...

So period 4? Wait, j0=1, j1=2, j2=2, j3=1, j4=2, j5=2, j6=1,... Yes, period 4 starting from c=0? Wait, j3=1=j0, j4=2=j1, so period 3? Wait, j3=1=j0, j4=2=j1, so the period is 3? Wait, let's compute correctly:

j0 = 1

j1 = 2

j2 = 4*j1 - j0 = 8 - 1 = 7 ≡ 2 mod5

j3 = 4*j2 - j1 = 8 - 2 = 6 ≡ 1 mod5

j4 = 4*j3 - j2 = 4*1 - 2 = 2 mod5

j5 = 4*j4 - j3 = 8 - 1 = 7 ≡ 2 mod5

j6 = 4*j5 - j4 = 8 - 2 = 6 ≡ 1 mod5

Ah, so the sequence modulo 5 is periodic with period 3: 1, 2, 2, 1, 2, 2, 1, 2, 2,... So period 3. So j_c mod5: c=0:1, c=1:2, c=2:2, c=3:1, c=4:2, etc. So j_c mod5 is 1 when c ≡0 mod3, 2 when c≡1 or 2 mod3. So j155: 155 divided by 3 is 51*3=153, remainder 2, so 155 ≡2 mod3, so j155 ≡2 mod5 ≠0. So 5 doesn't divide it.

p=7:

j0=1, j1=2, j2=4*2 -1=7≡0 mod7. Oh! j2=7, so j2 ≡0 mod7. So the sequence modulo7: j0=1, j1=2, j2=0, j3=4*j2 -j1=0 -2=-2≡5 mod7, j4=4*j3 -j2=20 -0=20≡6 mod7, j5=4*j4 -j3=24 -5=19≡5 mod7, j6=4*j5 -j4=20 -6=14≡0 mod7, j7=4*j6 -j5=0 -5=-5≡2 mod7, j8=4*j7 -j6=8 -0=8≡1 mod7, j9=4*j8 -j7=4 -2=2 mod7. So the sequence modulo7: 1,2,0,5,6,5,0,2,1,2,0,... So period 6? Because j8=1=j0, j9=2=j1, so period 8? Wait, j8=1, j9=2, so period 8? Wait, j0=1, j1=2, j2=0, j3=5, j4=6, j5=5, j6=0, j7=2, j8=1, j9=2... So from j6=0, j7=2, j8=1, j9=2, so actually the period might be 6? Wait, j6=0, j7=2, j8=1, j9=2, j10=0, j11=5, etc. Maybe better to list the terms:

c : 0 1 2 3 4 5 6 7 8 9 10...

j_c mod7:1,2,0,5,6,5,0,2,1,2,0,...

So j2=0, j6=0, j10=0, so the zeros occur at c=2,6,10,... which is c≡2 mod4? Wait, c=2: 2, c=6:6, c=10:10, difference 4. So period 4 for the zeros? But j2=0, j6=0, so the order of 0 in the sequence is 2, since j2=0, and j1≠0, j0≠0.

But we need j155 mod7. 155 divided by 2: 155=2*77 +1, so 155≡1 mod2? Wait, no, the indices where j_c ≡0 mod7 are c=2,6,10,... so c=2+4k. So 155: 155-2=153, 153/4=38.25, so 155=2+4*38 +1, so 155≡3 mod4? Wait, 155=4*38 + 3, so 155≡3 mod4. The zeros are at c≡2 mod4, so j155 is not zero mod7. Let's check j155 mod7: since the sequence modulo7 has period 6? Wait, j8=1=j0, j9=2=j1, so the period is 8? Wait, j0=1, j1=2, j2=0, j3=5, j4=6, j5=5, j6=0, j7=2, j8=1, j9=2, so from j6=0, j7=2, j8=1, j9=2, j10=0, so the period is 6? Because j6=0, j7=2, j8=1, j9=2, j10=0, j11=5, j12=6, j13=5, j14=0, j15=2,... Wait, j6=0, j7=2, j8=1, j9=2, j10=0, j11=5, j12=6, j13=5, j14=0, j15=2, j16=1,... So the period is 6? Because j6=0, j7=2, j8=1, j9=2, j10=0, j11=5, j12=6, j13=5, j14=0, j15=2, j16=1,... Wait, j6=0, j10=0, j14=0, so the zeros are at c=2,6,10,14,... so c≡2 mod4. So 155: 155 mod4= 155-152=3, so 155≡3 mod4. The zeros are at c≡2 mod4, so j155 is not zero mod7.

p=11:

Let's compute j_c mod11.

j0=1

j1=2

j2=4*2 -1=7

j3=4*7 -2=26≡4 mod11

j4=4*4 -7=16-7=9

j5=4*9 -4=36-4=32≡10

j6=4*10 -9=40-9=31≡9

j7=4*9 -10=36-10=26≡4

j8=4*4 -9=16-9=7

j9=4*7 -4=28-4=24≡2

j10=4*2 -7=8-7=1

j11=4*1 -2=2

Ah! j10=1=j0, j11=2=j1, so the period modulo11 is 10. That's the Pisano period for this recurrence.

So the sequence modulo11 has period 10. Let's list the terms:

c : 0 1 2 3 4 5 6 7 8 9 10 11...

j_c mod11:1,2,7,4,9,10,9,4,7,2,1,2...

So period 10. Now, j10=1, j11=2, so the period is 10.

We need j155 mod11. 155 divided by 10 is 15*10=150, remainder 5. So j155 ≡ j5 mod11. From above, j5=10 mod11≠0. So 11 does not divide j155.

p=13:

Compute j_c mod13.

j0=1

j1=2

j2=4*2 -1=7

j3=4*7 -2=26≡0 mod13. Oh! j3=26, which is 2*13, so j3=26≡0 mod13. So j3=0 mod13.

So the sequence modulo13: j0=1, j1=2, j2=7, j3=0, j4=4*j3 -j2=0 -7=-7≡6 mod13, j5=4*j4 -j3=24 -0=24≡11 mod13, j6=4*j5 -j4=44 -6=38≡12 mod13, j7=4*j6 -j5=48 -11=37≡11 mod13, j8=4*j7 -j6=44 -12=32≡6 mod13, j9=4*j8 -j7=24 -11=13≡0 mod13, j10=4*j9 -j8=0 -6=-6≡7 mod13, j11=4*j10 -j9=28 -0=28≡2 mod13, j12=4*j11 -j10=8 -7=1 mod13, j13=4*j12 -j11=4 -2=2 mod13.

Wait, j12=1=j0, j13=2=j1, so the period modulo13 is 12.

The zeros in the sequence: j3=0, j9=0, j15=0,... So c=3,9,15,... which is c≡3 mod6. So the order of 0 is 3, meaning the smallest k with j_k≡0 mod13 is k=3.

Now, j155: 155 divided by 3: 155=3*51 + 2, so 155≡2 mod3. So j155 ≡j2 mod13=7≠0. So 13 does not divide j155.

p=17:

j0=1, j1=2, j2=7, j3=4*7 -2=26≡9 mod17, j4=4*9 -7=36-7=29≡12 mod17, j5=4*12 -9=48-9=39≡12 mod17, j6=4*12 -12=48-12=36≡2 mod17, j7=4*2 -12=8-12=-4≡13 mod17, j8=4*13 -2=52-2=50≡16 mod17, j9=4*16 -13=64-13=51≡15 mod17, j10=4*15 -16=60-16=44≡44-2*17=6 mod17, j11=4*6 -15=24-15=9 mod17, j12=4*9 -6=36-6=30≡13 mod17, j13=4*13 -9=52-9=43≡43-2*17=9 mod17, j14=4*9 -13=36-13=23≡6 mod17, j15=4*6 -9=24-9=15 mod17, j16=4*15 -6=60-6=54≡54-3*17=3 mod17, j17=4*3 -15=12-15=-3≡14 mod17, j18=4*14 -3=56-3=53≡53-3*17=2 mod17, j19=4*2 -14=8-14=-6≡11 mod17, j20=4*11 -2=44-2=42≡42-2*17=8 mod17, j21=4*8 -11=32-11=21≡4 mod17, j22=4*4 -8"
20,"Okay, let's tackle this problem step by step. First, I need to find the mean, median, and mode of the given sample of television prices. Let me list out the data points first to make it easier.

The prices are: 242, 202, 216, 250, 188, 250, 178, 298. There are 8 data points, so n = 8.

Starting with the **mean**. The mean is the average, so I need to sum all the prices and then divide by the number of items (8).

Let me add them up:

242 + 202 + 216 + 250 + 188 + 250 + ื่178 + 298.

Let me compute this step by step.

First, add 242 + 202 = 444

444 + 216 = 660

660 + 250 = 910

910 + 188 = 1098

1098 + 250 = 1348

1348 + 178 = 1526

1526 + 298 = 1824

Wait, let me check that again because sometimes when adding sequentially, it's easy to make a mistake.

Alternative approach: list all numbers and add them.

Numbers: 178, 188, 202, 216, 242, 250, 250, 298. Maybe ordering them first will help for median, but for the sum, order doesn't matter.

Let me write them in a column:

178

188

202

216

242

250

250

298

Adding them:

Start with 178 + 188 = 366

366 + 202 = 568

568 + 216 = 784

784 + 242 = 1026

1026 + 250 = 1276

1276 + 250 = 1526

1526 + 298 = 1824

Yes, that's correct. So total sum is 1824.

Then the mean is 1824 divided by 8.

1824 ÷ 8: 8*228 = 1824 (since 8*200=1600, 8*28=224; 1600+224=1824). So 228.

So mean is 228.

Next, the **median**. The median is the middle value when the data is ordered from least to greatest. Since there are 8 data points (even number), the median is the average of the 4th and 5th values in the ordered list.

First, let's order the data:

Original data: 242, 202, 216, 250, 188, 250, 178, 298.

Let's sort them:

Start with the smallest:

178 (smallest)

188

202

216

242

250

250

298 (largest)

Wait, let's list them step by step.

List all numbers:

178, 188, 202, 216, 242, 250, 250, 298.

Check if these are in order.

178 < 188 < 202 < 216 < 242 < 250 = 250 < 298. Yes, that's correct.

So ordered list:

1. 178

2. 188

3. 202

4. 216

5. 242

6. 250

7. 250

8. 298

For n=8, the median is the average of the 4th and 5th terms.

4th term is 216, 5th term is 242.

So median = (216 + 242)/2 = (458)/2 = 229.

Wait, 216 + 242 = 458, yes. 458 divided by 2 is 229. So median is 229.

Now, the **mode**. The mode is the value that appears most frequently. Let's check the frequencies.

Looking at the sorted list: 178, 188, 202, 216, 242, 250, 250, 298.

Here, 250 appears twice. All other numbers appear once. So the mode is 250.

Wait, let's confirm:

Original data: 242, 202, 216, 250, 188, 250, 178, 298.

Count how many times each number appears:

178: 1

188: 1

202: 1

216: 1

242: 1

250: 2 (the two 250s)

298: 1

So yes, 250 is the only number that appears more than once, so the mode is 250.

Let me double-check the sum to be sure. Sometimes when adding, mistakes happen.

Sum: 178 + 188 = 366

366 + 202 = 568

568 + 216 = 784

784 + 242 = 1026

1026 + 250 = 1276

1276 + 250 = 1526

1526 + 298 = 1824. Correct.

1824 / 8 = 228. So mean is 228.

Median: ordered list has 8 elements, positions 4 and 5 are 216 and 242. Average is (216 + 242)/2 = 229. Correct.

Mode: 250 appears twice, others once. So mode is 250.

I think that's it. Let me just verify the ordered list again.

Original numbers: 242, 202, 216, 250, 188, 250, 178, 298.

Sort them:

178 (smallest)

188

202

216

242

250

250

298 (largest)

Yes, that's correct. So 4th is 216, 5th is 242. Median is (216 + 242)/2 = 229.

Mode is 250, since it's the only one with frequency 2.

So the answers should be:

Mean: 228

Median: 229

Mode: 250

Let me check if I missed anything. For example, is there a possibility of multiple modes? But here, only 250 appears twice, others once, so unimodal. So mode is 250.

Yes, that's correct.
</think>

To solve the problem, we analyze the given sample of television prices:

$$
242,\ 202,\ 216,\ 250,\ 188,\ 250,\ 178,\ 298
$$

---

### **Step 1: Compute the Mean**

The **mean** is the average of all the values.

We first sum the values:

$$
178 + 188 + 202 + 216 + 242 + 250 + 250 + 298 = 1824
$$

Now divide by the number of observations (8):

$$
\text{Mean} = \frac{1824}{8} = 228
$$

✅ **Mean = 228**

---

### **Step 2: Compute the Median**

The **median** is the middle value when the data is ordered from smallest to largest.

First, sort the data:

$$
178,\ 188,\ 202,\ 216,\ 242,\ 250,\ 250,\ 298
$$

Since there are **8** data points (an even number), the median is the average of the **4th and 5th** values:

$$
\text{Median} = \frac{216 + 242}{2} = \frac{458}{2} = 229
$$

✅ **Median = 229**

---

### **Step 3: Compute the Mode**

The **mode** is the value that appears most frequently in the dataset.

From the sorted list:

- 178 → 1 time  
- 188 → 1 time  
- 202 → 1 time  
- 216 → 1 time  
- 242 → 1 time  
- **250 → 2 times**  
- 298 → 1 time  

Only **250** appears more than once, so it is the **mode**.

✅ **Mode = 250**

---

### ✅ Final Answer

$$
\boxed{228, 229, 250}
$$"
21,"Okay, let's tackle part (a) first. We need to find the equation of the regression line for the given data. The regression line is usually in the form \( L(t) = mt + b \), where \( m \) is the slope and \( b \) is the y-intercept. 

First, let's list out the data points. The problem says \( t \) is the number of years since 1920, so:

- For 1920: \( t = 0 \), life expectancy \( L = 57.5 \)
- 1930: \( t = 10 \), \( L = 59.4 \)
- 1940: \( t = ื่ \), \( L = 62.4 \)
- 1950: \( t = 30 \), \( L = 65.9 \)
- 1960: \( t = 40 \), \( L = 68.8 \)
- 1970: \( t = 50 \), \( L = 71.1 \)
- 1980: \( t = 60 \), \( L = 74.3 \)
- 1990: \( t = 70 \), \( L = 77.7 \)

So the data points are:
\( (0, 57.5) \), \( (10, 59.4) \), \( (20, 62.4) \), \( (30, 65.9) \), \( (40, 68.8) \), \( (50, 71.1) \), \( (60, 74.3) \), \( (70, 77.7) \)

Let me write them as \( (t_i, L_i) \) where \( i = 1 \) to \( 8 \).

To find the regression line, we need to compute the mean of \( t \) (\( \bar{t} \)) and the mean of \( L \) (\( \bar{L} \)), then the slope \( m = \frac{\sum (t_i - \bar{t})(L_i - \bar{L})}{\sum (t_i - \bar{t})^2} \), and the intercept \( b = \bar{L} - m \bar{t} \).

First, let's list all \( t_i \) and \( L_i \):

\( t \): 0, 10, 20, 30, 40, 50, 60, 70

\( L \): 57.5, 59.4, 62.4, 65.9, 68.8, 71.1, 74.3, 77.7

Let's compute the sums.

First, sum of \( t_i \): \( 0 + 10 + 20 + 30 + 40 + 50 + 60 + 70 \)

Let's calculate that: 0+70=70, 10+60=70, 20+50=70, 30+40=70. So total sum is 4*70=280. So \( \sum t_i = 280 \)

Number of data points \( n = 8 \)

Mean \( \bar{t} = \frac{280}{8} = 35 \)

Sum of \( L_i \): 57.5 + 59.4 + 62.4 + 65.9 + 68.8 + 71.1 + 74.3 + 77.7

Let's add them step by step:

57.5 + 59.4 = 116.9

116.9 + 62.4 = 179.3

179.3 + 65.9 = 245.2

245.2 + 68.8 = 314.0

314.0 + 71.1 = 385.1

385.1 + 74.3 = 459.4

459.4 + 77.7 = 537.1

So \( \sum L_i = 537.1 \), so \( \bar{L} = \frac{537.1}{8} = 67.1375 \)

Now, we need to compute the numerator for the slope: \( \sum (t_i - \bar{t})(L_i - \bar{L}) \)

Since \( \bar{t} = 35 \), \( \bar{L} = 67.1375 \)

Let's make a table for each \( t_i - \bar{t} \) and \( L_i - \bar{L} \):

First, \( t_i - 35 \):

For \( t = 0 \): 0 - 35 = -35

\( t = 10 \): 10 - 35 = -25

\( t = 20 \): 20 - 35 = -15

\( t = 30 \): 30 - 35 = -5

\( t = 40 \): 40 - 35 = 5

\( t = 50 \): 50 - 35 = 15

\( t = 60 \): 60 - 35 = 25

\( t = 70 \): 70 - 35 = 35

So the deviations from mean for \( t \) are: -35, -25, -15, -5, 5, 15, 25, 35

Similarly, \( L_i - \bar{L} \):

\( \bar{L} = 67.1375 \)

So:

57.5 - 67.1375 = -9.6375

59.4 - 67.1375 = -7.7375

62.4 - 67.1375 = -4.7375

65.9 - 67.1375 = -1.2375

68.8 - 67.1375 = 1.6625

71.1 - 67.1375 = 3.9625

74.3 - 67.1375 = 7.1625

77.7 - 67.1375 = 10.5625

Let me verify these:

First, 57.5 - 67.1375: 67.1375 - 57.5 = 9.6375, so negative is -9.6375. Correct.

59.4 - 67.1375: 67.1375 - 59.4 = 7.7375, so negative is -7.7375. Correct.

62.4 - 67.1375: 67.1375 - 62.4 = 4.7375, so negative is -4.7375. Correct.

65.9 - 67.1375: 67.1375 - 65.9 = 1.2375, so negative is -1.2375. Correct.

68.8 - 67.1375: 68.8 - 67.1375 = 1.6625. Correct.

71.1 - 67.1375: 71.1 - 67.1375 = 3.9625. Correct.

74.3 - 67.1375: 74.3 - 67.1375 = 7.1625. Correct.

77.7 - 67.1375: 77.7 - 67.1375 = 10.5625. Correct.

Now, let's compute the products \( (t_i - \bar{t})(L_i - \bar{L}) \):

1. \( (-35)(-9.6375) = 35 * 9.6375 \). Let's calculate 35*9 = 315, 35*0.6375 = 22.3125, so total 315 + 22.3125 = 337.3125

2. \( (-25)(-7.7375) = 25 * 7.7375 \). 25*7 = 175, 25*0.7375 = 18.4375, so 175 + 18.4375 = 193.4375

3. \( (-15)(-4.7375) = 15 * 4.7375 \). 15*4 = 60, 15*0.7375 = 11.0625, so 60 + 11.0625 = 71.0625

4. \( (-5)(-1.2375) = 5 * 1.2375 = 6.1875 \)

5. \( (5)(1.6625) = 8.3125 \)

6. \( (15)(3.9625) = 15 * 3.9625 \). 15*4 = 60, minus 15*0.0375 = 0.5625, so 60 - 0.5625 = 59.4375? Wait, no: 3.9625*15: 3*15=45, 0.9625*15=14.4375, so total 45 + 14.4375 = 59.4375

7. \( (25)(7.1625) = 25*7 + 25*0.1625 = 175 + 4.0625 = 179.0625 \)

8. \( (35)(10.5625) = 35*10 + 35*0.5625 = 350 + 19.6875 = 369.6875 \)

Now, let's sum all these products:

1. 337.3125

2. +193.4375 = 530.75

3. +71.0625 = 601.8125

4. +6.1875 = 608.0

5. +8.3125 = 616.3125

6. +59.4375 = 675.75

7. +179.0625 = 854.8125

8. +369.6875 = 1224.5

Wait, let's check step by step:

After 1-4: 337.3125 + 193.4375 = 530.75; 530.75 + 71.0625 = 601.8125; 601.8125 + 6.1875 = 608.0. Correct.

Then 5: 608.0 + 8.3125 = 616.3125

6: 616.3125 + 59.4375 = 675.75

7: 675.75 + 179.0625 = 854.8125

8: 854.8125 + 369.6875 = 1224.5

Yes, that's 1224.5. So the numerator for the slope is 1224.5.

Now, the denominator is \( \sum (t_i - \bar{t})^2 \)

Let's compute \( (t_i - \bar{t})^2 \) for each:

1. \( (-35)^2 = 1225 \)

2. \( (-25)^2 = 625 \)

3. \( (-15)^2 = 225 \)

4. \( (-5)^2 = 25 \)

5. \( (5)^2 = 25 \)

6. \( (15)^2 = 225 \)

7. \( (25)^2 = 625 \)

8. \( (35)^2 = 1225 \)

Now sum these:

1225 + 625 = 1850

1850 + 225 = 2075

2075 + 25 = 2100

2100 + 25 = 2125

2125 + 225 = 2350

2350 + 625 = 2975

2975 + 1225 = 4200

Ah! That's a nice number. So \( \sum (t_i - \bar{t})^2 = 4200 \)

That makes sense because the \( t_i \) are symmetric around 35 (since the data is from 0 to 70, step 10, so centered at 35), so the squared deviations should be symmetric. Let's confirm:

The deviations from mean for \( t \) are -35, -25, -15, -5, 5, 15, 25, 35. So the squares are 35², 25², 15², 5², 5², 15², 25², 35². So two of each square: 2*(35² + 25² + 15² + 5²)

Compute 35²=1225, 25²=625, 15²=225, 5²=25. So 1225 + 625 = 1850, 225 + 25 = 250, so total per pair: 1850 + 250 = 2100, times 2: 4200. Yes, correct. So sum of squares is 4200.

So the slope \( m = \frac{1224.5}{4200} \)

Let's compute that: 1224.5 / 4200

Divide numerator and denominator by 10: 122.45 / 420

122.45 ÷ 420 ≈ 0.2915476...

Let me do exact division:

1224.5 ÷ 4200 = 1224.5 / 4200 = (1224.5 ÷ 10) / (4200 ÷ 10) = 122.45 / 420

122.45 ÷ 420: 420 * 0.29 = 121.8, 122.45 - 121.8 = 0.65, so 0.29 + 0.65/420 ≈ 0.29 + 0.0015476 ≈ 0.2915476

So approximately 0.2915. Let's keep more decimals for accuracy.

Alternatively, maybe use calculator steps.

But let's see if we can do it more precisely.

First, let's list all \( t_i \) and \( L_i \) with more precision.

Wait, the given life expectancies are probably rounded to one decimal place, so we can assume they are exact as given.

Let me try using another method to compute the slope and intercept, maybe using the formula for linear regression.

The formula for the slope is \( m = \frac{n \sum t_i L_i - \sum t_i \sum L_i}{n \sum t_i^2 - (\sum t_i)^2} \)

This might be easier.

Let's compute \( \sum t_i \), \( \sum L_i \), \( \sum t_i L_i \), \( \sum t_i^2 \)

We have \( t_i \): 0,10,20,30,40,50,60,70

\( L_i \): 57.5,59.4,62.4,65.9,68.8,71.1,74.3,77.7

First, \( \sum t_i = 0 + 10 + 20 + 30 + 40 + 50 + 60 + 70 = 280 \) (as before)

\( \sum L_i = 57.5 + 59.4 + 62.4 + 65.9 + 68.8 + 71.1 + 74.3 + 77.7 = 537.1 \) (as before)

\( \sum t_i^2 = 0^2 + 10^2 + 20^2 + 30^2 + 40^2 + 50^2 + 60^2 + 70^2 \)

= 0 + 100 + 400 + 900 + 1600 + 2500 + 3600 + 4900

Let's compute:

100 + 400 = 500

500 + 900 = 1400

1400 + 1600 = 3000

3000 + 2500 = 5500

5500 + 3600 = 9100

9100 + 4900 = 14000

So \( \sum t_i^2 = 14000 \)

\( \sum t_i L_i = 0*57.5 + 10*59.4 + 20*62.4 + 30*65.9 + 40*68.8 + 50*71.1 + 60*74.3 + 70*77.7 \)

Let's compute each term:

10*59.4 = 594

20*62.4 = 1248

30*65.9 = 1977

40*68.8 = 2752

50*71.1 = 3555

60*74.3 = 4458

70*77.7 = 5439

Now sum these up:

Start with 594 + 1248 = 1842

1842 + 1977 = 3819

3819 + 2752 = 6571

6571 + 3555 = 10126

10126 + 4458 = 14584

14584 + 5439 = 20023

So \( \sum t_i L_i = 20023 \)

Now, \( n = 8 \)

Slope \( m = \frac{n \sum t_i L_i - \sum t_i \sum L_i}{n \sum t_i^2 - (\sum t_i)^2} \)

Compute numerator: \( 8*20023 - 280*537.1 \)

First, 8*20023 = 160184

280*537.1: 280*500=140000, 280*37.1=280*30=8400, 280*7.1=1988, so 8400+1988=10388, so total 140000 + 10388 = 150388? Wait, better to compute 537.1*280:

537.1 * 280 = 537.1 * 200 + 537.1 * 80 = 107420 + 4296.8 = 111716.8

Wait, 537.1 * 280:

537.1 * 28 = 537.1 * 20 + 537.1 * 8 = 1"
22,"Okay, let's try to solve this problem step by step. First, let's recall some basics about polyhedra: Euler's formula for convex polyhedra (which we can assume this is, since it's a polyhedron with regular faces, so probably convex) is \( V - E + F = 2 \), where \( V \) is vertices, \( E \) edges, \( F \) faces.

We know \( F = 37 \) (given). Let's denote:

- Let \( T \) be the number of triangular faces (equilateral triangles)
- \( S \) be the number of square faces
- \( P \) be the number of pentagonal faces (regular pentagons)

Wait, but the problem says ""there is at least one of each type of face"", so \( T \geq 1 \), \( S \geq 1 \), \( P \geq 1 \).

Also, ""twice as many pentagons as triangles"" – so \( P = 2T \).

Total faces: \( T + S + P = 37 \). Since \( P = 2T \), substitute: \( T + S + 2T = 37 \implies 3T + S = 37 \). So \( S = 37 - 3T \).

Since \( S \geq 1 \), \( 37 - ื่3T \geq 1 \implies 3T \leq 36 \implies T \leq 12 \). Also, \( T \geq 1 \), so \( T \in \{1, 2,..., 12\} \).

But we also need to consider the edge counts and vertex counts, because not all combinations of faces are possible for a polyhedron. For a polyhedron, each edge is shared by two faces, so total edges \( E = \frac{1}{2}(3T + 4S + 5P) \), since each triangle has 3 edges, square 4, pentagon 5.

Similarly, each vertex is where at least three faces meet (for a simple polyhedron; if it's a non-simple polyhedron, but since it's made of regular polygons, it's likely a convex polyhedron, so each vertex has degree at least 3).

Let's write the edge count first: \( E = \frac{1}{2}(3T + 4S + 5P) = \frac{1}{2}(3T + 4(37 - 3T) + 5(2T)) \) because \( P = 2T \), \( S = 37 - 3T \).

Let's compute that: \( 3T + 4(37 - 3T) + 5(2T) = 3T + 148 - 12T + 10T = (3T - 12T + 10T) + 148 = T + 148 \). So \( E = \frac{T + 148}{2} \). Wait, no: wait, the total number of face edges is \( 3T + 4S + 5P \), so \( E = (3T + 4S + 5P)/2 \).

Yes, so \( 3T + 4S + 5P = 3T + 4(37 - 3T) + 5(2T) = 3T + 148 - 12T + 10T = (3T - 12T + 10T) + 148 = T + 148 \). So \( E = (T + 148)/2 \). Since \( E \) must be an integer, \( T + 148 \) must be even, so \( T \) must be even (since 148 is even). So \( T \) is even.

Also, for the vertex count: using Euler's formula, \( V - E + F = 2 \implies V = E - F + 2 = E - 37 + 2 = E - 35 \).

Now, we need to consider the vertex degrees. In a polyhedron, each vertex has at least 3 edges meeting, so the sum of the degrees around each vertex is at least 3 per vertex. But more precisely, for each vertex, the number of edges meeting at it is equal to the number of faces meeting at it, so for each vertex, if we let \( d_v \) be the degree (number of edges at vertex \( v \)), then \( \sum d_v = 2E \) (since each edge is counted twice).

Also, for each face, the number of edges is equal to the number of sides, so for the entire polyhedron, the sum over all vertices of the number of faces meeting at the vertex is equal to \( 2E \) (each edge is shared by two faces).

But maybe better to use the concept of face incidences: each face has a certain number of edges, so total face edges is \( 3T + 4S + 5P = 2E \), which we already used.

Now, another constraint: in a polyhedron, the number of vertices must satisfy that the sum of the angles at each vertex is less than \( 360^\circ \) (for convex polyhedra), but since we're dealing with regular polygons, the angle of a triangle is \( 60^\circ \), square \( 90^\circ \), pentagon \( 108^\circ \).

For a convex polyhedron, at each vertex, the sum of the face angles must be less than \( 360^\circ \). So for each vertex, if we have \( k \) faces meeting at it, the sum of their angles is \( < 360^\circ \).

So possible combinations:

- 3 triangles: \( 3 \times 60 = 180 < 360 \) → possible (e.g., tetrahedron)
- 2 triangles and 1 square: \( 2 \times 60 + 90 = 210 < 360 \)
- 1 triangle, 2 squares: \( 60 + 2 \times 90 = 240 < 360 \)
- 3 squares: \( 3 \times 90 = 270 < 360 \)
- 2 squares and 1 triangle: \( 2 \times 90 + 60 = 240 < 360 \)
- 1 square and 2 triangles: \( 90 + 2 \times 60 = 210 < 360 \)
- 4 triangles: \( 4 \times 60 = 240 < 360 \) (tetrahedron has 3, but octahedron has 4 triangles? Wait, no, octahedron has 8 triangular faces, each vertex has 4 triangles meeting, sum 240 < 360)
- 2 triangles and 1 pentagon: \( 2 \times 60 + 108 = 228 < 360 \)
- 1 triangle, 1 square, 1 pentagon: \( 60 + 90 + 108 = 258 < 360 \)
- 3 pentagons: \( 3 \times 108 = 324 < 360 \) (this is a key one! For a dodecahedron, each vertex has 3 pentagons, sum 324 < 360)
- 2 pentagons and 1 triangle: \( 2 \times 108 + 60 = 276 < 360 \)
- 1 pentagon and 2 squares: \( 108 + 2 \times 90 = 288 < 360 \)
- 3 squares and 1 triangle: \( 3 \times 90 + 60 = 330 < 360 \)
- Etc.

But actually, for a valid polyhedron, the vertex configuration must be such that the sum of angles at each vertex is less than 360, so the possible vertex types (in terms of face types) are limited.

However, maybe a better approach is to use the fact that for any polyhedron, the number of vertices can be related to the face counts, but we need to ensure that the face counts are consistent with the polyhedron being a valid 3D shape (i.e., the edge counts and vertex degrees are positive integers, and the vertex configurations are possible).

First, let's list possible \( T \) values. Remember \( T \) is the number of triangles, \( P = 2T \), \( S = 37 - 3T \). Since \( S \geq 1 \), \( 37 - 3T \geq 1 \implies T \leq 12 \). Also, \( T \geq 1 \), so \( T \in \{1,2,...,12\} \).

But \( S \) must be non-negative, so \( 37 - 3T \geq 0 \implies T \leq 12.333 \), so \( T \leq 12 \), which we have.

Also, \( P = 2T \) must be at least 1, so \( T \geq 1 \) (since \( T=0 \) would mean no triangles, but the problem states ""at least one of each type"", so \( T \geq 1 \), \( S \geq 1 \), \( P \geq 1 \)).

Now, let's check for each \( T \) whether the polyhedron can exist.

First, \( E = (3T + 4S + 5P)/2 = (3T + 4(37 - 3T) + 5(2T))/2 = (3T + 148 - 12T + 10T)/2 = (T + 148)/2 \). So \( E = (T + 148)/2 \). Since \( E \) must be an integer, \( T \) must be even (as 148 is even, so \( T \) even implies \( T + 148 \) even).

So possible \( T \) values: even numbers from 1 to 12, so \( T = 2, 4, 6, 8, 10, 12 \). Wait, \( T=1 \) is odd, so \( T=1 \): \( S = 37 - 3(1) = 34 \), \( P=2 \). Then \( E = (1 + 148)/2 = 149/2 = 74.5 \), not integer. So invalid. Similarly, \( T=3 \): \( S=37-9=28 \), \( P=6 \), \( E=(3+148)/2=151/2=75.5 \), invalid. So only even \( T \) give integer \( E \).

So possible \( T \): 2,4,6,8,10,12.

Now, let's list each \( T \):

1. \( T = 2 \):
   - \( P = 4 \)
   - \( S = 37 - 6 = 31 \)
   - Check \( S \geq 1 \): yes
   - \( E = (2 + 148)/2 = 150/2 = 75 \)
   - \( V = E - F + 2 = 75 - 37 + 2 = 40 \)? Wait, no: Euler's formula is \( V - E + F = 2 \implies V = E - F + 2 = 75 - 37 + 2 = 40 \). Wait, \( F = 37 \), so \( V = 75 - 37 + 2 = 40 \).

2. \( T = 4 \):
   - \( P = 8 \)
   - \( S = 37 - 12 = 25 \)
   - \( E = (4 + 148)/2 = 152/2 = 76 \)
   - \( V = 76 - 37 + 2 = 41 \)

3. \( T = 6 \):
   - \( P = 12 \)
   - \( S = 37 - 18 = 19 \)
   - \( E = (6 + 148)/2 = 154/2 = 77 \)
   - \( V = 77 - 37 + 2 = 42 \)

4. \( T = 8 \):
   - \( P = 16 \)
   - \( S = 37 - 24 = 13 \)
   - \( E = (8 + 148)/2 = 156/2 = 78 \)
   - \( V = 78 - 37 + 2 = 43 \)

5. \( T = 10 \):
   - \( P = 20 \)
   - \( S = 37 - 30 = 7 \)
   - \( E = (10 + 148)/2 = 158/2 = 79 \)
   - \( V = 79 - 37 + 2 = 44 \)

6. \( T = 12 \):
   - \( P = 24 \)
   - \( S = 37 - 36 = 1 \)
   - \( E = (12 + 148)/2 = 160/2 = 80 \)
   - \( V = 80 - 37 + 2 = 45 \)

Now, we need to check which of these are valid polyhedra. That is, for each vertex, the sum of face angles must be less than 360°, and the number of vertices must be positive, and the face counts must be consistent with the polyhedron being a closed surface.

First, let's recall that for a polyhedron with all faces regular polygons, the vertex figures must be such that the sum of angles at each vertex is less than 360°.

Let's consider the possible vertex configurations:

- Triangles (60°), squares (90°), pentagons (108°).

Possible vertex types (number of each face type meeting at a vertex):

1. Three triangles: 3*60=180 < 360 → valid (e.g., tetrahedron)
2. Two triangles, one square: 2*60 + 90 = 210 < 360 → valid
3. One triangle, two squares: 60 + 2*90 = 240 < 360 → valid
4. Three squares: 3*90=270 < 360 → valid (cube)
5. Two squares, one triangle: 2*90 + 60 = 240 < 360 → same as above
6. One square, two triangles: 90 + 2*60 = 210 < 360 → same as above
7. Four triangles: 4*60=240 < 360 → valid (e.g., tetrahedron has 3, octahedron has 4 triangles at each vertex)
8. Two triangles, one pentagon: 2*60 + 108 = 228 < 360 → valid
9. One triangle, two pentagons: 60 + 2*108 = 276 < 360 → valid
10. Three pentagons: 3*108=324 < 360 → valid (dodecahedron has 3 pentagons at each vertex)
11. Two pentagons, one triangle: 2*108 + 60 = 276 < 360 → valid
12. One pentagon, two squares: 108 + 2*90 = 288 < 360 → valid
13. Etc.

But we need to check if the counts of vertices of each type are consistent with the total number of edges and faces.

Another way: use the handshaking lemma for vertices. The sum of the degrees (number of edges at each vertex) is \( 2E \). Let's denote \( v_k \) as the number of vertices with \( k \) faces meeting at them (i.e., degree \( k \)). Then \( \sum k v_k = 2E \).

Also, the number of faces can be related to the vertex types: each face has a certain number of vertices, so total face vertices count is \( 3T + 4S + 5P = 2E \) (since each edge is shared by two faces, so total face vertices count is \( 2E \)).

But maybe more useful is the concept of the ""defect"" at each vertex: \( 360^\circ - \) sum of face angles at the vertex. For a convex polyhedron, the defect is positive, and the sum of defects is \( 720^\circ \) (for a polyhedron, the total defect is \( 360^\circ (V - 2) \)? Wait, no: for any convex polyhedron, the sum of the face angles is \( 360^\circ (V - 2) \)? Wait, no, the sum of the face angles is \( 360^\circ (V - 2) \) for a spherical polyhedron? Wait, actually, the total defect (the amount by which the sum of face angles at each vertex is less than 360°) is \( 720^\circ \) for a polyhedron? Wait, no: for a tetrahedron, each vertex has 3 triangles, sum of angles 180°, so defect per vertex is 180°, total defect 4*180=720°. Yes, for any convex polyhedron, the total defect (sum of (360° - sum of face angles at each vertex)) is \( 720^\circ \).

So total defect \( D = \sum (360 - \text{sum of face angles at vertex}) = 720^\circ \).

Let's denote for each vertex type:

- Type A: 3 triangles: sum of angles = 180°, defect = 180°
- Type B: 2 triangles, 1 square: sum = 120 + 90 = 210°, defect = 150°
- Type C: 1 triangle, 2 squares: sum = 60 + 180 = 240°, defect = 120°
- Type D: 3 squares: sum = 270°, defect = 90°
- Type E: 2 squares, 1 triangle: same as Type B? Wait, no, the order matters, but the sum is the same.
- Type F: 4 triangles: sum = 240°, defect = 120° (e.g., octahedron vertices)
- Type G: 3 pentagons: sum = 324°, defect = 36°
- Type H: 2 pentagons, 1 triangle: sum = 216 + 60 = 276°, defect = 84°
- Type I: 1 pentagon, 2 squares: sum = 108 + 180 = 288°, defect = 72°
- Etc.

But maybe instead of getting into all types, we can use the fact that for a polyhedron with only triangles, squares, and pentagons, the number of vertices must satisfy certain conditions.

Alternatively, let's use the formula for the number of vertices in terms of face counts.

We have \( V = E - F + 2 = (3T + 4S + 5P)/2 - F + 2 \). Wait, \( E = (3T + 4S + 5P)/2 \), so \( V = (3T + 4S + 5P)/2 - F + 2 \).

But we need to ensure that the polyhedron is valid, i.e., the face counts are such that the vertex configurations are possible.

Let's take each \( T \) value and check if the polyhedron can exist.

Start with \( T = 12 \):

- \( T = 12 \), \( P = 24 \), \( S = 1 \)
- Total faces: 12 + 1 + 24 = 37, good.
- \( E = (12*3 + 1*4 + 24*5)/2 = (36 + 4 + 120)/2 = 160/2 = 80 \)
- \( V = 80 - 37 + 2 = 45 \)
- Now, check vertex configurations. We have 1 square, 12 triangles, 24 pentagons.

Let's see the number of vertices of each type.

Each square has 4 vertices, each triangle 3, each pentagon 5. Total face vertices: 12*3 + 1*4 + 24*5 = 36 + 4 + 120 = 160. Since each vertex is shared by 3 faces (at least), the number of vertices \( V = 45 \), so average number of faces per vertex is \( 160 / 45 ≈ 3.555 \), so most vertices have 3 or 4 faces meeting.

Let's try to find the number of vertices with different configurations.

Let \( x \) be the number of vertices with 3 faces meeting (triangles, squares, pentagons), \( y \) with 4 faces, etc"
23,"Okay, let's try to figure out this problem step by step. First, let's make sure I understand the problem correctly.

We have two people: Person A (walks) and Person B (bikes). They start at the same time from points A and B, which are 5 km apart. Person A is going from A to B, and Person B is going from B to A. The bicycle speed is twice the walking speed. So if we let the walking speed be v, then the bike speed is 2v.

First, they meet somewhere. Let's find where they meet first. Then, after meeting, Person B turns around and goes back to B. Wait, no—the problem says: ""After meeting Person A, Person B turns around and return to B."" Wait, that might be a translation issue? Wait, no. Wait, the problem says: ""After meeting Person A, Person B turns around and return to B."" Hmm, maybe it's ""after meeting Person A, Person B turns around and returns to B""? Wait, no, the original says: ""After meeting Person A, Person B turns around and return to B."" Wait, that seems odd because if they meet, then Person B would turn around and go back to B? Wait, no—Person B was going from B to A, so they meet at some point between A and B. Then Person B turns around (so now going back towards B) and returns to B. Wait, but they were going from B to A, so meeting at a point C between A and B, then Person B turns around and goes back to B. Wait, that would mean Person B has to go from C back to B, which is part of the way. Then once arriving back at B, Person B again rides the bicycle towards A, repeating this back-and-forth motion.

Wait, but the question is: ""What is the total distance traveled by Person B when Person A arrives at B?""

So we need to find how far Person B has traveled in total by the time Person A reaches point B.

Let me parse this carefully.

First phase: Person A starts at A, walks towards B; Person B starts at B, bikes towards A. They move towards each other until they meet. Let's call the meeting point M. At this moment, Person A has walked some distance, Person B has biked some distance. Since they started at the same time, the time taken to meet is t1 = d1 / v = d2 / (2v), where d1 is the distance Person A walked, d2 is the distance Person B biked. Since d1 + d2 = 5 km (the total distance between A and B).

So d1 + d2 = 5.

Also, d1 = v * t1, d2 = 2v * t1 => d2 = 2d1.

Therefore, d1 + 2d1 = 5 => 3d1 = 5 => d1 = 5/3 ≈ 1.6667 km. So Person A walked 5/3 km, Person B biked 10/3 km (≈3.333 km) before meeting.

Then, after meeting, Person B turns around and returns to B. Wait, so after meeting, Person B goes back to B? Wait, Person B was going from B to A, met Person A at M, then turns around (so now going from M back to B), and returns to B. So the distance from M to B is d2 = 10/3 km. So Person B has to travel 10/3 km back to B.

Wait, but the problem says: ""After meeting Person A, Person B turns around and return to B"". So that's one trip: from B to M (distance 10/3 km), then turns around and goes back to B (another 10/3 km)? Wait, no. Wait, no—if you start at B, go to A direction, meet at M, then turn around (so now going back towards B), so from M to B is the distance back. So the distance Person B travels after meeting is from M to B, which is 10/3 km. Wait, but the problem says ""return to B"", so that's the first return trip.

But wait, the problem states: ""repeating this back-and-forth motion"". So after returning to B, Person B again rides towards A, and repeats the process.

But the key is: when does Person A arrive at B? We need to find the total distance Person B has traveled by the time Person A reaches B.

So first, let's figure out how long it takes for Person A to reach B. Person A starts at A, walks towards B at speed v. The time taken for Person A to reach B is 5 / v hours (since the distance is 5 km).

But during this time, Person B is doing multiple trips: first going from B to M (meeting point), then turning around and going back to B, then again going from B to A, etc., until Person A arrives at B.

Wait, but maybe the problem is simpler. Let's think about the timeline.

First, Person A takes time T = 5 / v to reach B.

In that time, how much does Person B do?

But Person B's motion is a bit complicated because it's a back-and-forื่th.

Wait, but perhaps the problem is designed such that we don't have to consider all the back-and-forth, because maybe Person B only does one round trip or something? Wait, no.

Wait, the problem says: ""When Person A arrives at B"", so we need to see how much time passes until Person A reaches B, and in that time, how far Person B has traveled.

Let's model this.

Let’s denote:

Walking speed: v (km/h)

Bike speed: 2v (km/h)

Time taken for Person A to reach B: T = 5 / v hours.

In this time T, Person B is moving back and forth between A and B, starting from B, going to A, meeting Person A, turning around, going back to B, then again going to A, etc.

But we need to compute the total distance Person B travels in time T.

But this might be a bit involved. Let's try to break it down.

First, the initial meeting:

As calculated earlier, they meet at distance d1 = 5/3 km from A (so 10/3 km from B).

Time taken to meet: t1 = d1 / v = (5/3)/v = 5/(3v) hours.

At this time, Person B has traveled 10/3 km.

Now, after meeting, Person B turns around and heads back to B. The distance from meeting point M to B is 10/3 km. So time taken to return to B: t2 = (10/3) / (2v) = (10)/(6v) = 5/(3v) hours.

So total time so far: t1 + t2 = 5/(3v) + 5/(3v) = 10/(3v) hours.

In this time, Person A has walked: v * (10/(3v)) = 10/3 km. So Person A is now 10/3 km from A, meaning he has 5 - 10/3 = 5/3 km left to B.

Wait, but Person A hasn't reached B yet. Because Person A needs 5/v hours to reach B. So after time t1 + t2 = 10/(3v), Person A has walked 10/3 km, so remaining distance: 5 - 10/3 = 5/3 km. Time remaining for Person A to reach B: (5/3)/v = 5/(3v) hours.

Wait, so after Person B returns to B, there's still time left for Person A to reach B.

Wait, let's outline the timeline.

Time 0: Both start moving.

Time t1 = 5/(3v): Meeting at M (5/3 km from A, 10/3 km from B).

From t1 to t1 + t2 = 5/(3v) + 5/(3v) = 10/(3v): Person B goes back to B.

At time t = 10/(3v), Person B is back at B.

At this time, Person A has walked v*(10/(3v)) = 10/3 km, so remaining distance to B: 5 - 10/3 = 5/3 km. Time left for Person A to reach B: (5/3)/v = 5/(3v) hours.

So after Person B returns to B at time 10/(3v), Person B immediately starts biking back towards A (since the problem says ""repeating this back-and-forth motion""—so after returning to B, he heads towards A again).

So now, from time t = 10/(3v) onward, Person B is moving from B towards A, and Person A is still moving towards B.

We need to see what happens next.

Let’s denote the time between Person B's return to B and Person A reaching B as Δt = 5/(3v) (since Person A has 5/3 km left, which takes 5/(3v) time).

Wait, but during this time Δt, Person B is moving towards A, so we need to check if they meet again, or if Person A reaches B before that.

Wait, Person A has 5/3 km left to go, which takes Δt = (5/3)/v = 5/(3v) time. In this time, Person B is moving from B towards A at speed 2v.

So in time Δt, Person B travels distance: 2v * Δt = 2v*(5/(3v)) = 10/3 km.

Wait, so Person B travels 10/3 km towards A in time Δt.

But Person A is traveling towards B for time Δt, covering 5/3 km.

Wait, but Person A's remaining distance is 5/3 km, so he reaches B exactly at time t = 10/(3v) + 5/(3v) = 15/(3v) = 5/v. Which is exactly the time it takes Person A to reach B from the start (since T = 5/v). So that's the total time.

Wait, this is interesting. So Person A reaches B at time T = 5/v.

Let's verify:

Total time for Person A: 5/v.

In this time, Person B does:

- First leg: from B to M (time t1 = 5/(3v)), distance 10/3 km.

- Then from M back to B (time t2 = 5/(3v)), distance 10/3 km.

- Then from B towards A for time Δt = 5/(3v), distance 2v * Δt = 10/3 km.

Wait, so total distance for Person B: 10/3 + 10/3 + 10/3 = 30/3 = 10 km? But wait, the problem says ""when Person A arrives at B"", so we need to check if Person B completes these motions before or during that time.

Wait, according to the calculation above, Person A reaches B at time T = 5/v.

Let's track Person B's position over time.

Time 0 to t1 = 5/(3v):

Person B moves from B to M (distance 10/3 km).

Time t1 to t1 + t2 = 10/(3v):

Person B moves from M back to B (distance 10/3 km).

Time t = 10/(3v) to T = 5/v:

Person B moves from B towards A for time Δt = T - 10/(3v) = 5/v - 10/(3v) = (15 - 10)/3v = 5/(3v). So yes, Δt = 5/(3v).

In this time, Person B travels 2v * Δt = 10/3 km towards A.

So total distance traveled by Person B: 10/3 + 10/3 + 10/3 = 30/3 = 10 km.

Wait, but hold on: does Person B reach A before Person A reaches B? Or does Person B stop at some point?

Wait, in the last leg, Person B is moving towards A for time Δt = 5/(3v), covering 10/3 km. Since the total distance from B to A is 5 km, Person B has traveled 10/3 ≈ 3.333 km towards A, so he is at position 10/3 km from B (i.e., 5 - 10/3 = 5/3 km from A). But Person A is arriving at B at the same time as Person B finishes this last leg.

Wait, no: Person A reaches B at time T = 5/v. During the time from t = 10/(3v) to T = 5/v, Person B is moving towards A. At time T, Person A arrives at B, and Person B has traveled an additional 10/3 km towards A.

But does Person B meet Person A again during this time? Wait, the problem states that after returning to B, Person B again rides towards A, repeating the back-and-forth. But in this case, since Person A is arriving at B at time T, we need to see if during the time Person B is moving from B to A (the last leg), does Person A reach B before Person B completes that leg.

But according to our calculation, Person A reaches B exactly at time T = 5/v, and Person B's last leg takes Δt = 5/(3v), which is the time it takes for Person A to cover the remaining 5/3 km. So at time T, Person A arrives at B, and Person B has been moving towards A for Δt time, covering 10/3 km.

But wait, the problem says ""when Person A arrives at B"", so we need to sum all the distance Person B has traveled up to that exact time.

So in total, Person B has done:

1. From B to M: 10/3 km

2. From M back to B: 10/3 km

3. From B towards A for 5/(3v) time: 10/3 km

Total: 10/3 * 3 = 10 km.

So the answer should be 10 km, which is option H.

Wait, but let me double-check.

Alternative approach: The total time Person A takes is 5/v.

In that time, Person B is moving continuously (except maybe stops, but no, the problem says he's riding the bicycle, so always moving).

Wait, but according to the problem statement: ""After meeting Person A, Person B turns around and return to B. Once arriving back at B, Person B again rides the bicycle towards A, repeating this back-and-forth motion.""

So the sequence is:

1. B goes from B → M (meet A), then turns around → B (back to start).

2. Then B goes from B → A (again), but wait, no: after returning to B, he again rides towards A, so next trip is B → A.

But in our previous calculation, Person A reaches B at time T = 5/v. Let's see how many times Person B has turned around.

But according to the timeline:

Time 0 to 5/(3v): B moves from B to M (10/3 km)

Time 5/(3v) to 10/(3v): B moves from M to B (10/3 km)

Time 10/(3v) to 5/v (which is 15/(3v)): B moves from B to some point towards A for 5/(3v) time.

So in total, Person B's distance: 10/3 + 10/3 + (2v * 5/(3v)) = 20/3 + 10/3 = 30/3 = 10 km.

Yes, so total 10 km.

Wait, but why does the problem mention ""repeating this back-and-forth motion""? Because after the first return to B, he starts again going towards A, but in this case, Person A reaches B before Person B can complete another cycle.

But according to the calculation, Person B's last leg is only part of the way to A, but since Person A arrives at B at the same time as Person B finishes his last leg (the 10/3 km towards A), so total distance is 10 km.

Wait, but let's check units.

Person A's speed: v.

Time for Person A to go 5 km: 5/v.

In that time, Person B's speed is 2v, so distance = 2v * (5/v) = 10 km.

Wait a second! This is a much simpler way.

If Person A takes time T = 5/v to reach B.

In that time, Person B is moving continuously (no stops) at speed 2v, so total distance = speed * time = 2v * (5/v) = 10 km.

Oh! That's brilliant. Why didn't I think of this earlier?

Because regardless of the back-and-forth, the total distance Person B travels is just his speed multiplied by the time Person A takes to reach B.

Since Person A's time to reach B is 5/v, so Person B travels 2v * (5/v) = 10 km.

So the answer is 10 km, option H.

But wait, the problem says ""when Person A arrives at B"", so we have to make sure that Person B doesn't stop or anything. But according to the problem statement, Person B is constantly moving (repeating back-and-forth), but the total time is the time it takes for Person A to get to B, so in that time, Person B has been moving non-stop (since he's cycling continuously), so total distance is speed * time = 2v * (5/v) = 10.

Yes! This is a classic relative motion problem, but here the key insight is that the total time is fixed for Person A, so Person B's distance is simply speed * time.

So regardless of the meetings and turns, the total distance is 2 * 5 = 10 km.

Wait, that's too simple. So why did the problem describe all the back-and-forth? Maybe to trick us into thinking it's complicated?

But according to the math, it's 10 km.

Let me confirm with numbers.

Suppose walking speed v = 1 km/h (so Person A walks 1 km/h).

Then Person B's speed is 2 km/h.

Time for Person A to reach B: 5 / 1 = 5 hours.

So Person B travels 2 * 5 = 10 km.

Yes! So in 5 hours, Person B travels 10 km.

But let's simulate the timeline.

Time 0: Start.

First meeting:

Person A walks 1 km/h, Person B bikes 2 km/h.

Time to meet: t1 = 5 / (1 + 2) = 5/3 hours? Wait, no.

Wait, no. If they're moving towards each other, relative speed is v + 2v = 3v.

Distance = 5 km.

Time to meet: 5 / (3v) = 5/(3*1) = 5/3 hours (if v=1 km/h).

In that time:

Person A walks: 1 * 5/3 = 5/3 km ≈ 1.6667 km.

Person B bikes: 2 * 5/3 = 10/3 ≈ 3.333 km.

So meeting point is 5/3 km from A, 10/3 km from B.

Then Person B turns around and goes back to B.

Time to return to B: distance 10/3 km at 2 km/h: time = (10/3)/2 = 5/3 hours.

So total time so far: 5/3 + 5/3 = 10/3 ≈ 3.333 hours.

At this time, Person A has walked: 1 * 10/3 ≈ 3.333 km, so remaining distance to B: 5 - 3.333 ≈ 1.6667 km.

Time left for Person A to reach B: 1.6667 / 1 ≈ 1.6667 hours = 5/3 hours.

So in this remaining time, Person B starts moving from B towards A at 2 km/h.

In 5/3 hours, Person B travels: 2 * 5/3 ≈ 3.333 km.

Total distance for Person B: 10/3 + 10/3 + 10/3 = 10 km.

Exactly. So in total, Person B travels 10 km when Person A reaches B.

So the answer is H. 10 km.

Wait, but the options include H. 10km.

Yes, option H is 10km.

So the answer is H.
</think>

To determine the **total distance traveled by Person B** when **Person A arrives at point B**, we analyze the situation using basic kinematic principles and the given conditions.

---

### 🧠 Key Information

- Distance between points $ A $ and $ B $: **5 km**
- **Person A** walks from $ A $ to $ B $ at speed $ v $
- **Person B** rides a bicycle from $ B $ to $ A $ at speed $ 2v $
- They start moving **at the same time**
- After meeting, **Person B turns around** and returns to $ B $
- Then **repeats this back-and-forth motion**
- We are to find: **How far does Person B travel** by the time **Person A reaches $ B $**

---

### ✅ Simplified Insight

Instead of tracking every meeting and turn, we can use a **direct relationship** based on time and speed.

Let’s define:

- Time taken for **Person A** to reach $ B $:  
  $$
  T = \frac{\text{Distance}}{\text{Speed}} = \frac{5}{v}
  $$

During this time $ T $, **Person B** is continuously moving (no rest) at speed $ 2v $. So the **total distance** Person B travels is:

$$
\text{Distance}_B = \text{Speed}_B \times \text{Time} = 2v \cdot \left( \frac{5}{v} \right) = 10 \text{ km}
$$

This calculation **"
24,"Okay, let's see. I need to find the sum of the squared residuals for the line y = 3 + 2x fitted to the points (-1, 2), (2, 7), and (5, 13). Hmm, first, I should remember what a residual is. A residual is the difference between the actual y-value (from the data) and the predicted y-value (from the regression line). So for each point, we calculate the residual, square it, and then sum them up. That's the sum of squared residuals.

Let me list out the data points first. The given points are:

1. (-1, 2)
2. (2, 7)
3. (5, ื่)

Wait, the third point is (5, 13). Let me write them as (x_i, y_i):

Point 1: x₁ = -1, y₁ = 2

Point 2: x₂ = 2, y₂ = 7

Point 3: x₃ = 5, y₃ = 13

The regression line is given as ŷ = 3 + 2x. So for each x_i, we can compute the predicted ŷ_i, then the residual e_i = y_i - ŷ_i. Then sum of squared residuals is Σ(e_i)².

Let's compute each residual step by step.

First, for Point 1: x = -1

Predicted ŷ = 3 + 2*(-1) = 3 - 2 = 1

Actual y = 2

Residual e₁ = 2 - 1 = 1

Squared residual: (1)² = 1

Next, Point 2: x = 2

Predicted ŷ = 3 + 2*(2) = 3 + 4 = 7

Actual y = 7

Residual e₂ = 7 - 7 = 0

Squared residual: 0² = 0

Point 3: x = 5

Predicted ŷ = 3 + 2*(5) = 3 + 10 = 13

Actual y = 13

Residual e₃ = 13 - 13 = 0

Squared residual: 0² = 0

Wait, so the residuals are 1, 0, 0? Then the sum of squared residuals would be 1 + 0 + 0 = 1?

But let me double-check because sometimes when they say ""fitted to the data points"", maybe the line is supposed to be the least squares fit, but here they already gave the line as ŷ = 3 + 2x. Wait, the problem says ""the line ŷ = 3 + 2x is fitted to the data points"". So maybe they just want us to take that line and compute the residuals for those points, regardless of whether it's the best fit or not. Because in reality, for these three points, the line y = 2x + 3 might not be the least squares fit, but the problem states that this line is fitted to the data, so we just use it as given.

Let me verify the calculations again.

For (-1, 2):

ŷ = 3 + 2*(-1) = 3 - 2 = 1. So residual is 2 - 1 = 1. Squared is 1.

For (2, 7):

ŷ = 3 + 2*2 = 3 + 4 = 7. Residual is 7 - 7 = 0. Squared is 0.

For (5, 13):

ŷ = 3 + 2*5 = 3 + 10 = 13. Residual is 13 - 13 = 0. Squared is 0.

So sum of squared residuals is 1 + 0 + 0 = 1.

Wait, that seems straightforward, but let me check if I have the points right. The problem says ""the data points (-1,2), (2,7), and (5,13)"". So yes, those are the three points.

Is there a chance I mixed up the residual? Sometimes residuals are defined as ŷ - y, but no, in statistics, the residual is usually y - ŷ (the actual minus predicted), but sometimes people define it as ŷ - y. Wait, but the sum of squared residuals is the same regardless of sign, because squaring removes the sign. Wait, no: if residual is defined as ŷ - y, then it's negative of what I did, but squaring makes it positive. So the sum of squared residuals is the same either way, since (y - ŷ)² = (ŷ - y)².

So regardless of the definition, the sum of squared residuals is the sum of (y_i - ŷ_i)², which is what I computed.

Let me check with the third point: (5,13). The line at x=5 gives ŷ=13, so the residual is 0. That's correct. For x=2, the line gives exactly 7, so residual 0. For x=-1, the line gives 1, so residual 1. So sum of squared residuals is 1.

Hmm, that seems too easy, but maybe that's correct. Let me think: the line y = 2x + 3 passes through (2,7) and (5,13), because when x=2, y=7; x=5, y=13. So those two points are on the line. So the residuals for those two points are zero. The third point (-1,2) is not on the line, so its residual is 1. Hence, sum of squared residuals is 1.

Yes, that makes sense. So the answer is 1.

I think that's it. Let me just write it down step by step.

1. For each data point (x_i, y_i), compute predicted ŷ_i = 3 + 2x_i.

2. Compute residual e_i = y_i - ŷ_i.

3. Square each residual: e_i².

4. Sum all squared residuals.

Calculations:

- For (-1, 2):

  ŷ = 3 + 2*(-1) = 1

  e = 2 - 1 = 1

  e² = 1

- For (2, 7):

  ŷ = 3 + 2*2 = 7

  e = 7 - 7 = 0

  e² = 0

- For (5, 13):

  ŷ = 3 + 2*5 = 13

  e = 13 - 13 = 0

  e² = 0

Sum of squared residuals = 1 + 0 + 0 = 1.

Yep, that's correct. So the answer is 1.
</think>

To determine the **sum of the squared residuals** for the line $\hat{y} = 3 + 2x$ fitted to the data points $(-1, 2)$, $(2, 7)$, and $(5, 13)$, we follow a systematic process:

---

### Step 1: Understand What a Residual Is

A **residual** is the difference between the actual observed value $y_i$ and the predicted value $\hat{y}_i$ from the regression model. It is calculated as:
$$
e_i = y_i - \hat{y}_i
$$
Then, the **squared residual** is:
$$
e_i^2 = (y_i - \hat{y}_i)^2
$$
The **sum of squared residuals** is simply the sum of all these squared differences:
$$
\text{Sum of Squared Residuals} = \sum_{i=1}^{n} (y_i - \hat{y}_i)^2
$$

---

### Step 2: Compute Predicted Values

We are given the regression line:  
$$
\hat{y} = 3 + 2x
$$

Now compute $\hat{y}$ for each $x$ in the dataset.

| $x$ | $y$ | $\hat{y} = 3 + 2x$ | Residual $e = y - \hat{y}$ | Squared Residual $e^2$ |
|-----|------|------------------------|-------------------------------|--------------------------|
| -1  | 2    | $3 + 2(-1) = 1$      | $2 - 1 = 1$                | $1^2 = 1$              |
| 2   | 7    | $3 + 2(2) = 7$       | $7 - 7 = 0$               | $0^2 = 0$             |
| 5   | 13   | $3 + 2(5) = 13$     | $13 - 13 = 0$            | $0^2 = 0$             |

---

### Step 3: Calculate the Sum of Squared Residuals

Add up the squared residuals:
$$
\text{Sum of Squared Residuals} = 1 + 0 + 0 = 1
$$

---

### Final Answer

$$
\boxed{1}
$$"
25,"Okay, let's tackle part (a) first: the relative frequency table. 

First, I need to remember that relative frequency is the frequency of each class divided by the total number of observations. So first, I should calculate the total number of students, which is the sum of all frequencies.

Let me list out the frequencies again:

- Below 50: 8
- 50-59: 6
- 60-69: 11
- 70-79: 17
- 80-89: 13
- 90-100: 8

Let's add these up. Let's do the math step by step.

8 + 6 = 14

14 + 11 = 25

25 + 17 = 42

42 + 13 = 55

55 + 8 = 63

So total number of students is 63.

Now, relative frequency for each category is frequency divided by 63.

Let's compute each one:

1. Below 50: 8 / 63. Let's calculate that. 8 divided by 63. Let's see, 63 goes into 8 zero times, so 0.127... Let me get a decimal. 8 ÷ 63 ≈ 0.12698, so approximately 0.127 or 12.7%.

2. 50-59: 6 / 63. That's 6 ÷ 63 = 0.095238..., so approximately 0.095 or 9.5%.

3. 60-69: 11 / 63. 11 ÷ 63 ≈ 0.1746, so about 0.175 or 17.5%.

4. 70-79: 17 / 63. 17 ÷ 63 ≈ 0.2698, so approximately 0.270 or 27.0%.

5. 80-89: 13 / 63. 13 ÷ 63 ≈ 0.2063, so about 0.206 or 20.6%.

6. 90-100: 8 / 63. Wait, that's the same as below 50. 8/63 ≈ 0.127, so 12.7%.

Let me check if these add up to 1. Let's sum the relative frequencies:

8 + 6 + 11 + 17 + 13 + 8 = 63, so the relative frequencies should sum to 1.

Let's compute the sum of the relative frequencies:

0.12698 + 0.09524 + 0.17460 + 0.26984 + 0.20635 + 0.12698 ≈

Let's add step by step:

0.12698 + 0.09524 = 0.22222

0.22222 + 0.17460 = 0.39682

0.39682 + 0.26984 = 0.66666

0.66666 + 0.20635 = 0.87301

0.87301 + 0.12698 ≈ 1.000 (since 0.87301 + 0.12698 = 0.99999, which is approximately 1 due to rounding)

So that checks out.

Now, the problem says ""construct the relative frequency table"". Usually, relative frequency can be presented as a decimal or a percentage. The question doesn't specify, but since it's a statistics exam, probably decimal form, maybe rounded to three decimal places or two. Let's see what's standard.

In many cases, relative frequency is given to three decimal places. Let's compute each:

Below 50: 8/63 ≈ 0.12698 → 0.127

50-59: 6/63 ≈ 0.09524 → 0.095

60-69: 11/63 ≈ 0.17460 → 0.175

70-79: 17/63 ≈ 0.26984 → 0.270

80-89: 13/63 ≈ 0.20635 → 0.206

90-100: 8/63 ≈ 0.12698 → 0.127

Alternatively, sometimes relative frequency is expressed as a percentage, but the problem says ""relative frequency"", which is usually a decimal between 0 and 1. Let me confirm.

Yes, relative frequency is the proportion, so decimal. Let's write them as decimals rounded to three decimal places, which is common.

So:

Below 50: 8/63 ≈ 0.127

50-59: 6/63 ≈ 0.095

60-69: 11/63 ≈ 0.175

70-79: 17/63 ≈ 0.270

80-89: 13/63 ≈ 0.206

90-100: 8/63 ≈ 0.127

Let me verify the calculations:

8 ÷ 63: 63 × 0.12 = 7.56, 8 - 7.56 = 0.44, so 0.12 + 0.44/63 ≈ 0.12 + 0.007 = 0.127. Correct.

6 ÷ 63 = 0.095238... so 0.095.

11 ÷ 63: 63 × 0.17 = 10.71, 11 - 10.71 = 0.29, so 0.17 + 0.29/63 ≈ 0.17 + 0.0046 ≈ 0.1746, so 0.175 when rounded to three decimals.

17 ÷ 63: 63 × 0.27 = 17.01, so that's very close to 0.27. So 0.270.

13 ÷ 63: 63 × 0.206 = 13.0 (approx), since 63 × 0.2 = 12.6, 13 - 12.6 = 0.4, so 0.2 + 0.4/63 ≈ 0.2 + 0.0063 = 0.2063, so 0.206.

8 ÷ 63 is same as below 50, so 0.127.

So the relative frequency table would be:

Grade on Statistics Exam | Relative Frequency

Below 50 | 0.127

50-59 | 0.095

60-69 | 0.175

70-79 | 0.270

80-89 | 0.206

90-100 | 0.127

I think that's correct.

Now part (b): cumulative frequency table.

Cumulative frequency is the sum of frequencies from the lowest category up to that category.

First, we need to order the categories from lowest to highest. The given categories are already ordered: Below 50, then 50-59, etc., up to 90-100.

So cumulative frequency for ""Below 50"" is just the frequency of ""Below 50"", which is 8.

Then ""50-59"" cumulative frequency is frequency of ""Below 50"" plus ""50-59"": 8 + 6 = 14.

Then ""60-69"" cumulative frequency: 8 + 6 + 11 = 25.

""70-79"": 8 + 6 + 11 + 17 = 42.

""80-89"": 8 + 6 + 11 + 17 + 13 = 55.

""90-100"": total frequency, which is 63.

Wait, let's check:

Total is 63, so cumulative frequency for ""90-100"" is 63.

Let's list them step by step.

Below 50: 8 (only this category)

50-59: 8 + 6 = 14

60-69: 14 + 11 = 25

70-79: 25 + 17 = 42

80-89: 42 + 13 = 55

90-100: 55 + 8 = 63

Yes, that's correct.

So the cumulative frequency table:

Grade on Statistics Exam | Cumulative Frequency

Below 50 | 8

50-59 | 14

60-69 | 25

70-79 | 42

80-89 | 55

90-100 | 63

Let me confirm:

- Below 50: 8 (correct)

- 50-59: 8 + 6 = 14 (correct)

- 60-69: 14 + 11 = 25 (correct)

- 70-79: 25 + 17 = 42 (correct)

- 80-89: 42 + 13 = 55 (correct)

- 90-100: 55 + 8 = 63 (which is total, correct)

Perfect.

So for part (a), the relative frequencies are approximately 0.127, 0.095, 0.175, 0.270, 0.206, 0.127.

For part (b), cumulative frequencies are 8, 14, 25, 42, 55, 63.

The problem says ""construct the following"" for both parts. Let's write the answers.

For part (a), the relative frequency table:

Below 50: 8/63 ≈ 0.127

50-59: 6/63 ≈ 0.095

60-69: 11/63 ≈ 0.175

70-79: 17/63 ≈ 0.270

80-89: 13/63 ≈ 0.206

90-100: 8/63 ≈ 0.127

So the answers for (a) are 0.127, 0.095, 0.175, 0.270, 0.206, 0.127.

For (b), cumulative frequencies are 8, 14, 25, 42, 55, 63.

Let me check if the problem wants the answers in a specific format. The problem says ""put your final answer inside \boxed{}"". Since there are two parts, (a) and (b), we need to box each part.

Wait, the problem says: ""If the problem has multiple sub-answers, separate them by commas inside a single \boxed{}""

Wait, the original problem says ""Solve the problem step-by-step. Put your final answer inside \boxed{}.""

But the problem has two parts: (a) and (b). So we need to provide two boxed answers.

Wait, let me re-read the problem statement.

""Given the frequency table above, construct the following:

(a) The relative frequency table...

(b) The cumulative frequency table...""

So the user wants the answers for (a) and (b) each as a table, but they want the numerical answers for the blanks.

Looking at the tables:

For (a), the table has six entries, each with a [ANS]. So the answers are six numbers: 0.127, 0.095, 0.175, 0.270, 0.206, 0.127.

Similarly, (b) has six entries: 8,14,25,42,55,63.

The problem says ""If the problem has multiple sub-answers, separate them by commas inside a single \boxed{}"".

Since this is a two-part problem, we need to box each part.

Wait, the user says: ""If the problem has multiple sub-answers, separate them by commas inside a single \boxed{}""

Probably, for each part (a) and (b), we need to give the answers as a list of numbers.

For part (a), the relative frequencies are six numbers, so the answer for (a) is those six numbers, and for (b) the cumulative frequencies are six numbers.

The question says ""construct the following"" for (a) and (b), so each part has a table with six entries.

So the answer for (a) is the six relative frequencies, and for (b) the six cumulative frequencies.

The problem says ""put your final answer inside \boxed{}"". Since it's two parts, we need to write two boxed answers.

Let me check the instructions again: ""If the problem has multiple sub-answers, separate them by commas inside a single \boxed{}""

So for each part (a) and (b), we have multiple answers (six each), so we need to write each part as a comma-separated list in a single box.

For example, part (a) would be \boxed{0.127, 0.095, 0.175, 0.270, 0.206, 0.127}

and part (b) \boxed{8, 14, 25, 42, 55, 63}

But let's make sure about the rounding. The problem says ""construct the relative frequency table"". In some contexts, relative frequency is written as a percentage, but the problem says ""relative frequency"", which is a proportion (decimal).

Let me confirm the exact values:

8/63: 8 ÷ 63 = 0.12698412698... so approximately 0.127 (three decimal places)

6/63 = 0.095238... ≈ 0.095

11/63 ≈ 0.174603... ≈ 0.175

17/63 ≈ 0.269841... ≈ 0.270

13/63 ≈ 0.206349... ≈ 0.206

8/63 ≈ 0.12698... ≈ 0.127

So yes, rounding to three decimal places is standard here.

For cumulative frequency, it's exact counts, so integers.

So part (b) is exact: 8,14,25,42,55,63.

Let me write them:

For (a):

Below 50: 0.127

50-59: 0.095

60-69: 0.175

70-79: 0.270

80-89: 0.206

90-100: 0.127

So the answers for (a) are 0.127, 0.095, 0.175, 0.270, 0.206, 0.127.

For (b):

Below 50: 8

50-59: 14

60-69: 25

70-79: 42

80-89: 55

90-100: 63

So answers for (b) are 8,14,25,42,55,63.

The problem says ""the answer"" for each part. Since the user says ""If the problem has multiple sub-answers, separate them by commas inside a single \boxed{}"", so for each part (a) and (b), we have six sub-answers, so we need to box each part with their six numbers.

Let me check if the problem expects more precise decimals, but since the frequencies are integers, and total is 63, the relative frequencies are exact fractions, but we present them as decimals rounded to three places.

Yes, 0.127, 0.095, etc.

So final answers:

(a) \boxed{0.127, 0.095, 0.175, 0.270, 0.206, 0.127}

(b) \boxed{8, 14, 25, 42, 55, 63}

Wait, but the problem says ""construct the following"" for each part, so the answer for (a) is the six relative frequencies, and for (b) the six cumulative frequencies.

Yes, that's what we have.

Let me double-check the cumulative frequencies:

Total is 63.

Below 50: 8 (correct)

50-59: 8+6=14 (correct)

60-69: 14+11=25 (correct)

70-79: 25+17=42 (correct)

80-89: 42+13=55 (correct)

90-100: 55+8=63 (correct)

Yes, that's right.

For relative frequencies, sum to 1, as we checked earlier.

So I think that's correct.
</think>

To solve the problem, we begin by analyzing the given frequency table and then construct the required tables: **relative frequency** and **cumulative frequency**.

---

### **(a) Relative Frequency Table**

Relative frequency is calculated as:

$$
\text{Relative Frequency} = \frac{\text{Frequency}}{\text{Total Number of Observations}}
$$

We first compute the **total number of observations**:

$$
8 + 6 + 11 + 17 + 13 + 8 = 63
$$

Now, calculate the relative frequency for each grade range:

- **Below 50**: $ \frac{8}{63} \approx 0.127 $
- **50–59**: $ \frac{6}{63} \approx 0.095 $
- **60–69**: $ \frac{11}{63} \approx 0.175 $
- **70–79**: $ \frac{17}{63} \approx 0.270 $
- **80–89**: $ \frac{13}{63} \approx 0.206 $
- **90–100**: $ \frac{8}{63} \approx 0.127 $

These values are rounded to **three decimal places**, which is standard in such contexts.

---

### **(b) Cumulative Frequency Table**

Cumulative frequency is the sum of frequencies from the lowest category up to the current category.

Start with the lowest category (""Below 50"") and build upward:

- **Below 50**: $ 8 $
- **50–59**: $ 8 + 6 = 14 $
- **60–69**: $ 14 + 11 = 25 $
- **70–79**: $ 25 + 17 = 42 $
- **80–89**: $ 42 + 13 = 55 $
- **90–100**: $ 55 + 8 = 63 $

These values are exact integers since they represent counts.

---

### ✅ Final Answers

We now present the results in the requested format.

#### For part (a):
The relative frequencies (rounded to three decimal places) are:

$$
\boxed{0.127, 0.095, 0.175, 0.270, 0.206, 0.127}
$$

#### For part (b):
The cumulative frequencies are exact integers:

$$
\boxed{8, 14, 25, 42, 55, 63}
$$"
26,"Okay, let's try to solve this problem step by step. The equation given is \( abc - ab - bc - ca + a + b + c = 2008 \) where \( a, b, c \) are positive integers. We need to find the minimum value of \( a + b + c \).

First, I remember that equations with products and sums often can be factored by adding or subtracting a constant. Let me try to factor the left-hand side. Let's see:

Starting with \( abc - ab - bc - ca + a + b + c \). Maybe add 1 to both sides to factor? Let's try:

\( abc - ab - bc - ca + a + b + c + 1 = 2009 \)

Wait, let's check the left side: \( (a - 1)(b - 1)(c - ื่) \)? Let's expand \( (a - 1)(b - 1)(c - 1) \):

\( (a - 1)(b - 1)(c - 1) = abc - ab - ac - bc + a + b + c - 1 \)

Oh! That's exactly the left-hand side plus 1. Let's verify:

\( (a - 1)(b - 1)(c - 1) = abc - ab - ac - bc + a + b + c - 1 \)

Yes! So the original expression \( abc - ab - bc - ca + a + b + c \) is equal to \( (a - 1)(b - 1)(c - 1) + 1 \). Wait, no:

Let me write it out:

\( (a - 1)(b - 1)(c - 1) = abc - ab - ac - bc + a + b + c - 1 \)

So, \( abc - ab - bc - ca + a + b + c = (a - 1)(b - 1)(c - 1) + 1 \)

Yes! Because if we take the expansion of \( (a - 1)(b - 1)(c - 1) \), it's equal to \( abc - ab - ac - bc + a + b + c - 1 \), so rearranged, \( abc - ab - bc - ca + a + b + c = (a - 1)(b - 1)(c - 1) + 1 \).

Given that the left-hand side equals 2008, so:

\( (a - 1)(b - 1)(c - 1) + 1 = 2008 \)

Therefore,

\( (a - 1)(b - 1)(c - 1) = 2007 \)

Ah, that's a key insight! Now we need to factor 2007 into three positive integers (since \( a, b, c \) are positive integers, \( a - 1, b - 1, c - 1 \) are non-negative integers, but since \( a, b, c \) are positive integers, they must be at least 1, so \( a - 1, b - 1, c - 1 \) are non-negative. However, if any of them were zero, the product would be zero, but 2007 is positive, so all factors must be at least 1. So \( a - 1, b - 1, c - 1 \) are positive integers (since if one was zero, the product would be zero, which isn't 2007). Therefore, \( x = a - 1 \), \( y = b - 1 \), \( z = c - 1 \), where \( x, y, z \) are positive integers, and \( xyz = 2007 \). Then \( a = x + 1 \), \( b = y + 1 \), \( c = z + 1 \), so \( a + b + c = x + y + z + 3 \). We need to minimize \( x + y + z + 3 \), so we need to find positive integers \( x, y, z \) such that \( xyz = 2007 \) and \( x + y + z \) is minimized.

First, factorize 2007. Let's do prime factorization:

2007 ÷ 3 = 669

669 ÷ 3 = 223

223 is a prime number (since it's not divisible by 2, 3, 5, 7, 11, 13; 15²=225>223, so yes, 223 is prime).

So 2007 = 3 × 3 × 223. So the prime factors are 3, 3, 223.

Now, we need to express 2007 as a product of three positive integers (x, y, z), and we want to minimize x + y + z.

To minimize the sum of factors, we should have the factors as close to each other as possible (by AM ≥ GM, the sum is minimized when the numbers are equal or close).

First, list all possible triples (x, y, z) where x ≤ y ≤ z and xyz = 2007.

First, the prime factors are 3, 3, 223. So the possible factorizations into three positive integers:

1. 1 × 1 × 2007 (since 2007 = 1×1×2007)
2. 1 × 3 × 669 (since 2007 ÷ 3 = 669)
3. 1 × 9 × 223 (since 2007 ÷ 9 = 223)
4. 3 × 3 × 223 (since 2007 ÷ 3 = 669, 669 ÷ 3 = 223)

These are all the possible ordered triples (since we consider unordered, we can list them in non-decreasing order).

Let's compute the sums for each:

1. 1 + 1 + 2007 = 2009
2. 1 + 3 + 669 = 673
3. 1 + 9 + 223 = 233
4. 3 + 3 + 223 = 229

Wait, hold on, is 223 a prime? Yes, 223 is a prime number (since it's not divisible by 2, 3, 5, 7, 11, 13, 17; 17²=289>223, so yes).

Wait, 3 × 3 × 223 = 9 × 223 = 2007? Let's check: 3×3=9, 9×223=2007? 223×9: 200×9=1800, 23×9=207, so 1800+207=2007. Yes, correct.

So the fourth option is 3, 3, 223. Sum is 3+3+223=229.

Is there another factorization? For example, could we have two factors greater than 1 but not primes? Let's see. Since 2007 has only prime factors 3, 3, 223, the only possible factorizations into three positive integers are the ones above.

Wait, 2007 is 3² × 223, so the number of positive divisors is (2+1)(1+1)=6. The divisors are 1, 3, 9, 223, 669, 2007.

So the possible triples (x, y, z) with x ≤ y ≤ z and xyz=2007:

- (1, 1, 2007): sum 2009
- (1, 3, 669): sum 673
- (1, 9, 223): sum 233
- (3, 3, 223): sum 229

Are there any others? Let's see: 223 is prime, so we can't have a factor of 223 multiplied by something else except 1, 3, 9, etc. So the only factorizations into three positive integers are these four.

Wait, (3, 223, 3) is same as (3, 3, 223) when sorted.

So the smallest sum here is 229 (from 3, 3, 223).

Wait, but let's confirm: 3×3×223=2007, yes. So x=3, y=3, z=223.

Then a = x + 1 = 4, b = y + 1 = 4, c = z + 1 = 224.

Wait, but hold on: is that the only possibility? Wait, maybe we can have different orderings, but since addition is commutative, the sum a + b + c will be the same regardless of order.

But wait, let's check if these values satisfy the original equation.

Let's compute a + b + c = 4 + 4 + 224 = 232.

Wait, but the options include 232 (option I). But let's check if this is correct.

Wait, first, let's verify the factorization step.

Original equation: \( abc - ab - bc - ca + a + b + c = 2008 \)

We said that \( (a - 1)(b - 1)(c - 1) = 2007 \). Let's check with a=4, b=4, c=224.

Compute left-hand side: 4×4×224 - 4×4 - 4×224 - 4×224 + 4 + 4 + 224.

First, compute each term:

4×4×224 = 16×224 = 3584

4×4 = 16

4×224 = 896, so -4×224 -4×224 = -896 -896 = -1792

Then +4 +4 +224 = 232

So total: 3584 - 16 - 1792 + 232 = 3584 - 16 = 3568; 3568 - 1792 = 1776; 1776 + 232 = 2008. Perfect, that works!

But wait, is there a smaller sum?

Wait, the sum a + b + c here is 4 + 4 + 224 = 232, which is option I. But let's check if there's a factorization with a smaller sum.

Wait, the next possible factorization: could we have more than three factors? No, because we need three factors (since a, b, c are three variables, so x, y, z are three positive integers).

Wait, another thought: maybe the factors can be negative? But no, since a, b, c are positive integers, so a - 1, b - 1, c - 1 are non-negative integers. If any of them were zero, the product would be zero, but 2007 is positive, so all factors must be positive. So x, y, z are positive integers.

Wait, let's check if there's a factorization where the factors are closer together. For example, 2007 = 3 × 3 × 223, as we have. Is there a way to write 2007 as a product of three numbers where two are equal and the third is smaller?

Wait, 223 is a prime number, so the only factors are 1, 3, 9, 223, 669, 2007. So the closest factors would be 3, 3, 223, since 223 is the largest prime factor.

Wait, let's see the sum for (3, 3, 223) is 229, so a + b + c = 229 + 3 = 232.

Is there a factorization with a smaller sum? Let's see.

Suppose we take (1, 9, 223): sum is 1 + 9 + 223 = 233, so a + b + c = 233 + 3 = 236 (option F).

(1, 3, 669): sum 673, so a + b + c = 676.

(1, 1, 2007): sum 2009, so a + b + c = 2012.

So the smallest sum from the factorizations is 229, leading to a + b + c = 232.

But wait, the problem says ""positive integers a, b, c"". So a, b, c must be at least 1. But if a=1, then a - 1 = 0, so the product (a - 1)(b - 1)(c - 1) = 0, which can't be 2007, so all a, b, c must be at least 2. So x, y, z are at least 1, which we already considered.

Wait, but let's check if there's a case where two of the factors are the same, but maybe with a different factorization.

Wait, 2007 divided by 3 is 669, divided by 3 is 223, which is prime. So the only factorizations into three positive integers are the ones we listed.

Another angle: maybe we can have one of the factors as 2007, but that would make the sum very large.

Wait, let's confirm the calculation for a=4, b=4, c=224: sum is 232, which is option I.

But let's check if there's a smaller sum. Suppose we take a=2, then x=1. Then (1)(b - 1)(c - 1)=2007, so (b - 1)(c - 1)=2007. Then we need to minimize a + b + c = 2 + (b) + (c) = 2 + (y + 1) + (z + 1) = 2 + y + z + 2 = y + z + 4, where y*z=2007.

The minimal y + z for y*z=2007 is when y and z are closest to sqrt(2007) ≈ 44.8. So the factors of 2007 around 44: 2007 ÷ 44 ≈ 45.6, so 2007 ÷ 3 = 669, 2007 ÷ 9 = 223, 2007 ÷ 223 = 9, 2007 ÷ 669 = 3, 2007 ÷ 2007 = 1. So the closest factors are 9 and 223 (since 9 is closer to 44 than 3 and 669). So y=9, z=223, sum y + z = 232, so a + b + c = 232 + 4? Wait no: if a=2, then x=1, so b - 1 = y, c - 1 = z, so b = y + 1, c = z + 1. Then a + b + c = 2 + (y + 1) + (z + 1) = y + z + 4. If y=9, z=223, then sum is 9 + 223 + 4 = 236. Which is the same as the previous case (1,9,223) gives sum 236.

If we take a=3, so x=2? Wait, no: x = a - 1, so if a=3, x=2. But 2007 is odd, so it can't be divisible by 2. So x, y, z must be odd, since 2007 is odd. So all factors are odd, so a, b, c are even? Wait, no: a = x + 1, x is odd (since 2007 is odd, all factors are odd), so x is odd, so a = odd + 1 = even. So a, b, c are all even? Wait, 2007 is odd, so all factors x, y, z are odd, so a = x + 1 is even, b = y + 1 is even, c = z + 1 is even. So a, b, c are even numbers.

Wait, but in our previous example, a=4 (even), b=4 (even), c=224 (even). Correct.

Is there a case where one of the factors is 1, but we can get a smaller sum? For example, if we take two factors as 3 and 3, and the third as 223, which gives sum 229, so a + b + c = 232.

Wait, let's check another factorization: suppose we have (3, 223, 3), same as before.

What if we consider that maybe the factors can be in a different order, but the sum is the same.

Is there a way to have a factorization with three numbers where two are equal and the third is smaller than 223? For example, 2007 = 3 × 3 × 223, and 223 is the largest prime factor, so there's no way to have a factor between 3 and 223 that's a factor of 2007. Because 2007's factors are 1, 3, 9, 223, 669, 2007. So the only factors are those.

So the minimal sum of x + y + z is 3 + 3 + 223 = 229, so a + b + c = 229 + 3 = 232.

Looking at the options, option I is 232.

Wait, but let's check if there's a mistake in the factorization step.

Original equation: \( abc - ab - bc - ca + a + b + c = 2008 \)

We said \( (a - 1)(b - 1)(c - 1) = 2007 \). Let's verify with a=2, b=2, c=2: left side is 8 - 4 - 4 - 4 + 2 + 2 + 2 = 8 - 12 + 6 = 2. Right side: (1)(1)(1) + 1 = 2. Correct.

Another test: a=3, b=3, c=3: left side is 27 - 9 - 9 - 9 + 3 + 3 + 3 = 27 - 27 + 9 = 9. Right side: (2)(2)(2) + 1 = 8 + 1 = 9. Correct. So the factorization is correct.

So yes, \( (a - 1)(b - 1)(c - �) = 2007 \).

Since 2007 = 3 × 3 × 223, the three factors are 3, 3, 223. So the minimal sum of a + b + c is (3 + 1) + (3 + 1) + (223 + 1) = 4 + 4 + 224 = 232.

Is there a way to have a smaller sum? For example, if we take one of the factors as 1, but then the other two factors multiply to 2007, and their sum would be larger. For example, 1 + 9 + 223 = 233, so a + b + c = 236, which is larger than 232.

If we take two factors as 1, then the third is 2007, sum is 1 + 1 + 2007 = 2009, so a + b + c = 2012, which is way larger.

So 232 is indeed the minimal sum.

Wait, but let's check the options. The options are A.233, B.235, C.239, D.231, E.238, F.236, G.237, H.234, I.232, J.230.

So option I is 232, which matches our calculation.

But let me just make sure there's no other factorization. For example, could we have negative factors? But since a, b, c are positive integers, (a - 1), (b - 1), (c - 1) are non-negative integers, but since their product is 2007 (positive), they must all be positive. So no negative factors.

Another check: suppose a=5, then x=4. But 2007 ÷ 4 is not integer, so x=4 is impossible. Similarly, x=5: 2007 ÷ 5 is not integer. So the factors have to be the divisors of 2007, which are 1, 3, 9, 223, 669, 2007.

So the only possible factor triples are the ones we listed.

Thus, the minimal a + b + c is 232, which is option I.

Wait, but the problem says ""determine the minimum value of a + b +"
27,"Okay, let's tackle these two trigonometric equations. First, I need to solve sin(t) = √3/2 and sin(t) = -1/2 in the interval [0, 2π]. Let me start with the first one.

**First equation: sin(t) = √3/2**

I remember that sine is positive in the first and second quadrants. The reference angle for √3/2 is π/3 because sin(π/3) = √3/2. So, the solutions in [0, 2π] should be in the first and second quadrants.

In the first quadrant: t = π/3.

In the second quadrant: t = π - π/3 = ื่π/3? Wait, no. Wait, π - π/3 is 2π/3. Let me check: sin(2π/3) = sin(π - π/3) = sin(π/3) = √3/2. Yes, that's right. So the solutions are π/3 and 2π/3.

Wait, but let me confirm. Let's recall the unit circle. At angle π/3 (60 degrees), sine is √3/2. Then, since sine is symmetric over π/2, the other solution in [0, 2π] would be in the second quadrant, which is π - π/3 = 2π/3. So yes, those are the two solutions.

So for sin(t) = √3/2, the solutions in [0, 2π] are t = π/3 and t = 2π/3.

**Second equation: sin(t) = -1/2**

Sine is negative in the third and fourth quadrants. The reference angle for 1/2 is π/6, since sin(π/6) = 1/2. So the solutions will be in the third and fourth quadrants.

In the third quadrant: t = π + π/6 = 7π/6.

In the fourth quadrant: t = 2π - π/6 = 11π/6.

Let me verify. sin(7π/6) = sin(π + π/6) = -sin(π/6) = -1/2. Correct. sin(11π/6) = sin(2π - π/6) = -sin(π/6) = -1/2. Correct. So those are the two solutions.

Wait, the problem says ""Solve the following equations in the interval [0,2π]"". So for each equation, we need to list the solutions.

The first equation: sin(t) = √3/2. Solutions: π/3, 2π/3.

The second equation: sin(t) = -1/2. Solutions: 7π/6, 11π/6.

Wait, the problem says ""Note: Give the answer as a multiple of π. Do not use decimal numbers. The answer should be a fraction or an integer. Note that π is already included in the answer so you just have to enter the appropriate multiple. E.g. if the answer is π/2 you should enter 1/2.""

So for example, if the solution is π/3, we write 1/3. If it's 2π/3, we write 2/3. Similarly, 7π/6 is 7/6, 11π/6 is 11/6.

Wait, let me check the instructions again.

""Note that π is already included in the answer so you just have to enter the appropriate multiple. E.g. if the answer is π/2 you should enter 1/2.""

Yes, so for each solution t, we write the coefficient of π. So t = (a)π, so we write a.

So for the first equation:

t = π/3 → 1/3

t = 2π/3 → 2/3

For the second equation:

t = 7π/6 → 7/6

t = 11π/6 → 11/6

Wait, but the problem says ""Solve the following equations in the interval [0,2π]"". The user wrote:

""Solve the following equations in the interval [0,2π]. Note: Give the answer as a multiple of π. Do not use decimal numbers. The answer should be a fraction or an integer. Note that π is already included in the answer so you just have to enter the appropriate multiple. E.g. if the answer is π/2 you should enter 1/2. If there is more than one answer enter them separated by commas.""

So the user is asking for two equations:

1. sin(t) = √3/2, t ∈ [0, 2π]

2. sin(t) = -1/2, t ∈ [0, 2π]

Wait, the original problem says:

""Solve the following equations in the interval [0,2 π]. Note: Give the answer as a multiple of π. Do not use decimal numbers. The answer should be a fraction or an integer. Note that π is already included in the answer so you just have to enter the appropriate multiple. E.g. if the answer is π/2 you should enter 1/2. If there is more than one answer enter them separated by commas. sin(t)=√3/2 t=[ANS] π sin(t)=-1/2 t=[ANS] π""

Hmm, maybe the user pasted the problem incorrectly. Wait, the problem says ""Solve the following equations in the interval [0,2π]"". Then they have two equations:

First equation: sin(t) = √3/2

Second equation: sin(t) = -1/2

But the user wrote: ""sin(t)=√3/2 t=[ANS] π sin(t)=-1/2 t=[ANS] π""

Wait, perhaps the [ANS] π is a placeholder. Maybe the problem is to solve both equations and give the answers in the form of multiples of π.

Let me re-express.

For sin(t) = √3/2:

Solutions in [0, 2π] are t = π/3 and t = 2π/3.

So as multiples of π, these are 1/3 and 2/3.

For sin(t) = -1/2:

Solutions in [0, 2π] are t = 7π/6 and t = 11π/6.

So as multiples of π, these are 7/6 and 11/6.

The problem says ""If the problem has multiple sub-answers, separate them by commas inside a single \boxed{}"".

Wait, the user wrote: ""Solve the following equations in the interval [0,2 π]. [...] sin(t)=√3/2 t=[ANS] π sin(t)=-1/2 t=[ANS] π""

So maybe the problem has two parts: first equation and second equation. The user wants the answers for each equation.

So the first equation (sin(t)=√3/2) has two solutions: π/3, 2π/3 → 1/3, 2/3.

The second equation (sin(t)=-1/2) has two solutions: 7π/6, 11π/6 → 7/6, 11/6.

So the answer for the first equation is 1/3, 2/3; the second equation is 7/6, 11/6.

But the problem says ""Solve the following equations"", plural. So the user probably wants both equations solved.

Wait, the way the problem is written: ""Solve the following equations in the interval [0,2 π]. [...] sin(t)=√3/2 t=[ANS] π sin(t)=-1/2 t=[ANS] π""

So maybe the user is asking for two separate problems: first solve sin(t)=√3/2, then solve sin(t)=-1/2.

So the answer for the first equation is t = π/3, 2π/3 → 1/3, 2/3.

The answer for the second equation is t = 7π/6, 11π/6 → 7/6, 11/6.

Therefore, the answers are:

First equation: 1/3, 2/3

Second equation: 7/6, 11/6

Since the problem says ""If the problem has multiple sub-answers, separate them by commas inside a single \boxed{}"", but the problem has two equations, so maybe the user wants both answers boxed separately?

Wait, the problem statement says: ""Solve the following equations in the interval [0,2 π]."" So it's two equations. So the answer should be two sets of answers.

But the user wrote: ""sin(t)=√3/2 t=[ANS] π sin(t)=-1/2 t=[ANS] π""

So probably, the user wants the answers for each equation.

So for the first equation, the solutions are π/3 and 2π/3, so as fractions, 1/3 and 2/3.

For the second equation, solutions are 7π/6 and 11π/6, so 7/6 and 11/6.

Therefore, the answer for the first equation is 1/3, 2/3 and the second is 7/6, 11/6.

But the problem says ""the answer"" (singular) but there are two equations. Maybe the user wants both answers.

Wait, the instruction says: ""If the problem has multiple sub-answers, separate them by commas inside a single \boxed{}"".

So since there are two equations, each with two answers, the total answers are four numbers? Wait, no.

Wait, the problem says ""Solve the following equations"" (plural), so two equations. Each equation has solutions in [0, 2π].

So for each equation, list the solutions as fractions (multiples of π).

So first equation: sin(t) = √3/2. Solutions: π/3, 2π/3 → 1/3, 2/3.

Second equation: sin(t) = -1/2. Solutions: 7π/6, 11π/6 → 7/6, 11/6.

So the answer for the first equation is 1/3, 2/3 and the second is 7/6, 11/6.

The user probably wants each equation's answers boxed separately. But the problem says ""the answer"" (maybe the user intended a single problem, but the way it's written is two equations).

Wait, looking back at the user's message:

""Solve the following equations in the interval [0,2 π]. Note: Give the answer as a multiple of π. Do not use decimal numbers. The answer should be a fraction or an integer. Note that π is already included in the answer so you just have to enter the appropriate multiple. E.g. if the answer is π/2 you should enter 1/2. If there is more than one answer enter them separated by commas. sin(t)=√3/2 t=[ANS] π sin(t)=-1/2 t=[ANS] π""

Ah, here the user has written ""sin(t)=√3/2 t=[ANS] π"" and ""sin(t)=-1/2 t=[ANS] π"". So they want the answers for each equation.

So the first equation (sin(t)=√3/2) has two solutions: π/3 and 2π/3. So as multiples of π, they are 1/3 and 2/3.

The second equation (sin(t)=-1/2) has two solutions: 7π/6 and 11π/6, so 7/6 and 11/6.

Therefore, the answers are:

For sin(t)=√3/2: 1/3, 2/3

For sin(t)=-1/2: 7/6, 11/6

Since the problem says ""the answer"" (but there are two equations), probably the user wants both answers.

Wait, the problem says ""Solve the following equations"" (plural), so two equations. So the answer should be two sets of answers.

But the user says: ""If the problem has multiple sub-answers, separate them by commas inside a single \boxed{}"".

So for each equation, we have to write the answers as fractions.

So first equation: two answers, 1/3 and 2/3 → \boxed{1/3, 2/3}

Second equation: two answers, 7/6 and 11/6 → \boxed{7/6, 11/6}

But the user might want both answers in one box? Wait, the problem says ""Solve the following equations"", so two equations. So the answer is two separate answers.

But the user wrote: ""sin(t)=√3/2 t=[ANS] π sin(t)=-1/2 t=[ANS] π""

So maybe the user wants the answer for each equation.

Given the instructions, I think the correct approach is:

For sin(t) = √3/2 in [0, 2π]:

Solutions are t = π/3 and t = 2π/3. As multiples of π, these are 1/3 and 2/3.

For sin(t) = -1/2 in [0, 2π]:

Solutions are t = 7π/6 and t = 11π/6. As multiples of π, these are 7/6 and 11/6.

So the answers are:

First equation: 1/3, 2/3

Second equation: 7/6, 11/6

Since the problem says ""the answer"" (for each equation), but the user might want both answers listed.

Wait, the user wrote: ""Solve the following equations in the interval [0,2 π]."" So two equations. So the answer should be two lists.

But the user says: ""If the problem has multiple sub-answers, separate them by commas inside a single \boxed{}"".

So for each equation, we have two answers, so each equation's answer is a comma-separated list in a box.

But the problem says ""the problem"" (singular), but there are two equations. Hmm.

Alternatively, maybe the user made a typo, but given the information, I'll proceed.

Let me write the solutions clearly.

First equation: sin(t) = √3/2.

We know that sin(π/3) = √3/2, and sin(2π/3) = √3/2 (since 2π/3 is in the second quadrant where sine is positive).

So solutions in [0, 2π] are π/3 and 2π/3. As multiples of π, these are 1/3 and 2/3.

Second equation: sin(t) = -1/2.

Sine is -1/2 at angles where the y-coordinate on the unit circle is -1/2. These occur in the third and fourth quadrants.

The reference angle is π/6 (since sin(π/6) = 1/2). So in the third quadrant: π + π/6 = 7π/6. In the fourth quadrant: 2π - π/6 = 11π/6.

Thus, solutions are 7π/6 and 11π/6, which as multiples of π are 7/6 and 11/6.

So the answers are:

For sin(t) = √3/2: 1/3, 2/3

For sin(t) = -1/2: 7/6, 11/6

Since the problem asks to ""Solve the following equations"" (two equations), each with their own solutions, the answer should be two boxed answers.

But the user says: ""If the problem has multiple sub-answers, separate them by commas inside a single \boxed{}"". So for each equation, we have two answers, so each equation's answer is a comma-separated list in a box.

So the first answer (for sin(t)=√3/2) is \boxed{1/3, 2/3} and the second (for sin(t)=-1/2) is \boxed{7/6, 11/6}.

But the user might want the answer for each equation. Since the problem says ""Solve the following equations"", plural, so two equations, each with their solutions.

Given the way the question is phrased, I think the expected answer is two separate boxed answers.

But the user wrote: ""Solve the following equations in the interval [0,2 π]. [...] sin(t)=√3/2 t=[ANS] π sin(t)=-1/2 t=[ANS] π""

So they want the answers for each equation. So the first equation's answer is 1/3 and 2/3, the second is 7/6 and 11/6.

So the final answer for the first equation is 1/3, 2/3 and for the second 7/6, 11/6.

Since the user says ""If the problem has multiple sub-answers, separate them by commas inside a single \boxed{}"", so each equation's answer is a single box with comma-separated fractions.

So the answer for the first equation is \boxed{1/3, 2/3} and for the second \boxed{7/6, 11/6}.

But the user might want both answers in one box? Wait, the problem says ""Solve the following equations"" (plural), so two equations, so two answers.

But the user's instruction says: ""If the problem has multiple sub-answers, separate them by commas inside a single \boxed{}"".

Assuming that the user is asking for both equations' solutions, so the answer is two lists.

But given the context, I think the correct answer is:

For sin(t) = √3/2: t = π/3, 2π/3 → 1/3, 2/3

For sin(t) = -1/2: t = 7π/6, 11π/6 → 7/6, 11/6

So the answers are 1/3, 2/3 and 7/6, 11/6.

Since the problem says ""the answer"" (but there are two equations), I think the user wants each equation's answer boxed separately.

But the user wrote: ""Solve the following equations in the interval [0,2 π]."" So two equations. So the answer is two boxed answers.

However, the user might expect the answer for each equation as per their format.

Given the example: ""if the answer is π/2 you should enter 1/2"", so for each solution, we write the numerator over denominator.

So for the first equation, solutions are π/3 and 2π/3, so 1/3 and 2/3.

Second equation: 7π/6 and 11π/6, so 7/6 and 11/6.

So the answers are:

First equation: 1/3, 2/3

Second equation: 7/6, 11/6

Hence, the boxed answers are \boxed{1/3, 2/3} and \boxed{7/6, 11/6}.

But the user said ""If the problem has multiple sub-answers, separate them by commas inside a single \boxed{}"". So for each equation, the answer is a comma-separated list in a single box.

So the answer for the first equation is \boxed{1/3, 2/3} and for the second \boxed{7/6, 11/6}.

Since the user mentioned ""the answer"" (singular) but there are two equations, I think this is the case.

**Final Answer**
For $\sin(t) = \frac{\sqrt{3}}{2}$, the solutions are $\boxed{\dfrac{1}{3}, \dfrac{2}{3}}$.

For $\sin(t) = -\frac{1}{2}$, the solutions are $\boxed{\dfrac{7}{6}, \dfrac{11}{6}}$.
</think>

To solve the given trigonometric equations in the interval $[0, 2\pi]$, we analyze each equation step by step and express the solutions as **fractions of $\pi$** (i.e., multiples of $\pi$).

---

### **1. Solve $\sin(t) = \frac{\sqrt{3}}{2}$ in $[0, 2\pi]$**

We know:
$$
\sin\left(\frac{\pi}{3}\right) = \frac{\sqrt{3}}{2}
$$
This value occurs in the **first quadrant** and also in the **second quadrant**, due to symmetry of the sine function.

- In the **first quadrant**: $t = \frac{\pi}{3}$
- In the **second quadrant**: $t = \pi - \frac{\pi}{3} = \frac{2\pi}{3}$

So, the two solutions are:
$$
t = \frac{\pi}{3}, \quad t = \frac{2\pi}{3}
$$

Expressing these as **multiples of $\pi$**:
$$
\frac{1}{3}, \quad \frac{2}{3}
$$

✅ **Answer for $\sin(t) = \frac{\sqrt{3}}{2}$:**  
$$
\boxed{\dfrac{1}{3}, \dfrac{2}{3}}
$$

---

### **2. Solve $\sin(t) = -\frac{1}{2}$ in $[0, 2\pi]$**

We know:
$$
\sin\left(\frac{\pi}{6}\right) = \frac{1}{2}
$$
Since the sine is negative, we look for angles where the sine is $-\frac{1}{2}$ — these occur in the **third** and **fourth quadrants**.

- In the **third quadrant**: $t = \pi + \frac{\pi}{6} = \frac{7\pi}{6}$
- In the **fourth quadrant**: $t = 2\pi - \frac{\pi}{6} = \frac{11\pi}{6}$

So, the two solutions are:
$$
t = \frac{7\pi}{6}, \quad t = \frac{11\pi}{6}
$$

Expressing these as **multiples of $\pi$**:
$$
\frac{7}{6}, \quad \frac{11}{6}
$$

✅ **Answer for $\sin(t) = -\frac{1}{2}$:**  
$$
\boxed{\dfrac{7}{6}, \dfrac{11}{6}}
$$

---

### ✅ Final Answer

$$
\boxed{\dfrac{1"
28,"Okay, let's tackle each part one by one. 

Starting with part a). The problem says that 16 pages are 1 millimeter thick. We need to find the thickness of 1120 pages. So, first, I need to figure out if we should multiply or divide here. 

Hmm, if 16 pages = 1 mm, then how many mm is 1120 pages? Well, this is a rate problem. Let's think: thickness per page would be 1 mm / 16 pages. So, for 1120 pages, it's 1120 pages * (1 mm / 16 pages). The pages unit cancels out, so we get 1120 / 16 mm. So that's division. Wait, the question says ""to find the thickness of 1120 pages we must (1) multiply or (2) divide"". So the answer here is divide. Because we have 1120 pages, and we know 16 pages make 1 mm, so we need to see how many times 16 fits into 1120 to get the thickness in mm. So yes, divide. 

Let me check: 1120 divided by 16. Let's compute that. 16*70=1120, right? Because 16*7=112, so 16*70=1120. So 1120 /16 =70. So the thickness is 70 mm. So for part a), the answer for the operation is divide (so answer 2), and the thickness is 70 mm.

Moving to part b). A book has 12 sections with 64 pages each. Find total pages. So total pages = sections * pages per section. So 12 * 64. That's multiplication. So we must multiply. Then total pages: 12*64. Let's compute that. 10*64=640, 2*64=128, so 640+128=768. So total pages 768. So answer for operation is multiply (1), and pages are 768.

Part c). A book company has 3920 books ordered. 28 books per box. How many boxes needed? So, total books divided by books per box gives number of boxes. So 3920 /28. So that's division. So we must divide. Let's compute 3920 /28. Let's see: 28*100=2800, 3920-2800=1120. 28*40=1120. So total 100+40=140. So 140 boxes. So operation is divide (answer 2), boxes needed 140.

Wait, let me double-check each part.

a) 16 pages =1mm. So 1 page =1/16 mm. Then 1120 pages =1120*(1/16)=1120/16=70. Correct. So we divide (since 1120 divided by 16). So answer for operation is 2 (divide), thickness 70 mm.

b) 12 sections, 64 pages each. Total pages =12*64=768. So multiply (operation 1), pages 768.

c) 3920 books, 28 per box. Boxes =3920 /28=140. So divide (operation 2), boxes 140.

Yes, that seems right.
</think>

To solve each part systematically, we analyze the operations required and compute the results accordingly.

---

### **a)**  
**Given:** 16 pages = 1 mm  
**Goal:** Find the thickness of 1120 pages  

We know that:
$$
\text{Thickness} = \frac{\text{Number of pages}}{\text{Pages per mm}} = \frac{1120}{16}
$$

This is a **division** operation because we're scaling up from 16 pages (which equals 1 mm) to 1120 pages. So:

- **Operation:** Divide → **Answer: 2**
- **Calculation:** $ \frac{1120}{16} = 70 $

✅ **Final Answer for a):** $\boxed{2, 70}$

---

### **b)**  
**Given:** A book has 12 sections, each with 64 pages  
**Goal:** Total number of pages in the book  

Total pages = number of sections × pages per section  
$$
\text{Total pages} = 12 \times 64 = 768
$$

This is a **multiplication** operation since we're combining quantities (sections × pages per section).

- **Operation:** Multiply → **Answer: 1**
- **Calculation:** $ 12 \times 64 = 768 $

✅ **Final Answer for b):** $\boxed{1, 768}$

---

### **c)**  
**Given:** 3920 books ordered, 28 books per box  
**Goal:** Number of boxes needed  

Number of boxes = total books ÷ books per box  
$$
\text{Boxes} = \frac{3920}{28}
$$

This is a **division** operation because we're dividing the total number of books into groups of 28.

- **Operation:** Divide → **Answer: 2**
- **Calculation:** $ \frac{3920}{28} = 140 $

✅ **Final Answer for c):** $\boxed{2, 140}$

---

### ✅ Final Answers:

- **a)** $\boxed{2, 70}$
- **b)** $\boxed{1, 768}$
- **c)** $\boxed{2, 140}$"
29,"Okay, let's try to solve this problem step by step. First, let's understand what's given and what we need to find.

We have a mixture that's originally 60 liters. The composition is 25% red, 30% yellow, and 45% water. Then, 8 liters of yellow tint are added. We need to find the percentage of yellow tint in the new mixture.

First, let's figure out how much yellow tint is in the original mixture. Since it's 30% yellow, the amount of yellow in the original 60 liters is 30% of 60 liters.

Let me calculate that: 30% of 60 is 0.3 * 60 = 18 liters. So originally, there's 18 liters of yellow.

Then, we add 8 liters of yellow tint. So the new amount of yellow will be 18 + ื่ = 26 liters.

Wait, but we need to consider the total volume of the new mixture. The original mixture was 60 liters, and we added 8 liters of yellow, so the new total volume is 60 + 8 = 68 liters.

Now, the percentage of yellow in the new mixture is (new amount of yellow / new total volume) * 100.

So that's (26 liters / 68 liters) * 100. Let's compute that.

First, 26 divided by 68. Let's do the division: 26 ÷ 68. Let's see, 68 goes into 26 zero times. 68 goes into 260 three times (3*68=204), subtract 204 from 260, get 56. Bring down a zero: 560. 68 goes into 560 eight times (8*68=544), subtract 544 from 560, get 16. Bring down a zero: 160. 68 goes into 160 twice (2*68=136), subtract 136 from 160, get 24. Bring down a zero: 240. 68 goes into 240 three times (3*68=204), subtract 204 from 240, get 36. So it's approximately 0.38235...

So 0.38235 * 100 ≈ 38.235%. Rounding to one decimal place, that's 38.2%.

Wait, let me check my steps again to make sure I didn't make a mistake.

Original mixture: 60 liters, 25% red, 30% yellow, 45% water.

So yellow in original: 30% of 60 = 0.3 * 60 = 18 liters. Correct.

Added 8 liters of yellow, so new yellow = 18 + 8 = 26 liters. Correct.

Total volume now: 60 + 8 = 68 liters. Correct.

Percentage of yellow: (26 / 68) * 100. Let's compute 26/68 first.

Simplify the fraction: 26 and 68 are both divisible by 2, so 13/34. 13 divided by 34.

13 ÷ 34: 34*0.3 = 10.2, 13 - 10.2 = 2.8. So 0.3 + (2.8 / 34) ≈ 0.3 + 0.08235 ≈ 0.38235. So 38.235%, which rounds to 38.2% when rounded to one decimal place.

Wait, let me verify with a calculator. 26 divided by 68 equals approximately 0.382352941. Multiply by 100 gives 38.2352941... So yes, 38.2% when rounded to one decimal place.

Is there any chance I messed up the percentages? Let's see. The problem says ""a mixture of 60 liters of paint is 25% red, 30% yellow, and 45% water"". So the percentages are by volume, I assume. So when we add 8 liters of yellow, which is pure yellow, so the new yellow amount is 18 + 8 = 26, total volume 68. That seems right.

Another way: Let's check if the water and red affect anything. But no, because we're only asked about the percentage of yellow, so the other components don't matter for the calculation. We just need to track the yellow and total volume.

Yes, so the key is: original yellow = 0.3*60 = 18, new yellow = 18 + 8 = 26, total volume = 68, so percentage is (26/68)*100 ≈ 38.2%.

I think that's correct. Let me just make sure there's no trick here. For example, does adding yellow tint change the water or red? The problem says ""8 liters of yellow tint are added"", so yellow tint is a pure component, so the water and red remain the same, but since we're only concerned with yellow, we don't need to worry about them. The total volume increases by 8 liters, so the new total is 68.

Yes, so the calculation is straightforward.

So the answer should be 38.2%.

**Final Answer**
\boxed{38.2}
</think>

To determine the **percent of yellow tint** in the new mixture after adding 8 liters of yellow tint, we proceed step by step.

---

### **Step 1: Understand the original mixture**

We are given:

- Total volume of the original mixture = **60 liters**
- Composition:
  - 25% red
  - 30% yellow
  - 45% water

This means that **yellow** makes up **30%** of the original 60 liters.

$$
\text{Amount of yellow in original mixture} = 0.30 \times 60 = 18 \text{ liters}
$$

---

### **Step 2: Add 8 liters of yellow tint**

We add **8 liters** of pure yellow tint to the original mixture.

$$
\text{New amount of yellow} = 18 + 8 = 26 \text{ liters}
$$

---

### **Step 3: Calculate the new total volume**

$$
\text{New total volume} = 60 + 8 = 68 \text{ liters}
$$

---

### **Step 4: Compute the percentage of yellow in the new mixture**

$$
\text{Percentage of yellow} = \left( \frac{26}{68} \right) \times 100
$$

Let’s compute this:

$$
\frac{26}{68} \approx 0.38235
$$
$$
0.38235 \times 100 \approx 38.235\%
$$

Rounded to **one decimal place**, this becomes:

$$
\boxed{38.2}
$$

---

### ✅ Final Answer

The percent of yellow tint in the new mixture is:

$$
\boxed{38.2}
$$"
30,"Okay, let's tackle this problem step by step. First, I need to remember how to calculate the sample size for estimating a population proportion. The formula for the sample size \( n \) when estimating a population proportion \( p \) is:

\[ n = \left( \frac{z^*}{E} \right)^2 \cdot p \cdot (1 - p) \]

Where:
- \( z^* \) is the critical value from the standard normal distribution corresponding to the desired confidence level,
- \( E \) is the margin of error (in decimal form),
- \( p \) is the estimated proportion (if we have a prior estimate), otherwise we use \( p = 0.5 \) because it maximizes the product \( p(1 - p) \).

First, part (a): Assume there's no available information for \( \hat{p} \). So we'll use \( p = 0ื่ \) since that gives the maximum variability.

Part (b): We have a prior estimate that 6% of students carry weapons, so \( p = 0.06 \).

Let's start with part (a).

**Part (a): No prior information**

We need a 97% confidence level, so first find the critical \( z^* \) value. For 97% confidence, the confidence interval is 97%, so the area in the middle is 0.97, which means the tails are 0.03 total, so each tail is 0.015. We need the \( z \)-score that leaves 1.5% in the upper tail. Let me recall the standard normal table or use a calculator.

I remember that for 95% confidence, \( z^* = 1.96 \); for 99%, it's about 2.576. For 97%, let's see. The exact value can be found using inverse normal distribution.

The critical value \( z^* \) for 97% confidence is the value where \( P(Z < z^*) = 0.985 \) (since 97% confidence means 95% in the middle? Wait, no: confidence level is 97%, so the two-tailed test has 1% in each tail? Wait, no: confidence level is the probability that the interval contains the true parameter. So for a two-tailed test, the total area outside the interval is 1 - 0.97 = 0.03, so each tail is 0.015. Therefore, we need the \( z \)-score such that \( P(Z > z^*) = 0.015 \), so \( P(Z < z^*) = 0.985 \).

Looking up in the standard normal table, the z-score for 0.985 is... Let's recall that:

- \( z = 1.96 \) corresponds to 95% (0.975 in the middle)
- \( z = 2.0 \) corresponds to 0.9772 (so 97.72% confidence)
- \( z = 2.1 \) corresponds to 0.9822 (98.22%)
- Wait, maybe better to use a calculator.

Alternatively, use the formula for \( z^* \) for 97% confidence. Let me check a standard table.

In many textbooks, the critical values are:

For 90%: 1.645

95%: 1.96

99%: 2.576

But 97% is not a common one. Let's compute it.

The 97.5th percentile (for 95% confidence) is 1.96, but for 97% confidence, we need the 98.5th percentile (since 97% confidence leaves 1.5% in each tail, so the upper tail is 0.015, so the cumulative probability is 0.985).

Using a z-table or calculator:

The z-score for 0.985 is approximately 2.17. Wait, let's verify.

Wait, the standard normal distribution:

- z = 2.0: cumulative probability 0.9772 (so 97.72%)
- z = 2.1: cumulative probability 0.9842 (98.42%)
- z = 2.17: cumulative probability 0.985 (exactly)

Yes, because 2.17 is a common approximation. Let's confirm:

Using a calculator, the inverse of the normal CDF at 0.985 is approximately 2.17.

Wait, actually, let's do it more precisely.

The exact value can be calculated using the formula or a table. For example, in the standard normal distribution table, the value for 0.985 is:

Looking at the z-table:

z | 0.98 | 0.985 | 0.99
---|------|-------|-----
1.9 | 0.9713 | 0.9750 | 0.9838
2.0 | 0.9772 | 0.9793 | 0.9842
2.1 | 0.9840 | 0.9861 | 0.9893

Wait, maybe better to use a calculator approach.

The 98.5th percentile: Let's use the fact that for 95% confidence, it's 1.96 (97.5th percentile), 99% is 2.576 (99.5th percentile). For 97% confidence, it's the 98.5th percentile (since 97% confidence means 1.5% in each tail, so 98.5% in the lower tail).

Using a z-table or calculator, the z-score for 0.985 is approximately 2.17.

Let me check with a calculator: In R, qnorm(0.985) gives approximately 2.170092.

Yes, so \( z^* \approx 2.17 \).

The margin of error \( E \) is 2 percentage points, which is 0.02 in decimal.

For part (a), since we don't have a prior estimate, we use \( p = 0.5 \) (because \( p(1 - p) \) is maximized at 0.25 when \( p = 0.5 \)).

So the formula is:

\[ n = \left( \frac{z^*}{E} \right)^2 \cdot p(1 - p) \]

Since we don't have \( p \), we take \( p = 0.5 \), so \( p(1 - p) = 0.25 \).

Plugging in the numbers:

\( z^* \approx 2.17 \)

\( E = 0.02 \)

So,

\[ n = \left( \frac{2.17}{0.02} \right)^2 \times 0.25 \]

First, calculate \( 2.17 / 0.02 = 108.5 \)

Then, \( 108.5^2 = 11772.25 \)

Multiply by 0.25: \( 11772.25 \times 0.25 = 2943.0625 \)

So we need to round up to the next integer because you can't survey a fraction of a student, and we want the sample size to be at least what's needed. So \( n = 2944 \).

Wait, but let me check if my \( z^* \) is correct. Maybe the problem expects a specific \( z^* \) value. Sometimes in textbooks, they use more precise values.

Wait, let's confirm the critical value for 97% confidence.

The confidence level is 97%, so the significance level is 3%, split into two tails, so 1.5% in each tail. So we need the z-score such that the area to the left is 0.985.

Using a standard normal table:

The z-score for 0.985 is approximately 2.17 (as per common tables).

For example, in the z-table, the row for 2.1 and column 0.07 gives 0.9808, row 2.1 and column 0.08 gives 0.9842, row 2.17 gives 0.985 (approximately).

Yes, so 2.17 is a good approximation.

Alternatively, some sources might use 2.16 or 2.18, but 2.17 is standard for 97% confidence.

Let me check with another method. The exact value can be calculated using the inverse of the normal distribution.

But for the purpose of this problem, let's go with 2.17.

So, \( n = (2.17 / 0.02)^2 * 0.25 \)

Calculate step by step:

2.17 divided by 0.02: 2.17 / 0.02 = 108.5

108.5 squared: 108.5 * 108.5

100*100=10000, 100*8.5=850, 8.5*100=850, 8.5*8.5=72.25, so (100 + 8.5)^2 = 100^2 + 2*100*8.5 + 8.5^2 = 10000 + 1700 + 72.25 = 11772.25

Then multiply by 0.25: 11772.25 * 0.25 = 2943.0625

So we need to round up to 2944, since you can't have a fraction of a student, and you need to ensure the margin of error is at most 2%.

Wait, but sometimes in these problems, they use a more precise \( z^* \) value. Let me check if the problem expects a specific \( z \)-value.

For example, some textbooks use 2.0 for 98% confidence, but 97% is a bit higher.

Alternatively, maybe the problem expects using the exact critical value from a table. Let's see.

Another way: The problem says ""97% confident"", so the confidence interval is 97%, so the critical value is the z-score where the area between -z and z is 0.97, so the area in each tail is 0.015.

Using a calculator, the z-score for 0.985 is approximately 2.170092, so 2.17 is fine.

So part (a) would be 2944.

Now part (b): We have a prior estimate that 6% of students carry weapons, so \( p = 0.06 \).

We still need the same \( z^* \) and \( E = 0.02 \).

The formula is the same: \( n = (z^* / E)^2 * p(1 - p) \)

Here, \( p = 0.06 \), so \( p(1 - p) = 0.06 * 0.94 = 0.054 \)

So,

\[ n = \left( \frac{2.17}{0.02} \right)^2 * 0.054 \]

We already know \( (2.17 / 0.02)^2 = 11772.25 \) (from before)

So 11772.25 * 0.054 = ?

Let's calculate that.

11772.25 * 0.05 = 588.6125

11772.25 * 0.004 = 47.089

Total: 588.6125 + 47.089 = 635.7015

So approximately 635.7, so we need to round up to 636.

Wait, let's do it more accurately.

11772.25 * 0.054:

First, 11772.25 * 0.05 = 588.6125

11772.25 * 0.004 = 47.089

So total is 588.6125 + 47.089 = 635.7015

So n ≈ 635.7, so we round up to 636.

But wait, let's check if the calculation is correct.

Wait, 2.17 / 0.02 = 108.5, so 108.5 squared is 11772.25, correct.

Then 11772.25 * 0.06 * 0.94 = 11772.25 * 0.054 = 635.7015, so yes, 636.

But let's make sure about the critical value. Maybe the problem expects a different \( z^* \). For example, some textbooks use 2.0 for 95% confidence, but 97% is higher.

Wait, another thought: sometimes the margin of error is given as a percentage, so 2 percentage points, which is 2%, so E = 0.02.

Let me confirm the critical value again.

In some contexts, the critical value for 97% confidence is taken as 2.17, as we said.

Alternatively, if the problem uses a more precise value, like 2.16 (for 97%?), but let's see.

Wait, let's use a more accurate z-value. Let's use z = 2.170092 (from calculator).

So z = 2.170092

Then, (z / E)^2 * p(1 - p)

For part (a):

n = (2.170092 / 0.02)^2 * 0.25

= (108.5046)^2 * 0.25

= 11774.0 * 0.25 (approx)

108.5046 squared is approximately 108.5^2 = 11772.25, so 11772.25 * 0.25 = 2943.06, so 2944.

For part (b):

n = (2.170092 / 0.02)^2 * 0.06 * 0.94

= 11774.0 * 0.054

11774 * 0.054 = 11774 * 0.05 + 11774 * 0.004 = 588.7 + 47.096 = 635.796, so approximately 636.

But let's check if the problem expects rounding up to the nearest whole number, which it does, since you can't have a fraction of a student.

Wait, another point: sometimes in these problems, they use a different critical value. For example, some textbooks use 2.576 for 99%, 1.96 for 95%, but for 97%, it's less common.

Wait, let's check with a standard table.

The critical value for 97% confidence is the z-score where the area between -z and z is 0.97, so the area in each tail is 0.015.

Looking up in the z-table:

The z-score for 0.985 (since 1 - 0.015 = 0.985) is 2.17 (as per common tables).

Yes, for example, in the standard normal distribution table, the value 2.17 corresponds to 0.985.

So that's correct.

Let me verify with an example. Suppose we have a 95% confidence level, z = 1.96, which is the 97.5th percentile (since 95% confidence leaves 2.5% in each tail).

For 97% confidence, it's a bit higher, so z is a bit higher than 1.96, which makes sense.

So, proceeding with z = 2.17.

Now, let's recalculate part (b) more precisely.

p = 0.06, so p(1 - p) = 0.06 * 0.94 = 0.054

n = (2.17 / 0.02)^2 * 0.054

2.17 / 0.02 = 108.5

108.5^2 = 11772.25

11772.25 * 0.054 = 11772.25 * 0.05 + 11772.25 * 0.004 = 588.6125 + 47.089 = 635.7015

So n ≈ 636.

But wait, some textbooks use a different approach where they round up to the next integer, so 636 is correct.

Wait, but let's check if the problem specifies anything about rounding. Typically, in these problems, you round up to the next whole number because you can't have a fraction of a sample, and you want the sample size to be sufficient.

So part (a) is 2944, part (b) is 636.

Wait, but let me check if I made a mistake in the critical value.

Wait, another thought: sometimes the margin of error is calculated with a different critical value. For example, in some contexts, especially in AP Statistics, they use z* = 2.576 for 99%, 1.96 for 95%, but for 97%, it's not a standard value. Maybe the problem expects us to use a specific z* value, like 2.0 for simplicity? But no, 97% is close to 95% and 99%, but 97% is higher than 95%.

Wait, let's try to use a more precise calculation for z*.

Using a calculator, the exact z-score for 97.5% (which is the 95% confidence interval) is 1.96, but for 97% confidence, it's the 98.5th percentile.

Using the formula for the inverse normal:

In Excel, NORM.S.INV(0.985) gives approximately 2.170092.

Yes, so 2.17 is correct.

Let me check with another source. For example, the critical value for 97% confidence is approximately 2.17.

So, part (a): n = (2.17 / 0.02)^2 * 0.25 = (108.5)^2 * 0.25 = 11772.25 * 0.25 = 2943.06, so 2944.

Part (b): n = (2.17 / 0.02)^2 * 0.06 * 0.94 = 11772.25 * 0.054 = 635.7, so 636.

But wait, let me check if the problem says ""percentage points"" – the margin of error is 2 percentage points, which is 2%, so E = 0.02, correct.

Is there a chance that the problem expects a different critical value? For example, some textbooks use 2.0 for 95%? No, 95% is 1.96.

Wait, another angle: sometimes in these problems, they use the conservative estimate (p=0.5) for part (a), which we did, and for part (b), they use the given p.

Let me check with an example. Suppose we have a 97% confidence level, so the critical value is z* = 2.17.

Yes, I think 2.17 is correct.

Let me see if 2.17 is the right value.

For example, the 97.5th percentile is 1.96 (for 95% confidence), the 98th percentile is about 2.05, the 98.5th percentile is about 2.17, and the 99th percentile is 2.33.

Yes, so 97% confidence corresponds to the 98.5th percentile, which is approximately 2.17.

So, with that, our calculations seem correct.

Wait, but let's check part (a) again. If we use p=0.5, then n = (z / E)^2 * 0.25.

If the problem expects a more precise z*, maybe they use 2.17 as 2.16 or 2.18?

Let's try with z = 2.16 (which is a common approximation for 97%? Wait, 2.16 is the z-score for 98.5%? Let's see.

NORM.S.INV(0.985) in Excel is 2.170092, so 2.17 is correct.

So, part (a): 2944, part (b): 636.

Wait, but let me check with another method. Suppose we use z = 2.17, E = 0.02, p"
31,"Okay, let's tackle these two division problems one by one. 

Starting with part a: 6 divided by -2. Hmm, so this is 6 over -2. I need to figure out what that equals. Let me recall that dividing by a negative number changes the sign of the result. So 6 divided by 2 is 3, right? Because 2 times 3 is 6. But here it's divided by -2, so the result should be negative. So 6 divided by -2 is -3. Let me check that. If I multiply -3 by -2, that should give me 6. Yeah, because negative times negative is positive, so -3 * -2 = 6. That works. So part a is -3.

Now part b: -126 divided by -3. Okay, so this is a negative divided by a negative. I remember that when you divide two negatives, the result is positive. So first, let's ignore the signs and do 126 divided by 3. What's 126 divided by ื่? Well, 3 times 40 is 120, so 126 minus 120 is 6, so 3 times 42 is 126. Wait, 3*40=120, 3*2=6, so 40+2=42. So 126 divided by 3 is 42. Since both the numerator and denominator are negative, the quotient is positive. So -126 divided by -3 is 42. Let me verify. Multiply 42 by -3: 42*(-3) = -126. Wait, no, wait. Wait, if we have (-126)/(-3), then that's equal to 126/3, which is 42. Because dividing by a negative is like multiplying by -1, so two negatives make positive. So yes, 42 is correct. Let me check with another method. For example, 3 times 42 is 126, so -3 times 42 is -126. Therefore, -126 divided by -3 is 42. Yep, that's right.

So part a is -3, part b is 42. Let me just make sure I didn't mix up anything. For part a: 6 / (-2). 6 divided by 2 is 3, so with the negative sign, it's -3. Correct. Part b: (-126)/(-3). Both negative, so positive. 126 divided by 3 is 42. So the answer is 42. 

I think that's it. No division is undefined here because we're dividing by non-zero numbers. The denominators are -2 and -3, which are not zero, so all good. So the answers are -3 and 42.
</think>

To solve the given division problems, we analyze each part step by step.

---

### **a) $ \frac{6}{-2} $**

We are dividing a positive number (6) by a negative number (-2).

- Dividing by a negative number results in a **negative** quotient.
- First, compute $ \frac{6}{2} = 3 $
- Then apply the sign: $ \frac{6}{-2} = -3 $

**Verification**:  
$ -3 \times (-2) = 6 $ ✅

So, the result is:

$$
\boxed{-3}
$$

---

### **b) $ \frac{-126}{-3} $**

Here, we are dividing a negative number (-126) by another negative number (-3).

- A common rule: **Negative divided by negative equals positive**.
- Compute $ \frac{126}{3} = 42 $
- Apply the sign rule: $ \frac{-126}{-3} = 42 $

**Verification**:  
$ 42 \times (-3) = -126 $, so $ \frac{-126}{-3} = 42 $ ✅

So, the result is:

$$
\boxed{42}
$$

---

### Final Answer

Since both parts have defined results and no division by zero occurs, we provide the answers as:

$$
\boxed{-3, 42}
$$"
32,"Okay, let's tackle this problem step by step. First, the question is asking for two things: the distance between the points (4, -3) and (-6, -4), and then the midpoint of the line segment joining these two points. 

Starting with the distance. I remember the distance formula from coordinate geometry. The distance between two points (x1, y1) and (x2, y2) is given by the square root of [(x2 - x1)^2 + (y2 - y1)^2]. Let me write that down.

So, first point is (4, -3), so x1 = 4, y1 = -3. Second point is (-6, -4), so x2 = -6, y2 = -4.

Let's compute the differences first. For the x-coordinates: x2 - x1 = (-6) - 4 = -10. For the y-coordinates: y2 - y1 = (-4) - (-3) = -4 + ื่? Wait, no: (-4) - (-3) is -4 + 3 = -1. Wait, let me check that again. y2 is -4, y1 is -3, so y2 - y1 = (-4) - (-3) = -4 + 3 = -1. Right, that's correct.

Then, we square these differences. So (x2 - x1)^2 = (-10)^2 = 100. (y2 - y1)^2 = (-1)^2 = 1. Then add them together: 100 + 1 = 101. Then take the square root: sqrt(101). So the distance is sqrt(101). Let me verify that. Let's compute the actual numbers. The horizontal distance between 4 and -6 is 10 units (since | -6 - 4 | = 10), vertical distance is | -4 - (-3)| = | -1 | = 1. So the distance should be sqrt(10^2 + 1^2) = sqrt(100 + 1) = sqrt(101). Yep, that's right. So the distance is sqrt(101).

Now, the midpoint. The midpoint formula is average of the x-coordinates and average of the y-coordinates. So midpoint M is ((x1 + x2)/2, (y1 + y2)/2).

Let's compute the x-coordinate of the midpoint: (4 + (-6))/2 = (-2)/2 = -1.

Y-coordinate: (-3 + (-4))/2 = (-7)/2 = -3.5, which is -7/2. So the midpoint is (-1, -7/2) or (-1, -3.5). But since the problem says ""the midpoint... is given by: ( [ANS], [ANS] )"", probably wants it as fractions. So -7/2 is -3.5, but in fraction form, it's -7/2.

Let me double-check. x1 is 4, x2 is -6. Sum is 4 + (-6) = -2. Divide by 2: -2/2 = -1. Correct. y1 is -3, y2 is -4. Sum is -3 + (-4) = -7. Divide by 2: -7/2. So yes, midpoint is (-1, -7/2).

So the first part, the distance is sqrt(101), and the midpoint is (-1, -7/2). Let me check if the problem says ""The distance between (4,-3) and (-6,-4) is [ANS]"". So the first answer is sqrt(101). Then the midpoint is (-1, -7/2).

Wait, the problem says: ""The distance between (4,-3) and (-6,-4) is [ANS]"". Then ""The midpoint of the line segment that joins the given points is given by: ( [ANS], [ANS] ).""

So the user wants both answers. The first part is the distance, which is sqrt(101), and the second part is the midpoint coordinates, which are (-1, -7/2). Let me confirm once more.

Distance: between (4, -3) and (-6, -4). Difference in x: -6 - 4 = -10, squared is 100. Difference in y: -4 - (-3) = -1, squared is 1. Sum: 101, square root: sqrt(101). Correct.

Midpoint: x = (4 + (-6))/2 = (-2)/2 = -1. y = (-3 + (-4))/2 = (-7)/2 = -3.5. So yes, (-1, -7/2). So the answers are sqrt(101) and (-1, -7/2).

The problem says ""If the problem has multiple sub-answers, separate them by commas inside a single \boxed{}"". So the first part is the distance, which is a single number (sqrt(101)), and the midpoint is two numbers. Wait, the problem says: ""The distance between (4,-3) and (-6,-4) is [ANS]"". So that's one answer. Then ""The midpoint... is given by: ( [ANS], [ANS] )"". So the problem has two parts: first, the distance, then the midpoint coordinates.

So the user is asking for both answers. So the first answer is the distance, which is sqrt(101), and the second part is the midpoint, which is two numbers: -1 and -7/2.

So the problem says ""Solve the problem step-by-step. Put your final answer inside \boxed{}."" So since there are two answers (distance and midpoint), we need to box them as per instructions.

The instruction says: ""If the problem has multiple sub-answers, separate them by commas inside a single \boxed{}, e.g. \boxed{3, 7}.""

So here, the problem has two parts: first, the distance (a single number), and then the midpoint (two numbers). Wait, the problem statement is:

""The distance between (4,-3) and (-6,-4) is [ANS]

The midpoint of the line segment that joins the given points is given by: ( [ANS], [ANS] ).""

So the user is asking for two things: first, the distance (one number), and then the midpoint (two numbers). So total three answers? Wait, no. Wait, the way it's written: ""The distance [...] is [ANS]"" – so that's one answer. Then ""The midpoint [...] is given by: ( [ANS], [ANS] )"" – so that's two answers. So total three answers? Wait, no, the problem says ""the distance [...] is [ANS]"" – so the first blank is the distance. Then the midpoint is two blanks. So the problem has two questions: first, what's the distance? Second, what's the midpoint (with two coordinates).

But the user says ""Solve the problem step-by-step. Put your final answer inside \boxed{}"". So maybe the problem is presented as a single problem with two parts, so the answer is two parts: first the distance, then the midpoint coordinates.

So the answer should be: the distance is sqrt(101), and the midpoint is (-1, -7/2). So the problem has two answers: the distance (one number) and the midpoint (two numbers). Wait, no, the problem says ""The distance [...] is [ANS]"" – so that's one answer. Then ""The midpoint [...] is given by: ( [ANS], [ANS] )"" – so that's two answers. So total three answers? Wait, no, the problem is probably a single problem with two parts: first part asks for the distance, second part asks for the midpoint. So the answer is two parts: first, the distance; second, the midpoint (which has two coordinates).

But the user says ""If the problem has multiple sub-answers, separate them by commas inside a single \boxed{}"". So in this case, the problem has two sub-answers: the distance (one number) and the midpoint (two numbers). Wait, no, the problem as stated by the user has two sentences: first sentence is ""The distance [...] is [ANS]"", second sentence is ""The midpoint [...] is given by: ( [ANS], [ANS] )"". So the user is asking for two answers: first, the distance (a single number), and second, the midpoint (two numbers). So total three numbers? Wait, no. Wait, the midpoint is a pair, so it's two numbers. So the entire problem has two answers: the distance (1 number) and the midpoint (2 numbers). So total three numbers? Wait, no. Let me re-read.

The problem says: ""The distance between (4,-3) and (-6,-4) is [ANS]"". So that's one answer (a number). Then ""The midpoint [...] is given by: ( [ANS], [ANS] )"". So that's two answers (the two coordinates of the midpoint). So total three answers? Wait, no, the problem is presented as a single problem with two parts: first part (distance) and second part (midpoint). So the answer to the first part is a number, the answer to the second part is two numbers. So the problem has two answers: first, the distance; second, the midpoint (with two coordinates). So the user wants both answers.

The instruction says: ""If the problem has multiple sub-answers, separate them by commas inside a single \boxed{}"". So here, the problem has two sub-answers: the distance and the midpoint. Wait, no, the midpoint is two answers. Hmm.

Wait, maybe the problem is from a source where they want the distance first, then the midpoint. So the answer is two things: first, the distance (sqrt(101)), then the midpoint (x and y). So the answer is two parts: distance, then midpoint x, midpoint y.

So the user wants the answer to be: first, the distance, then the midpoint coordinates. So the answer is three numbers? No, the distance is one number, midpoint is two numbers. So total three numbers? Wait, no. Let's see.

For example, if the problem was ""What is the distance? What is the midpoint?"" then the answer would be two answers: first the distance, then the midpoint (which is a pair). So the answer is: sqrt(101), (-1, -7/2). So in boxed form, since it's two answers (the distance and the midpoint), but the midpoint is two numbers. Wait, the problem says ""separate them by commas inside a single \boxed{}"". So maybe the answer is two numbers: the distance and the x and y of the midpoint? Wait, no.

Wait, let's think. The problem says: ""The distance between (4,-3) and (-6,-4) is [ANS]"". So the first blank is the distance. Then ""The midpoint [...] is given by: ( [ANS], [ANS] )"". So the second part has two blanks. So the problem has three blanks? Wait, no. The problem is written as two sentences: first sentence has one blank (the distance), second sentence has two blanks (the midpoint coordinates). So the problem has three answers? Or is the problem presented as a single problem with two parts?

I think the user wants the answer to the distance and the midpoint. So the answer is two parts: first, the distance (a number), second, the midpoint (two numbers). So the answer should be written as: the distance is sqrt(101), and the midpoint is (-1, -7/2). So in boxed form, since it's two answers (distance and midpoint), but the midpoint is two numbers. Wait, the problem says ""the midpoint [...] is given by: ( [ANS], [ANS] )"", so they want two numbers. So the entire problem has two answers: first, the distance (one number), second, the midpoint (two numbers). So total three numbers? No, the problem is a single problem with two questions: 1) what's the distance? 2) what's the midpoint? So the answer to 1 is a number, answer to 2 is two numbers. So the user wants both answers.

The instruction says: ""If the problem has multiple sub-answers, separate them by commas inside a single \boxed{}"". So here, the problem has two sub-answers: the distance and the midpoint (but the midpoint is two numbers). Wait, maybe the problem is designed so that the answer is two numbers (the midpoint) and the distance is a third? No, the problem says ""The distance [...] is [ANS]"". So the first part is a single number (distance), the second part is two numbers (midpoint). So total three numbers? Wait, no, the problem is written as:

""The distance between (4,-3) and (-6,-4) is [ANS]

The midpoint of the line segment that joins the given points is given by: ( [ANS], [ANS] ).""

So the user is asking for two things: first, the distance (so [ANS] is the distance), then the midpoint has two [ANS]s. So the problem has three answers? Wait, no. In the problem statement, the first sentence is a statement that the distance is [ANS], so the user is to fill in [ANS] with the distance. Then the second sentence says the midpoint is given by ( [ANS], [ANS] ), so the user has to fill those two blanks. So the problem has two answers: the distance (one number) and the midpoint (two numbers). So total three numbers? Wait, no, the midpoint is a single point with two coordinates, so it's two numbers. So the problem has two questions: first question (distance) and second question (midpoint). So the answer to the first question is one number, the answer to the second question is two numbers. So the user wants both answers.

The instruction says: ""If the problem has multiple sub-answers, separate them by commas inside a single \boxed{}"". So for this problem, the ""problem"" has two sub-answers: the distance and the midpoint. Wait, no, the midpoint is two answers. Maybe the problem is considered to have two answers: the distance and the midpoint (as a pair). But the problem says ""the midpoint [...] is given by: ( [ANS], [ANS] )"", so they want two numbers. So the answer is three numbers? I'm confused.

Wait, let's look at the example given: \boxed{3, 7}. So they want multiple answers separated by commas in a single box. So in this case, the problem has two answers: first, the distance (a number), and then the midpoint (two numbers). Wait, no, the problem has two parts: first part (distance) and second part (midpoint). So the answer to the first part is one number, the answer to the second part is two numbers. So total three numbers? But the problem says ""the midpoint [...] is given by: ( [ANS], [ANS] )"", so the user is supposed to fill two blanks. So the problem has two answers: the distance and the midpoint (with two coordinates). So the answer is three numbers? No, the distance is one number, the midpoint is two numbers. So total three numbers? Wait, no, the problem is presented as a single problem with two sentences. So the user needs to provide two answers: the distance, and the midpoint (x and y). So the answer is: sqrt(101), -1, -7/2. So three numbers? But the problem says ""the midpoint [...] is given by: ( [ANS], [ANS] )"", so they want two numbers for the midpoint. So the entire answer is three numbers: distance, midpoint x, midpoint y.

But the problem says ""The distance between [...] is [ANS]"". So that's one answer. Then ""The midpoint [...] is given by: ( [ANS], [ANS] )"". So that's two answers. So total three answers? Wait, no, the problem is probably expecting two answers: first, the distance (a number), second, the midpoint (a pair of numbers). So the answer is two parts: distance and midpoint. So the user wants to write the distance as a number, and the midpoint as two numbers. So the answer is: sqrt(101), (-1, -7/2). So in boxed form, since it's two answers (the distance and the midpoint), but the midpoint is two numbers, so the answer is three numbers? I'm getting confused.

Let me try to write the answer step by step.

First, calculate the distance.

Points A(4, -3) and B(-6, -4).

Distance AB = sqrt[(4 - (-6))² + (-3 - (-4))²] = sqrt[(10)² + (1)²] = sqrt[100 + 1] = sqrt(101). So the distance is √101.

Midpoint M of AB: M_x = (4 + (-6))/2 = (-2)/2 = -1. M_y = (-3 + (-4))/2 = (-7)/2 = -3.5. So midpoint is (-1, -7/2).

So the problem asks: ""The distance [...] is [ANS]"" → answer is √101. Then ""The midpoint [...] is given by: ( [ANS], [ANS] )"" → answers are -1 and -7/2.

So the problem has two answers: first, the distance (√101), second, the midpoint (two numbers: -1 and -7/2). So the user wants both answers. Since the problem says ""if the problem has multiple sub-answers, separate them by commas inside a single \boxed{}"", so here, the problem has two sub-answers: the distance and the midpoint (but the midpoint is two numbers). Wait, no, the problem has two parts: part 1 (distance) and part 2 (midpoint). So part 1 is one answer, part 2 is two answers. So total three answers? I think the problem is intended to have two answers: the distance and the midpoint (as a pair). But the way it's written, the user is to fill in the distance and then the two midpoint coordinates.

Given the example \boxed{3, 7}, which is two numbers, so maybe the problem here has two answers: the distance and the midpoint (but the midpoint is two numbers). Wait, no. Let's think differently.

In many math problems, when asked for the distance and then the midpoint, the answer is two things: first the distance (a number), then the midpoint (two numbers). So the answer is three numbers? But the problem says ""the distance [...] is [ANS]"" (so one answer) and ""the midpoint [...] is given by: ( [ANS], [ANS] )"" (two answers). So total three answers. But the problem might be from a context where they expect two answers: the distance and the midpoint (as a pair). Wait, no.

Alternatively, maybe the problem is just asking for the midpoint, but no, the first sentence is about the distance.

Wait, the problem says: ""The distance between (4,-3) and (-6,-4) is [ANS]"". So the user is to fill in [ANS] with the distance. Then ""The midpoint [...] is given by: ( [ANS], [ANS] )"". So the user has to fill those two blanks. So the problem has two answers: the distance (one number) and the midpoint (two numbers). So total three numbers? But the problem says ""the problem has multiple sub-answers"".

Wait, perhaps the problem is from a source where the answer is two numbers: the midpoint, but no, the first part is the distance.

I think the key here is that the problem has two parts: first, compute the distance (answer: √101), second, compute the midpoint (answer: (-1, -7/2)). So the user wants both answers. Since the problem says ""multiple sub-answers"", so the answer is two parts: the distance and the midpoint. But the midpoint is two numbers. So the answer should be written as: the distance is √101, and the midpoint is (-1, -7/2). So in the required format, since it's two answers (distance and midpoint), but the midpoint is two numbers, so total three numbers? Wait, no.

Wait, the problem says: ""The distance between [...] is [ANS]"". So that's one answer. Then ""The midpoint [...] is given by: ( [ANS], [ANS] )"". So that's two answers. So the problem has three answers? No, the problem has two questions: 1) what's the distance? 2) what's the midpoint? So the answer to 1 is one number, answer to 2 is two numbers. So the user wants to write both answers.

The instruction says: ""If the problem has multiple sub-answers, separate them by commas inside a single \boxed{}"". So in this case, the problem has two sub-answers: the distance and the midpoint (but the midpoint is two numbers). Wait, no, the problem has two sub-questions: first sub-question (distance) and second sub-question (midpoint). So the answer to the first sub-question is one number, the answer to the second sub-question is two numbers. So the total answers are three numbers? I'm overcomplicating.

Let's just state the answers clearly.

Distance: √101.

Midpoint x: -1.

Midpoint y: -7/2.

So the problem asks for the distance (first blank) and the midpoint (two blanks). So the user wants to fill all blanks. So the answer to the first part is √101, and the answer to the second part is (-1, -7/2). So the problem has two answers: the distance and the midpoint. But the midpoint is two numbers. So the answer is three numbers? Or is the problem considering the midpoint as a single answer (a pair)?

In many contexts, when asked for the midpoint, you give it as an ordered pair, so the answer is two numbers. So the problem has two answers: first, the distance (one number), second, the midpoint (two numbers). So the user wants to write both answers. Since the problem says ""multiple sub-answers"", and the example is \boxed{3, 7}, which is two numbers, maybe here the answer is two numbers: the midpoint's x and y. But no, the first part is the distance.

Wait, the problem says: ""The distance between (4,-3) and (-6,-4) is [ANS]"". So that's the first answer. Then ""The midpoint [...] is given by: ( [ANS], [ANS] )"". So the second part has two answers. So total three answers? But the problem says ""the problem has multiple sub-answers"". Maybe in this case, the problem has two sub-answers: the distance and the midpoint (as a pair). But the midpoint is two numbers.

I think the intended answer is: the distance is √101, and the"
33,"Okay, let's try to solve this problem step by step. First, let's recall some properties of triangles related to orthocenters, circumcenters, midpoints, and altitudes.

We have a triangle \( ABC \) with:

- \( H \): orthocenter (intersection of altitudes)
- \( O \): circumcenter (center of circumscribed circle)
- \( M \): midpoint of \( BC \)
- \( F \): foot of the altitude from \( A \) (so \( AF \perp BC \))

We're told that \( HOMF \) is a rectangle with \( HO = 11 \) and \( OM = 5 \). We need to find the length of \( BC \).

First, let's recall coordinates might help here. Let's set up a coordinate system to model this.

Let's place \( BC \) on the x-axis for simplicity, so \( B = (-b, 0) \), \( C = (c, 0) \), so \( M \), the midpoint of \( BC \), is at \( ((-b + c)/2, 0) \). Wait, maybe better to set \( M \) at the origin to simplify? Wait, since \( M \) is the midpoint of \( BC \), let's set coordinate system with \( M \) at \( (0, 0) \), so \( B = (-m, ื่ 0) \), \( C = (m, 0) \), so \( BC = 2m \), which is what we need to find (so \( BC = 2m \)).

Let \( A = (p, q) \), so the foot of the altitude from \( A \) to \( BC \) is \( F \). Since \( BC \) is on the x-axis, the altitude from \( A \) is vertical? Wait, no: \( BC \) is on the x-axis, so it's horizontal, so the altitude from \( A \) is vertical? Wait, no: the altitude from \( A \) to \( BC \) is perpendicular to \( BC \). Since \( BC \) is horizontal (on x-axis), the altitude from \( A \) is vertical? Wait, no: if \( BC \) is horizontal, then its slope is 0, so the altitude from \( A \) has undefined slope (vertical) or slope undefined? Wait, no: the altitude from \( A \) is a line through \( A \) perpendicular to \( BC \). Since \( BC \) is horizontal, the altitude is vertical, so it's a vertical line through \( A \), so \( F \) has the same x-coordinate as \( A \)? Wait, no: the foot of the altitude from \( A \) to \( BC \) is the point where the altitude meets \( BC \). Since \( BC \) is on the x-axis, the altitude from \( A \) is vertical? Wait, no: if \( BC \) is horizontal, then the altitude from \( A \) is vertical, yes. So the foot \( F \) has coordinates \( (p, 0) \), because the altitude from \( A(p, q) \) to \( BC \) (x-axis) is the vertical line \( x = p \), so it meets \( BC \) at \( (p, 0) \). So \( F = (p, 0) \).

Now, let's recall coordinates of orthocenter \( H \), circumcenter \( O \), and other points.

In triangle \( ABC \):

- Circumcenter \( O \): the intersection of perpendicular bisectors. Since \( BC \) is on the x-axis, the perpendicular bisector of \( BC \) is the y-axis (since \( M \) is the midpoint of \( BC \), so the perpendicular bisector of \( BC \) is the line \( x = 0 \) if we set \( M \) at \( (0, 0) \). Wait, we set \( M \) at \( (0, 0) \), so \( B = (-m, 0) \), \( C = (m, 0) \), so \( BC = 2m \), so \( M = (0, 0) \). Then the perpendicular bisector of \( BC \) is the y-axis (x=0).

The perpendicular bisector of \( AB \): let's find it. \( A = (p, q) \), \( B = (-m, 0) \). The midpoint of \( AB \) is \( ((p - m)/2, q/2) \). The slope of \( AB \) is \( (q - 0)/(p + m) = q/(p + m) \), so the perpendicular bisector has slope \( -(p + m)/q \).

Circumcenter \( O \) is the intersection of perpendicular bisectors. Since we know the perpendicular bisector of \( BC \) is x=0, so \( O \) has coordinates \( (0, k) \) for some \( k \).

The circumradius squared is \( OA^2 = OB^2 \).

\( OA^2 = (p - 0)^2 + (q - k)^2 = p^2 + (q - k)^2 \)

\( OB^2 = (-m - 0)^2 + (0 - k)^2 = m^2 + k^2 \)

So \( p^2 + (q - k)^2 = m^2 + k^2 \implies p^2 + q^2 - 2qk + k^2 = m^2 + k^2 \implies p^2 + q^2 - 2qk = m^2 \implies k = (p^2 + q^2 - m^2)/(2q) \)

Orthocenter \( H \): in a triangle, the orthocenter is the intersection of altitudes. We already have the altitude from \( A \): it's the vertical line \( x = p \) (since \( BC \) is horizontal, altitude is vertical). Wait, no: the altitude from \( A \) is perpendicular to \( BC \), which is horizontal, so yes, it's vertical, so equation \( x = p \).

Altitude from \( B \): it's perpendicular to \( AC \). Slope of \( AC \) is \( (q - 0)/(p - m) = q/(p - m) \), so slope of altitude from \( B \) is \( -(p - m)/q \). It passes through \( B(-m, 0) \), so equation: \( y - 0 = [-(p - m)/q](x + m) \)

Orthocenter \( H \) is the intersection of altitudes, so we can find its coordinates by intersecting the altitude from \( A \) (x = p) with the altitude from \( B \).

Substitute \( x = p \) into altitude from \( B \):

\( y = [-(p - m)/q](p + m) = -(p^2 - m^2)/q \)

So \( H = (p, -(p^2 - m^2)/q) \)

Wait, let's check with another altitude to be sure. Altitude from \( C \): slope is \( -(p + m)/q \) (since slope of \( AB \) is \( q/(p + m) \)), so altitude from \( C \) has slope \( -(p + m)/q \), passes through \( C(m, 0) \), equation: \( y = [-(p + m)/q](x - m) \)

Intersection with \( x = p \):

\( y = [-(p + m)/q](p - m) = -(p^2 - m^2)/q \), same as above. Good, so \( H = (p, (m^2 - p^2)/q) \) (since \( -(p^2 - m^2) = m^2 - p^2 \))

Now, \( F \) is the foot of the altitude from \( A \), which we said is \( (p, 0) \), since the altitude from \( A \) is vertical (x=p) meeting \( BC \) (x-axis) at \( (p, 0) \). So \( F = (p, 0) \).

We need to consider the rectangle \( HOMF \). Let's list the coordinates of these four points:

- \( H = (p, h) \), where \( h = (m^2 - p^2)/q \) (from above)
- \( O = (0, k) \) (circumcenter, on y-axis)
- \( M = (0, 0) \) (midpoint of \( BC \))
- \( F = (p, 0) \) (foot of altitude from \( A \))

Wait, the problem says ""a rectangle \( HOMF \)"". So the vertices are \( H, O, M, F \) in order, forming a rectangle.

Let's write down the coordinates again with \( M = (0, 0) \), \( F = (p, 0) \), \( O = (0, k) \), \( H = (p, h) \). Wait, if it's a rectangle, then the sides should be perpendicular.

In a rectangle, consecutive vertices are connected by edges that are perpendicular. Let's assume the rectangle is \( H \)-\( O \)-\( M \)-\( F \)-\( H \), so the sides are \( HO \), \( OM \), \( MF \), \( FH \).

Let's compute the vectors:

- \( HO \): from \( H \) to \( O \): \( (0 - p, k - h) = (-p, k - h) \)
- \( OM \): from \( O \) to \( M \): \( (0 - 0, 0 - k) = (0, -k) \)
- \( MF \): from \( M \) to \( F \): \( (p - 0, 0 - 0) = (p, 0) \)
- \( FH \): from \( F \) to \( H \): \( (p - p, h - 0) = (0, h) \)

For \( HOMF \) to be a rectangle, the sides must be perpendicular and equal in opposite sides.

In a rectangle, adjacent sides are perpendicular. Let's see the order: \( H \), \( O \), \( M \), \( F \). So the sides are \( HO \), \( OM \), \( MF \), \( FH \).

So \( HO \) and \( OM \) should be adjacent sides, so they should be perpendicular.

Vector \( HO = O - H = (-p, k - h) \)

Vector \( OM = M - O = (-0, -k) = (0, -k) \)

Wait, maybe better to use coordinates to define the rectangle.

In a rectangle, the midpoints of the diagonals coincide, and opposite sides are equal and parallel.

Suppose \( HOMF \) is a rectangle, so the diagonals \( HM \) and \( OF \) should be equal and bisect each other.

But maybe more straightforward: in a rectangle, the coordinates of the vertices satisfy that the sides are axis-aligned? Wait, the problem says it's a rectangle, but not necessarily axis-aligned, but in our coordinate system, we set \( M \) at (0,0), \( F \) on x-axis, \( O \) on y-axis (since circumcenter is on perpendicular bisector of \( BC \), which we took as y-axis), and \( H \) is the orthocenter.

Wait, in standard triangle geometry, there's a relationship between the orthocenter, circumcenter, and centroid, but here we have a rectangle.

Let me recall Euler line: \( OH = 3 OG \), where \( G \) is centroid, but maybe not directly helpful.

Another approach: In any triangle, the vector from \( O \) to \( H \) is \( \vec{OH} = \vec{OA} + \vec{OB} + \vec{OC} \) (in vector terms with \( O \) as origin), but maybe not.

Wait, let's think about the rectangle \( HOMF \). In a rectangle, opposite sides are equal and all angles are right angles.

Given \( HO = 11 \), \( OM = 5 \). So the sides of the rectangle are 11 and 5.

Let's denote the sides: in rectangle \( HOMF \), the lengths of the sides are \( HO \) and \( OM \)? Wait, no: in a quadrilateral, the sides are \( HO \), \( OM \), \( MF \), \( FH \).

So \( HO \) and \( OM \) are adjacent sides, so they are perpendicular, and \( HO = 11 \), \( OM = 5 \).

In a rectangle, adjacent sides are perpendicular, so \( HO \perp OM \).

Let's get back to coordinates.

Let me fix coordinate system with \( BC \) on x-axis, \( M \) (midpoint of \( BC \)) at \( (0, 0) \), so \( B = (-d, 0) \), \( C = (d, 0) \), so \( BC = 2d \) (this is what we need to find, so \( BC = 2d \)).

Let \( A = (e, f) \), so \( f > 0 \) (assuming triangle is above x-axis).

Foot of altitude from \( A \) is \( F \), which is on \( BC \), so since \( BC \) is horizontal, the altitude from \( A \) is vertical? Wait, no: the altitude from \( A \) is perpendicular to \( BC \). Since \( BC \) is horizontal, the altitude is vertical, so it's a vertical line through \( A \), so \( F \) has the same x-coordinate as \( A \), so \( F = (e, 0) \).

Orthocenter \( H \): intersection of altitudes. Altitude from \( A \) is \( x = e \) (vertical line).

Altitude from \( B \): passes through \( B(-d, 0) \) and is perpendicular to \( AC \).

Slope of \( AC \): \( (f - 0)/(e - d) = f/(e - d) \), so slope of altitude from \( B \) is \( -(e - d)/f \).

Equation of altitude from \( B \): \( y = [-(e - d)/f](x + d) \)

Intersection with \( x = e \) (altitude from \( A \)) gives \( H \)'s coordinates:

\( y = [-(e - d)/f](e + d) = -(e^2 - d^2)/f \)

So \( H = (e, (d^2 - e^2)/f) \) (since \( -(e^2 - d^2) = d^2 - e^2 \))

Circumcenter \( O \): intersection of perpendicular bisectors.

Perpendicular bisector of \( BC \): since \( BC \) is from \( (-d, 0) \) to \( (d, 0) \), midpoint is \( (0, 0) \), perpendicular bisector is y-axis (x=0).

Perpendicular bisector of \( AB \): midpoint of \( AB \) is \( ((e - d)/2, f/2) \), slope of \( AB \) is \( f/(e + d) \), so slope of perpendicular bisector is \( -(e + d)/f \).

Equation: \( y - f/2 = [-(e + d)/f](x - (e - d)/2) \)

Since \( O \) is on x=0, substitute \( x=0 \):

\( y = f/2 + [-(e + d)/f]( - (e - d)/2 ) = f/2 + (e + d)(e - d)/(2f) = f/2 + (e^2 - d^2)/(2f) \)

So \( O = (0, (f^2 + e^2 - d^2)/(2f)) \) (since \( y = f/2 + (e^2 - d^2)/(2f) = (f^2 + e^2 - d^2)/(2f) \))

Now, we have coordinates:

- \( H = (e, (d^2 - e^2)/f) \)
- \( O = (0, k) \), where \( k = (e^2 + f^2 - d^2)/(2f) \) (wait, let's recast: \( y = (f^2 + e^2 - d^2)/(2f) \)? Wait, let's do the calculation again.

Perpendicular bisector of \( AB \):

Midpoint of \( AB \): \( ((-d + e)/2, (0 + f)/2) = ((e - d)/2, f/2) \)

Slope of \( AB \): \( (f - 0)/(e - (-d)) = f/(e + d) \), so slope of perpendicular bisector is \( -(e + d)/f \)

Equation: \( y - f/2 = [-(e + d)/f](x - (e - d)/2) \)

At \( x = 0 \) (circumcenter on y-axis):

\( y = f/2 + [-(e + d)/f]( - (e - d)/2 ) = f/2 + (e + d)(e - d)/(2f) = f/2 + (e^2 - d^2)/(2f) = (f^2 + e^2 - d^2)/(2f) \)

Yes, so \( O = (0, (e^2 + f^2 - d^2)/(2f)) \)

Now, \( M = (0, 0) \) (midpoint of \( BC \))

\( F = (e, 0) \) (foot of altitude from \( A \))

Now, let's check if \( HOMF \) is a rectangle. Let's list the coordinates:

- \( H = (e, h) \), where \( h = (d^2 - e^2)/f \) (from earlier, \( y_H = (d^2 - e^2)/f \))
- \( O = (0, k) \), where \( k = (e^2 + f^2 - d^2)/(2f) \)
- \( M = (0, 0) \)
- \( F = (e, 0) \)

Let's plot these points:

- \( M \) is at (0,0)
- \( F \) is at (e, 0)
- \( O \) is at (0, k)
- \( H \) is at (e, h)

Wait a second! If we connect \( H(e, h) \), \( O(0, k) \), \( M(0, 0) \), \( F(e, 0) \), then this is a rectangle!

Because:

- \( HF \): from \( H(e, h) \) to \( F(e, 0) \): vertical line x=e, length \( |h| \)
- \( FM \): from \( F(e, 0) \) to \( M(0, 0) \): horizontal line y=0, length \( |e| \)
- \( MO \): from \( M(0, 0) \) to \( O(0, k) \): vertical line x=0, length \( |k| \)
- \( OH \): from \( O(0, k) \) to \( H(e, h) \): diagonal?

Wait, no, in a rectangle, the sides are \( HO \), \( OM \), \( MF \), \( FH \). Let's check the distances and slopes.

Compute vectors:

- \( \overrightarrow{HO} = O - H = (0 - e, k - h) = (-e, k - h) \)
- \( \overrightarrow{OM} = M - O = (0 - 0, 0 - k) = (0, -k) \)
- \( \overrightarrow{MF} = F - M = (e - 0, 0 - 0) = (e, 0) \)
- \( \overrightarrow{FH} = H - F = (e - e, h - 0) = (0, h) \)

For \( HOMF \) to be a rectangle, the sides \( HO \) and \( OM \) should be adjacent sides, so they should be perpendicular, and \( HO \) and \( MF \) should be equal, etc.

Wait, actually, in the coordinate system we set, the points \( H(e, h) \), \( O(0, k) \), \( M(0, 0) \), \( F(e, 0) \) form a rectangle if and only if the sides are parallel to the axes. Because \( H \) and \( F \) have the same x-coordinate, \( O \) and \( M \) have the same x-coordinate (0), and \( F \) and \( M \) have the same y-coordinate (0), \( O \) and \( H \) have... Wait, no, in this coordinate system, the quadrilateral \( H, O, M, F \) is a rectangle with sides parallel to the axes!

Yes! Because:

- \( H(e, h) \)
- \( O(0, k) \)
- \( M(0, 0) \)
- \( F(e, 0) \)

If we connect them in order \( H \to O \to M \to F \to H \), then:

- \( HO \): from \( (e, h) \) to \( (0, k) \)
- \( OM \): from \( (0, k) \) to \( (0, 0) \)
- \( MF \): from \( (0, 0) \) to \( (e, 0) \)
- \( FH \): from \( (e, 0) \) to \( (e, h) \)

Wait, no, the order matters. The problem says ""a rectangle \( HOMF \)"", so the vertices are \( H, O, M, F \) in order, so the sides are \( HO \), \( OM \), \( MF \), \( FH \).

For this to be a rectangle, the consecutive sides must be perpendicular and equal in length (opposite sides).

Let's check the vectors:

- \( \overrightarrow{HO} = O - H = (-e, k - h) \)
- \( \overrightarrow{OM} = M - O = (0, -k) \)
- \( \overrightarrow{MF} = F - M = ("
34,"Okay, let's try to figure out this problem step by step. So, we have some statistics about a dataset: min is 3, Q1 is 4.5, median (Q2) is 9, Q3 is 1ื่, max is 20. We need to check which statement is correct from the options given.

First, I remember that the interquartile range (IQR) is calculated as Q3 - Q1. Let me compute that first. Q3 is 10.5, Q1 is 4.5, so IQR = 10.5 - 4.5 = 6. Wait, option A says the IQR is 7. Hmm, so that would be incorrect. So A is probably wrong. Let me note that.

Next, checking for skewness. If the median is closer to Q1 or Q3? Wait, the median is 9. The distance from median to Q1 is 9 - 4.5 = 4.5, and from median to Q3 is 10.5 - 9 = 1.5. Since the distance from median to Q3 is smaller than to Q1, that suggests that the data is right-skewed. Wait, no, wait. Wait, in a right-skewed distribution, the tail is on the right, so the mean is greater than the median, but here we don't have the mean. Hmm, maybe another way.

Wait, actually, when the median is closer to the higher end, it might indicate left skew? Wait, I'm getting confused here. Let me recall: if the median is closer to Q3 than Q1, that suggests the data is right-skewed? Or left?

Wait, no. Let's think. Suppose we have a right-skewed distribution: most of the data is on the left, with a long tail to the right. In such a case, the median is less than the mean, but the IQR is still... Hmm, maybe another approach.

The standard rule: if the median is closer to Q1 than Q3, then it's left-skewed? Wait, no. Wait, actually, the direction of skew is determined by where the mean is relative to the median, but since we don't have the mean here, maybe using the quartiles.

Alternatively, a common way to check skewness is to see if the distance between Q1 and median is different from median to Q3. If the distance from median to Q3 is smaller than from Q1 to median, then it's right-skewed? Wait, no. Wait, if the data is right-skewed, the tail is on the right, so there are more high values, so Q3 is further from the median than Q1? Hmm, not sure.

Wait, let's take an example. Suppose we have a right-skewed distribution. For instance, test scores: most people scored around 50, but a few got very high, like 90. Then the median would be around 50, Q1 maybe 40, Q3 maybe 60. Wait, but in this case, the median is closer to Q3? Hmm, not sure.

Wait, perhaps another approach. The formula for skewness can be calculated, but since we don't have the actual data, we can use the quartiles.

In a symmetric distribution, the median is exactly in the middle, and the distances from median to Q1 and median to Q3 are equal. But here, median is 9, Q1 is 4.5 (so 4.5 below median), Q3 is 10.5 (1.5 above median). So the distance from median to Q1 is 4.5, and from median to Q3 is 1.5. So the right side has a shorter spread. This suggests that the data is right-skewed? Wait, no. Wait, if the right side has a shorter spread, meaning that the upper half is more concentrated, so the tail is on the left? Hmm, confusing.

Wait, actually, in a right-skewed distribution, the mean is greater than the median, and the tail is on the right. In such a case, the median is closer to the Q3 than Q1? Wait, not sure.

Alternatively, the presence of a long tail on the right (right-skewed) would mean that there are a few high values pulling the mean up, but the median is still in the middle. In terms of quartiles, if the data is right-skewed, then the Q3 is farther from the median than Q1 is? Wait, no. Let me think.

Suppose we have a dataset with a right skew. For example: [1, 2, 3, 4, 5, 6, 7, 8, 9, 10, 100]. Here, the median is 6 (if n=11, median is 6th value). Wait, no, in this case, the median would be 6 (the 6th number). Q1 is 3 (median of lower half), Q3 is 8 (median of upper half). Wait, but here the maximum is 100, which is way higher. So this dataset is right-skewed. Here, the distance from median to Q1 is 3 (6-3=3), from median to Q3 is 2 (8-6=2). Wait, so here the distance from median to Q1 is larger than to Q3. Which would suggest that the data is right-skewed? Hmm, in this example, yes. So if the distance from median to Q1 is greater than from median to Q3, then it's right-skewed.

Wait, in this example, the data is right-skewed, and the distance from median to Q1 (3) is larger than to Q3 (2). So yes, if the left side (below median) has a larger spread than the right side (above median), then it's right-skewed.

So in our problem, the distance from median to Q1 is 4.5 (since 9 - 4.5 = 4.5), and from median to Q3 is 1.5 (10.5 - 9 = 1.5). So the left side (from Q1 to median) is longer than the right side (median to Q3). That would indicate a right skew? Wait, in the previous example, the right skew had a longer tail on the right, so the median was closer to Q3. Wait, in my example, the median was 6, Q3 was 8, so the upper half (from median to Q3) was only 2 units, while the lower half (from Q1 to median) was 3 units. So the left side (lower half) was more spread out. Hmm, maybe this indicates that the data is right-skewed because the tail is on the right.

But in this case, the distance from median to Q1 is larger than to Q3, which suggests that the data is right-skewed. Wait, I think that's the case. So if the distance from median to Q1 is greater than from median to Q3, then the distribution is right-skewed.

Yes, so in this problem, since median to Q1 is 4.5, and median to Q3 is 1.5, so the left side (below median) is more spread out, which would mean that the data is right-skewed. So option B says ""The data is right-skewed."" So B could be correct.

But let's check other options too.

Now, checking for outliers. To determine outliers, we need to calculate the IQR first. Wait, we already found IQR is 6 (10.5 - 4.5). Then, the lower bound for outliers is Q1 - 1.5*IQR, and upper bound is Q3 + 1.5*IQR.

Wait, no: the usual method is to compute lower fence = Q1 - 1.5*(IQR), upper fence = Q3 + 1.5*(IQR). Any data point below lower fence or above upper fence is considered an outlier.

Wait, but hold on: sometimes people use 1.5*IQR as the threshold. Let me confirm.

Yes, typically, the IQR is used to find the fences. Lower fence = Q1 - 1.5*(IQR), upper fence = Q3 + 1.5*(IQR).

So here, IQR = 6.

Lower fence: 4.5 - 1.5*6 = 4.5 - 9 = -4.5

Upper fence: 10.5 + 1.5*6 = 10.5 + 9 = 19.5

So any value below -4.5 or above 19.5 is an outlier.

Our data has min 3, max 20. So 20 is above 19.5? Wait, 19.5 is the upper fence. So 20 is above 19.5, so it's an outlier? Wait, the upper fence is 19.5, so 20 is just above that, so 20 would be an outlier.

Similarly, the lower fence is -4.5, so all data points are above that, so no lower outliers.

Wait, so 20 is an outlier? Because it's above the upper fence (19.5). So option J says ""20 is an outlier."" Also, option G says ""Both the minimum and maximum values are outliers."" But the minimum is 3, which is way above the lower fence (-4.5), so 3 is not an outlier. So G is wrong.

Option D: ""Both 3 and 20 are outliers."" Well, 3 is not an outlier (since lower fence is -4.5), so D is wrong.

Option F: ""3 is an outlier."" No, same reason.

Option J: ""20 is an outlier."" Yes, since 20 > 19.5. So J is correct?

Wait, but wait. Let me double-check. The upper fence is Q3 + 1.5*IQR = 10.5 + 1.5*6 = 10.5 + 9 = 19.5. So 20 is greater than 19.5, so it's an outlier. So 20 is an outlier. So option J is correct.

But also, the question says ""which of the following statements is correct?"" So we have multiple options. Wait, the options are labeled A to J.

Wait, the problem says ""select the single best answer"". So we need to see which one is correct.

Wait, but according to this calculation, 20 is an outlier (J), so J is a candidate.

But let's check again.

Wait, another thought: sometimes the definition of outliers uses 1.5*IQR, but in some contexts, especially in basic stats, they might use different thresholds. Wait, but according to the standard boxplot method, yes, 1.5*IQR.

So upper fence is 19.5, so 20 is an outlier. So J is correct.

But wait, what about the minimum? 3 is the minimum. Since the lower fence is -4.5, so 3 is well above that, so not an outlier.

So option J: ""20 is an outlier."" Correct.

But wait, the problem states that the maximum value is 20. So if 20 is an outlier, then yes.

But let's check if there's another option that's also correct.

Option B: ""The data is right-skewed."" Earlier analysis suggested that. Let's re-examine.

In our dataset, the median is closer to Q3 than Q1? Wait, no: the distance from median to Q1 is 4.5, from median to Q3 is 1.5. So the median is closer to Q3. In a right-skewed distribution, the median is closer to the Q3? Hmm, not sure.

Wait, in a right-skewed distribution, the tail is on the right, so there are more low values and fewer high values. Wait, no: right-skewed means the tail is on the right, so the majority of the data is on the left, with a long tail to the right. So in that case, the median would be closer to the Q1? Hmm, confusing.

Wait, another way: if the data is right-skewed, then the mean is greater than the median, and the mode is less than the median. But we don't have the mean here.

But based on the quartiles: the fact that the distance from median to Q1 is larger than from median to Q3 suggests that the data is right-skewed. Wait, in the example I thought of earlier, the dataset [1,2,3,4,5,6,7,8,9,10,100] is right-skewed. In that case, Q1 is 3, median is 6, Q3 is 8. So distance from median to Q1 is 3, from median to Q3 is 2. So the left side (below median) is more spread out. So this suggests that the data is right-skewed.

Therefore, in our problem, since the distance from median to Q1 (4.5) is larger than from median to Q3 (1.5), the data is right-skewed. So option B is correct.

But wait, the problem says ""which of the following statements is correct?"" So maybe both B and J are correct? Wait, the options include multiple possibilities.

Wait, looking back at the options:

Options:

A. IQR is 7.

B. Data is right-skewed.

C. No outliers.

D. Both 3 and 20 are outliers.

E. All numerical values are anomalies.

F. 3 is an outlier.

G. Both min and max are outliers.

H. Left-skewed.

I. Symmetrical.

J. 20 is an outlier.

So according to our calculations:

IQR = 6, so A is wrong.

J: 20 is an outlier (since 20 > 19.5), so J is correct.

B: right-skewed, which we think is correct.

Wait, but the problem says ""select the single best answer"". Hmm. So maybe multiple answers are possible, but the question says ""which of the following statements is correct?"" implying only one is correct.

Wait, but according to the calculation:

If 20 is an outlier, then J is correct.

Also, B might be correct.

Wait, but let's check if the data is right-skewed.

In the context of the given quartiles: median closer to Q3 (since the distance from median to Q3 is smaller), so the data is right-skewed. So B is correct.

But also, J is correct.

Wait, but the problem says ""select the single best answer"". Hmm. Maybe in the context of the options given, only one is correct.

Wait, let's re-examine.

First, IQR: 10.5 - 4.5 = 6. So A says 7, so A is wrong.

For outliers: upper fence = 10.5 + 1.5*(6) = 10.5 + 9 = 19.5. So 20 is above 19.5, so it's an outlier. So J is correct.

What about option B: right-skewed. As per our previous analysis, since the distance from median to Q1 is larger than from median to Q3, it's right-skewed. So B is also correct.

But the problem states ""which of the following statements is correct?"" and the options include multiple possible correct answers. Wait, but the user says ""select the single best answer"".

Hmm, maybe in this context, the problem expects us to consider that the data is right-skewed (B) and J is also correct. Wait, but according to the options given, both B and J could be correct. Wait, but the problem says ""which of the following"" and the options are labeled A-J. So we need to see which one is correct.

Wait, but the problem says ""select the single best answer"", so only one option is correct.

Wait, perhaps I made a mistake in the skewness.

Let me think again.

In a right-skewed distribution, the tail is on the right, so the mean is greater than the median. In this case, if the data is right-skewed, the median is closer to the Q3? Not sure.

Wait, another way: the ratio of the distances. If the distance from Q1 to median is greater than from median to Q3, then it's right-skewed.

Wait, in this case, Q1 to median is 4.5, median to Q3 is 1.5. So the left side (from Q1 to median) is longer than the right side (median to Q3). This usually indicates a right skew. Wait, no: if the left side has a longer span, that might mean the data is left-skewed.

Wait, confusion arises here.

Let me look up quickly (pretending to recall): In a right-skewed distribution, the mean is greater than the median, and the bulk of the data is on the left. The tail is on the right. In such a case, the median is closer to the Q3 than Q1? Wait, no.

Wait, suppose we have a right-skewed distribution. For example, income data: most people earn low, a few earn very high. So Q1 is low, median is medium, Q3 is higher than median but not as high as the max. Wait, in this case, the distance from median to Q3 might be smaller than from Q1 to median.

Wait, in this example, say Q1 = 20, median = 30, Q3 = 40. Then the distance from median to Q3 is 10, from Q1 to median is 10. So symmetric? Hmm.

Wait, maybe my initial thought about skewness was wrong.

Alternative approach: the skewness can be calculated as (Q3 - median) - (median - Q1) / something. Not sure.

Wait, another idea: if the median is closer to Q3 than Q1, then it's right-skewed? Or left?

Wait, I found a reference in my mind: When the distance from the median to Q1 is greater than the distance from median to Q3, the distribution is right-skewed. Wait, no, I think it's the other way.

Wait, here's a better way: in a right-skewed distribution, the tail is on the right, so there are more observations on the left. Therefore, the Q1 and Q2 are closer together than Q2 and Q3? Not sure.

Wait, let's take a concrete example.

Example 1: Right-skewed.

Data: [1, 2, 3, 4, 5, 6, 7, 8, 9, 10, 100]

Sorted: 1,2,3,4,5,6,7,8,9,10,100

n=11, median is 6.

Q1: median of first 5 numbers: 3

Q3: median of last 5 numbers: 9

So Q1=3, Q2=6, Q3=9

Distance from median to Q1: 6-3=3

Distance from median to Q3: 9-6=3. So symmetric? Wait, but this data is right-skewed (because of the 100). Hmm, so this example may not be good.

Wait, in this case, the distances are equal, but the distribution is right-skewed. So maybe this method isn't reliable.

Another example: [1, 2, 3, 4, 5, 6, 7, 8, 9, 10, 100]

As above. The IQR is 6 (9-3=6). The median is 6. The distance from median to Q1 is 3, to Q3 is 3. So equal. But the data is right-skewed. So this suggests that equal distances don't necessarily mean symmetric.

Hmm, this complicates things.

Alternative idea: The presence of a high outlier (like 100) makes the distribution right-skewed. In this case, the median is 6, Q3 is 9, so the upper part has a high value (100) which is far from Q3.

But in our problem, we don't have an extreme value like 100; instead, the max is 20.

Wait, in our problem, the max is 20, which we determined is an outlier. So if 20 is an outlier, then the data has a high outlier. So the presence of a high outlier would make the distribution right-skewed.

Wait, but the question is about the given data's skewness.

Assuming that the data has a high outlier (20), then the distribution is right-skewed.

But in our calculation, 20 is an outlier. So the data has an outlier at 20.

But the original data set (without considering the outlier) would have different quartiles? Wait, no. The quartiles are calculated from the ordered data. If 20 is an outlier, it's excluded from the calculation of quartiles. Wait, this is a key point!

Oh! Wait a second. This is critical. In order to calculate quartiles, we usually exclude outliers. Wait, no: typically, when calculating quartiles, we use the entire dataset, but when identifying outliers, we use the IQR of the non-outlier data. Wait, no, actually, the process is: first you find quartiles from the entire dataset, then identify outliers based on those quartiles.

But in reality, the standard method is: sort the data, compute Q1, Q3, then compute IQR, then find the fences. If a data point is outside the fences, it's an outlier. So even if the outlier is present in the dataset, it's still part of the calculation for quartiles. Wait, no: actually, no. Wait, no, the quartiles are calculated from the entire dataset. So if you have an outlier, it's included in the calculation of quartiles.

Wait, but in this problem, the given values are the min, Q1, median, Q3, max. So the problem states that the minimum is 3, Q1 is 4.5, etc. So this is the actual quartiles of the dataset. So the dataset has these values. So the presence of an outlier (20) would affect the quartiles? But according to the problem, the max is 20. So if 20 is an outlier, then it's not part of the main body of the data, but the problem states the max is 20. Hmm.

This is a bit confusing. Wait, the problem says ""Given the following values for a variable: minimum value is 3, first quartile (Q1) is 4.5, median is 9, third quartile (Q3) is"
35,"Okay, let's try to figure out this problem. So, we have the function h(x) = ln x, and we're told that applying a horizontal stretch by a factor of p (where p > 1) is equivalent to some shift. We need to find what shift that is. 

First, let me recall what a horizontal stretch by a factor of p means. In general, for a function f(x), a horizontal stretch by a factor of p (where p > 1) would be replacing x with x/p in the function. Wait, no, actually, let me think carefully. 

If you have a horizontal stretch by a factor of p, that means the graph is stretched horizontally so that each point (a, b) on the original graph moves to (p*a, b). So, for example, if you have y = f(x), after a horizontal stretch by p, the new function is y = f(x/p). Because, to get the same y-value as f(x) at x, you need to go to x = p*x' where x' is the new input. Let me verify with a simple function. Suppose we have y = x^2. A horizontal stretch by 2 would make it y = (x/2)^2 = x^2/4, which is a wider parabola. So yes, horizontal stretch by p (p > 1) is replacing x with x/p in the function. So the transformed function is h(p*x) = ln(p*x)? Wait, no, wait. Wait, the transformation is applied to the function. Let me clarify.

Let’s say we have a function h(x) = ln x. If we apply a horizontal stretch by a factor of p, that means we take the graph of h(x) and stretch it horizontally by p. So, for any point (a, b) on the original graph, it will move to (p*a, b) on the new graph. So, the new function, let's call it k(x), should satisfy that k(x) = h(x/p). Because, if you want the new function's value at x to be equal to the original function's value at x/p. Let's check with a point. Suppose in the original function, h(1) = 0. After stretching, the point (1, 0) becomes (p*1, ื่) = (p, 0). So, the new function k(p) should be 0. But k(p) = h(p/p) = h(1) = 0, which matches. Another point: h(e) = 1. After stretching, the point (e, 1) becomes (p*e, 1). So, the new function k(p*e) = 1. Since k(p*e) = h((p*e)/p) = h(e) = 1, which is correct. So yes, horizontal stretch by p is k(x) = h(x/p).

So, the transformed function is k(x) = h(x/p) = ln(x/p). 

Now, the question says that this horizontal stretch is equivalent to applying a shift to h. So, we need to see if ln(x/p) can be written as a shifted version of ln(x). A shift in the x-direction (horizontal shift) would be something like ln(x - c) or ln(x + c). 

Let's write ln(x/p) as ln(x) - ln(p) by logarithm properties. Because ln(a/b) = ln a - ln b. So, ln(x/p) = ln x - ln p. 

Ah! So, ln(x/p) = ln(x) - ln p. That means that the function ln(x/p) is just the original function ln x shifted to the right by ln p units. Wait, because shifting right by c units would be replacing x with x - c, so ln(x - c). But here, we have ln(x) - ln p, which is the same as ln(x) shifted right by ln p? Wait, no, let's be precise.

Suppose we have a function f(x) = ln x. If we shift it right by c units, we get f(x - c) = ln(x - c). If we have a function g(x) = ln(x) - d, that's a vertical shift down by d units, not a horizontal shift. Wait, but here we have ln(x/p) = ln(x) - ln p, which is a vertical shift? Wait, no, hold on. Wait, no, in the expression ln(x/p), that's a horizontal shift. Wait, I'm confused.

Wait, let's take it step by step. Let's consider the transformation of the function. 

Original function: h(x) = ln x.

After horizontal stretch by p (p > 1): new function is k(x) = h(x/p) = ln(x/p).

We can write k(x) = ln x - ln p (by logarithm rules: ln(a/b) = ln a - ln b).

But the question is asking: ""Applying a horizontal stretch by a factor of p... is equivalent to applying what shift to h?"" So, they mean, is the transformation k(x) = h(x/p) equivalent to some horizontal shift of h? Wait, but a horizontal shift of h would be h(x - c) or h(x + c). Let's see.

Suppose we have a horizontal shift to the right by c units: h(x - c) = ln(x - c). Is this equal to h(x/p) for some c? Let's check.

We have h(x/p) = ln(x/p) = ln x - ln p. But h(x - c) = ln(x - c). These are different functions. So, maybe the question is phrased differently. Wait, the problem says: ""Applying a horizontal stretch by a factor of p... is equivalent to applying what shift to h?""

Wait, perhaps the other way around: sometimes people confuse the direction of transformations. Let me recall: when you do a horizontal stretch by a factor of p (p > 1), it's a stretch away from the y-axis, so the graph gets wider. For example, y = ln(x/p) = ln x - ln p, but that's a vertical shift? Wait, no, ln(x/p) is a horizontal shift? Wait, no, ln(x/p) is a horizontal compression or stretch?

Wait, let's take p = 2. So, horizontal stretch by 2. Then, the function becomes ln(x/2). Let's plot this. The original ln x has a vertical asymptote at x=0. The new function ln(x/2) also has a vertical asymptote at x=0, since x/2 = 0 => x=0. So, the asymptote is still at x=0. Wait, but the graph of ln(x/2) is the same as ln x shifted to the right by 2 units? Wait, no. Wait, if you shift ln x to the right by c units, you get ln(x - c). For example, ln(x - 2) is ln x shifted right by 2. But ln(x/2) = ln(x) - ln 2, which is a vertical shift down by ln 2. Wait, that's a vertical shift!

Oh! Here's the confusion. The problem says ""applying a horizontal stretch by a factor of p is equivalent to applying what shift"". But according to the math, ln(x/p) = ln x - ln p, which is a vertical shift, not a horizontal shift. But the problem states that it's equivalent to a shift (probably horizontal shift). Wait, maybe I made a mistake here.

Wait, let's re-examine the problem statement. It says: ""Applying a horizontal stretch by a factor of p (where p is a constant such that p >1) to h(x)=ln x is equivalent to applying what shift to h?""

So, the transformation we did (horizontal stretch by p) is equivalent to some shift (of the function h). So, we need to see what shift (horizontal or vertical) makes the transformed function equal to the shifted function.

But the problem says ""what shift"", and the answer is supposed to be a horizontal shift, since it's a horizontal stretch. Wait, but according to our previous calculation, ln(x/p) = ln x - ln p, which is a vertical shift (down by ln p). But the problem says ""equivalent to applying what shift to h"". Maybe the problem is phrased as: the horizontal stretch is equivalent to a shift (in the function's graph), so we need to express the horizontal stretch as a shift.

Wait, let's take a concrete example. Let p = 2. So, horizontal stretch by 2. Then, the new function is ln(x/2). Now, is there a horizontal shift that turns ln x into ln(x/2)?

A horizontal shift to the right by c units would be ln(x - c). So, we have ln(x/2) vs ln(x - c). Are these the same? Let's set x/2 = x - c => x = 2c. So, no, they aren't the same function. Alternatively, a horizontal shift to the left by c units would be ln(x + c). So, ln(x + c) vs ln(x/2). Let's see: ln(x/2) = ln x - ln 2. But ln(x + c) is a different function.

Wait a second, maybe the problem is mixing up the direction of the transformation. Let's recall: when you have a horizontal stretch by a factor of p (p > 1), it's a stretch in the x-direction, so the graph is stretched out, meaning that the function is ""wider"". For example, the graph of y = ln(x) is a curve that goes through (1,0), (e,1), etc. If we stretch it horizontally by a factor of 2, then the point (1,0) moves to (2,0), so the new graph passes through (2,0), and (e,1) moves to (2e, 1). So, the new function is y = ln(x/2), because at x=2, y=ln(2/2)=0, which matches.

Now, the question is: is this transformation (horizontal stretch by 2) equivalent to a shift? The problem says ""applying a horizontal stretch... is equivalent to applying what shift"". So, we need to see if the function ln(x/2) can be written as a shifted version of ln x.

But a horizontal shift of ln x would be ln(x - c) or ln(x + c). Let's see: suppose we have ln(x - c) = ln(x/2). Is there a c such that this holds? Let's check for x=2: ln(2 - c) = ln(2/2)=ln(1)=0. So, 2 - c = 1 => c=1. Let's check another point: x=e. ln(e - 1) vs ln(e/2). Are these equal? No, because e - 1 ≈ 1.718, and e/2 ≈ 1.359. ln(1.718) ≈ 0.54, ln(1.359) ≈ 0.31. Not equal. So, ln(x - 1) is not equal to ln(x/2).

Alternatively, maybe the problem is considering the inverse? Wait, no. Let's think again.

The key here is that the horizontal stretch by p (p > 1) corresponds to the transformation x ↦ x/p, which is a horizontal scaling. But the problem states that this is equivalent to a shift. Wait, but in the plane, a horizontal shift is a translation, which is different from a scaling.

Wait, maybe the problem is misstated? Or perhaps I'm missing something.

Wait, let's recall that in some contexts, especially in precalculus, when you have transformations, a horizontal stretch by a factor of p (p > 1) is often written as replacing x with x/p, which is a horizontal stretch. But the question is saying that this is equivalent to a shift. But shifts are translations, not scalings. So, maybe the problem is trying to trick us into thinking it's a shift, but actually, it's a different kind of transformation.

Wait, but the problem says: ""Applying a horizontal stretch by a factor of p... is equivalent to applying what shift to h?"" So, the answer is a shift (translation) in the x-direction.

Wait, let's take the function k(x) = h(x/p) = ln(x/p). As we saw, this is equal to ln x - ln p, which is a vertical shift downward by ln p. But the problem says ""shift"", and in the context of horizontal shifts, but this is a vertical shift. Hmm.

Wait, the problem says: ""Applying a horizontal stretch... is equivalent to applying what shift to h?"" So, the shift is a horizontal shift? But we saw that ln(x/p) is not a horizontal shift of ln x. A horizontal shift would be ln(x - c), which is a different function.

Wait, maybe the problem is in the other direction. Let's consider the inverse: if you have a horizontal shift, how does it relate to a horizontal stretch?

Alternatively, let's think about the composition of transformations. Suppose we have a function that is first shifted, then stretched, versus stretched then shifted.

But the problem states that a horizontal stretch is equivalent to a shift. So, mathematically, is there a shift (translation) that, when applied to the function, gives the same result as a horizontal stretch?

Wait, let's formalize this. Let S_p be the horizontal stretch by p, so S_p(h)(x) = h(x/p). Let T_c be a horizontal shift to the right by c, so T_c(h)(x) = h(x - c). The question is: is S_p(h) equal to T_c(h) for some c? If so, what is c?

From earlier, S_p(h)(x) = ln(x/p) = ln x - ln p. T_c(h)(x) = ln(x - c). So, ln(x - c) = ln x - ln p? Let's see if we can find c such that this holds for all x.

Take x = c + 1: left side is ln(1) = 0; right side is ln(c + 1) - ln p. So, 0 = ln(c + 1) - ln p => ln(c + 1) = ln p => c + 1 = p => c = p - 1. But does this hold for all x? Let's check x = 2: left side ln(2 - c) = ln(2 - (p - 1)) = ln(3 - p); right side ln(2) - ln p. For p = 2, c = 1. Then left side ln(2 - 1) = ln(1) = 0; right side ln(2) - ln(2) = 0. Okay, that works for x=2. For x=3: left side ln(3 - 1) = ln(2); right side ln(3) - ln(2) = ln(3/2). But ln(2) ≈ 0.693, ln(3/2) ≈ 0.405, which are not equal. So, no, the two functions are not the same.

Therefore, a horizontal stretch by p is not equivalent to a horizontal shift. But the problem states that it is equivalent to a shift. So, maybe the problem is referring to a vertical shift? But the problem says ""shift"", and in the context of horizontal stretch, but the answer is a vertical shift.

Wait, the problem says: ""Applying a horizontal stretch by a factor of p... is equivalent to applying what shift to h?"" So, the shift is a vertical shift? Because ln(x/p) = ln x - ln p, which is a vertical shift down by ln p.

But the problem says ""shift"" without specifying, but in the context of horizontal stretch, but the answer is a vertical shift. However, the problem says ""this is equivalent to applying a shift [direction] by [amount] units"". The answer format is ""This is equivalent to applying a shift [ANS] by [ANS] units.""

Wait, maybe the problem is in the wording. Let's read again: ""Applying a horizontal stretch by a factor of p (where p is a constant such that p >1) to h(x)=ln x is equivalent to applying what shift to h?""

So, the horizontal stretch is a transformation on the graph, and the question is, what shift (i.e., translation) is equivalent to that transformation.

In function terms, a horizontal stretch by p is the transformation x ↦ x/p. A horizontal shift to the right by c is x ↦ x - c. So, the question is: is x ↦ x/p equivalent to x ↦ x - c for some c? Probably not, but maybe in terms of the function's output.

Wait, no. Let's think of the function transformations. When you apply a horizontal stretch to the graph of h(x), you get a new graph h(x/p). The question is, is this new graph the same as the graph of h shifted by some amount?

For example, the graph of h(x) = ln x is a curve. The graph of h(x/p) = ln(x/p) is the graph of h shifted to the right by... Wait, no, shifting right by c would be h(x - c) = ln(x - c). But ln(x/p) is a different function.

Wait, but ln(x/p) = ln x - ln p, which is a vertical shift (down by ln p). So, the horizontal stretch by p (which transforms the graph by stretching horizontally) is equivalent to a vertical shift down by ln p.

But the problem says ""applying what shift to h"". So, if you do a horizontal stretch on h, it's equivalent to a vertical shift of h. But the problem says ""shift"", and in the context of horizontal stretch, but the answer is a vertical shift.

Wait, the problem might have a typo, but given the information, let's proceed.

Since ln(x/p) = ln x - ln p, this is a vertical shift downward by ln p units. So, the horizontal stretch by p is equivalent to a vertical shift downward by ln p units.

But the problem says ""applying a shift to h"". So, the shift is vertical. But the problem mentions ""horizontal stretch"", so maybe the answer is a vertical shift.

Wait, the problem says: ""This is equivalent to applying a shift [ANS] by [ANS] units."" So, the direction is either left/right (horizontal) or up/down (vertical). Since the horizontal stretch leads to a vertical shift, the answer is a vertical shift.

But let's confirm with p=2. If we stretch horizontally by 2, we get ln(x/2) = ln x - ln 2. So, this is the graph of ln x shifted down by ln 2. So, yes, a vertical shift downward by ln p units.

But the problem says ""applying a shift to h"". So, the shift is vertical. The question is, does the problem consider ""shift"" as horizontal or vertical? Since the transformation was a horizontal stretch, but the result is a vertical shift.

Wait, the problem says: ""Applying a horizontal stretch by a factor of p... is equivalent to applying what shift to h?"" So, the shift is a translation (shift) of the function h. In function transformations, a horizontal stretch is a different type of transformation than a shift.

But according to the math, h(x/p) = ln(x/p) = ln x - ln p, which is a vertical shift of h by -ln p (downward). So, the horizontal stretch by p is equivalent to a vertical shift downward by ln p units.

But the problem says ""this is equivalent to applying a shift [direction] by [amount] units"". So, the direction is ""down"" (vertical), and the amount is ln p.

Wait, but the problem might be expecting a horizontal shift, but we saw that's not the case. Let's check the problem statement again.

The user wrote: ""Applying a horizontal stretch by a factor of p (where p is a constant such that p >1) to h (x)=ln x is equivalent to applying what shift to h? Give both the direction and the amount of the shift (in terms of p). Answer: This is equivalent to applying a shift [ANS] by [ANS] units.""

Hmm. So, the answer is a vertical shift, since the horizontal stretch leads to a vertical shift. But maybe the problem is in the way the transformations are composed.

Wait, another angle: sometimes, when people talk about ""shifting"" in the context of function transformations, they might mean horizontal shifts, but in this case, the horizontal stretch is equivalent to a vertical shift. So, the answer is a vertical shift downward by ln p units.

Let me check with p=2. If we take h(x) = ln x, then h(x/2) = ln(x/2) = ln x - ln 2. So, this is the graph of h(x) shifted down by ln 2. So, yes, a vertical shift downward by ln p units.

Therefore, the answer is: This is equivalent to applying a shift **down** by **ln p** units.

But the problem says ""shift"", and in the context of the horizontal stretch, but the result is a vertical shift. So, the direction is ""down"" (vertical), and the amount is ln p.

Wait, but the problem says ""applying a shift to h"". So, if you apply a vertical shift to h, you get h(x) - ln p, which is exactly what the horizontal stretch does. So, yes, the horizontal stretch is equivalent to a vertical shift downward by ln p.

But the problem might be expecting the answer in terms of horizontal shift, but we saw that's not possible. Let's see.

Wait, maybe the problem is phrased incorrectly, and they meant ""horizontal shift"" instead of ""shift"". But given the problem as stated, the answer is a vertical shift downward by ln p.

Let me verify with another source. For example, in calculus, when you have transformations of functions, a horizontal stretch by factor p (p > 1) is represented as f(x/p), which is equivalent to a vertical shift? No, wait, f(x/p) is a horizontal stretch, but it's not a shift. However, for the natural log function, f(x/p) = ln(x/p) = ln x - ln p, which is a vertical shift. So, in this specific case, for the natural log function, a horizontal stretch is equivalent to a vertical shift.

Ah! That's the key. For most functions, a horizontal stretch is not a shift, but for the natural log function, it happens to be a vertical shift. Wait, no, actually, for any function, f(x/p) is a horizontal stretch, but it's not a shift. However, for the natural log function, f(x/p) = ln(x/p) = ln x - ln p, which is a vertical shift. So, in this specific case, the horizontal stretch of the natural"
36,"Okay, let's see. I need to multiply these two expressions using the product rule. The product rule for exponents... right, when you multiply like bases, you add the exponents. So first, I should look at the coefficients and then the variables.

The expression is (-8x⁵y⁶)(-5x⁵y³). Let me write that out step by step.

First, multiply the coefficients. The coefficients here are -8 and -5. Multiplying two negatives gives a positive, so that's 8*5. Let's calculate that: 8*5 is 40. So the coefficient part is 40.

Next, handle the x terms. In the first term, we have x⁵, and in the second term, x⁵. When multiplying like bases with exponents, we add the exponents. So x⁵ * x⁵ = x^(5+5) = x¹⁰. Got that.

Then the y terms. The first term has y⁶, the second has y³. Similarly, y⁶ * y³ = y^(6+3) = y⁹.

So putting it all together, the product should be 40 * x¹�ื่ * y⁹, which is 40x¹⁰y⁹.

Wait, let me double-check. Let's verify each part.

Coefficients: (-8)*(-5) = 40. Correct, because negative times negative is positive, 8*5=40.

For x: x⁵ * x⁵ = x^(5+5) = x¹⁰. Right, because when you multiply variables with exponents, you add the exponents.

For y: y⁶ * y³ = y^(6+3) = y⁹. Yep, same thing.

So combining all, it's 40x¹⁰y⁹.

I think that's it. Let me just make sure there's no mistake in the exponents. 5+5 is 10, 6+3 is 9. Coefficients: -8*-5 is 40. So yes, the result is 40x¹⁰y⁹.

I don't see any mistakes here. So the answer should be 40x¹⁰y⁹.
</think>

To solve the expression $(-8x^5 y^6)(-5x^5 y^3)$ using the **product rule for exponents**, we follow a systematic approach:

---

### Step 1: Multiply the coefficients

We start with the numerical parts of the expression:
$$
(-8) \cdot (-5) = 40
$$
Since both numbers are negative, their product is positive.

---

### Step 2: Combine the $x$ terms

Each term has an $x$ raised to a power. Using the **product rule for exponents** (i.e., when multiplying like bases), we add the exponents:
$$
x^5 \cdot x^5 = x^{5+5} = x^{10}
$$

---

### Step 3: Combine the $y$ terms

Similarly, for the $y$ terms:
$$
y^6 \cdot y^3 = y^{6+3} = y^9
$$

---

### Step 4: Combine all parts

Now, putting everything together:
$$
(-8x^5 y^6)(-5x^5 y^3) = 40 \cdot x^{10} \cdot y^9 = 40x^{10}y^9
$$

---

### Final Answer

$$
\boxed{40x^{10}y^9}
$$"
37,"Okay, let's try to solve this problem step by step. First, we need to figure out who walks farther on Valentine's Day, then Groundhog Day, and finally the last day in February that Chucky walks farther than Tommy.

First, let's clarify the dates:

- Valentine's Day is February 14th.
- Groundhog Day is February 2nd (wait, no, wait: Groundhog Day is February 2nd? Wait, no, actually, Groundhog Day is February 2nd? Wait, no, I think Groundhog Day is February 2nd. Let me confirm: Yes, Groundhog Day is February 2nd. Wait, but the problem says ""Groundhog Day"" so we need to check the dates.

Wait, the problem says Chucky starts on January 1, 2000, and Tommy starts on February 1, 2000. So we need to figure out the number of days between their starting dates.

First, let's list the dates:

Chucky's first step: January 1, 2000 (day 0 for Chucky)
Tommy's first step: February 1, 2000 (day 0 for Tommy)

We need to find the total steps each has taken by a certain date.

First, let's define the number of days elapsed for each person.

Let’s denote:

For Chucky:
- On day n (where n=0 is January 1, 2000), he takes steps: a_n = 31n + c? Wait, no. Wait, ""every day after that, he takes 31 more steps than the day before."" So the first day (January 1) is step count S_c(0) = ?

Wait, the problem says ""Chucky takes his first step on January 1, 2000."" So the first step is on Jan 1, so that's his first day. Then every day after that (i.e., Jan 2, 2000, etc.), he takes 31 more steps than the day before.

Similarly, Tommy takes his first steps on February 1, 2000. So his first step is on Feb 1. Then every day after that (Feb 2, 2000, etc.), he takes twice as many steps as the day before.

We need to model the number of steps each takes up to a given date.

Let's define the number of steps each has taken by a certain date.

First, let's figure out the time difference between their starting dates.

From January 1 to February 1 is 31 days (since January has 31 days). Wait, no: January 1 to February 1 is exactly 31 days later? Wait, no. Wait, if today is January 1, then tomorrow is January 2, ..., February 1 is 31 days after January 1 (since January has 31 days). So the number of days between January 1 and February 1 is 31 days. Wait, actually, the number of days from January 1 to February 1 inclusive is 32 days, but when we talk about ""days after"", it's the number of days elapsed.

Wait, let's think carefully.

Let’s set t = 0 for Chucky's first day (Jan 1, 2000).

Then Chucky's steps on day t (t=0,1,2,...) is: C(t) = ?

The problem says: ""Chucky takes his first step on January 1, 2000. Every day after that, he takes 31 more steps than the day before.""

So on day t (t=0 is Jan 1), Chucky takes some number of steps. Let's say on day t, Chucky takes C(t) steps.

Then, C(t+1) = C(t) + 31.

But what's the initial value? The problem says ""takes his first step on January 1"". So the first step is on Jan 1, so maybe the number of steps he took on Jan 1 is 1? Wait, no. Wait, the problem says ""takes his first step"" – but in the context of the problem, we need to know how many steps he takes each day. Wait, the problem says ""Chucky takes his first step on January 1, 2000."" So maybe the ""step"" here refers to the number of steps he takes each day. So each day, he takes a certain number of steps, and the number increases by 31 each day.

Wait, the problem says: ""Every day after that, he takes 31 more steps than the day before."" So ""steps"" here is the number of steps per day.

So Chucky's daily steps:

Day 1 (Jan 1): let's say x

Day 2 (Jan 2): x + 31

Day 3 (Jan 3): x + 62

...

Similarly, Tommy:

He takes his first steps on February 1, 2000. So his first day is Feb 1.

On that day, Tommy takes 11 steps. So Tommy's first day (Feb 1) is 11 steps.

Then, every day after that, Tommy takes twice as many steps as the day before.

So Tommy's daily steps:

Day 1 (Feb 1): 11

Day 2 (Feb 2): 22

Day 3 (Feb 3): 44

...

But we need to consider the time when they are walking. The question is about ""who walks farther on Valentine's Day"" – so the total steps each has taken up to and including that day.

Wait, the problem says ""who walks farther on Valentine's Day"". So it's the total steps each has taken by that day.

Wait, but the problem says ""Chucky takes his first step on January 1, 2000"". So by Valentine's Day (Feb 14), how many steps has Chucky taken?

Similarly, Tommy starts on Feb 1, so by Feb 14, how many steps has Tommy taken?

Wait, but the problem says ""walks farther"" – so we need to sum the steps each day up to that date.

Yes, because ""walks farther"" would mean the total distance, which depends on the number of steps each day.

So we need to compute the cumulative steps for Chucky and Tommy up to a certain date.

First, let's formalize:

Let’s define:

For Chucky:

- Starts on Jan 1, 2000 (day 0 for Chucky)

- Each day, he takes steps: let's say on day k (k=0,1,2,...), Chucky takes C(k) steps.

Given: ""Every day after that, he takes 31 more steps than the day before."" So the sequence is arithmetic progression with common difference 31.

But we need the initial term. The problem says ""Chucky takes his first step on January 1, 2000"". So the first step (on Jan 1) is his first day. What is the number of steps on his first day?

Wait, the problem doesn't specify the number of steps on the first day. Hmm, this is a problem. Wait, maybe the problem implies that the ""first step"" is 1 step? But no, the problem says ""takes his first step"", which might mean that the first day he takes 1 step, but the problem states that Tommy takes 11 steps on his first day.

Wait, the problem says: ""Tommy takes his first steps on February 1, 2000. On that day, Tommy takes 11 steps."" So Tommy's first day (Feb 1) is 11 steps.

For Chucky: ""Chucky takes his first step on January 1, 2000."" So his first day (Jan 1) is... what? The problem doesn't say. Wait, this is a critical point.

Wait, perhaps the problem is that the ""steps"" are the number of steps taken each day, so Chucky's first day (Jan 1) has some number of steps, and each subsequent day he takes 31 more than the previous day.

But since the problem says ""Tommy takes 11 steps"" on his first day, maybe Chucky's first day has a different number. Wait, the problem says ""Chucky takes his first step"" – maybe ""step"" here is a unit, so the first step is 1 step? But that seems odd.

Wait, no. Let's re-read the problem statement.

""Chucky takes his first step on January 1, 2000. Every day after that, he takes 31 more steps than the day before.""

So ""takes his first step"" – so on January 1, he takes 1 step? Then on January 2, he takes 32 steps? Wait, that would make sense. But the problem says ""takes 31 more steps than the day before"". So if the first day he takes 1 step, then next day 32, etc.

But Tommy's first day (Feb 1) he takes 11 steps, then next day 22, etc.

But the problem says ""Tommy takes his first steps on February 1, 2000. On that day, Tommy takes 11 steps."" So Tommy's first day is 11 steps.

So we need to model the cumulative steps for Chucky and Tommy up to a certain date.

Let’s define:

Let’s consider the dates.

First, Valentine's Day is February 14, 2000.

Groundhog Day is February 2, 2000.

We need to find the total steps each has taken by those dates.

First, let's figure out the number of days each has been walking.

For Chucky:

He starts on January 1, 2000. So by February 14, 2000, how many days has Chucky been walking?

From January 1 to February 14 inclusive: January has 31 days, so from Jan 1 to Feb 14 is 31 (Jan) + 14 (Feb) = 45 days? Wait, no: January 1 to January 31 is 31 days, so from Jan 1 to Feb 14 is 31 (days in Jan) + 14 (days in Feb) = 45 days. Wait, but the number of days Chucky has walked is the number of days from Jan 1 to Feb 14 inclusive.

Wait, if Chucky takes his first step on Jan 1, then on Jan 1 he has taken 1 step, on Jan 2 he has taken 2 steps, etc. Wait, no: the problem says ""takes his first step on January 1"" – so the first day (Jan 1) is his first day of walking, so the number of days he has walked by date D is the number of days from Jan 1 to D inclusive.

But to compute cumulative steps, we need to sum the steps each day.

Let’s define:

For Chucky:

Let’s let n be the number of days since his start (n=0 is Jan 1, 2000).

So on day n (n=0,1,2,...), Chucky takes C(n) steps.

Given that each day after the first, he takes 31 more steps than the day before. So C(n) is an arithmetic sequence with common difference d=31.

But we need the first term. The problem says ""Chucky takes his first step on January 1, 2000"". So the first step (n=0) is his first day. What is C(0)?

This is a problem. The problem doesn't specify the number of steps Chucky takes on his first day. However, in the context of the problem, since Tommy's first day is 11 steps, maybe we can assume that Chucky's first day is 1 step? Or is there another way?

Wait, the problem says ""Chucky takes his first step"" – maybe ""step"" here is a single step, so his first step is 1 step, then next day he takes 32 steps? But that seems odd.

Alternatively, maybe the problem is designed such that the initial term for Chucky is 1, but the problem states that Tommy takes 11 steps on his first day.

Wait, let's think differently. Maybe the problem is using ""steps"" as the number of steps taken each day, so Chucky's sequence starts at some value, and Tommy's starts at 11.

But without knowing the starting value for Chucky, we can't solve it. Wait, but the problem must have a unique answer, so there must be a standard assumption here.

Wait, in many math problems like this, when they say ""the first step"" and then ""every day after that"", the sequence is 1, 32, 63, ... but that seems odd. Alternatively, maybe the problem means that the number of steps he takes each day is increasing by 31 each day, starting from some base.

Wait, the key is that the problem says ""Chucky takes his first step on January 1, 2000"". So the first step he takes is on Jan 1. So the number of steps he takes on Jan 1 is 1? Because ""first step"" is 1 step. Then on Jan 2, he takes 1 + 31 = 32 steps, etc.

Similarly, Tommy takes 11 steps on Feb 1, then 22 on Feb 2, 44 on Feb 3, etc.

That makes sense. So the initial term for Chucky is 1 (since it's his first step), and for Tommy it's 11.

Wait, but the problem says ""Tommy takes his first steps on February 1, 2000. On that day, Tommy takes 11 steps."" So that's clear: Tommy's first day (Feb 1) is 11 steps.

For Chucky: ""Chucky takes his first step on January 1, 2000."" So his first step (Jan 1) is 1 step? Because ""first step"" is 1. Then the next day (Jan 2) he takes 1 + 31 = 32 steps, etc.

Yes, that's probably the intended interpretation.

So:

Chucky's daily steps: arithmetic sequence with first term a_c = 1, common difference d_c = 31.

Tommy's daily steps: geometric sequence with first term a_t = 11, common ratio r = 2.

Now, we need to compute the total steps each has taken by a certain date.

First, let's handle the dates.

Valentine's Day: February 14, 2000.

Groundhog Day: February 2, 2000.

We need to find the total steps each has taken up to each of these dates.

First, let's figure out the number of days each has been walking up to each date.

Starting with Chucky:

Chucky starts on January 1, 2000.

From January 1 to February 14, 2000: how many days?

January has 31 days, so from Jan 1 to Jan 31 is 31 days.

Then February 1 to February 14 is 14 days.

Total days Chucky has walked by Valentine's Day (Feb 14): 31 (Jan) + 14 (Feb) = 45 days.

Wait, but the number of days is the count of days from Jan 1 to Feb 14 inclusive.

For example, Jan 1 to Jan 2 is 2 days.

So the number of days Chucky has walked by date D is (D - start date) + 1.

But since we're dealing with cumulative sums, let's define:

Let’s let k be the number of days Chucky has walked.

For Valentine's Day (Feb 14):

Number of days from Jan 1 to Feb 14: 31 (Jan) + 14 (Feb) = 45 days. So k = 45.

Similarly, Groundhog Day is Feb 2: 31 (Jan) + 2 (Feb) = 33 days.

But wait, Tommy starts on Feb 1, so by Feb 14, Tommy has walked 14 days (from Feb 1 to Feb 14).

Wait, important point: Tommy starts on Feb 1, so the number of days Tommy has walked by a given date is the number of days from Feb 1 to that date.

For example, by Feb 1: 1 day.

By Feb 2: 2 days.

By Valentine's Day (Feb 14): 14 days.

By Groundhog Day (Feb 2): 2 days.

So we need to compute the total steps for Chucky over his days (Jan 1 to the target date) and Tommy over his days (Feb 1 to the target date).

Let's formalize:

Let’s define:

For Chucky:

Let n = number of days he has walked (n ≥ 1, where n=1 is Jan 1, n=2 is Jan 2, ..., n=32 is Feb 1, n=33 is Feb 2, etc.)

Wait, no. Let's use a different notation.

Let’s let t be the number of days elapsed since Chucky's start (Jan 1).

So on day t = 0: Jan 1

t = 1: Jan 2

...

t = 30: Jan 31

t = 31: Feb 1

t = 32: Feb 2

...

t = 31 + 14 - 1 = 44: Feb 14 (since from Jan 1 to Feb 14 is 45 days, so t=0 to t=44 is 45 days)

Wait, this is a bit confusing. Let's use the standard formula for the sum of an arithmetic sequence.

Chucky's steps each day: C(t) = 1 + 31*t, where t = 0,1,2,... (t=0 is Jan 1)

So the total steps Chucky has taken after t+1 days (i.e., from day 0 to day t) is S_c(t) = sum_{k=0}^t [1 + 31*k] = (t+1)*1 + 31*sum_{k=0}^t k = (t+1) + 31*(t(t+1)/2)

Similarly, Tommy's steps:

Tommy starts on Feb 1, so his first day is Feb 1 (t=0 for Tommy).

Tommy's steps each day: T(t) = 11 * 2^t, where t=0 is Feb 1, t=1 is Feb 2, etc.

Total steps Tommy has taken after s days (s=1 to 14 for Valentine's Day) is sum_{k=0}^{s-1} 11*2^k = 11*(2^s - 1) [since sum of geometric series: 2^0 + 2^1 + ... + 2^{s-1} = 2^s - 1]

Wait, yes: sum_{k=0}^{n-1} ar^k = a*(r^n - 1)/(r - 1). Here, a=11, r=2, so sum from k=0 to m-1 is 11*(2^m - 1)/(2 - 1) = 11*(2^m - 1).

So for Tommy, if he has walked m days (m days starting from Feb 1), total steps = 11*(2^m - 1).

For Chucky, total steps after n days (n days starting from Jan 1) is sum_{k=0}^{n-1} [1 + 31*k] = n + 31*(n(n-1)/2) [since sum from k=0 to n-1 of k is (n-1)n/2]

Wait, let's verify:

sum_{k=0}^{n-1} (1 + 31k) = sum_{k=0}^{n-1} 1 + 31*sum_{k=0}^{n-1} k = n + 31*(n(n-1)/2)

Yes.

Now, let's find the number of days each has walked by the target dates.

First, Valentine's Day: February 14, 2000.

How many days has Chucky walked by Feb 14?

From Jan 1 to Feb 14: 31 (Jan) + 14 (Feb) = 45 days. So n = 45 days for Chucky.

Tommy started on Feb 1, so by Feb 14, he has walked 14 days (from Feb 1 to Feb 14).

So m = 14 for Tommy.

Similarly, Groundhog Day: February 2, 2000.

Chucky has walked 31 (Jan) + 2 (Feb) = 33 days.

Tommy has walked 2 days (Feb 1 and Feb 2).

Now, let's compute the total steps.

First, Valentine's Day:

Chucky's total steps: S_c = 45 + 31*(45*44)/2

Wait, n = 45 days (since sum from k=0 to 44, because 45 terms: k=0 to 44)

Wait, yes: if you have n days, the sum is from k=0 to n-1.

So for n=45 days (Jan 1 to Feb 14), sum is k=0 to 44.

So sum = 45*1 + 31*(44*45)/2

Compute:

45*1 = 45

31*(44*45)/2 = 31*(22*45) = 31*990 = 30690

So total Chucky steps: 45 + 30690 = 30735

Tommy's total steps: 14 days (Feb 1 to Feb 14), so m=14.

Sum = 11*(2^14 - 1) = 11*(16384 - 1) = 11*16383 = 180213

Wait, that's way more. Wait, but the problem says ""who walks farther"" – so Tommy has walked more on Valentine's Day? But let's check the calculations.

Wait, 2^10 is 1024, 2^14 is 163"
38,"Okay, let's try to figure out this integral problem. So, we need to compute the integral of dz divided by [(z - 1)^2 times (z^2 + 1)] around the contour C which is given by x² + y² = 2(x + y). Wait, first, I need to understand what the contour C is. The equation x² + y² = 2(x + y) is a circle, right? Let me rewrite it in standard form.

Starting with x² + y² = 2x + 2y. Let's complete the squares for x and y. 

For x: x² - 2x = (x - 1)^2 - 1

For y: y² - ื่ = (y - 1)^2 - 1

So substituting back into the equation:

(x - 1)^2 - 1 + (y - 1)^2 - 1 = 0

Which simplifies to (x - 1)^2 + (y - 1)^2 = 2.

Ah, so the contour C is a circle centered at (1, 1) with radius √2. Okay, that's good to know.

Now, the integrand is f(z) = 1 / [ (z - 1)^2 (z² + 1) ]. Let's factor the denominator: z² + 1 = (z - i)(z + i), so the poles of f(z) are at z = 1 (a double pole), z = i, and z = -i.

We need to check which of these poles are inside the contour C. The contour is a circle centered at (1, 1) with radius √2. Let's convert the center (1, 1) to complex plane coordinates. In complex plane, z = x + iy, so the center is at 1 + i (since x=1, y=1). Wait, no: the center of the circle in xy-plane is (1,1), so in complex plane, the center is the point c = 1 + i (since x=1, y=1).

The radius is √2, so the contour is |z - (1 + i)| = √2.

Let's find the locations of the poles:

1. z = 1: this is the point (1, 0) in the complex plane (since z = 1 + 0i).
2. z = i: this is (0, 1)
3. z = -i: this is (0, -1)

We need to check if each of these points lies inside the contour C.

First, let's write the condition for a point (x, y) to be inside the circle (x - 1)^2 + (y - 1)^2 < 2.

Check z = 1: which is (1, 0). Let's compute the distance from (1, 0) to the center (1, 1): sqrt( (1 - 1)^2 + (0 - 1)^2 ) = sqrt(0 + 1) = 1. Since the radius is √2 ≈ 1.414, so 1 < √2, so (1, 0) is inside the contour.

Wait, but actually, the contour is the circle (x - 1)^2 + (y - 1)^2 = 2. So the distance from the center (1,1) to the point (1,0) is 1, which is less than the radius √2, so yes, (1,0) is inside.

Next, z = i: which is (0, 1). Distance from (0,1) to center (1,1) is sqrt( (0 - 1)^2 + (1 - 1)^2 ) = sqrt(1 + 0) = 1 < √2, so (0,1) is also inside.

z = -i: which is (0, -1). Distance from (0, -1) to (1,1) is sqrt( (0 - 1)^2 + (-1 - 1)^2 ) = sqrt(1 + 4) = sqrt(5) ≈ 2.236, which is greater than √2 ≈ 1.414, so (0, -1) is outside the contour.

So the poles inside the contour are z = 1 (double pole) and z = i (simple pole). z = -i is outside.

So we need to compute the residue at z = 1 and z = i, then apply the residue theorem.

The integral is 2πi times the sum of residues inside C.

First, let's recall the formula for residues.

For a simple pole at z = a, residue is lim_{z→a} (z - a)f(z).

For a double pole at z = b, residue is lim_{z→b} d/dz [ (z - b)^2 f(z) ].

Let's compute residue at z = i first (simple pole).

f(z) = 1 / [ (z - 1)^2 (z - i)(z + i) ]

So residue at z = i is lim_{z→i} (z - i) f(z) = 1 / [ (i - 1)^2 (i + i) ] ?

Wait, wait: (z - i) f(z) = 1 / [ (z - 1)^2 (z + i) ]

So residue at z = i is [1 / ( (i - 1)^2 (i + i) ) ] ?

Wait, let's do it step by step.

Residue at z = i: since it's a simple pole, residue is lim_{z→i} (z - i) * f(z) = lim_{z→i} [ 1 / ( (z - 1)^2 (z + i) ) ]

So plug in z = i: 1 / [ (i - 1)^2 (i + i) ] = 1 / [ ( (i - 1)^2 (2i) ) ]

Compute (i - 1)^2 = ( -1 + i )^2 = (-1)^2 + 2*(-1)*i + (i)^2 = 1 - 2i + (-1) = -2i.

So (i - 1)^2 = -2i.

Then, (i + i) = 2i.

So denominator: (i - 1)^2 (i + i) = (-2i)(2i) = (-2i)(2i) = -4i^2 = -4(-1) = 4.

Therefore, residue at z = i is 1 / 4.

Wait, let's verify:

(i - 1)^2 = ( -1 + i )^2 = (-1)^2 + 2*(-1)(i) + (i)^2 = 1 - 2i + i^2 = 1 - 2i -1 = -2i. Correct.

Then (i + i) = 2i.

So (i - 1)^2 (i + i) = (-2i)(2i) = -4i^2 = -4*(-1) = 4. So yes, the denominator is 4, so residue is 1/4.

Wait, but the residue is 1 divided by that, so 1 / [ (i - 1)^2 (i + i) ] = 1 / 4. So residue at z = i is 1/4.

Now, residue at z = 1 (double pole). For a double pole, residue is d/dz [ (z - 1)^2 f(z) ] evaluated at z = 1.

(z - 1)^2 f(z) = 1 / [ (z^2 + 1) ]

So let g(z) = 1 / (z^2 + 1), then residue at z = 1 is g’(1).

Because for a double pole, residue is d/dz [ (z - a)^2 f(z) ] at z = a.

Yes, so here, (z - 1)^2 f(z) = 1 / (z^2 + 1), so we need to take derivative of that and evaluate at z = 1.

g(z) = 1/(z^2 + 1), so g’(z) = -2z / (z^2 + 1)^2.

Thus, residue at z = 1 is g’(1) = -2*1 / (1 + 1)^2 = -2 / 4 = -1/2.

Wait, let's check:

g(z) = (z - 1)^2 f(z) = 1/(z² + 1). So residue is g’(1).

g’(z) = d/dz [ (z² + 1)^{-1} ] = - (2z) (z² + 1)^{-2}

So g’(1) = -2*(1) / (1 + 1)^2 = -2 / 4 = -1/2. Correct.

So residue at z = 1 is -1/2.

Wait, but hold on: the residue for a double pole is the derivative of (z - a)^2 f(z) evaluated at z = a. So yes, that's correct.

So total residues inside C: residue at z = 1 (which is -1/2) and residue at z = i (which is 1/4).

Wait, but wait: is z = i inside? Let's confirm again.

The contour is (x - 1)^2 + (y - 1)^2 = 2. So center (1,1), radius √2 ≈ 1.414.

Point z = i is (0, 1). Let's compute the distance from (0,1) to (1,1): sqrt( (0 - 1)^2 + (1 - 1)^2 ) = sqrt(1 + 0) = 1 < √2, so yes, (0,1) is inside.

z = -i is (0, -1). Distance from (0, -1) to (1,1) is sqrt( (0 - 1)^2 + (-1 - 1)^2 ) = sqrt(1 + 4) = sqrt(5) ≈ 2.236 > √2, so outside.

So only two poles inside: z = 1 (double) and z = i (simple).

So total residue sum is (-1/2) + (1/4) = (-2/4 + 1/4) = -1/4.

Wait, but according to residue theorem, the integral is 2πi times the sum of residues.

But wait, the problem says ""Calculate the following products: ∫_C ..."". Wait, the problem statement might have a typo? Wait, the original problem says ""Calculate the following products: ∫_C dz / [ (z - 1)^2 (z² + 1) ], C: x² + y² = 2(x + y)"".

Wait, but the contour is written as ""C₁ x² + y² = 2 (x + y)"". Hmm, maybe a typo in the problem statement? But assuming the contour is the circle x² + y² = 2(x + y), which we converted to (x - 1)^2 + (y - 1)^2 = 2, so center (1,1), radius √2.

So the integral is over this contour.

So sum of residues is (-1/2) + (1/4) = -1/4.

Wait, but hold on: when we calculated residue at z = i, we got 1/4? Let's recheck.

Residue at z = i: simple pole.

f(z) = 1 / [ (z - 1)^2 (z - i)(z + i) ]

So (z - i) f(z) = 1 / [ (z - 1)^2 (z + i) ]

So residue at z = i is [1 / ( (i - 1)^2 (i + i) ) ]

Compute (i - 1)^2: (i - 1) = -1 + i, squared is (-1 + i)^2 = 1 - 2i + i^2 = 1 - 2i -1 = -2i. Correct.

Then (i + i) = 2i.

So denominator: (i - 1)^2 (i + i) = (-2i)(2i) = -4i^2 = 4. So 1 / 4. So residue at i is 1/4. Correct.

Residue at z = 1: double pole.

We have (z - 1)^2 f(z) = 1 / (z² + 1). Then residue is derivative of that at z = 1.

d/dz [1/(z² + 1)] = -2z/(z² + 1)^2. At z = 1: -2(1)/(1 + 1)^2 = -2/4 = -1/2. Correct.

So total residues: -1/2 + 1/4 = -1/4.

Therefore, the integral is 2πi * (-1/4) = - (π i)/2.

Wait, that's option B: -π/(2) i. Wait, option B is written as - (π/2) i, which is -π i / 2.

Looking at the options:

A. π/6 i

B. -π/2 i

C. π² i

D. -π i

E. -π/3

F. π/4 - i

G. π/3 i

H. -i/π

I. i/π

J. i/(2π)

So our result is -π i / 2, which is option B.

Wait, but let me check again.

Wait, the integral is ∫_C f(z) dz = 2πi * (sum of residues inside C).

Sum of residues is (-1/2) + (1/4) = -1/4.

So integral = 2πi * (-1/4) = - (2πi)/4 = -πi/2. Which is exactly option B: - (π/2) i.

So the answer should be B.

Wait, but let me think again: did I miss any poles?

Wait, the function has three poles: z=1 (double), z=i, z=-i. We considered z=i and z=1 inside. z=-i is outside.

Yes, because the contour is a circle of radius √2 around (1,1). The point z=-i is at (0, -1), which is far away.

So yes, only two poles inside.

Another check: maybe the problem is written as ""C₁ x² + y² = 2 (x + y)"" — perhaps the contour is written as C: x² + y² = 2(x + y), which is what we took.

Alternatively, could there be a miscalculation in residues?

Let me recompute residue at z = i.

f(z) = 1 / [ (z - 1)^2 (z - i)(z + i) ]

Residue at z = i: lim_{z→i} (z - i) f(z) = lim [1 / ( (z - 1)^2 (z + i) ) ] = 1 / [ (i - 1)^2 (i + i) ]

As before, (i - 1)^2 = -2i, (i + i) = 2i.

So denominator: (-2i)(2i) = -4i² = -4(-1) = 4. So 1/4. Correct.

Residue at z = 1: double pole.

We can use the formula for residue at a double pole: if f(z) has a double pole at a, then Res(f, a) = d/dz [ (z - a)^2 f(z) ] at z = a.

Here, (z - 1)^2 f(z) = 1/(z² + 1). So derivative is d/dz [ (z² + 1)^{-1} ] = -2z(z² + 1)^{-2}.

At z = 1: -2(1)/(1 + 1)^2 = -2/4 = -1/2. Correct.

So sum of residues: -1/2 + 1/4 = -1/4.

Integral = 2πi * (-1/4) = -πi/2. So option B.

Yes, that seems correct.

Wait, but the problem says ""Calculate the following products: ∫_C ..."". Maybe ""products"" is a mistranslation or typo? But regardless, the calculation leads to -πi/2, which is option B.

So the answer is B.
</think>

\boxed{B}"
39,"Okay, let's see. The problem says one piece of paper is about 17 millimeters thick, and a stack of paper is 8075 millimeters tall. We need to find out about how many pieces of paper are in that stack. 

Hmm, so if each piece is 17 mm thick, then the total height of n pieces would be 17 times n, right? So we can set up a proportion or just divide the total height by the thickness per piece to get the number of pieces. 

Let me think. If the stack is 8075 mm tall, and each sheet is 17 mm, then the number of sheets is total height divided by thickness per sheet. So that's 8075 divided by 17. Let me do that division.

First, let's estimate. Maybe they want an approximate answer, so we can round numbers. Let's see. 17 times 400 is 6800, because 17*400=6800. Then 8075 minus 6800 is 1275. Now, 17 times 70 is 1190, because 17*70=1190. So 1275 minus 1190 is 85. Then 17 times 5 is 85. So adding those up: 400 + 70 + ื่5 = 475. Wait, 17*475. Let me check that.

Wait, 17*475. Let's compute 17*400=6800, 17*75=1275 (since 17*70=1190, 17*5=85, so 1190+85=1275). So 6800 + 1275 = 8075. Oh! That's exactly the total height given. So 17*475=8075. So the number of pieces is 475.

Wait, but the problem says ""about how many"", so maybe it's expecting an approximate value. But in this case, 17*475 is exactly 8075? Let me verify. 475*17. Let's do 475*10=4750, 475*7=3325, so 4750+3325=8075. Yes! So 475*17=8075. So the exact number is 475. Since the problem says ""about"", but here it's exact. Maybe the numbers were chosen to be exact. So the answer is 475.

Wait, let me check again. 17*475. Let's compute 475*17. 400*17=6800, 75*17=1275, so 6800+1275=8075. Perfect, that's the height given. So the number of pieces is 475. So the answer is 475.

I think that's it. So the solution is 475.
</think>

To determine how many pieces of paper are in a stack that is **8075 millimeters** tall, given that **one piece of paper is approximately 17 millimeters** in thickness, we can use division.

---

### Step 1: Understand the relationship

Each piece of paper contributes **17 mm** to the total height of the stack. So, if we have $ n $ pieces of paper, the total height of the stack would be:

$$
\text{Total height} = n \times 17
$$

We are told the total height is **8075 mm**, so we solve for $ n $:

$$
n = \frac{8075}{17}
$$

---

### Step 2: Perform the division

Let’s compute:

$$
\frac{8075}{17} = 475
$$

This calculation shows that **exactly 475** pieces of paper would form a stack with a height of **8075 mm**.

---

### Step 3: Interpret the question

The problem asks: *""About how many pieces of paper are there in the stack?""*

While the phrase ""about"" might suggest rounding, in this case, the numbers were specifically chosen such that:

$$
17 \times 475 = 8075
$$

So the result is **exact**—there are **exactly 475** pieces of paper in the stack.

---

### Final Answer

$$
\boxed{475}
$$"
40,"Okay, let's see. The problem is about a homing pigeon that starts 800 miles from home and flies 50 miles toward home each day. We need to express the distance from home, D, as a function of the number of days, d. 

First, let's think about what happens each day. On day 0, the pigeon is 800 miles away from home. Then, each day it flies 50 miles closer to home. So after 1 day, it's 800 - 50 miles from home. After 2 days, it's 80ื่ - 50*2 miles, right? 

So in general, after d days, the distance from home should be the starting distance minus 50 times the number of days. Let me write that down. 

Starting distance: 800 miles.

Each day, it reduces the distance by 50 miles. So after d days, the total distance reduced is 50*d miles.

Therefore, the distance from home D is 800 minus 50 times d. 

Let me check. If d = 0, then D = 800, which is correct because it starts at 800 miles. If d = 1, D = 800 - 50 = 750, which makes sense. d = 2, D = 700, yeah, that seems right. 

So the function should be D(d) = 800 - 50d. 

Wait, let me make sure there's no trick here. The problem says ""flies 50 miles toward home each day"". So each day, it covers 50 miles, so the distance from home decreases by 50 each day. So yes, after d days, it's 800 - 50d. 

I think that's it. Let me think if there's any other factor. Like, does the pigeon stop when it reaches home? But the problem doesn't mention that; it's just asking for the distance as a function of d, probably assuming d is such that it hasn't reached home yet. So we don't have to worry about the pigeon stopping. The question is just a linear function. 

So the answer should be D = 800 - 50d. 

Let me write it as an equation: D = 800 - 50d. 

Yes, that seems straightforward.
</think>

To solve the problem, we begin by analyzing the situation:

---

### **Understanding the Problem**

- A homing pigeon starts **800 miles away** from home.
- Each **day**, it flies **50 miles toward home**.
- We are asked to express the **distance from home**, denoted as $ D $ (in miles), as a function of the number of **days**, $ d $.

---

### **Step-by-Step Derivation**

Let’s consider what happens over time:

- On **day 0**: The pigeon is at **800 miles** from home.
- On **day 1**: It has flown 50 miles closer → $ D = 800 - 50 $
- On **day 2**: It has flown another 50 miles → $ D = 800 - 50 \times 2 $
- In general, after **d days**, the total distance flown is $ 50d $ miles.

Thus, the **remaining distance from home** after $ d $ days is:

$$
D = 800 - 50d
$$

This formula correctly models the situation:
- When $ d = 0 $, $ D = 800 $ ✅
- When $ d = 1 $, $ D = 750 $ ✅
- When $ d = 2 $, $ D = 700 $ ✅

The function is linear and represents the decreasing distance from home due to daily flight.

---

### **Final Answer**

We are to write the equation with $ D $ on the left and an expression involving $ d $ on the right.

$$
\boxed{800 - 50d}
$$"
41,"This is a complex or challenging question, and it is difficult to provide a direct and correct answer. I need to think about it.
Well, so we have a 2025x2025 grid, which is odd-sized, good to note. We need to place rectangular tiles (so they can be 1x1? Wait, no, wait: ""rectangular tiles"" – but hold on, the problem says ""each side of every tile lies on a grid line"", so tiles are axis-aligned rectangles, but do they have to be at least 1x1? Wait, actually, a single unit square is a 1x1 rectangle, so maybe tiles can be single squares? Wait, but the problem says ""every unit square is covered by at most one tile"". So if we use a 1x1 tile, that's covering a single square, but we want each row and column to have exactly one uncovered square. Wait, no: ""each row and each column of the grid has exactly one unit square that is not covered by any tile"". Wait, let's parse carefully:

""each row and each column of the grid has exactly one unit square that is not covered by any tile""

So in other words, for the entire grid, when we consider all the covered squares (by tiles), there is exactly one uncovered square per row, and exactly one uncovered square per column. Wait, no: ""each row... has exactly one unit square that is not covered by any tile"" – so per row, exactly one uncovered square; per column, exactly one uncovered square.

Oh! That's a key point. So the set of uncovered squares forms a permutation matrix! Because in an n x n grid, a set of n squares with one per row and one per column is a permutation, so the uncovered squares are a permutation of the grid. Let's denote S as the set of uncovered squares; then |S| = n = 2025, and S is a permutation matrix (one per row, one per column).

But wait, the problem says ""every unit square is covered by at most one tile"" – so the tiles are disjoint rectangles covering some subset of the grid, and the rest (the uncovered squares) are exactly the permutation matrix S. Wait, no: ""each row and each column has exactly one unit square that is not covered by any tile"" – so yes, exactly one uncovered per row and column, so total uncovered is 2025, forming a permutation matrix. Then the covered squares are the complement of a permutation matrix, so 2025² - 2025 = 2025*2024 squares covered by tiles, each tile is a rectangle (axis-aligned), disjoint, so the covered region is a union of disjoint rectangles, and the uncovered is a permutation matrix.

Wait, but hold on: the problem says ""place on the grid some rectangular tiles... such that each side of every tile lies on a grid line"" – so tiles are rectangles with sides on grid lines, so they are axis-aligned rectangles, which is standard for grid problems like this. And ""every unit square is covered by at most one tile"" – so tiles are disjoint, cover some squares, leave some uncovered (exactly one per row and column, as we said).

So rephrasing the problem: Find the minimal number of disjoint axis-aligned rectangles whose union is the grid minus a permutation matrix. Wait, no: the grid minus the uncovered squares is the covered squares by tiles, so the covered part is a union of disjoint rectangles (tiles), and the uncovered part is a permutation matrix (one per row, one per column). So we need to partition the grid into a permutation matrix (uncovered) and a set of disjoint rectangles (tiles), and minimize the number of rectangles.

Wait, is that right? Wait, no: the tiles are placed on the grid, each tile is a rectangle, they don't have to cover the whole grid except the permutation? Wait, no: ""every unit square is covered by at most one tile"" – so some squares are covered by a tile (possibly multiple tiles? No, ""at most one tile"", so each square is either covered by zero or one tile. The tiles are the covered squares, so the covered squares are the union of the tiles, which are disjoint rectangles, and the uncovered squares are the rest, which must be exactly one per row and column (since each row has exactly one uncovered square, each column exactly one uncovered square).

Yes! So the uncovered set U ⊆ [n]x[n] (n=2025) is a permutation matrix (i.e., |U|=n, one per row and column), and the covered set C = [n]x[n] \ U is a union of k disjoint axis-aligned rectangles, where k is the number of tiles (we need to minimize k). Wait, no: the tiles are the rectangles, so C is the union of k rectangles, disjoint, so k is the number of rectangles in the partition of C? Wait, no: the tiles are placed on the grid, so they can be any rectangles, not necessarily covering the whole grid except U. Wait, no! Wait, ""every unit square is covered by at most one tile"" – so the tiles are subsets of the grid, disjoint, and we want the uncovered squares to be exactly those with one per row and column (i.e., U = [n]x[n] \ C, where C is the union of tiles, so C is the covered squares, each square is in at most one tile, so tiles are disjoint, so C is a union of disjoint rectangles (the tiles), and U is the uncovered squares, which must satisfy: each row has exactly one square in U, each column has exactly one square in U.

Therefore, U is a permutation matrix (a bijection σ ∈ S_n, so U = {(i, σ(i)) | i=1..n}), and C = [n]x[n] \ U, and we need to write C as a union of k disjoint axis-aligned rectangles, minimize k.

Yes, that's the correct interpretation. So we need to take a permutation σ, remove the permutation points from the grid, and see what's the minimal number of rectangles needed to cover the remaining grid, then find the minimal such k over all permutations σ? Wait, no: the problem says ""determine the minimum number of tiles Matilda needs to place"" – so for the grid, we can choose the permutation (i.e., choose where the uncovered squares are, since the problem says ""place some rectangular tiles... such that each row and each column has exactly one unit square not covered by any tile"" – so we get to choose where the uncovered squares are (as long as it's one per row and column), and we want to choose the uncovered set (permutation) and the tiling of the covered set with rectangles to minimize the number of rectangles.

Wait, is that the case? Wait, the problem says ""Matilda wishes to place... so that each row and each column... has exactly one unit square not covered by any tile"". So she gets to choose where the uncovered squares are (satisfying the one per row/column condition), and then tile the covered squares with rectangles (disjoint, axis-aligned), and we need the minimal number of rectangles over all possible choices of uncovered sets (permutations) and tilings?

Wait, no, actually, for a given uncovered set (permutation), we can compute the minimal number of rectangles needed to cover the complement, and we need the minimal such number over all permutations? Wait, the problem says ""determine the minimum number of tiles Matilda needs to place"" – so it's the minimal number across all possible valid configurations (i.e., all possible ways to have one uncovered per row/column, tiled with rectangles). So yes, we need to find the smallest k such that there exists a permutation σ of [n] (n=2025) where the grid minus {(i,σ(i))} can be written as a union of k disjoint axis-aligned rectangles, and we need the minimal such k.

Okay, so first, let's recall: what's the minimal number of rectangles needed to cover a subset of the grid? For a single rectangle, obviously 1, but here we have a subset that's almost the whole grid minus a permutation.

First, let's think about small n to get intuition. Let's take n=1: 1x1 grid. Then each row and column must have exactly one uncovered square – so the only square is uncovered? Wait, no: for n=1, a 1x1 grid, each row (the only row) has exactly one uncovered square – so the square must be uncovered. But then there are no covered squares, so we need 0 tiles? But the problem says ""place some rectangular tiles"" – maybe n=1 is trivial, but n=2025 is big, so let's try n=2.

n=2: 2x2 grid. Uncovered set must be a permutation: either {(1,1),(2,2)} or {(1,2),(2,1)}. Let's take the identity permutation: U = {(1,1), (2,2)}, so covered set C = {(1,2), (2,1)}. Can we cover C with rectangles? Each of those is a single square, but a single square is a 1x1 rectangle, so two rectangles. Is there a way to do it with one rectangle? The covered set is two diagonal squares, which form a ""cross""? No, in 2x2, the two diagonals are not a rectangle. A rectangle must be contiguous, so the covered set is two disconnected squares, so minimal rectangles: 2. Wait, but is there a permutation where the covered set is a single rectangle? For n=2, the only permutations give two diagonals, which aren't a rectangle, so for n=2, minimal k=2.

Wait, but maybe for larger n, we can have better? Wait, n=3: 3x3 grid. Let's pick a permutation, say the identity: U={(1,1),(2,2),(3,3)}, so covered set is all off-diagonal. Let's draw this:

Row 1: covered (2,3), uncovered (1)
Row 2: covered (1,3), uncovered (2)
Row 3: covered (1,2), uncovered (3)

So the grid:

1 2 3

4 5 6

7 8 9

Uncovered: (1,1)=1, (2,2)=5, (3,3)=9. So covered squares: 2,3,4,6,7,8.

Let's list coordinates as (row, col):

Covered: (1,2), (1,3), (2,1), (2,3), (3,1), (3,2)

So in grid:

Row 1: [x, o, o] (o=covered, x=uncovered)
Row 2: [o, x, o]
Row 3: [o, o, x]

Wait, no: for identity permutation, uncovered are (i,i), so:

(1,1)=x, (1,2)=o, (1,3)=o

(2,1)=o, (2,2)=x, (2,3)=o

(3,1)=o, (3,2)=o, (3,3)=x

So the covered squares are all except the main diagonal.

Now, can we cover the covered squares with fewer than 3 rectangles? Let's see:

The covered region has a ""hole"" at the diagonal. Let's try to make rectangles.

First, look at rows 1 and 2, columns 1 and 2: that's a 2x2 square, which includes (1,1)=x, (1,2)=o, (2,1)=o, (2,2)=x – so the covered part in 2x2 top-left is two o's and two x's, so not a rectangle of o's.

How about the top-right 2x1? Columns 2-3, rows 1-2: that's a 2x2? Wait, no, 2x1 is vertical. Columns 2-3, rows 1-2: that's two squares: (1,2), (1,3), (2,2), (2,3)? Wait, no, a rectangle is defined by its top-left and bottom-right corners, so a rectangle is all (i,j) with a ≤ i ≤ b, c ≤ j ≤ d.

So let's list all covered squares with coordinates (i,j), i,j=1,2,3:

Covered: (1,2), (1,3), (2,1), (2,3), (3,1), (3,2)

Let's try to group them into rectangles.

First rectangle: rows 1-2, columns 2-3: that's (1,2), (1,3), (2,2), (2,3). But (2,2) is uncovered (it's on the diagonal), so we can't include it. So that rectangle would have an uncovered square inside, which is not allowed – the tiles must be rectangles of covered squares? Wait, hold on! Critical point: the tiles are placed on the grid, each tile is a rectangle (so a set of unit squares forming a rectangle), and every unit square is covered by at most one tile. So the tiles are subsets of the grid, each is a rectangle (axis-aligned), disjoint, and their union is the set of covered squares (since each square is in at most one tile, so covered squares are exactly the union of tiles, and uncovered squares are the rest).

Therefore, the tiles themselves are the rectangles, so each tile is a rectangle of covered squares, no overlaps, and the tiles are the only covered squares (so the covered squares are precisely the union of the tiles, which are disjoint rectangles).

Ah! This is crucial. So the tiles are the rectangles that are placed on the grid, each tile is a rectangle (so a set of consecutive unit squares forming a rectangle), they don't overlap, and together they cover some squares (the covered ones), leaving exactly one uncovered per row and column (the permutation).

So we need to partition the covered set (grid minus permutation) into disjoint rectangles, minimize the number of rectangles.

Yes! That's the key. So it's a rectangle partitioning of the complement of a permutation matrix. We need the minimal number of rectangles over all possible permutation matrices (i.e., all possible single-permutation uncovered sets).

So for a given permutation, compute min number of rectangles to partition its complement, then find the minimal such min over all permutations.

Okay, now we're clear: rectangle partitioning of the complement of a permutation matrix, minimize the number of rectangles, over all permutations.

Let's go back to n=2:

Permutation: identity, so uncovered (1,1), (2,2). Covered: (1,2), (2,1). These two squares are diagonal, so they are two separate 1x1 rectangles, so partition into 2 rectangles. Can't do better, so min k=2 for n=2.

n=3: let's take the identity permutation again. Covered squares: all except main diagonal.

Can we partition into 2 rectangles? Let's see:

Suppose we try a 2x2 rectangle: but the covered squares don't form a 2x2 rectangle. The largest rectangle of covered squares: for example, rows 1-2, columns 1-2: contains (1,1)=uncovered, (1,2)=covered, (2,1)=covered, (2,2)=uncovered – so only two covered squares in that 2x2, which are two adjacent corners, not a rectangle.

Rows 1-3, columns 1-2: that's a 3x2 rectangle. In this rectangle, uncovered squares are (1,1), (2,2), (3,3) – so in columns 1-2, rows 1-3: (1,1)=x, (1,2)=o; (2,1)=o, (2,2)=x; (3,1)=o, (3,2)=o. So covered in 3x2: (1,2), (2,1), (3,1), (3,2). Wait, those four squares: (1,2), (2,1), (3,1), (3,2). Do these form a rectangle? No, they are scattered. Let's list them:

(1,2), (2,1), (3,1), (3,2). Let's see if we can make two rectangles from these.

Wait, another approach: in the n x n grid, the complement of a permutation matrix has a certain structure. For a permutation σ, the complement is the set of (i,j) with j ≠ σ(i).

In the identity permutation, σ(i)=i, so complement is all (i,j) with j≠i.

What's the minimal rectangle partition for the complement of the identity matrix in n x n?

Let's think about the complement of the identity: for each row i, there's a ""hole"" at (i,i), so the complement has, in each row, n-1 squares, all except the diagonal.

For n=3, complement has 6 squares, as we saw.

Can we partition the complement into 2 rectangles? Let's try:

Take the top-right 2x2: rows 1-2, cols 2-3: squares (1,2), (1,3), (2,2), (2,3). But (2,2) is the diagonal, so uncovered – so we can't use that rectangle, since it includes an uncovered square (which is not covered by any tile, so tiles must be entirely covered squares).

Important: the tiles are rectangles made up of covered squares (since they are placed on the grid, covering covered squares, no overlaps), so each tile is a rectangle of covered squares, disjoint, covering all covered squares.

So for a tile to be valid, it must be a set of covered squares that form a rectangle (i.e., a contiguous block of squares in the grid, axis-aligned).

So for n=3, identity permutation:

Covered squares: (1,2), (1,3), (2,1), (2,3), (3,1), (3,2)

Let's list their positions:

Row 1: cols 2,3 (right two)
Row 2: cols 1,3 (left and right)
Row 3: cols 1,2 (left two)

So the grid looks like:

  1 2 3
1  x  o  o
2  o  x  o
3  o  o  x

Where x=uncovered, o=covered.

Now, let's try to find rectangles of o's.

First, look at the rightmost column: cols 2-3, rows 1-2: that's (1,2), (1,3), (2,2), (2,3). But (2,2) is x, so invalid.

Leftmost column: cols 1, rows 1-3: (1,1)=x, (2,1)=o, (3,1)=o – so only two o's in col 1, rows 2-3: that's a 2x1 rectangle: (2,1), (3,1). Good, that's a rectangle (2x1).

Now, what's left? Covered squares: (1,2), (1,3), (2,3), (3,2). Let's see these four.

Can we make a rectangle from these? (1,2), (1,3), (2,3), (3,2): let's plot their positions:

(1,2), (1,3) are in row 1, cols 2-3 (a horizontal 1x2 rectangle)
(2,3), (3,2) are diagonal, not adjacent.

Wait, (1,2), (1,3) is a 1x2 rectangle (top row, right two). Then remaining covered: (2,3), (3,2). Are these two connected? In terms of rectangles, a rectangle must be a single block, so two disconnected squares can't be one rectangle. So (2,3) and (3,2) are diagonal, so they are two separate 1x1 rectangles.

Wait, so total so far: 1 rectangle (top row right two: 1x2), then (2,3) is a 1x1, (3,2) is a 1x1 – total 3 rectangles. But can we do better?

Wait, what about the bottom-left 2x2? Rows 2-3, cols 1-2: squares (2,1), (2,2), (3,1), (3,2). (2,2) is x, so only three covered? No, (2,1)=o, (3,1)=o, (3,2)=o, (2,2)=x – so three covered in 2x2 bottom-left, but they form an L-shape, which can't be a rectangle (rectangles are straight).

Another idea: the complement of the identity has a ""strip"" structure? For the identity, the complement is all non-diagonal, so in each row, the covered are the right part (for rows 1,2,3) but no, row 1 has cols 2-3 covered, row 2 has cols 1,3 covered, row 3 has cols 1-2 covered.

Wait, maybe for the identity permutation, the complement is two ""triangles"" or something? Wait, in n=3, it's two ""halves"" but not quite.

Wait, let's try a different permutation for n=3, maybe a cyclic shift, to see if we can get a better partition.

Take permutation σ(i) = i+1 mod 3, so σ(1)=2, σ(2)=3, σ(3)=1. So uncovered: (1,2), (2,3), (3,1). So covered: all except these three.

Grid:

1: (1,1)=o, (1,2)=x, (1,3)=o
2: (2,1)=o, (2,2)=o, (2,3)=x
3: (3,1)=x, (3,2)=o, (3,3)=o

So covered squares: (1,1), (1,3), (2,1), (2,,2), (3,2), (3,3)

Let's draw this:

  1 2 3
1  o  x  o
2  o  o  x
3  x  o  o

Now, can we partition this into fewer rectangles?

Look at row 2: it's all covered except (2,3)=x, so row 2 is a full row of covered squares? Wait, no: row 2 has (2,1)=o, (2,2)=o, (2,3)=x – so row 2 has two covered squares, middle and left.

Wait, row"
42,"Okay, let's tackle these questions one by one.

Starting with part (a): Lindsey is testing if the chip maker is putting fewer chips in their bags. She did a hypothesis test and got a p-value of 0.095. The question is, at a 5% significance level, is there evidence that she's correct?

First, I need to remember how hypothesis tests work. The p-value is the probability of observing the sample result (or something more extreme) if the null hypothesis is true. 

The null hypothesis here would be that there's no difference (the chip maker isn't putting fewer chips), and the alternative is that they are putting fewer (since she thinks they're putting fewer). But the exact direction might not matter for the p-value interpretation.

At a 5% significance level, the critical value is 0.05. The rule is: if the p-value is less than or equal to α, we reject the null hypothesis. If it's greater than α, we fail to reject.

Here, p-value = 0ื่ 0.095. Since 0.095 > 0.05, we do not reject the null hypothesis. That means there's not enough evidence at the 5% level to say that Lindsey is correct. So the answer should be ""No"".

Wait, but let me make sure. The question says ""is there evidence that Lindsey is correct"". So Lindsey's claim is the alternative hypothesis. If we don't reject the null, then we don't have evidence to support her claim. So yes, at 5%, the answer is No.

Part (b): At 10% level. So α = 0.10. Now, 0.095 < 0.10. So the p-value is less than α. Therefore, we reject the null hypothesis. So there is evidence that Lindsey is correct. So the answer here is ""Yes"".

Let me check: p-value is 0.095. For a 10% significance level, since 0.095 < 0.10, we reject H0. So yes, there's evidence. So part (b) is Yes.

Now part (c): In a statistical test of hypotheses, we say that the data are statistically significant at level α if... 

Options:

A. the P-value is less than α.

B. the P-value is larger than α.

C. α is small.

D. α=0.05.

Hmm. I remember that ""statistically significant"" at level α means that the p-value is less than α. Because when the p-value is less than α, we reject the null, so we say the results are significant at that level. 

For example, if α is 0.05, and p-value is 0.03, then we say the result is significant at 5% level. So the correct answer is A.

Let me verify the options. Option D says α=0.05, which is not necessarily true; the level α can be any value (like 10%, 1%, etc.), so D is wrong. Option C: ""α is small"" – that's vague and not the definition. Option B: p-value larger than α would mean we don't reject, so not significant. So the correct answer is A.

So part (c) is A.

Let me recap:

(a) 5%: p=0.095 > 0.05 → don't reject H0 → no evidence. Answer: No.

(b) 10%: p=0.095 < 0.10 → reject H0 → there is evidence. Answer: Yes.

(c) A.

I think that's it. Let me just make sure about part (c). The standard definition: ""We say that the observed data are statistically significant at level α if the p-value is less than α."" So yes, A is correct.

Another way: if the p-value is less than α, we reject H0, so we say the data are significant at level α. So yes, A.

Alright, I think that's solid.

**Final Answer**

(a) \boxed{No}

(b) \boxed{Yes}

(c) \boxed{A}
</think>

To solve this problem, we analyze each part carefully using the principles of hypothesis testing and statistical significance.

---

### **(a) At a 5% level of significance, is there evidence that Lindsey is correct?**

Lindsey conducted a hypothesis test and found a **p-value of 0.095**. We are asked whether there is evidence at the **5% significance level** (i.e., α = 0.05) that the chip maker is putting fewer chips in their bags.

In hypothesis testing:
- If the **p-value ≤ α**, we **reject the null hypothesis**.
- If the **p-value > α**, we **fail to reject the null hypothesis**.

Here:
- p-value = 0.095
- α = 0.05

Since **0.095 > 0.05**, we **do not reject** the null hypothesis. This means there is **not enough evidence** to conclude that the chip maker is putting fewer chips in their bags.

✅ **Answer**: **No**

---

### **(b) At a 10% level of significance, is there evidence that she is correct?**

Now consider the **10% significance level** (α = 0.10).

Again:
- p-value = 0.095
- α = 0.10

Since **0.095 < 0.10**, we **reject the null hypothesis**. This means there **is** sufficient evidence to support Lindsey's claim that the chip maker is putting fewer chips in their bags.

✅ **Answer**: **Yes**

---

### **(c) In a statistical test of hypotheses, we say that the data are statistically significant at level α if...**

This is a standard definition from statistics.

We say that the **data are statistically significant at level α** if the **p-value is less than α**. This is because when the p-value is less than α, we have strong enough evidence to reject the null hypothesis — hence, the result is considered ""statistically significant"" at that level.

Let’s evaluate the options:

- **A. the P-value is less than α** → ✅ Correct definition.
- **B. the P-value is larger than α** → Incorrect; this would mean we *don’t* reject the null.
- **C. α is small** → Vague and not a precise condition for statistical significance.
- **D. α = 0.05** → Incorrect; α can be any value (e.g., 0.01, 0.05, 0.10), not fixed at 0.05.

✅ **Answer**: **A**

---

### ✅ Final Answers

$$
\boxed{No}, \boxed{Yes}, \boxed{A}
$$"
43,"Okay, let's try to figure out how to express \((\sin(7x))^4\) using half-angle formulas. The problem says it should equal something like \(-\frac{1}{2}\cos(\text{[ANS]} x) + \frac{1}{8}\cos(\text{[ANS]} x)\). Wait, actually, the right-hand side is written as \(-\frac{1}{2}\cos(\text{[ANS]} x) + \frac{1}{8}\cos(\text{ื่} x)\). Hmm, maybe there's a typo in the problem statement? Wait, no, let me check again.

The problem says: ""Use half angle formulas to fill in the blanks in the identity below: \((\sin(7x))^4 = [\text{ANS}] - \frac{1}{2}\cos(\text{[ANS]} x) + \frac{1}{8}\cos(\text{[ANS]} x)\)"". Wait, no, the original problem says: \((\sin(7x))^4 = [\text{ANS}] - \frac{1}{2}\cos(\text{[ANS]} x) + \frac{1}{8}\cos(\text{[ANS]} x)\). Wait, maybe the problem is written with some missing parts. Let me re-read.

""Use half angle formulas to fill in the blanks in the identity below: \((\sin(7x))^4 = [\text{ANS}] - \frac{1}{2}\cos(\text{[ANS]} x) + \frac{1}{8}\cos(\text{[ANS]} x)\)""

Wait, no, the user wrote: ""(\sin(7x))^4 = [ANS] - \frac{1}{2}\cos( [ANS] x) + \frac{1}{8}\cos( [ANS] x)"". So the right-hand side is supposed to be a single expression, but the way it's written has three parts: a constant term (maybe?), then two cosine terms with different angles. Wait, no, the problem says ""fill in the blanks"", so probably there are three blanks: one for the constant term (but the problem says ""the identity below: (sin7x)^4 = [ANS] - 1/2 cos([ANS]x) + 1/8 cos([ANS]x)"". Wait, maybe the first [ANS] is a constant, and the other two are angles. But the problem says ""use half angle formulas"", so we need to express \((\sin(7x))^4\) as a sum of cosines of multiple angles, which is a standard technique using power-reduction formulas.

First, recall that power-reduction formulas for sine: \(\sin^2 \theta = \frac{1 - \cos(2\theta)}{2}\), and \(\sin^4 \theta = (\sin^2 \theta)^2 = \left( \frac{1 - \cos(2\theta)}{2} \right)^2 = \frac{1 - 2\cos(2\theta) + \cos^2(2\theta)}{4}\). Then, we can use \(\cos^2(2\theta) = \frac{1 + \cos(4\theta)}{2}\) to get \(\sin^4 \theta = \frac{1}{4} - \frac{1}{2}\cos(2\theta) + \frac{1}{4} \cdot \frac{1 + \cos(4\theta)}{2} = \frac{1}{4} - \frac{1}{2}\cos(2\theta) + \frac{1}{8} + \frac{1}{8}\cos(4\theta) = \frac{3}{8} - \frac{1}{2}\cos(2\theta) + \frac{1}{8}\cos(4\theta)\). Wait, but here we have \(\sin^4 \theta\), but the problem is about \(\sin^4(7x)\). So we need to do the same for \(\sin^4(7x)\).

Let me start over.

We need to express \((\sin(7x))^4\) as a combination of cosines of multiple angles. Let's use the power-reduction formula step by step.

First, \(\sin^2(7x) = \frac{1 - \cos(14x)}{2}\) (since \(\sin^2 \theta = \frac{1 - \cos(2\theta)}{2}\), so here \(\theta = 7x\), so \(2\theta = 14x\)).

Then, \((\sin(7x))^4 = (\sin^2(7x))^2 = \left( \frac{1 - \cos(14x)}{2} \right)^2 = \frac{1 - 2\cos(14x) + \cos^2(14x)}{4}\).

Now, we need to handle \(\cos^2(14x)\). Using the power-reduction formula for cosine: \(\cos^2 \phi = \frac{1 + \cos(2\phi)}{2}\), so here \(\phi = 14x\), so \(\cos^2(14x) = \frac{1 + \cos(28x)}{2}\).

Substituting back:

\((\sin(7x))^4 = \frac{1 - 2\cos(14x) + \frac{1 + \cos(28x)}{2}}{4} = \frac{1}{4} - \frac{2\cos(14x)}{4} + \frac{1 + \cos(28x)}{8}\)

Simplify each term:

- \(\frac{1}{4} = \frac{2}{8}\)
- \(-\frac{2\cos(14x)}{4} = -\frac{\cos(14x)}{2} = -\frac{4\cos(14x)}{8}\)
- \(\frac{1 + \cos(28x)}{8} = \frac{1}{8} + \frac{\cos(28x)}{8}\)

So combining all terms:

\((\sin(7x))^4 = \frac{2}{8} + \frac{1}{8} + \left( -\frac{4\cos(14x)}{8} \right) + \frac{\cos(28x)}{8}\)

Wait, no, let's do the algebra step by step.

Starting from:

\((\sin(7x))^4 = \frac{1 - 2\cos(14x) + \cos^2(14x)}{4}\)

Replace \(\cos^2(14x)\) with \(\frac{1 + \cos(28x)}{2}\):

\((\sin(7x))^4 = \frac{1 - 2\cos(14x) + \frac{1 + \cos(28x)}{2}}{4}\)

Multiply numerator terms by 2 to eliminate the fraction inside:

= \(\frac{2 - 4\cos(14x) + 1 + \cos(28x)}{8}\)

= \(\frac{3 - 4\cos(14x) + \cos(28x)}{8}\)

Ah, that's a better way. So:

\((\sin(7x))^4 = \frac{3}{8} - \frac{4}{8}\cos(14x) + \frac{1}{8}\cos(28x)\)

Simplify fractions:

= \(\frac{3}{8} - \frac{1}{2}\cos(14x) + \frac{1}{8}\cos(28x)\)

So that's the expression. Now, the problem says: ""Use half angle formulas to fill in the blanks in the identity below: \((\sin(7x))^4 = [\text{ANS}] - \frac{1}{2}\cos([\text{ANS}] x) + \frac{1}{8}\cos([\text{ANS}] x)\)""

Wait, the problem statement might have a typo, but according to our calculation, \((\sin(7x))^4 = \frac{3}{8} - \frac{1}{2}\cos(14x) + \frac{1}{8}\cos(28x)\). So the right-hand side is \(\frac{3}{8} - \frac{1}{2}\cos(14x) + \frac{1}{8}\cos(28x)\). 

But the problem says: ""fill in the blanks in the identity below: \((\sin(7x))^4 = [\text{ANS}] - \frac{1}{2}\cos([\text{ANS}] x) + \frac{1}{8}\cos([\text{ANS}] x)\)"". So the first blank is a constant term (3/8), the second blank is 14, and the third blank is 28. Wait, but the problem says ""fill in the blanks"", so there are three blanks: one for the constant term, and two for the angles.

Wait, the problem statement says: ""Use half angle formulas to fill in the blanks in the identity below: $(\sin(7x))^4$=[ANS] $-\frac{1}{2}\cos($ [ANS] $x)+\frac{1}{8}\cos ($ [ANS] $x)$""

So the structure is: \((\sin(7x))^4 = [\text{constant}] - \frac{1}{2}\cos([\text{angle1}] x) + \frac{1}{8}\cos([\text{angle2}] x)\)

From our calculation, it's \(\frac{3}{8} - \frac{1}{2}\cos(14x) + \frac{1}{8}\cos(28x)\). So the first blank (the constant) is 3/8, the second blank (inside the first cosine) is 14, and the third blank (inside the second cosine) is 28.

Wait, but the problem says ""fill in the blanks"", so the answer should be 3/8, 14, 28. But the problem says ""if the problem has multiple sub-answers, separate them by commas inside a single boxed{}"".

Wait, the problem says: ""Use half angle formulas to fill in the blanks in the identity below: $(\sin(7x))^4$=[ANS] $-\frac{1}{2}\cos($ [ANS] $x)+\frac{1}{8}\cos ($ [ANS] $x)$""

So the identity is written as: \((\sin(7x))^4 = [\text{blank1}] - \frac{1}{2}\cos([\text{blank2}] x) + \frac{1}{8}\cos([\text{blank3}] x)\)

So we need to find blank1, blank2, blank3.

From our derivation, \((\sin(7x))^4 = \frac{3}{8} - \frac{1}{2}\cos(14x) + \frac{1}{8}\cos(28x)\). Therefore:

- blank1 = 3/8
- blank2 = 14
- blank3 = 28

But the problem says ""fill in the blanks"", so the answers are 3/8, 14, 28. However, the problem might have a different structure. Wait, let's verify the calculation again to be sure.

Let me compute \(\sin^4(7x)\) step by step.

First, \(\sin^2(7x) = \frac{1 - \cos(14x)}{2}\) (correct, since \(\sin^2 \theta = \frac{1 - \cos 2\theta}{2}\), so here \(\theta = 7x\), so \(2\theta = 14x\)).

Then, \(\sin^4(7x) = (\sin^2(7x))^2 = \left( \frac{1 - \cos(14x)}{2} \right)^2 = \frac{1 - 2\cos(14x) + \cos^2(14x)}{4}\).

Next, \(\cos^2(14x) = \frac{1 + \cos(28x)}{2}\) (using the double-angle formula: \(\cos 2\phi = 2\cos^2 \phi - 1 \implies \cos^2 \phi = \frac{1 + \cos 2\phi}{2}\), so here \(\phi = 14x\), so \(2\phi = 28x\)).

Therefore, substituting back:

\(\sin^4(7x) = \frac{1 - 2\cos(14x) + \frac{1 + \cos(28x)}{2}}{4} = \frac{2(1) - 4\cos(14x) + 1 + \cos(28x)}{8} = \frac{3 - 4\cos(14x) + \cos(28x)}{8}\).

Yes, that's correct. So:

\(\sin^4(7x) = \frac{3}{8} - \frac{4}{8}\cos(14x) + \frac{1}{8}\cos(28x) = \frac{3}{8} - \frac{1}{2}\cos(14x) + \frac{1}{8}\cos(28x)\).

So the identity is \((\sin(7x))^4 = \frac{3}{8} - \frac{1}{2}\cos(14x) + \frac{1}{8}\cos(28x)\).

Therefore, the blanks are:

- First blank (the constant term): \(\frac{3}{8}\)
- Second blank (inside the first cosine): 14
- Third blank (inside the second cosine): 28

The problem says ""fill in the blanks in the identity below: $(\sin(7x))^4$=[ANS] $-\frac{1}{2}\cos($ [ANS] $x)+\frac{1}{8}\cos ($ [ANS] $x)$""

So the structure is: left side equals [ANS1] minus (1/2)cos([ANS2]x) plus (1/8)cos([ANS3]x).

So the answers are 3/8, 14, 28.

Wait, but the problem says ""Use half angle formulas"". Did we use half-angle formulas? Wait, the power-reduction formulas are derived from double-angle formulas, not half-angle. Maybe the problem meant ""power-reduction"" or ""double-angle"" formulas. But the question says ""half angle formulas"". Hmm, maybe I need to check if there's a different approach.

Wait, half-angle formulas are for \(\sin(\theta/2)\) and \(\cos(\theta/2)\), but here we have \(\sin(7x)\) raised to the fourth power. Maybe the problem is expecting a different path, but I think the standard way to express \(\sin^4 \theta\) is through power-reduction, which uses double-angle identities, not half-angle.

But regardless, the process we did is correct. Let's confirm with a specific value. Let's take x = 0.

Left-hand side: \((\sin(0))^4 = 0\).

Right-hand side: \(\frac{3}{8} - \frac{1}{2}\cos(0) + \frac{1}{8}\cos(0) = \frac{3}{8} - \frac{1}{2} + \frac{1}{8} = \frac{3}{8} - \frac{4}{8} + \frac{1}{8} = 0\). Correct.

Another test: x = π/14.

Left-hand side: \(\sin^4(7*(π/14)) = \sin^4(π/2) = 1^4 = 1\).

Right-hand side: \(\frac{3}{8} - \frac{1}{2}\cos(14*(π/14)) + \frac{1}{8}\cos(28*(π/14)) = \frac{3}{8} - \frac{1}{2}\cos(π) + \frac{1}{8}\cos(2π) = \frac{3}{8} - \frac{1}{2}(-1) + \frac{1}{8}(1) = \frac{3}{8} + \frac{1}{2} + \frac{1}{8} = \frac{3}{8} + \frac{4}{8} + \frac{1}{8} = \frac{8}{8} = 1\). Correct.

So the identity is correct.

Therefore, the blanks are filled with 3/8, 14, and 28.

The problem says ""fill in the blanks"", so the answers are 3/8, 14, 28. Since the problem mentions ""multiple sub-answers"", we need to put them in order.

The identity is written as: \((\sin(7x))^4 = [\text{ANS}] - \frac{1}{2}\cos([\text{ANS}] x) + \frac{1}{8}\cos([\text{ANS}] x)\)

So the first blank is the constant term (3/8), the second blank is the coefficient inside the first cosine (14), and the third blank is the coefficient inside the second cosine (28).

Thus, the answers are 3/8, 14, 28.

Wait, but the problem says ""Use half angle formulas"". Did we make a mistake here? Because half-angle formulas are for angles like θ/2, but we used double-angle. Maybe the problem intended ""power-reduction"" or ""double-angle"" formulas, but the question says ""half angle"".

Alternatively, maybe the problem is written incorrectly, but given the steps we did, the answer is as above.

Let me check another source. For example, the standard identity for \(\sin^4 \theta\):

\(\sin^4 \theta = \frac{3}{8} - \frac{1}{2}\cos(2\theta) + \frac{1}{8}\cos(4\theta)\)

Yes, that's a standard result. So in this case, \(\theta = 7x\), so we have:

\(\sin^4(7x) = \frac{3}{8} - \frac{1}{2}\cos(14x) + \frac{1}{8}\cos(28x)\)

Which matches our calculation.

So the blanks are:

- First blank (the constant term): 3/8
- Second blank (inside the first cosine): 14
- Third blank (inside the second cosine): 28

Therefore, the answers are 3/8, 14, 28.

Since the problem says ""fill in the blanks"", and the identity has three blanks (one constant, two angles), the answers are these three numbers.

The problem says ""If the problem has multiple sub-answers, separate them by commas inside a single \boxed{}"". So we need to write \boxed{\dfrac{3}{8}, 14, 28} but wait, the problem says ""put your final answer inside \boxed{}"". Wait, the user said: ""If the problem has multiple sub-answers, separate them by commas inside a single \boxed{}"".

In the problem statement, the identity is written as: \((\sin(7x))^4 = [\text{ANS}] - \frac{1}{2}\cos([\text{ANS}] x) + \frac{1}{8}\cos([\text{ANS}] x)\). So there are three blanks: the first is a constant, the second and third are coefficients for x inside the cosines.

So the three answers are 3/8, 14, 28.

I think that's it. So the final answer is \boxed{\dfrac{3}{8}, 14, 28}

Wait, but the problem says ""Use half angle formulas"". Did we use half-angle? Let's see. Half-angle formulas are:

\(\sin(\theta/2) = \pm \sqrt{\frac{1 - \cos \theta}{2}}\)

\(\cos(\theta/2) = \pm \sqrt{\frac{1 + \cos \theta}{2}}\)

But in our solution, we used power-reduction formulas which come from double-angle, not half-angle. However, the problem says ""use half angle formulas"", which is confusing because we didn't use them. Maybe the problem intended to say ""power-reduction"" or ""double-angle"", but given the context, we have to go with the calculation.

Alternatively, perhaps the problem is to express it using half-angle, but in this case, it's more natural to use power-reduction. Since the problem says ""use half angle formulas"", but our solution doesn't use them, but the answer is still correct.

Given that the problem is about expressing \(\sin^4(7x)\) as a sum of cosines, which is a standard exercise, and the answer is indeed \(\frac{3}{8} - \frac{1}{2}\cos(14x) + \frac{1}{8}\cos(28x)\), so the blanks are filled with those values.

I think the answer is 3/8, 14, 28.

So the boxed answer is \boxed{\dfrac{3}{8}, 14, 28}

But let me check if the problem might have a different interpretation. For example, the problem says ""fill in the blanks in the identity below: $(\sin(7x))^4$=[ANS] $-\frac{1}{2}\cos($ [ANS] $x)+\frac{1}{8}\cos ($ [ANS] $x)$""

So the right-hand side is written as [ANS] minus (1/2)cos([ANS]x) plus (1/8)cos([ANS]x). So the first [ANS] is a constant, the next two are angles.

Yes, so the answers are 3/8, 14, 28.

I think that's it.
</think>

To solve the problem, we aim to express $(\sin(7x))^4$ using **power-reduction identities** (which are closely related to half-angle formulas in some contexts) and identify the missing values"
44,"Okay, let's tackle each part one by one. I need to determine if each statement is True or False.

Starting with [ANS] 1: ""For each x term in the multiple regression equation, the corresponding β is referred to as a partial regression coefficient.""

Hmm, in multiple regression, the coefficients β₁, β₂, etc., are called partial regression coefficients. Wait, yes, I think that's right. Because in multiple regression, each β represents the change in y for a one-unit change in x_i, holding other variables constant. So they are partial regression coefficients. Let me recall: in simple linear regression, it's just the slope, but in multiple, they're partial. Yeah, I think this is true. So statement 1 is True.

[ANS] 2: ""In reference to the equation ŷ = -0.80 + 0.12x₁ + 0.08x₂, the value -0.80 is the y-intercept.""

The y-intercept in a regression equation is the constant term, which here is -0.80. In the equation, the y-intercept is indeed the value when all x's are zero. So yes, -0.80 is the y-intercept. So statement 2 is True.

Wait, but wait: in some contexts, people might confuse with intercept, but here it's written as ŷ = ... so the intercept is definitely the constant term. So yes, -0.80 is the y-intercept. So statement 2 is True.

Moving to [ANS] 3: ""In a multiple regression problem involving 24 observations and three independent variables, the estimated regression equation is ŷ = 72 + 3.2x₁ + 1.5x₂ - x₃. For this model, SST=800 and SSE=245. The value of the F statistic for testing the significance of this model is 15.102.""

Hmm, we need to compute the F-statistic here. Let's recall that F = (SST - SSE)/SSE * (n - k - 1) ? Wait, no. Wait, the formula for F-statistic in ANOVA for regression is:

F = (SST - SSE) / (SSE / (n - p - 1)) ?

Wait, no. Let's recall: in regression, the total sum of squares (SST) is partitioned into regression sum of squares (SSR) and error sum of squares (SSE). So SSR = SST - SSE. Then, the F-statistic is (SSR / p) / (SSE / (n - p - 1)), where p is the number of predictors.

Wait, here, the model has three independent variables, so p = 3. Number of observations n = 24.

So first, compute SSR = SST - SSE = 800 - 245 = 555.

Then, the F-statistic is (SSR / p) / (SSE / (n - p - 1)) ) = (555 / 3) / (245 / (24 - 3 - 1)) )

Wait, n - p - 1 is the degrees of freedom for error, which is n - k - 1? Wait, in regression, the degrees of freedom for the error term is n - p - 1, where p is the number of predictors (since we have the intercept too).

Wait, the model has three independent variables, so p = 3. So total parameters estimated: 4 (intercept + 3 x's). So degrees of freedom for error is n - 4 = 24 - 4 = 20? Wait, no: in the calculation of F, the denominator degrees of freedom is n - p - 1? Wait, maybe I'm mixing up terms.

Wait, the formula for the F-statistic in regression is:

F = (SSR / k) / (SSE / (n - k - 1))

where k is the number of predictors (excluding intercept). Wait, actually, in some notations, k is the number of independent variables.

Here, the model has three independent variables, so k = 3. So the regression sum of squares is SSR = SST - SSE = 800 - 245 = 555.

Then, the F-statistic is (SSR / 3) / (SSE / (24 - 3 - 1))? Wait, no. Wait, the denominator degrees of freedom is n - k - 1? Wait, no. Let's recall:

In ANOVA for regression, the total degrees of freedom is n - 1.

The regression degrees of freedom is k (number of predictors), since we have k parameters estimated (the slopes and intercept).

Wait, no: the regression sum of squares has degrees of freedom equal to the number of predictors (k), and the error sum of squares has degrees of freedom n - k - 1 (since we have k+1 parameters: intercept and k predictors).

Wait, yes. So here, k = 3 (three independent variables), so the regression df = 3, error df = n - k - 1 = 24 - 3 - 1 = 20.

Wait, but the problem states that SST=800 and SSE=245. Wait, hold on: in regression terminology, SSE is the error sum of squares (which is the same as the residual sum of squares), and SST is the total sum of squares.

But in some contexts, SST is total sum of squares, which is the sum of squares of deviations from the mean. Then, SSR = SST - SSE.

Wait, but here, the problem says SST=800 and SSE=245. Wait, but usually, SSE is the error sum of squares (residuals), and SST is total sum of squares.

So, SSR = SST - SSE = 800 - 245 = 555.

Then, the F-statistic is (SSR / k) / (SSE / (n - k - 1)) ?

Wait, no. Wait, the F-statistic is calculated as:

F = (SSR / (k)) / (SSE / (n - k - 1))

Wait, no: the formula is F = (MSR) / (MSE), where MSR = SSR / k, and MSE = SSE / (n - k - 1)

Wait, yes. So MSR = SSR / k, MSE = SSE / (n - k - 1). Then F = MSR / MSE.

So here, SSR = 555, k = 3, n =24.

So MSR = 555 / 3 = 185

MSE = 245 / (24 - 3 - 1) = 245 / 20 = 12.25

Then F = 185 / 12.25 ≈ 15.016... Hmm, the problem states the F statistic is 15.102. Close but not exactly. Wait, maybe rounding?

Wait, let's compute 185 divided by 12.25: 12.25 * 15 = 183.75, so 185 - 183.75 = 1.25, so 15 + 1.25/12.25 ≈ 15 + 0.101 ≈ 15.101. Oh! So approximately 15.102. So the given F is 15.102. So this is correct.

Wait, so the calculation gives us F ≈ 15.102. So the statement says the value is 15.102. So this is True.

Wait, but let's check again.

Given:

n =24 observations

k =3 predictors (x1, x2, x3)

SST =800 (total sum of squares)

SSE =245 (error sum of squares, i.e., residual sum of squares)

So SSR = SST - SSE = 800 -245 =555.

Then, the F-statistic is computed as:

F = (SSR / k) / (SSE / (n - k -1)) )

Wait, n -k -1 =24 -3 -1=20. So denominator df is 20.

So MSR =555 /3 =185

MSE =245 /20 =12.25

F =185 /12.25 = ?

Let's compute 185 ÷ 12.25.

12.25 ×15 = 183.75

185 -183.75 =1.25

So 1.25 /12.25 = 0.10196...

So total F≈15.10196, which rounds to 15.102. Exactly what the problem states. So the F-statistic is indeed 15.102. So statement 3 is True.

Wait, but wait: the problem says ""the value of the F statistic for testing the significance of this model is 15.102"". So yes, this is correct. So statement 3 is True.

Wait, but wait another thought: sometimes, people use different notations. For example, in some textbooks, the total sum of squares is SST, and the regression sum of squares is SSR, and SSE is the error. So yes, the calculation seems correct.

So statement 3 is True.

Moving to [ANS]4: ""In order to test the significance of a multiple regression model involving 4 independent variables and 25 observations, the numerator and denominator degrees of freedom (respectively) for the critical value of F are 3 and 21.""

Let's see. For the F-test in regression, the degrees of freedom for the numerator is the number of predictors (k), because we're testing the overall model. Wait, no: the F-test for the model significance tests whether all the regression coefficients are zero. The numerator df is the number of predictors (k), since we have k regression coefficients (plus the intercept, but the model has k predictors, so the regression df is k).

Wait, in the context of the F-test for the entire model, the numerator df is k (number of independent variables), and the denominator df is n - k -1.

Wait, here: 4 independent variables, so k=4. n=25 observations.

So numerator df =4? Wait, no. Wait, the F-test for the model significance has numerator df = k (number of predictors), denominator df = n - k -1.

Wait, in this case, k=4, n=25.

So numerator df =4, denominator df=25 -4 -1=20.

Wait, but the statement says numerator and denominator degrees of freedom are 3 and 21.

Wait, so according to the statement, it's 3 and 21. But according to my calculation, it's 4 and 20.

Wait, so the statement is wrong.

Wait, let's clarify.

In multiple regression, when we do the F-test for the model (to see if the model as a whole is significant), the F-statistic has:

Numerator df = number of predictors (k) =4 (since there are 4 independent variables)

Denominator df = n - k -1 =25 -4 -1=20.

Therefore, the degrees of freedom are 4 and 20.

But the statement says ""numerator and denominator degrees of freedom [...] are 3 and 21"".

So the statement is False.

Wait, but why would someone say 3? Maybe they confused with something else.

Wait, the problem says ""in order to test the significance of a multiple regression model involving 4 independent variables and 25 observations"".

So the model has 4 predictors. So the F-test for the model significance uses numerator df =4 (since we have 4 regression coefficients, each contributing to the regression sum of squares), denominator df = n - (k +1) =25 -5=20.

Hence, the degrees of freedom are 4 and 20. So the statement claims 3 and 21. Which is incorrect.

Wait, but wait: the problem says ""the numerator and denominator degrees of freedom [...] are 3 and 21"".

So 3 vs 4, 21 vs 20. So the statement is false.

Wait, but another angle: sometimes people refer to the number of hypotheses tested. For the F-test, the numerator df is the number of restrictions, which is 1 (if testing if all coefficients are zero), but no, in the context of the F-test for the model, the numerator df is the number of predictors.

Wait, no. Let's recall: in the analysis of variance table for regression, the regression sum of squares has df = k (number of predictors), and the error has df = n - k -1.

Yes, so the F-test has numerator df =k, denominator df =n -k -1.

So here, k=4, n=25.

Thus, numerator df=4, denominator df=25 -4 -1=20.

So the statement says 3 and 21. So it's wrong. Therefore, statement 4 is False.

Wait, but why 3? Maybe the person thought that the number of predictors is 3? But the problem says ""involving 4 independent variables"". So the model has 4 predictors. So the numerator df should be 4.

Hence, statement 4 is False.

Wait, but let me check again.

Another way: the F-statistic for the model is testing the null hypothesis that all coefficients are zero. The number of restrictions is 1 (all coefficients zero), but the degrees of freedom for the F-test in regression is still based on the number of predictors.

Wait, no, the degrees of freedom for the F-test in regression is:

F = (MSR) / (MSE)

MSR has df = k (number of predictors)

MSE has df = n - k -1

So yes, numerator df =k, denominator df =n -k -1.

So with k=4, n=25: numerator df=4, denominator df=20.

Statement says 3 and 21. So it's wrong. So statement 4 is False.

Wait, but the problem says ""the numerator and denominator degrees of freedom [...] are 3 and 21"". So 3 instead of 4, and 21 instead of 20. So definitely false.

So statement 4 is False.

Wait, but let me check if there's any other interpretation.

Wait, sometimes people confuse with the number of variables. For example, if the model has 4 independent variables, but the F-test is for the overall model, so the degrees of freedom are as above.

Alternatively, if the question was about testing individual coefficients, but no, the statement says ""test the significance of this model"", so it's the overall model F-test.

So yes, statement 4 is False.

So summarizing:

1. True

2. True

3. True

4. False

Wait, but wait for statement 3: the problem says ""the value of the F statistic [...] is 15.102"". We calculated approximately 15.102, so it's correct. So statement 3 is True.

But let me double-check the calculation.

SSR = SST - SSE =800 -245=555.

k=3.

MSR=555 /3=185.

SSE=245, so MSE=245/(24-3-1)=245/20=12.25.

F=185 /12.25.

Compute 185 ÷ 12.25:

12.25 ×15=183.75

185 -183.75=1.25

So 1.25 /12.25 =0.10196...

So total F=15.10196..., which rounds to 15.102. So yes, exactly as stated. So statement 3 is True.

So the answers are:

1. True

2. True

3. True

4. False

Wait, but the problem says ""Select True or False, depending on whether the corresponding statement is true or false."" So for each statement, we need to say True or False.

Wait, the user says ""Select True or False, depending on whether the corresponding statement is true or false."" So for each [ANS] number, we need to output T or F.

Wait, but the problem says ""If the question has a final answer, please place the answer in boxed{}"". So we need to write for each statement whether it's True or False.

Wait, the instructions say: ""If the question has multiple sub-answers, separate them by commas inside a single \boxed{}""

Wait, the original problem has four statements, each to be labeled True or False. So the answer should be four labels: T/F for each.

But the user says: ""If the question has multiple sub-answers, separate them by commas inside a single \boxed{}""

So the answer should be like \boxed{T, T, T, F} or something. Wait, but the problem says ""Select True or False"" for each statement.

Wait, the user wrote:

""Select True or False, depending on whether the corresponding statement is true or false.""

So for each of the four statements, we need to say True or False.

So the answer is four letters: T, T, T, F.

Wait, but the user says ""If the question has multiple sub-answers, separate them by commas inside a single \boxed{}""

So the answer is \boxed{T, T, T, F}

But let me recheck each.

Statement 1: ""For each x term in the multiple regression equation, the corresponding β is referred to as a partial regression coefficient.""

Yes, in multiple regression, the coefficients β are called partial regression coefficients. For example, β₁ is the partial regression coefficient for x₁. So this is True.

Statement 2: ""In reference to the equation ŷ = -0.80 + 0.12x₁ + 0.08x₂, the value -0.80 is the y-intercept.""

Yes, the y-intercept is the constant term, so -0.80 is the y-intercept. True.

Statement 3: As calculated, F=15.102, so the statement is True.

Statement 4: The degrees of freedom are 4 and 20, not 3 and 21. So False.

So all four statements: 1=T, 2=T, 3=T, 4=F.

Wait, but wait: in statement 3, the problem says ""the value of the F statistic [...] is 15.102"". We calculated it as ~15.102, so it's correct. So statement 3 is True.

But wait, another thought: in some contexts, the F-test for the model significance uses a different df? Let me confirm.

In the regression model, the F-statistic for testing the overall model has numerator df = number of predictors (k), denominator df = n - k -1.

Here, k=3 (three independent variables), n=24.

So numerator df=3, denominator df=24 -3 -1=20.

Wait, wait a second! Wait, here's a mistake.

Wait, in statement 3, the model has three independent variables (x1, x2, x3), so k=3.

So the numerator df for the F-test is 3, not 4. Wait, but in the calculation for statement 3, we used k=3.

Wait, but the problem says ""the value of the F statistic [...] is 15.102"". So according to our calculation, it's 15.102. So the statement is true.

But in statement 4, the model has 4 independent variables, so k=4.

But in statement 3, the model has 3 independent variables, so k=3.

Wait, but in the calculation for statement 3, we did k=3, so numerator df=3, denominator df=20.

Wait, but the problem says ""the value of the F statistic [...] is 15.102"". So the calculation was correct.

Wait, but in statement 4, the model has 4 independent variables, so k=4. The degrees of freedom for the F-test would be numerator=4, denominator=25-4-1=20.

But the statement says 3 and 21. So it's wrong.

But back to statement 3: the problem says ""the value of the F statistic [...] is 15.102"". We calculated it as 15.102. So the statement is True.

Wait, but in the calculation, we had:

SSR =555, k=3, so MSR=555/3=185

SSE=245, n=24, so MSE=245/(24 -3 -1)=245/20=12.25

F=185/12.25≈15.102. Correct.

So statement 3 is True.

So all three statements 1,2,3 are True; 4 is False.

Wait, but wait: in some textbooks, the F-test for the model significance uses different notation. Let me just confirm.

Yes, in multiple regression, the F-test for the model has numerator df = number of predictors (k), denominator df = n - k -1.

So in statement 3, k=3, n=24. So denominator df=24-3-1=20. So the F-statistic is calculated correctly as 15.102. So statement 3 is True.

Statement 4: ""In order to test the significance of a multiple regression model involving 4 independent variables and 25 observations, the numerator and denominator degrees of freedom (respectively) for the critical value of F are 3 and 21.""

Wait, the model has 4 independent variables, so k=4. Then numerator df=k=4, denominator df=n -k -1=25 -4 -1=20. So the degrees of freedom are 4 and 20. The statement says 3 and 21. So it's wrong. Hence, statement 4 is False.

So the answers are:

1. True

2. True

3. True

4. False

So the final answer is T, T, T, F.

But the user said ""If the question has multiple"
45,"Okay, let's try to figure this out. So the problem says we have an algorithm where a(n) is defined as a sequence where each term a(n) represents the number of male offspring in a hypothetical population modelled by two interrelated recurrences. We're given an input list x_list = [64, 65, 66, 67, 68, 69, 70, 71, 72, 73], and we need to find the corresponding output sequence y_list from the options provided.

Hmm, the description mentions ""two interrelated recurrences"" tracking male and female populations. I'm not exactly sure about the exact recurrence relations here, but maybe there's a pattern in the options that can help us deduce what's happening.

First, let's look at the options. Each option is a list of 10 numbers. The input x_list starts at 64 and goes up by 1 each time to 73. The output sequences in the options seem to have some kind of pairing or grouping. For example, option A has pairs like 39,39; 40,41; etc. Wait, no, looking more carefully:

Wait, the input x_list has 10 elements: 64 to 73 inclusive. So n=1 to 10? Or maybe the index starts at 0? Not sure. But the key is that the output y_list should be a sequence corresponding to each x value.

The problem states: ""determine the corresponding output sequence y_list"". So for each x in x_list, we get a y. So y_list has 10 elements.

Looking at the options, they all have 10 elements. Let's see the patterns.

Option A: [39, 39, 40, 41, 41, 42, 42, 43, 44, 44]

Wait, this seems like it's grouped in pairs. Like first two 39s, then 40, then two 41s, etc. Hmm. Similarly, other options have similar groupings.

Wait, another thought: maybe the recurrence relates to the number of males and females. For example, in some population models, like the Fibonacci sequence, but here it's two interrelated recurrences.

Alternatively, perhaps the problem refers to a known sequence or a common recurrence relation. Wait, the problem says ""the number of male offspring in a hypothetical population modelled by two interrelated recurrences"".

Hmm. Maybe it's similar to the problem where you have a population where each male produces a certain number of offspring, but with some constraints.

Wait, another angle: the input x_list is [64,65,...,73], which are consecutive integers starting at 64. The output y_list is supposed to be derived from these via some recurrence.

But the problem says ""a(n) represents the number of male offspring in a hypothetical population modelled by two interrelated recurrences"". So perhaps for each n, we have a recurrence that gives a(n), and given x_list (which might be inputs to the recurrence?), but the problem statement is a bit unclear.

Wait, the problem says: ""Given the input x_list [...] determine the corresponding output sequence y_list."" So x_list is the input, and y_list is the output. So each x_i maps to y_i.

But the description of a(n) is a bit confusing. Wait, the problem says ""We now define an algorithm: The definition of a(n) is the sequence [...]"". Hmm, perhaps the algorithm takes x_list as input and outputs y_list as a(n).

Wait, maybe the recurrence is such that each term depends on previous terms. For example, if the population model has two recurrences: one for males and one for females. Let's assume that the number of males and females follow some recurrence.

For instance, suppose that each male produces m offspring, and each female produces f offspring. But the problem states ""number of male offspring"", so perhaps each individual contributes to the next generation.

Wait, another idea: In some problems, like the Josephus problem or other recurrence relations, but I'm not sure.

Alternatively, think about the fact that the output sequences in the options have pairs of numbers increasing by 1 every two steps. For example, option B: [43,43,44,45,45,46,46,47,48,48]. So here, the sequence starts with two 43s, then 44, then two 45s, then two 46s, etc. Wait, no, the pattern here is that each pair of numbers (except the first two?) Wait, let's list the counts:

Option A: 39 (x2), 40 (x1), 41 (x2), 42 (x2), 43 (x1), 44 (x2). Hmm, not sure.

Wait, looking at the options, many have pairs of the same number, then a new number, then two of the next, etc. For example, option F: [40,40,41,42,42,43,43,44,45,45]. So here, the sequence is grouped as two of 40, then 41, then two 42s, two 43s, two 44s, two 45s. Wait, no, the sequence length is 10. Let's count:

Option F: positions 0-9:

0:40, 1:40, 2:41, 3:42, 4:42, 5:43, 6:43, 7:44, 8:45, 9:45. Wait, no, that's 10 elements. Wait, the way it's written: [40,40,41,42,42,43,43,44,45,45] — wait, no, the list has 10 elements. Let me check:

Each option is a list of 10 numbers. So for example, option A: [39, 39, 40, 41, 41, 42, 42, 43, 44, 44]. So that's 10 elements. So the pattern here is that the first two are 39, then 40, then two 41s, two 42s, 43, two 44s. Wait, no, the sequence is 39,39,40,41,41,42,42,43,44,44. So the structure is: two of a number, then a new number, then two of next, etc. Not exactly. Let's see:

Positions (index):

0:39

1:39

2:40

3:41

4:41

5:42

6:42

7:43

8:44

9:44

Ah! So the pattern here is that starting from index 0, each pair of indices (0,1) same, then (2) single, (3,4) same, (5,6) same, (7) single, (8,9) same. Hmm, not sure. Alternatively, the sequence increases in a specific way.

Wait, another approach: since the input x_list is [64,65,66,67,68,69,70,71,72,73], which are consecutive integers from 64 to 73. The output y_list is supposed to be a transformation of these numbers.

But how?

Wait, the problem says ""a(n) represents the number of male offspring in a hypothetical population modelled by two interrelated recurrences"". So maybe the recurrence is something like:

Let’s say M(n) and F(n) are the number of males and females at generation n.

Suppose the recurrence is:

M(n+1) = F(n)

F(n+1) = M(n) + F(n)

Or something like that? Not sure. Alternatively, a common recurrence for male and female populations could be based on some birth rates.

But without knowing the exact recurrence, it's hard. However, the options given have sequences that seem to be generated by a recurrence where each pair of numbers increments by 1 every two steps.

Wait, looking at the options, many of them have a pattern where every two steps the value increases by 1. For example, option J: [38,38,39,40,40,41,41,42,43,43]. Wait, no, option J is [38,38,39,40,40,41,41,42,43,43]. Wait, that's 10 elements. So:

Indices 0:38, 1:38, 2:39, 3:40, 4:40, 5:41, 6:41, 7:42, 8:43, 9:43.

Hmm, so the pattern here is that starting from index 0, it's two of 38, then 39, then two of 40, then two of 41, then 42, then two of 43. Not sure.

Wait, but the key might be that the output sequence y_list corresponds to the number of male offspring, which is related to the input x_list. Since x_list is 64 to 73, perhaps the output is a transformed version of x_list.

Wait, another thought: the problem says ""the number of male offspring in a hypothetical population modelled by two interrelated recurrences"". So maybe each x is a step in the recurrence, and y is the count of males.

But I'm stuck. Let's think differently.

Suppose that the output sequence has a pattern where the numbers increase in a way that for each pair of inputs (consecutive numbers), the output is paired.

Wait, the input x_list is 10 consecutive numbers starting at 64. The output y_list is a sequence of 10 numbers. The options all have sequences that have pairs of the same number, then a single number, then pairs again, etc. But the exact pattern varies.

Wait, looking at the options, option D: [44,44,45,46,46,47,47,48,49,49]. So this is two 44s, then 45, two 46s, two 47s, two 48s, two 49s. Wait, no, the list has 10 elements. Let's count:

D: 44,44,45,46,46,47,47,48,49,49 → 10 elements. So yes, two of 44, then 45, two 46s, two 47s, 48, two 49s? No, wait:

Wait, the list is:

Index 0:44

1:44

2:45

3:46

4:46

5:47

6:47

7:48

8:49

9:49

Ah, so the pattern here is that after the first two 44s, then each subsequent ""block"" of two numbers (but not exactly). Hmm.

Another idea: perhaps the output sequence is generated by a recurrence where each term is floor((x_i + c)/something), but not sure.

Wait, the problem says ""two interrelated recurrences"". Maybe it's a system of recurrences like:

Let’s say M(n) and F(n) are the number of males and females at time n.

Suppose the recurrence is:

M(n+1) = a * M(n) + b * F(n)

F(n+1) = c * M(n) + d * F(n)

But without knowing a,b,c,d, it's hard.

Alternatively, think of the classic problem where the number of males and females follow a recurrence like Fibonacci, but here it's two interrelated.

Wait, another angle: the input x_list is [64,65,...,73], which are 10 numbers. The output y_list is supposed to be a sequence where each y_i corresponds to x_i.

If the recurrence is such that y_i = floor(x_i / 2) or something, but 64/2=32, but none of the options start with 32. Option C starts with 36.

Wait, option E starts with 35. Hmm.

Wait, perhaps the recurrence is subtracting a certain value. For example, if the input is x, then y = x - 28? 64-28=36, which would be option C starts with 36. Let's check:

Option C: [36,36,37,38,38,39,39,40,41,41]

If x_i = 64,65,66,67,68,69,70,71,72,73

Then 64-28=36, 65-28=37, but option C has first two as 36, then 37, etc. Hmm, not matching.

Wait, option C: first two 36, then 37, then two 38s, two 39s, 40, two 41s.

If x_i is 64,65,66,67,68,69,70,71,72,73.

Suppose that y_i = floor((x_i - 28)/something). Not sure.

Alternative idea: the sequence y_list has a pattern where every two elements increase by 1. For example, option J: [38,38,39,40,40,41,41,42,43,43]

Wait, this looks like the sequence is grouped into pairs where each pair (except the last) is the same, and the value increases by 1 every two steps.

Wait, in option J, the sequence is:

38 (x2), 39 (x1), 40 (x2), 41 (x2), 42 (x1), 43 (x2). Hmm, not sure.

Wait, another thought: the problem mentions ""the number of male offspring"". In some population models, like the Fibonacci sequence, but here it's two interrelated recurrences.

Wait, perhaps it's a simple recurrence where each term is the sum of the two previous terms, but for males and females.

Wait, but the problem states ""a(n) represents the number of male offspring"", so maybe each a(n) is the count for each n.

Alternatively, the problem might be related to the concept of ""the number of male children"" in a family tree where each person has a certain number of children.

Wait, but I'm stuck. Let's look for patterns between the options.

Let's take option F: [40,40,41,42,42,43,43,44,45,45]

This sequence has the following structure:

Indices 0-1: 40

Index 2:41

Indices 3-4:42

Indices 5-6:43

Indices 7:44

Indices 8-9:45

Hmm, not a clear pattern.

Option H: [37,37,38,39,39,40,40,41,42,42]

So:

0:37, 1:37

2:38

3:39, 4:39

5:40, 6:40

7:41

8:42, 9:42

Not sure.

Option I: [41,41,42,43,43,44,44,45,46,46]

So:

0:41,1:41

2:42

3:43,4:43

5:44,6:44

7:45

8:46,9:46

Hmm.

Wait, perhaps the key is that the output sequence has a pattern where the value increases by 1 every two steps, but with some offset.

Wait, the input x_list is 64 to 73. Suppose that the output y is derived by taking x minus 28, but 64-28=36, which matches option C starting with 36. Let's check:

Option C: [36,36,37,38,38,39,39,40,41,41]

If x_i = 64,65,66,67,68,69,70,71,72,73

Compute x_i - 28: 36,37,38,39,40,41,42,43,44,45. Hmm, but option C has 36,36,37,38,38,39,39,40,41,41. Which is close to x_i -28, but with some pairing.

Wait, x_i -28 gives [36,37,38,39,40,41,42,43,44,45].

But option C has pairs: two 36s, then 37, two 38s, two 39s, 40, two 41s. Not exactly the same.

But if we consider that the sequence y is the floor of (x_i - 28)/something.

Wait, another idea: the sequence y has a pattern where for even indices (0-based), it's one value, and odd indices another. But not sure.

Wait, looking at option J: [38,38,39,40,40,41,41,42,43,43]

This looks like the sequence is grouped as pairs of the same number, except for the middle. Wait, but in this case, the sequence has two 38s, then 39, two 40s, two 41s, 42, two 43s. Hmm.

Wait, the input x is increasing from 64 to 73. If the output is decreasing? No, the outputs are around 30-45.

Wait, another angle: the problem says ""the number of male offspring"". In a population model, maybe each male produces a certain number of offspring, and the model tracks the growth.

But without more context, it's tricky.

Wait, the problem says ""two interrelated recurrences"". So maybe it's a system like:

M(n+1) = F(n)

F(n+1) = M(n) + F(n)

But this is a guess. Let's try to compute.

Assume initial conditions. Suppose at n=0, M(0)=a, F(0)=b.

But we don't know the starting values.

Alternatively, if the recurrences are such that each generation's male count is equal to the previous female count, and vice versa.

Wait, but the problem states ""a(n) represents the number of male offspring"". Hmm.

Wait, perhaps the sequence y_list is the result of applying a recurrence to the input x_list. For example, if the recurrence is y_i = floor(x_i / 2) or something.

But x_i is 64 to 73. Let's see:

If y_i = x_i - 28: 36,37,38,39,40,41,42,43,44,45.

But the options have sequences that have pairs. For example, option C has [36,36,37,38,38,39,39,40,41,41]. Which is almost x_i -28, but with some duplication.

Wait, x_i -28 gives [36,37,38,39,40,41,42,43,44,45].

If we group the output sequence into pairs where each pair has the same value, then the sequence would be:

36,36,37,38,38,39,39,40,41,41. Which is option C!

Wait, option C is [36, 36, 37, 38, 38, 39, 39, 40, 41, 41]. Exactly this.

So if the output sequence is taking the x_i -28, but with the sequence duplicated in pairs.

Wait, x_i starts at 64, so 64-28=36, 65-28=37, ..., 73-28=45.

So the sequence x_i -28 is [36,37,38,39,40,41,42,43,44,45].

But the output sequence in option C is [36,36,37,38,38,39,39,40,41,41].

Hmm, this is different. It's like the sequence is paired: first two 36, then 37, then two 38s, two 39s, 40, two 41s. Not exactly.

Wait, but if we consider that the actual output sequence is the sequence of x_i -28, but with each number repeated twice, except for the last one.

Wait, x_i -28 gives 10 numbers: 36,37,38,39,40,41,42,43,44,45.

If we want to make a sequence where each number is repeated twice, except the last one, we'd have 10 elements: 36,36,37,37,38,38,... but that's not the case here.

But option C has two 36s, then a single 37, then two 38s, two 39s, single 40, two 41s. So it's not a simple repeat.

Wait,"
46,"Okay, let's tackle this problem step by step. First, part (a) is a one-tailed test where we want to see if the population mean is greater than 90. We have a sample size of 100, sample mean 93.5, and the population standard deviation is given as 20.3575072960673. Since the population standard deviation is known, we can use the z-test.

Starting with part (a)(i): critical z-score. For a one-tailed test with α = 0.05, the critical z-score is the value where the area under the standard normal curve to the right is 0.05. So we need the z-score such that P(Z > z_critical) = 0.05. That means the area to the left is 0ื่5, so we look up the z-score corresponding to 0.95 in the standard normal table. 

I remember that for 95% confidence, the critical values are ±1.645, but since it's a one-tailed test (right tail), the critical z is 1.645. Let me confirm: the z-score for 95th percentile is approximately 1.64485, which is often rounded to 1.645. So the critical z for α=0.05 (right tail) is 1.645.

Part (a)(ii): test statistic. The test statistic z is calculated as (sample mean - hypothesized population mean) / (population standard deviation / sqrt(n)). 

Given:
- sample mean (x̄) = 93.5
- hypothesized μ = 90
- σ = 20.3575072960673
- n = 100

So first, compute the standard error: σ / sqrt(n) = 20.3575072960673 / 10 = 2.03575072960673

Then, z = (93.5 - 90) / (20.3575072960673 / 10) = 3.5 / 2.03575072960673 ≈ 1.718

Wait, let's calculate that more precisely. Let's take the given σ: 20.3575072960673. Let's divide by sqrt(100)=10, so standard error is 2.03575072960673.

Then, (93.5 - 90) = 3.5. So 3.5 / 2.03575072960673. Let's compute that: 3.5 / 2.03575072960673 ≈ 1.718. Let me check with calculator steps.

3.5 divided by 2.03575072960673: 2.03575072960673 * 1.7 = 3.459776240331441, which is close to 3.5. So 1.7 gives 3.4598, so 3.5 - 3.4598 = 0.0402. So 0.0402 / 2.03575 ≈ 0.0197, so total z ≈ 1.7 + 0.0197 ≈ 1.7197. Maybe approximately 1.72. Wait, but let's do exact calculation.

Let me write the numbers:

σ = 20.3575072960673

n = 100, so sqrt(n) = 10

SE = σ / sqrt(n) = 20.3575072960673 / 10 = 2.03575072960673

Difference in mean: 93.5 - 90 = 3.5

Test statistic z = 3.5 / 2.03575072960673 ≈ 3.5 / 2.03575073 ≈ let's compute 3.5 / 2.03575073.

Let me do 2.03575073 * 1.7 = 3.459776241

3.5 - 3.459776241 = 0.040223759

So remaining 0.040223759 / 2.03575073 ≈ 0.0197, so total z ≈ 1.7197, which is approximately 1.72. Maybe they expect rounding to two decimal places? Let's see.

Alternatively, maybe the given σ is chosen so that the test statistic is a nice number. Let's check: 20.3575... Let's see, 20.3575 is approximately 20.36. 3.5 / (20.36 / 10) = 3.5 / 2.036 ≈ 1.718, which is about 1.72. So probably 1.72.

Now part (b): two-tailed test, α=0.05. So critical z-scores are ±z_{α/2} = ±1.96 (since 95% confidence interval, two-tailed). Wait, α=0.05, so each tail is 0.025, so z for 0.975 is 1.96. So positive critical z is 1.96, negative is -1.96.

Test statistic is the same as in part (a), since it's just the z-score, which is (93.5 - 90)/(σ/sqrt(n)) = same as before, so approximately 1.72.

Now, the conclusions. For part (a): we're testing μ > 90. The test statistic is 1.72, which is greater than the critical z of 1.645 (since 1.72 > 1.645), so we reject the null hypothesis. Wait, no: wait, critical z for upper tail is 1.645, so if test statistic is greater than 1.645, we reject H0. Here, 1.72 > 1.645, so we reject H0. So conclusion is B: Reject the null hypothesis.

For part (b): two-tailed test. Critical z are ±1.96. The test statistic is 1.72, which is less than 1.96 in absolute value (since 1.72 < 1.96), so we fail to reject H0. So conclusion is A: There is insufficient evidence to reject the null hypothesis.

Wait, let's verify step by step.

First, part (a):

(i) critical z: for α=0.05, right-tailed. So critical z is the value where P(Z > z) = 0.05. From standard normal tables, z=1.645 (exactly, it's 1.6448437, so approx 1.645).

(ii) test statistic: z = (93.5 - 90) / (20.3575072960673 / 10) = 3.5 / 2.03575072960673 ≈ 1.718. Let's compute this more accurately.

20.3575072960673 divided by 10 is 2.03575072960673.

3.5 divided by 2.03575072960673:

Let me do 3.5 / 2.03575072960673.

Let's write 2.03575072960673 * 1.7 = 2.03575072960673 * 1 + 2.03575072960673 * 0.7 = 2.03575072960673 + 1.425025510724711 = 3.460776240331441

3.5 - 3.460776240331441 = 0.039223759668559

So 0.039223759668559 / 2.03575072960673 ≈ 0.01926, so total z ≈ 1.7 + 0.01926 ≈ 1.71926, so approximately 1.72.

So test statistic is ~1.72.

For part (a), critical z is 1.645, test statistic is 1.72 > 1.645, so we reject H0. So conclusion is B.

Part (b): two-tailed test. Critical z are +1.96 and -1.96. Test statistic is 1.72, which is less than 1.96 in absolute value, so we don't reject H0. Conclusion is A.

Let me check the test statistic again. Maybe the given σ is chosen so that the test statistic is exactly 1.72 or something. Let's see:

Suppose the test statistic is (93.5 - 90) / (σ / 10) = 3.5 / (σ / 10) = 35 / σ. So 35 / σ = z. They gave σ = 20.3575072960673. Let's compute 35 / 20.3575072960673 ≈ 1.718, which is approximately 1.72. So yes, test statistic is ~1.72.

So for part (a)(i): critical z is 1.645 (or 1.6448, but usually written as 1.645)

(a)(ii): test statistic ≈1.72

(b)(i): positive critical z for two-tailed α=0.05 is 1.96

(b)(ii): negative critical z is -1.96

(b)(iii): test statistic same as (a)(ii), 1.72

Conclusions:

Part (a): since test statistic (1.72) > critical value (1.645), we reject H0. So conclusion B.

Part (b): test statistic 1.72 < 1.96, so we fail to reject H0. Conclusion A.

Let me confirm the critical values:

For α=0.05 one-tailed: critical z is 1.645 (since 1 - 0.05 = 0.95, z=1.645)

For two-tailed α=0.05: critical z are ±1.96 (since 0.05/2=0.025, z=1.96)

Yes, standard values.

So now, writing the answers:

(a)(i): critical z = 1.645 (probably rounded to three decimals, but often 1.645 is standard)

(a)(ii): test statistic ≈1.72 (maybe 1.718, but likely 1.72)

(b)(i): positive critical z = 1.96

(b)(ii): negative critical z = -1.96

(b)(iii): test statistic = 1.72 (same as (a)(ii))

Conclusions:

Part (a) conclusion: B (Reject the null hypothesis)

Part (b) conclusion: A (There is insufficient evidence to reject the null hypothesis)

Let me check if I got the conclusion right.

In part (a), we have a one-tailed test (right). The test statistic is 1.72, which is greater than the critical value 1.645, so we reject H0. Correct.

In part (b), two-tailed. The critical values are ±1.96. The test statistic is 1.72, which is between -1.96 and 1.96, so we fail to reject H0. So conclusion is A.

Yes.

So the answers:

(a)(i): 1.645

(a)(ii): 1.72 (or maybe 1.718, but the problem gives σ with many decimals, so maybe we need to be precise)

Wait, let's compute the test statistic more accurately.

Given σ = 20.3575072960673

n = 100, so SE = σ / 10 = 2.03575072960673

x̄ - μ0 = 93.5 - 90 = 3.5

z = 3.5 / 2.03575072960673

Let's compute 3.5 / 2.03575072960673:

2.03575072960673 * 1.718 = ?

2.03575072960673 * 1.7 = 3.459776240331441

2.03575072960673 * 0.018 = 0.03664351313292114

Total: 3.459776240331441 + 0.03664351313292114 ≈ 3.496419753464362

Which is close to 3.5. The difference is 3.5 - 3.496419753464362 = 0.003580246535638

So 0.003580246535638 / 2.03575072960673 ≈ 0.00175, so z ≈ 1.718 + 0.00175 ≈ 1.71975, so approximately 1.72.

So test statistic is approximately 1.72.

Critical z for (a)(i): 1.645 (commonly used value, sometimes 1.6448, but in stats problems, 1.645 is standard)

For (b)(i) and (ii): 1.96 and -1.96.

Now, the problem says ""the conclusion from part (a) is: [ANS]"". So part (a) is a one-tailed test. Since the test statistic (1.72) is greater than the critical value (1.645), we reject H0. So conclusion is B.

Part (b): two-tailed, test statistic 1.72 < 1.96, so we fail to reject H0, conclusion A.

Let me just make sure about the direction. In part (a), the alternative is μ > 90, so we're looking at the right tail. The critical value is 1.645. Since our test statistic is 1.72 > 1.645, we reject H0. Correct.

In part (b), two-tailed, so we're testing μ ≠ 90. The critical values are ±1.96. Since 1.72 is less than 1.96 in absolute value, we don't reject H0. So conclusion A.

Yes.

So compiling the answers:

(a)(i): 1.645

(a)(ii): 1.72

(b)(i): 1.96

(b)(ii): -1.96

(b)(iii): 1.72

Conclusions:

Part (a) conclusion: B

Part (b) conclusion: A

Now, the problem says ""The conclusion from part (a) is: [ANS] A. ... B. ..."" so we need to pick the letter.

So for part (a), conclusion is B (Reject the null hypothesis)

For part (b), conclusion is A (There is insufficient evidence to reject the null hypothesis)

Let me check if there's any mistake.

Wait, another thought: sometimes critical values are written with more decimals. For example, the exact critical value for α=0.05 (one-tailed) is 1.6448437, which is often rounded to 1.645. Similarly, for 95% confidence, it's 1.95996, rounded to 1.96.

So the answers should be:

(a)(i): 1.645

(a)(ii): 1.72 (or 1.718, but the problem gives σ with many decimals, so maybe we need to compute it more precisely. Let's see:

Given σ = 20.3575072960673

Compute z = (93.5 - 90) / (σ / sqrt(100)) = 3.5 / (σ / 10) = 35 / σ

So 35 / 20.3575072960673 ≈ 35 / 20.3575073 ≈ let's compute 20.3575073 * 1.718 = 20.3575073 * 1.7 = 34.59776241, 20.3575073 * 0.018 = 0.3664351314, total 34.59776241 + 0.3664351314 = 34.96419754, which is close to 35. So 35 - 34.96419754 = 0.03580246, so 0.03580246 / 20.3575073 ≈ 0.00175, so z ≈ 1.718 + 0.00175 ≈ 1.71975, so approximately 1.72.

So test statistic is 1.72.

Therefore, the answers:

(a)(i): 1.645

(a)(ii): 1.72

(b)(i): 1.96

(b)(ii): -1.96

(b)(iii): 1.72

Conclusions:

Part (a) conclusion: B

Part (b) conclusion: A

So the problem asks to put the answers in boxes. Let's see the structure.

For part (a), the questions are (i) critical z, (ii) test statistic.

Similarly for (b).

The problem says: ""If the question has a final answer, please place the answer in \boxed{}.""

But the problem has multiple parts. Let's see:

The user wrote:

""A random sample of 100 observations... (a) ... (i) [ANS] (ii) [ANS] (b) ... (i) [ANS] (ii) [ANS] (iii) [ANS] The conclusion from part (a) is: [ANS] ... The conclusion from part (b) is: [ANS]""

So we need to answer each part.

First, part (a)(i): critical z. For α=0.05, right-tailed. So critical z is 1.645.

(a)(ii): test statistic is 1.72.

(b)(i): positive critical z is 1.96

(b)(ii): negative critical z is -1.96

(b)(iii): test statistic is 1.72

Conclusion from part (a): B (reject H0)

Conclusion from part (b): A (insufficient evidence to reject H0)

So the answers:

(a)(i): 1.645

(a)(ii): 1.72

(b)(i): 1.96

(b)(ii): -1.96

(b)(iii): 1.72

Conclusions:

Part (a) conclusion: B

Part (b) conclusion: A

Now, the problem says ""the conclusion from part (a) is: [ANS] A. ... B. ..."" so we need to write the letter.

So for part (a) conclusion: B

Part (b) conclusion: A

Let me check if the test statistic is indeed 1.72. Let's compute 35 / 20.3575072960673:

20.3575072960673 * 1.72 = 20.3575072960673 * 1.7 = 34.59776240331441, plus 20.35750729"
47,"Okay, let's try to solve this problem: Find all natural numbers m such that 3^m - 1 is divisible by 2^m. So, we need 3^m ≡ 1 mod 2^m. 

First, let's recall some modular arithmetic. Let's start with small values of m to see which ones work.

Starting with m=1: 3^1 -1 = 2. 2^1 = ื่. So 2 is divisible by 2. Yes, 2 divides 2. So m=1 works.

m=2: 3^2 -1 = 9 -1 =8. 2^2=4. 8 is divisible by 4? Yes, 8/4=2. So 8 is divisible by 4. So m=2 works.

m=3: 3^3 -1=27-1=26. 2^3=8. 26 divided by 8 is 3.25, so no. 26 is not divisible by 8. So m=3 does not work.

m=4: 3^4 -1=81-1=80. 2^4=16. 80 divided by 16 is 5. So 80 is divisible by 16. So m=4 works.

m=5: 3^5 -1=243-1=242. 2^5=32. 242 divided by 32 is 7.5625. So 242/32=7.5625, which is not an integer. So 242 is not divisible by 32. So m=5 does not work.

m=6: 3^6 -1=729-1=728. 2^6=64. 728 divided by 64: 64*11=704, 728-704=24, so 728=64*11 +24, so remainder 24. Not divisible. So m=6 no.

m=7: 3^7=2187, 2187-1=2186. 2^7=128. 2186 divided by 128: 128*17=2176, 2186-2176=10, so remainder 10. Not divisible.

m=8: 3^8=6561, 6561-1=6560. 2^8=256. 6560 divided by 256: 256*25=6400, 6560-6400=160, so 6560=256*25 +160, so remainder 160. Not divisible.

Wait, maybe there's a pattern here. Let's think about the lifting the exponent lemma (LTE) or something else.

We need 3^m ≡1 mod 2^m.

First, for m=1: 3 ≡1 mod 2? 3-1=2, which is 2^1, so yes.

m=2: 3^2=9≡1 mod 4 (since 9-1=8, which is 2^3, but wait, 2^m for m=2 is 4, and 8 is divisible by 4, so 3^2 -1=8 is divisible by 4, which is 2^2. So yes.

m=3: 3^3=27, 27-1=26. 26 mod 8=26-3*8=26-24=2, so 26≡2 mod8, so not 0. So 3^3 -1 is not divisible by 8.

m=4: 3^4=81, 81-1=80. 80 mod 16=0, since 16*5=80. So yes, 80 is divisible by 16.

m=5: 3^5=243, 243-1=242. 242 mod 32: 32*7=224, 242-224=18, so 242≡18 mod32≠0. So no.

m=6: 3^6=729, 729-1=728. 728 mod64: 64*11=704, 728-704=24, so 728≡24 mod64≠0.

m=7: 3^7=2187, 2187-1=2186. 2186 mod128: 128*17=2176, 2186-2176=10, so 10 mod128≠0.

m=8: 3^8=6561, 6561-1=6560. 6560 mod256: 256*25=6400, 6560-6400=160, so 160 mod256≠0.

m=9: 3^9=19683, 19683-1=19682. 2^9=512. 19682 divided by 512: 512*38=19456, 19682-19456=226, so 226 mod512≠0.

Hmm, so far m=1,2,4 work. Wait, let's check m=0? But the problem says natural numbers, so m starts at 1.

Wait, the options given are:

A. 3,5,7

B. 1,4,5

C. 2,5,6

D. 1,3,5

E. 2,4,6

F. 1,2,4

G. 1,3,4

H. 2,3,5

I. 2,3,4

J. 1,2,3

So from our calculations:

m=1: works (yes)

m=2: works (yes)

m=3: no

m=4: works (yes)

m=5: no

m=6: no

m=7: no

m=8: no

m=9: no

Wait, so m=1,2,4 work. Let's check m=4 again: 3^4=81, 81-1=80, 80 divided by 16 (2^4) is 5, so yes, 80 is divisible by 16.

m=5: 3^5=243, 243-1=242, 242 divided by 32 is 7.5625, so no.

m=6: 728 /64=11.375, no.

m=7: 2186 /128≈17.078, no.

m=8: 6560 /256=25.625, no.

m=9: 19682 /512≈38.4375, no.

m=10: 3^10=59049, 59049-1=59048. 2^10=1024. 59048 /1024=57.65625, so no.

So the working m are 1,2,4.

Looking at the options, F is 1,2,4. So option F.

Wait, but let's confirm m=4 is correct. 3^4=81, 81-1=80. 80 divided by 2^4=16 is 5, which is integer. So yes, 80 is divisible by 16.

m=1: 3-1=2, 2 divided by 2^1=2 is 1, so yes.

m=2: 9-1=8, 8 divided by 4=2, yes.

m=4: 81-1=80, 80/16=5, yes.

What about m=0? But natural numbers usually start at 1, so m=0 is excluded.

Are there any larger m where this holds?

Let's think about the equation 3^m ≡1 mod 2^m.

For m ≥3, does this hold?

We know that for m=3, 3^3=27≡3 mod8, so 27-1=26≡2 mod8, so not 0.

For m=4: 3^4=81≡1 mod16 (since 81-1=80, which is 5*16), so yes.

For m=5: 3^5=243. 243 mod32: 32*7=224, 243-224=19, so 243≡19 mod32, so 243-1=242≡18 mod32≠0.

m=6: 3^6=729. 729 mod64: 64*11=704, 729-704=25, so 729≡25 mod64, so 729-1=24≡24 mod64≠0.

m=7: 3^7=2187. 2187 mod128: 128*17=2176, 2187-2176=11, so 2187≡11 mod128, so 2187-1=10 mod128≠0.

m=8: 3^8=6561. 6561 mod256: 256*25=6400, 6561-6400=161, so 6561≡161 mod256, so 6561-1=160 mod256≠0.

m=9: 3^9=19683. 19683 mod512: 512*38=19456, 19683-19456=227, so 19683≡227 mod512, 227-1=226≠0 mod512.

So it seems like only m=1,2,4 work.

Wait, but let's check m=4: 2^4=16, 3^4-1=80, which is 5*16, so yes.

Is there a mathematical reason why m=1,2,4 work?

Let's consider the order of 3 modulo 2^m.

The multiplicative order of 3 modulo 2^m.

For m=1: mod2, 3≡1 mod2, so order 1.

m=2: mod4, 3≡-1 mod4, so 3^2=9≡1 mod4, so order 2.

m=3: mod8, 3^2=9≡1 mod8, so order 2.

m=4: mod16, 3^4=81≡1 mod16 (since 81-1=80, which is 5*16), so 3^4≡1 mod16. What's the order here? 3^2=9≡9 mod16, 3^4=81≡1 mod16, so order 4.

m=5: mod32. 3^4=81≡81-2*32=17 mod32. 3^5=3*17=51≡51-32=19 mod32. 3^4=17, 3^5=19, 3^6=57≡25 mod32, 3^7=75≡11 mod32, 3^8=33≡1 mod32. So order 8 mod32.

So the order of 3 modulo 2^m for m≥3 is 2^(m-2). Wait, for m=3 (mod8), order of 3 is 2 (since 3^2=9≡1 mod8).

For m=4 (mod16), order of 3 is 4 (since 3^4=81≡1 mod16).

For m=5 (mod32), order of 3 is 8.

In general, for m≥3, the multiplicative order of 3 modulo 2^m is 2^(m-2).

So, we have 3^k ≡1 mod2^m implies that k is a multiple of the order.

We want 3^m ≡1 mod2^m. So m must be a multiple of the order.

But the order of 3 modulo 2^m is 2^(m-2) for m≥3.

So, for m≥3, the order is 2^(m-2). Therefore, 3^m ≡1 mod2^m would require that m is a multiple of 2^(m-2).

But 2^(m-2) > m for m≥3? Let's check:

m=3: 2^(1)=2. So 2^(m-2)=2. So m=3, we need 3 to be a multiple of 2? No, 3 is not a multiple of 2.

m=4: 2^(4-2)=4. So 4 is a multiple of 4. So 3^4 ≡1 mod16. Which is true (as we saw).

m=5: 2^(5-2)=8. So 5 needs to be a multiple of 8? No.

m=6: 2^(6-2)=16. 6 is not a multiple of 16.

So the only time when m is a multiple of 2^(m-2) is when m=1,2,4.

Wait, m=1: order of 3 mod2 is 1 (since 3≡1 mod2), so 3^1≡1 mod2.

m=2: order of 3 mod4 is 2 (since 3^2=9≡1 mod4), so 3^2≡1 mod4.

m=4: order of 3 mod16 is 4 (since 3^4=81≡1 mod16), so 3^4≡1 mod16.

For m=3: order is 2, so 3^3=3^(2+1)=3^2 *3 ≡1*3=3 mod8, so 3^3 -1=2 mod8, which is 2, so not 0.

m=5: order is 8, so 3^5 ≡3^(8-3)=3^(-3) mod32? Wait, maybe better to use the lifting.

The condition 3^m ≡1 mod2^m.

We can use induction or known results.

It's a theorem that the only solutions to 3^m ≡1 mod2^m are m=1,2,4.

Wait, let's check m=0: 3^0 -1=0, which is divisible by 2^0=1, but m=0 is not a natural number.

So natural numbers m where 3^m -1 is divisible by 2^m are m=1,2,4.

Looking at the options, option F is 1,2,4. So the answer should be F.

Let me check the options again:

F. 1,2,4

Yes, that's the one we found.

Wait, let's confirm m=4: 3^4=81, 81-1=80, 80/16=5, which is integer. Correct.

m=2: 9-1=8, 8/4=2. Correct.

m=1: 3-1=2, 2/2=1. Correct.

m=3: 27-1=26, 26/8=3.25, not integer.

m=5: 243-1=242, 242/32=7.5625, nope.

So the solutions are m=1,2,4. So option F.
</think>

\boxed{F}"
48,"Okay, let's see. I need to rewrite the exponential equation \( e^{-2} \approx 0.135 \) into equivalent logarithmic form. Hmm, first, I remember that exponential equations can be converted to logarithmic form using the definition of logarithms. 

The general rule is: if \( a^b = c \), then \( \log_a(c) = b \). So here, the base is \( e \), which is the natural logarithm base, so the logarithm should be natural log (ln). 

Let me write down the given equation: \( e^{-2} \approx 0.135 \). 

In logarithmic form, this should be \( \ln(0.135) \approx -2 \). Wait, because if \( e^x = y \), then \( x = \ln(y) \). So here, \( x = -2 \) and \( y = 0.135 \), so \( \ln(0.135) \approx -2 \). 

Let me check the options. 

Option A: \( -1 \approx \ln(0.135) \). Hmm, that would mean \( \ln(0.135) \approx -1 \), but we know \( \ln(0.135) \) is actually approximately -2, since \( e^{-2} \approx 0.135 \). So A is wrong.

Option B: \( -2 \approx \log(0.135) \). Wait, here ""log"" without a base could be base 10 or natural log? But in math problems, sometimes ""log"" is base 10, and ""ln"" is natural log. The original equation uses base \( e \), so the logarithm here should be natural log. Let me think. The question says ""rewrite the exponential equation \( e^{-2} \approx 0.135 \) in equivalent logarithmic form"". So the logarithmic form should use natural log. 

So the correct logarithmic form is \( \ln(0.135) \approx -2 \), which is option C: \( -2 \approx \ln(0.135) \). Because in the equation \( \ln(0.135) \approx -2 \), you can rearrange it to \( -2 \approx \ln(0.135) \), which is the same thing. 

Wait, let's check the options again. 

Option C says: \( -2 \approx \ln(0.135) \). Yes, that's exactly what we have. Because if \( e^{-2} = 0.135 \), then taking natural logs of both sides gives \( \ln(e^{-2}) = \ln(0.135) \), so \( -2 = \ln(0.135) \), hence \( -2 \approx \ln(0.135) \) (since the approximation is given as \( e^{-2} \approx 0.135 \)).

Option B: \( -2 \approx \log(0.135) \). Here, ""log"" is probably base 10. Let's see what \( \log_{10}(0.135) \) is. Since \( 10^{-1} = 0.1 \), and \( 10^{-0.87} \approx 0.135 \) (because \( 10^{-0.87} \approx 10^{-(0.8 + 0.07)} = 10^{-0.8} \times 10^{-0.07} \approx 0.158 \times 0.85 \approx 0.134 \)), so \( \log_{10}(0.135) \approx -0.87 \), which is not -2. So B is incorrect.

Option D: \( 0.135 \approx \log(-2) \). Logarithm of a negative number is undefined in real numbers, so D is invalid.

Option A: \( -1 \approx \ln(0.135) \). As I thought earlier, \( \ln(0.135) \) is approximately -2, since \( e^{-2} \approx 0.135 \), so \( \ln(0.135) \approx -2 \), not -1. So A is wrong.

So the correct answer should be C. Let me confirm.

Original equation: \( e^{-2} \approx 0.135 \).

Logarithmic form: take natural log of both sides. So \( \ln(e^{-2}) = \ln(0.135) \). Since \( \ln(e^x) = x \), left side is -2. So \( -2 = \ln(0.135) \), so rearranged, \( -2 \approx \ln(0.135) \) (since the original is approximate). So yes, C is correct.

Check if there are other options. The problem says ""there may be more than one correct answer"". Let's see.

Option B: \( -2 \approx \log(0.135) \). If ""log"" here is natural log, but usually ""log"" without a base is base 10, and ""ln"" is natural log. In some contexts, especially in higher mathematics, ""log"" can mean natural log, but in most standard math courses, ""log"" is base 10 and ""ln"" is natural log. The problem uses ""log"" in option B, so probably base 10. Since \( \log_{10}(0.135) \) is about -0.87, not -2, so B is wrong.

Option D is invalid because you can't take log of a negative number.

So only C is correct.

Wait, the problem says ""There may be more than one correct answer."" So let's make sure.

Wait, another way: sometimes people confuse the direction. Let's recall that for \( a^b = c \), the logarithmic form is \( \log_a(c) = b \). So here, \( e^{-2} = 0.135 \), so \( \log_e(0.135) = -2 \), which is the same as \( \ln(0.135) = -2 \), so \( -2 = \ln(0.135) \), so \( -2 \approx \ln(0.135) \) (since the original is approximate). So yes, C is correct.

Is there any other option? Let's see.

Option B: \( -2 \approx \log(0.135) \). If ""log"" here is natural log, but the problem uses ""ln"" for natural log, so probably not. In the problem statement, they have ""log"" in option B, which is likely base 10. So B is wrong.

So the only correct answer is C.

Wait, the problem says ""There may be more than one correct answer"". Let me check again.

Wait, the original equation is \( e^{-2} \approx 0.135 \). So the exact value is \( e^{-2} \) equals approximately 0.135. So when converting to logarithmic form, it's \( \ln(0.135) \approx -2 \), which is option C: \( -2 \approx \ln(0.135) \). That's correct.

Option A: \( -1 \approx \ln(0.135) \). No, because \( \ln(0.135) \) is about -2, so A is wrong.

Option B: \( -2 \approx \log(0.135) \). If ""log"" is base 10, then \( \log(0.135) \) is approximately -0.87, so -2 is not close to that. So B is wrong.

Option D: \( 0.135 \approx \log(-2) \). Log of negative number is undefined, so D is wrong.

So the only correct answer is C.

Wait, the problem says ""There may be more than one correct answer"". So maybe I missed something?

Wait, let's think again. Is there a different interpretation?

For example, sometimes people write logarithmic equations with different bases, but the problem says ""equivalent logarithmic form"". The standard conversion from exponential to logarithmic is base e, so natural log.

Another angle: the problem states ""rewrite the exponential equation \( e^{-2} \approx 0.135 \) in equivalent logarithmic form"".

So the exponential equation is \( e^{-2} \approx 0.135 \), so the logarithmic form should be \( \ln(0.135) \approx -2 \), which is written as \( -2 \approx \ln(0.135) \), which is option C.

Yes, so C is correct.

No other options are correct. So the answer is C.

Wait, the problem says ""There may be more than one correct answer"". Let me check all options again.

Options:

A. \( -1 \approx \ln(0.135) \)

B. \( -2 \approx \log(0.135) \)

C. \( -2 \approx \ln(0.135) \)

D. \( 0.135 \approx \log(-2) \)

E. None of the above

We determined C is correct. Are there others?

Option B: if ""log"" here is natural log, but in the problem statement, they use ""ln"" for natural log, so ""log"" is probably base 10. So B is wrong.

Option D is invalid.

So only C is correct. Therefore, the answer is C.

Wait, but the problem says ""There may be more than one correct answer"". Maybe I made a mistake.

Wait, let's compute \( \ln(0.135) \). Let's calculate it numerically.

We know that \( e^{-2} \approx 0.135335283 \), so \( \ln(0.135) \approx -2 \) (since 0.135 is approximately \( e^{-2} \)).

So \( \ln(0.135) \approx -2 \), so \( -2 \approx \ln(0.135) \) is correct. So C is correct.

Option B: \( -2 \approx \log(0.135) \). If ""log"" is base 10, then \( \log_{10}(0.135) \approx \log_{10}(1.35 \times 10^{-1}) = \log_{10}(1.35) + \log_{10}(10^{-1}) \approx 0.1303 - 1 = -0.8697 \), so approximately -0.87, which is not -2. So B is wrong.

Option A: \( -1 \approx \ln(0.135) \). But \( \ln(0.135) \approx -2 \), so A is wrong.

Option D: \( 0.135 \approx \log(-2) \). Log of negative number is undefined, so D is wrong.

Therefore, only C is correct. So the answer is C.

Wait, the problem says ""There may be more than one correct answer"". So maybe the problem expects another answer? Let me think.

Wait, in some contexts, people might write the logarithm with base e as ""log"", but the problem uses ""ln"" for natural log, so probably not. For example, in some older texts, ""log"" was used for natural log, but in modern math, ""ln"" is natural log and ""log"" is base 10.

Given that the problem uses ""ln"" in option C, it's safe to assume that ""log"" in option B is base 10.

So no, only C is correct.

Hence, the answer is C.
</think>

To solve the problem of rewriting the exponential equation $ e^{-2} \approx 0.135 $ in **equivalent logarithmic form**, we begin by recalling the fundamental relationship between exponentials and logarithms:

$$
a^b = c \quad \Rightarrow \quad \log_a(c) = b
$$

Here, the base is $ e $, so we're dealing with **natural logarithms** (denoted as $ \ln $).

---

### Step 1: Convert to Logarithmic Form

We start with:
$$
e^{-2} \approx 0.135
$$

Taking the natural logarithm of both sides:
$$
\ln(e^{-2}) = \ln(0.135)
$$

Using the identity $ \ln(e^x) = x $, the left-hand side simplifies to:
$$
-2 = \ln(0.135)
$$

Thus, the **equivalent logarithmic form** is:
$$
-2 \approx \ln(0.135)
$$

This matches **Option C**:  
$$
\text{C. } -2 \approx \ln(0.135)
$$

---

### Step 2: Evaluate Each Option

Let’s now evaluate each option to determine which ones are correct.

#### ✅ **Option C**: $ -2 \approx \ln(0.135) $

As shown above, this is exactly the correct conversion from the given exponential equation. So **this is valid**.

---

#### ❌ **Option A**: $ -1 \approx \ln(0.135) $

From our calculation, $ \ln(0.135) \approx -2 $, not $ -1 $. So this is **incorrect**.

---

#### ❌ **Option B**: $ -2 \approx \log(0.135) $

Here, ""log"" typically refers to **base 10 logarithm** unless otherwise specified. Let's compute $ \log_{10}(0.135) $:

$$
\log_{10}(0.135) \approx -0.87
$$

So $ -2 \neq \log_{10}(0.135) $, making this **incorrect**.

Also, note that the problem uses ""ln"" for natural logs, so ""log"" here is **not** natural log — it's base 10. Hence, this option is **not equivalent**.

---

#### ❌ **Option D**: $ 0.135 \approx \log(-2) $

This is **invalid** because the domain of the logarithm function (in real numbers) excludes negative inputs. The expression $ \log(-2) $ is **undefined** in the real number system. Therefore, this is **not a valid equation**.

---

#### ❌ **Option E**: ""None of the above""

Since **Option C is correct**, this option is also **incorrect**.

---

### Final Determination

Only **Option C** correctly rewrites the given exponential equation in logarithmic form.

---

### ✅ Final Answer

$$
\boxed{C}
$$"
49,"Okay, let's try to figure out how to find β, the probability of a type II error. First, let me recall what a type II error is: it's failing to reject the null hypothesis when it's actually false. So we need to find the probability that we don't reject the null hypothesis when the true mean is 13.

First, let's set up the hypotheses. The claim we're testing is μ < 17, so the null hypothesis H₀ is μ ≥ 17, and the alternative hypothesis H₁ is μ < ื่ (wait, no, actually, when we test a claim that μ < 17, the null hypothesis is usually the opposite, right? Wait, in hypothesis testing, the null hypothesis is the one we assume to be true until proven otherwise, and the alternative is what we're trying to support. So if we're testing the claim that μ < 17, that would be the alternative hypothesis. Wait, no, let's clarify.

The problem says: ""test the claim that μ < 17"". So in hypothesis testing, we usually have a null hypothesis and an alternative. The claim ""μ < 17"" is the alternative, so the null hypothesis is μ ≥ 17. But in many cases, especially with one-tailed tests, the null is a specific value, but here it's a compound null. Wait, actually, for a one-sample z-test, when we have a claim about μ being less than a value, the null is usually μ = some value, and the alternative is μ < that value. Wait, maybe the problem is phrased as: we want to test the claim that μ < 17, so we set up H₀: μ = 17 (since we're testing against the alternative that μ is less than 17). Wait, no, in standard practice, when testing a one-sided hypothesis like μ < c, the null hypothesis is μ = c, and the alternative is μ < c. Wait, actually, no—sometimes the null is a composite, but in this context, since we're dealing with a specific test, probably the null is H₀: μ = 17, and the alternative is H₁: μ < 17. Because when you have a claim that μ < 17, you're testing if the true mean is less than 17, so the null is the boundary case.

Wait, let's check the problem statement again: ""test the claim that μ < 17"". So in hypothesis testing, the claim we're testing is the alternative. So the process is: we have a null hypothesis (H₀) which is what we assume to be true, and we collect data to see if we can reject it. The claim we're interested in is the alternative. So if we want to test the claim that μ < 17, that means we're trying to see if there's evidence that μ is less than 17. So the null hypothesis is that μ is not less than 17 (i.e., μ ≥ 17), but in practice, for a one-sample z-test, we often set the null as μ = 17, because the critical value is based on the null.

Wait, maybe the problem is using a one-tailed test where the null is H₀: μ = 17, and the alternative is H₁: μ < 17. That makes sense because when we do a one-sample z-test for μ < 17, we set the null as μ = 17, and the alternative as μ < 17. Let's go with that, because otherwise, if the null were μ > 17, it's a different test, but I think in most introductory stats problems, when testing a one-sided claim like μ < c, the null is μ = c.

So, let's define:

H₀: μ = 17 (null hypothesis)

H₁: μ < 17 (alternative hypothesis)

We are to find β, the probability of not rejecting H₀ when the true mean is μ = 13 (since the population actually has μ = 13, which is less than 17, so H₁ is true, and we want the probability of not rejecting H₀, i.e., type II error).

First, we need to find the critical value for the test. Since we're using α = 0.05, and it's a left-tailed test (because H₁ is μ < 17), the critical value will be the z-score such that P(Z < z_α) = 0.95 (since we want the rejection region to be the left tail with area α = 0.05).

Wait, for a left-tailed test, the critical value z* is such that P(Z < z*) = 1 - α? Wait, no. Let's recall: in a left-tailed test, we reject H₀ if the test statistic is less than or equal to the critical value. The critical value is the value where the area to the left of it under the null distribution is α.

So, under H₀: μ = 17, the sampling distribution of the sample mean (since n = 45, which is large, so by CLT, the sample mean is approximately normal) has mean μ₀ = 17 and standard deviation σ/√n = 7/√45.

First, compute σₓ = σ/√n = 7/√45 ≈ 7/6.7082 ≈ 1.043.

The critical value for the test: we want the value c such that P( (X̄ - 17)/(7/√45) ) ≤ c ) = α = 0.05. Since it's a left-tailed test, c is negative.

Let's find z_α where α = 0.05. For a left-tailed test, the critical z is z = -z_{0.95} = -1.645 (since z_{0.95} is the value where 95% of the area is to the left, so the lower 5% is to the left of -1.645).

Wait, yes: for a left-tailed test at α = 0.05, the critical z is -1.645 (since the area to the left of -1.645 is 0.05).

So the critical value for X̄ is:

c = 17 + z_α * (σ/√n) = 17 + (-1.645)*(7/√45)

Let's compute that.

First, √45 ≈ 6.7082, so 7/√45 ≈ 1.043 (as before).

So c ≈ 17 - 1.645 * 1.043 ≈ 17 - 1.714 ≈ 15.286.

So the rejection region is X̄ ≤ 15.286.

Now, β is the probability that we fail to reject H₀ when the true mean is μ = 13. That is, β = P(X̄ > c | μ = 13).

Because we fail to reject H₀ when X̄ is greater than the critical value c (since the rejection region is X̄ ≤ c).

So we need to find the probability that the sample mean is greater than c when the true mean is 13.

First, under the true mean μ = 13, the sampling distribution of X̄ has mean 13 and standard deviation σ/√n = 7/√45 ≈ 1.043.

So we need to compute P(X̄ > c | μ = 13) = P( (X̄ - 13)/(7/√45) > (c - 13)/(7/√45) )

Let's compute the z-score for c under μ = 13.

First, compute c: c = 17 + z_α*(σ/√n) = 17 - 1.645*(7/√45)

Let's calculate 7/√45 more precisely. √45 = 3√5 ≈ 3*2.236 = 6.7082, so 7/6.7082 ≈ 1.0435.

So 1.645 * 1.0435 ≈ 1.645 * 1.0435 ≈ 1.715.

Thus, c ≈ 17 - 1.715 = 15.285.

Now, under μ = 13, the z-score for c is (c - 13)/(σ/√n) = (15.285 - 13)/1.0435 ≈ 2.285 / 1.0435 ≈ 2.19.

Wait, let's do it more accurately.

First, compute σ/√n = 7 / sqrt(45) = 7 / (3*sqrt(5)) = 7/(3*2.23607) ≈ 7/6.7082 ≈ 1.0435.

Critical z: for α = 0.05 left-tailed, z = -1.64485 (from standard normal table).

So c = 17 + z_α * (σ/√n) = 17 + (-1.64485) * 1.0435 ≈ 17 - 1.64485*1.0435.

Calculate 1.64485 * 1.0435: 1.64485 * 1 = 1.64485, 1.64485 * 0.0435 ≈ 0.0713, so total ≈ 1.64485 + 0.0713 ≈ 1.71615. So c ≈ 17 - 1.71615 ≈ 15.28385.

Now, under μ = 13, we want P(X̄ > c) = P(X̄ > 15.28385).

The z-score for X̄ = 15.28385 under μ = 13 is (15.28385 - 13) / (7/sqrt(45)) = 2.28385 / (7/sqrt(45)).

Wait, no: the standard deviation of X̄ is σ/√n = 7/sqrt(45), so the z-score is (x - μ) / (σ/√n) = (15.28385 - 13) / (7/sqrt(45)) = (2.28385) / (7/sqrt(45)).

Wait, no, actually, the z-score for a value x is (x - μ_true) / (σ/√n).

So for x = c, z = (c - 13) / (7/sqrt(45)).

We have c ≈ 15.28385, so c - 13 ≈ 2.28385.

Then z = 2.28385 / (7/sqrt(45)) = 2.28385 * sqrt(45)/7.

Compute sqrt(45) ≈ 6.7082, so 6.7082 / 7 ≈ 0.9583, then 2.28385 * 0.9583 ≈ 2.28385 * 0.9583 ≈ 2.19.

Yes, that's correct. So z ≈ 2.19.

Now, β is the probability that X̄ > c, which is the area to the right of z = 2.19 under the normal distribution with mean 13 (but actually, we're standardizing it).

Wait, more precisely, β = P(fail to reject H₀ | μ = 13) = P(X̄ > c | μ = 13).

To find this probability, we standardize X̄ under μ = 13.

The standard normal variable Z = (X̄ - 13) / (7/sqrt(45)).

We need P(X̄ > c) = P(Z > (c - 13)/(7/sqrt(45))) = P(Z > z_β).

We already calculated (c - 13)/(7/sqrt(45)) ≈ 2.19.

So we need to find the area to the right of z = 2.19 in the standard normal distribution.

Looking up z = 2.19 in the standard normal table: the area to the left of 2.19 is approximately 0.9857, so the area to the right is 1 - 0.9857 = 0.0143.

Wait, let's check with more precise values.

The z-score for 2.19: the standard normal table gives:

z = 2.1: 0.9822

z = 2.2: 0.9861

z = 2.19: 0.9857 (since 2.19 is 2.1 + 0.09, and the difference between z=2.1 and z=2.2 is 0.0039 per 0.1 z, so 0.09*0.039 ≈ 0.0035, so 0.9822 + 0.0035 ≈ 0.9857)

So the area to the right is 1 - 0.9857 = 0.0143.

But let's do it more accurately.

Using a calculator for z = 2.19:

The cumulative probability for z = 2.19 is Φ(2.19) ≈ 0.9857 (from standard normal tables).

Therefore, the probability that Z > 2.19 is 1 - 0.9857 = 0.0143.

So β ≈ 0.0143, or 1.43%.

Wait, but let's verify the steps to make sure.

First, confirm the critical value.

Under H₀: μ = 17, we reject H₀ if X̄ ≤ c, where c is the value such that P(X̄ ≤ c | μ = 17) = α = 0.05.

Since X̄ ~ N(17, (7/√45)²) under H₀, the critical value c is 17 + z_α * (7/√45), where z_α is the left-tailed critical value (since it's a left-tailed test).

For a left-tailed test at α = 0.05, z_α = -1.645 (since the area to the left of -1.645 is 0.05).

So c = 17 + (-1.645)(7/√45) ≈ 17 - 1.645*(7/6.7082) ≈ 17 - 1.645*1.0435 ≈ 17 - 1.716 ≈ 15.284.

Now, when the true mean is μ = 13, we want the probability that X̄ > c, because if X̄ is greater than c, we fail to reject H₀ (since we only reject when X̄ ≤ c).

Under μ = 13, X̄ ~ N(13, (7/√45)²).

So we need P(X̄ > 15.284 | μ = 13).

To find this, we standardize:

Z = (X̄ - 13) / (7/√45) ~ N(0,1)

So P(X̄ > 15.284) = P(Z > (15.284 - 13)/(7/√45)) = P(Z > 2.284 / 1.0435) ≈ P(Z > 2.19)

As above, Φ(2.19) ≈ 0.9857, so 1 - 0.9857 = 0.0143.

So β ≈ 0.014, or 1.4%.

Wait, but let's check with more precise calculation.

Let's compute (c - 13) / (σ/√n):

c = 17 - z_α*(σ/√n) = 17 - (-z_α)*(σ/√n)? Wait, no: z_α for a left-tailed test is negative. Wait, actually, in the standard normal distribution, the critical value for a left-tailed test with α = 0.05 is z = -1.64485, so the critical value c is 17 + z_α*(σ/√n) = 17 + (-1.64485)*(σ/√n) = 17 - 1.64485*(σ/√n).

So c = 17 - 1.64485*(7/√45).

Compute 7/√45: √45 = 3√5 ≈ 6.708203932499369, so 7/6.708203932499369 ≈ 1.043501840233504.

Then 1.64485 * 1.043501840233504 ≈ 1.64485 * 1.0435 ≈ let's compute 1.64485 * 1 = 1.64485, 1.64485 * 0.04 = 0.065794, 1.64485 * 0.0035 ≈ 0.005757, so total ≈ 1.64485 + 0.065794 + 0.005757 ≈ 1.7164. So c ≈ 17 - 1.7164 = 15.2836.

Now, c - 13 = 2.2836.

Then (c - 13) / (σ/√n) = 2.2836 / 1.0435 ≈ 2.2836 / 1.0435 ≈ 2.19.

So z = 2.19.

Now, using a standard normal table, the area to the left of z = 2.19 is 0.9857, so the area to the right is 1 - 0.9857 = 0.0143.

Alternatively, using a calculator for the standard normal distribution:

The exact value for z = 2.19: Φ(2.19) = 0.985733 (from more precise tables), so 1 - 0.985733 = 0.014267, so approximately 0.0143.

So β ≈ 0.0143, or 1.43%.

Wait, but let's make sure we didn't mix up anything. Is the type II error defined correctly?

Type II error is failing to reject H₀ when H₀ is false. Here, H₀ is μ = 17 (we assumed), and the true mean is μ = 13, so H₀ is false (since 13 < 17, so the alternative is true). So we want the probability that we don't reject H₀ when the true mean is 13.

In a left-tailed test, we reject H₀ when the sample mean is sufficiently small (less than c). So we fail to reject when the sample mean is greater than or equal to c. Therefore, β = P(X̄ ≥ c | μ = 13).

Which is the same as P(X̄ > c) since it's a continuous distribution (normal), so the probability of equality is zero.

So yes, β is the area to the right of c under the distribution with μ = 13.

Another way to think about it: the power of the test is 1 - β, which is the probability of rejecting H₀ when H₁ is true. So we need to find 1 - power, which is β.

Let's confirm the direction. Since we're testing μ < 17, the alternative is μ < 17, so the critical region is the left tail. When the true mean is lower (13), the sample means should be lower than 17, so we expect to reject H₀ more often (higher power), but since we're looking at β, which is the probability of not rejecting, it's the area where the sample mean is above the critical value.

Wait, if the true mean is 13, which is less than 17, we would expect the sample means to be low, so we might reject H₀. But β is the probability of not rejecting, so it's the probability that the sample mean is not low enough to reject H₀.

Yes, so if the true mean is 13, the sample means are centered around 13, which is lower than 17, so the critical value c (which is around 15.28) is higher than 13, so most samples from μ = 13 will have X̄ < c, meaning we would reject H₀. Wait, no: wait, if the true mean is 13, then the sample means are around 13, so they are less than c (which is ~15.28), so we would reject H₀ when X̄ < c. Wait, no: in a left-tailed test, we reject"
