id,response
350,"Okay, let's tackle these binary conversions one by one. I need to convert each decimal number to its binary representation. Let me remember how to do that.

First, for converting decimal to binary: we divide the number by 2 repeatedly and record the remainders. The binary number is the remainders read in reverse order (from last to first).

Let's start with 28.

**1. Decimal 28 to Binary**

28 divided by 2 is 14 with remainder 0.
14 divided by 2 is 7 with remainder 0.
7 divided by ื่ is 3 with remainder 1.
3 divided by 2 is 1 with remainder 1.
1 divided by 2 is 0 with remainder 1.

Now, writing the remainders from last to first: 11100.

Wait, let me check. Let's list the remainders:

First division: 28 /2 =14 rem 0

14/2=7 rem 0

7/2=3 rem 1

3/2=1 rem 1

1/2=0 rem 1

So the remainders collected in order (from last to first) would be the last remainder first. Wait, no: when you do successive divisions, the first remainder is the least significant bit (LSB), and the last remainder is the most significant bit (MSB). So we write the remainders in reverse order.

So the remainders we got were: 0,0,1,1,1. Wait, wait, let's track step by step.

Step 1: 28 ÷2 =14, remainder 0 (LSB)
Step 2: 14 ÷2=7, remainder 0
Step3:7 ÷2=3, remainder 1
Step4:3 ÷2=1, remainder 1
Step5:1 ÷2=0, remainder 1 (MSB)

So writing the remainders from last to first (MSB to LSB): 1 (step5), then 1 (step4), 1 (step3), 0 (step2), 0 (step1). So 11100.

Yes, 11100 in binary. Let's verify: 16 + 8 + 4 = 28? 16+8=24, 24+4=28. So 16 (2^4) + 8 (2^3) + 4 (2^2) = 28. So binary is 11100. Correct.

**2. Decimal 25 to Binary**

25 ÷2=12 rem 1
12 ÷2=6 rem 0
6 ÷2=3 rem 0
3 ÷2=1 rem 1
1 ÷2=0 rem 1

Remainders: 1,0,0,1,1. Wait, step by step:

Step1:25/2=12 rem 1 (LSB)
Step2:12/2=6 rem 0
Step3:6/2=3 rem 0
Step4:3/2=1 rem 1
Step5:1/2=0 rem 1 (MSB)

So writing remainders from last to first: 1 (step5), 1 (step4), 0 (step3), 0 (step2), 1 (step1). Wait, no: the order of remainders is collected as we go, so the first remainder is the rightmost digit.

Wait, maybe better to list the remainders in the order they are obtained, then reverse.

Obtained remainders (from first to last): 1,0,0,1,1. Wait, no:

Wait, step1: 25 → 12 rem 1 (so first remainder is 1)
step2:12 →6 rem 0 (second remainder 0)
step3:6→3 rem 0 (third remainder 0)
step4:3→1 rem 1 (fourth remainder 1)
step5:1→0 rem 1 (fifth remainder 1)

So the remainders in order (first to last) are 1,0,0,1,1. But since the first remainder is the least significant bit (rightmost), we need to reverse the order to get the binary number.

Wait, no: when converting, the last non-zero quotient is the MSB. Let's think of it as building the number from the bottom up.

Alternatively, let's compute 25 in binary.

We know that 16 is 2^4, 25-16=9
9 is 8 (2^3), 9-8=1
1 is 1 (2^0)
So 16 +8 +1 =25. So binary is 11001.

Check: 16+8=24, 24+1=25. So 11001.

Let's see via division method:

25 ÷2=12 r1
12 ÷2=6 r0
6 ÷2=3 r0
3 ÷2=1 r1
1 ÷2=0 r1

So the remainders are 1,0,0,1,1. Now, the binary number is written from last remainder to first. Wait, no: the first remainder is the LSB (rightmost), the last remainder is the MSB (leftmost).

So the remainders we got in order (from first to last) are 1 (step1), 0 (step2), 0 (step3), 1 (step4), 1 (step5). So writing the binary number as the remainders in reverse order (last to first) gives us 1 1 0 0 1. Wait, step5 remainder is 1 (the last one), then step4 is 1, step3 is 0, step2 is 0, step1 is 1. So the binary is 11001.

Yes, that's correct. 11001 is 25 in binary.

**3. Decimal 103 to Binary**

Let's do this step by step.

103 ÷2=51 rem 1
51 ÷2=25 rem 1
25 ÷2=12 rem 1
12 ÷2=6 rem 0
6 ÷2=3 rem 0
3 ÷2=1 rem 1
1 ÷2=0 rem 1

Let's list the remainders:

Step1:1 (LSB)
Step2:1
Step3:1
Step4:0
Step5:0
Step6:1
Step7:1 (MSB)

Wait, let's count the steps:

103 →51 r1
51 →25 r1
25 →12 r1
12 →6 r0
6 →3 r0
3 →1 r1
1 →0 r1

So the remainders in order (first to last) are: 1,1,1,0,0,1,1. Wait, no: each step gives a remainder. Let's list them:

After first division: rem 1 (step1)
Second: rem 1 (step2)
Third: rem 1 (step3)
Fourth: rem 0 (step4)
Fifth: rem 0 (step5)
Sixth: rem 1 (step6)
Seventh: rem 1 (step7)

So total 7 remainders. Now, the binary number is written from last remainder to first. So the last remainder is step7 (1), then step6 (1), step5 (0), step4 (0), step3 (1), step2 (1), step1 (1). Wait, no: the order is that the first remainder is the least significant bit (rightmost), so we write the remainders in reverse order.

So the remainders we have are: 1 (step1), 1 (step2), 1 (step3), 0 (step4), 0 (step5), 1 (step6), 1 (step7). So to write the binary number, we take the last remainder first.

So starting from the last step (step7): rem=1
then step6:1
step5:0
step4:0
step3:1
step2:1
step1:1

Wait, that's 1 1 0 0 1 1 1? Wait, no, let's list all the remainders in the order they were obtained (step1 to step7):

Step1:1
Step2:1
Step3:1
Step4:0
Step5:0
Step6:1
Step7:1

So the binary number is written as step7, step6, step5, step4, step3, step2, step1 → 1 1 0 0 1 1 1? Wait, no, step7 is the last remainder, which is the MSB.

Wait, perhaps a better way: 103 in binary.

Let's find the highest power of 2 less than or equal to 103.

2^6=64, 2^7=128>103, so 64.

103 -64=39

2^5=32 ≤39 → 39-32=7

2^4=16 >7, so next 2^3=8>7, 2^2=4 ≤7 →7-4=3

2^1=2 ≤3 →3-2=1

2^0=1 →1-1=0

So the powers used are 2^6, 2^5, 2^2, 2^1, 2^0.

Wait, let's list the exponents:

64 (2^6), 32 (2^5), 4 (2^2), 2 (2^1), 1 (2^0).

So positions (from 6 down to 0):

6:1
5:1
4:0
3:0
2:1
1:1
0:1

So binary is 1100111.

Let's check: 64+32=96, 96+4=100, 100+2=102, 102+1=103. Yes! So 1100111.

Let's confirm via division method:

103 ÷2=51 rem1 (1)
51 ÷2=25 rem1 (1)
25 ÷2=12 rem1 (1)
12 ÷2=6 rem0 (0)
6 ÷2=3 rem0 (0)
3 ÷2=1 rem1 (1)
1 ÷2=0 rem1 (1)

So the remainders are [1,1,1,0,0,1,1]. Now, to get the binary number, we write the remainders from last to first. Wait, the last remainder is the last one we got, which is 1 (from 1÷2=0 rem1). Then the previous remainder is 1 (from 3÷2=1 rem1), then 0 (6÷2=3 rem0), 0 (12÷2=6 rem0), 1 (25÷2=12 rem1), 1 (51÷2=25 rem1), 1 (103÷2=51 rem1). Wait, no, the order of remainders is: first remainder (LSB) is 1, then next 1, then 1, then 0, then 0, then 1, then 1 (MSB).

So the binary number is written as MSB first: so the last remainder (the one from the last division) is the MSB.

So the remainders in the order we did the divisions (first to last) are: 1,1,1,0,0,1,1. So the binary number is the reverse of this list? Wait, no. Let's take a small example.

Take 5: 5÷2=2 rem1; 2÷2=1 rem0; 1÷2=0 rem1. So remainders: 1,0,1. Reverse to get binary: 101. Which is correct (5 in binary is 101). So yes, the remainders are written in reverse order.

In this case, for 103:

Divisions:

103 →51 rem1 (1)
51 →25 rem1 (1)
25 →12 rem1 (1)
12 →6 rem0 (0)
6 →3 rem0 (0)
3 →1 rem1 (1)
1 →0 rem1 (1)

So the remainders in order (first to last) are: 1,1,1,0,0,1,1.

To get the binary number, we reverse this list? Wait, no: in the 5 example, the remainders were [1,0,1], and the binary is 101. So the remainders are written in reverse order (last remainder first).

Wait, in the 5 example:

First division: rem1 (LSB)
Second: rem0
Third: rem1 (MSB)

So the binary is 1 (MSB) 0 (middle) 1 (LSB) → 101.

So the remainders list is [1,0,1] (first to last), but the binary is written as last remainder first: 1 (last), 0 (middle), 1 (first). Wait, no: in the 5 example, the remainders are obtained as 1 (first), 0 (second), 1 (third). Then the binary is written as third, second, first: 1,0,1 → 101.

Ah, so the order of the remainders (from first to last) is LSB to MSB. So to write the binary number, we take the remainders in reverse order (last to first).

Wait, in the 5 example:

Divisions:

5 ÷2=2 rem1 (first remainder: 1)
2 ÷2=1 rem0 (second remainder:0)
1 ÷2=0 rem1 (third remainder:1)

So the remainders list is [1,0,1]. To get the binary, we write the last remainder first: 1 (third), then 0 (second), then 1 (first) → 101. Which is correct.

So for 103, the remainders list (first to last) is [1,1,1,0,0,1,1]. So the binary is written as the last remainder first.

Wait, the last remainder is the one from the last division (when quotient becomes 0). For 103, the last remainder is 1 (from 1÷2=0 rem1).

Then the previous remainder is 1 (from 3÷2=1 rem1), then 0 (from 6÷2=3 rem0), then 0 (from 12÷2=6 rem0), then 1 (from 25÷2=12 rem1), then 1 (from 51÷2=25 rem1), then 1 (from 103÷2=51 rem1).

Wait, no, the number of remainders is equal to the number of divisions until quotient is 0.

For 103, we did 7 divisions (since 103 →51→25→12→6→3→1→0). So 7 remainders.

The remainders in the order of division (first to last) are: 1,1,1,0,0,1,1.

To write the binary, we take the last remainder first: so the binary is 1 (last), then 1 (previous), then 0, 0, 1, 1, 1 (first). Wait, no: the order is reversed.

Wait, in the 5 example, the remainders were [1,0,1] (first to last), and the binary is 101, which is the same as the remainders list? No, wait 5 in binary is 101, which is 1 followed by 0 followed by 1. So the remainders list was [1,0,1], and the binary is written as 1 (last remainder), 0 (middle), 1 (first remainder). Wait, no, in the 5 example:

First division: 5%2=1 (rem1)
Second: 2%2=0 (rem0)
Third: 1%2=1 (rem1)

So the remainders are 1,0,1. When written as binary, it's 101, which is the same as the remainders list? Wait, no: 101 is 1 (hundreds place?), no, in binary, the first remainder is the least significant bit (rightmost), so the remainders are written from last to first.

Wait, I'm getting confused. Let's use another approach.

Let's convert 103 to binary using known powers.

2^6=64, 2^7=128>103.

103 -64=39 → set bit 6 to 1.

39 -32=7 → 2^5=32, so set bit5 to 1.

7 -4=3 → 2^2=4, so set bit2 to 1.

3 -2=1 → 2^1=2, set bit1 to 1.

1 -1=0 → set bit0 to 1.

So bits: 6,5,4,3,2,1,0.

Bits set: 6,5,2,1,0.

So binary: 1 (bit6), 1 (bit5), 0 (bit4), 0 (bit3), 1 (bit2), 1 (bit1), 1 (bit0).

So writing from bit6 to bit0: 1 1 0 0 1 1 1 → 1100111.

Yes, that's 1100111.

Let's verify: 64+32=96, 96+4=100, 100+2=102, 102+1=103. Correct.

So 103 in binary is 1100111.

**4. Decimal 110 to Binary**

Let's do this.

110 ÷2=55 rem0
55 ÷2=27 rem1
27 ÷2=13 rem1
13 ÷2=6 rem1
6 ÷2=3 rem0
3 ÷2=1 rem1
1 ÷2=0 rem1

List of remainders (first to last): 0,1,1,1,0,1,1.

Wait, let's do step by step:

110 →55 rem0 (step1)
55 →27 rem1 (step2)
27 →13 rem1 (step3)
13 →6 rem1 (step4)
6 →3 rem0 (step5)
3 →1 rem1 (step6)
1 →0 rem1 (step7)

So remainders: [0,1,1,1,0,1,1]

To write the binary, we reverse the remainders? Wait, no: the first remainder is LSB (rightmost), so the binary number is written as the last remainder first.

So the remainders in order (step1 to step7) are 0,1,1,1,0,1,1.

The binary number is written from last remainder to first: 1 (step7), 1 (step6), 0 (step5), 1 (step4), 1 (step3), 1 (step2), 0 (step1) → 1101110.

Let's check with another method.

110 in binary:

2^6=64, 110-64=46 → set bit6
2^5=32, 46-32=14 → set bit5
2^4=16>14, so bit4=0
2^3=8, 14-8=6 → set bit3
2^2=4, 6-4=2 → set bit2
2^1=2, 2-2=0 → set bit1
2^0=1, 0 → bit0=0

Wait, let's list:

110 = 64 + 32 + 8 + 4 + 2

64 (2^6), 32 (2^5), 8 (2^3), 4 (2^2), 2 (2^1).

So bits:

bit6:1
bit5:1
bit4:0
bit3:1
bit2:1
bit1:1
bit0:0

So binary: 1101110.

Yes, that's 1101110.

Let's verify: 64+32=96, 96+8=104, 104+4=108, 108+2=110. So 1101110.

Correct.

**5. Decimal 333 to Binary**

Let's convert 333.

333 ÷2=166 rem1
166 ÷2=83 rem0
83 ÷2=41 rem1
41 ÷2=20 rem1
20 ÷2=10 rem0
10 ÷2=5 rem0
5 ÷2=2 rem1
2 ÷2=1 rem0
1 ÷2=0 rem1

List the remainders:

Step1:1
Step2:0
Step3:1
Step4:1
Step5:0
Step6:0
Step7:1
Step8:0
Step9:1

Wait, let's count the steps:

333 →166 r1 (1)
166 →83 r0 (0)
83 →41 r1 (1)
41 →20"
351,"Okay, let's try to figure out this problem. So, we have a satellite's path given by these parametric equations: x = 4 cos(t) + cos(12t) and y = 4 sin(t) + sin(1ื่). We need to find the upward velocity at t = 1. Hmm, upward velocity probably means the vertical component of velocity, right? So that would be dy/dt evaluated at t = 1.

First, I remember that for parametric equations, velocity components are derivatives with respect to time. So, the upward velocity is dy/dt. Let me write that down.

Given:
x(t) = 4 cos(t) + cos(12t)
y(t) = 4 sin(t) + sin(12t)

So, dy/dt = derivative of y with respect to t.

Let's compute dy/dt first.

dy/dt = d/dt [4 sin(t) + sin(12t)] = 4 cos(t) + 12 cos(12t)

Wait, yes. Because derivative of sin(t) is cos(t), so 4 times that is 4 cos(t). Then derivative of sin(12t) is 12 cos(12t), by chain rule (since derivative of sin(u) is cos(u)*u', so u=12t, u'=12).

So dy/dt = 4 cos(t) + 12 cos(12t). That seems right.

We need to evaluate this at t = 1. So plug in t = 1 into dy/dt.

So dy/dt at t=1 is 4 cos(1) + 12 cos(12*1) = 4 cos(1) + 12 cos(12).

Now, we need to compute this value numerically. Since the problem gives options as decimals, we need to calculate cos(1) and cos(12). Wait, but here we have to be careful with units. In math problems like this, unless specified, angles are in radians. So t is in radians.

So first, let's recall that 1 radian is about 57 degrees, but maybe we don't need that. Let's just use calculator values.

But since I don't have a calculator here, wait, actually, in an exam setting, you might have to approximate or know some values. Wait, but the problem is presented as a multiple choice question where the answer is one of those numbers. Hmm.

Wait, but maybe I can compute approximate values.

First, let's note that cos(1) ≈ cos(57.3 degrees) ≈ 0.5403 (since cos(0)=1, cos(π/2)=0, π≈3.14, so 1 rad is about 57 degrees). Let me recall approximate values:

cos(1) ≈ 0.5403023059

cos(12): Wait, 12 radians. Hmm, 12 radians is how many full circles? Since 2π ≈ 6.283, so 12 / (2π) ≈ 1.9099, so about 1.9099 * 2π ≈ 12 radians. So 12 radians is roughly 1 full circle (2π ≈ 6.28) plus another 5.72 radians (since 12 - 6.28 ≈ 5.72). Wait, 5.72 radians is about 328 degrees (since π radians = 180, so 1 rad ≈ 57.3 degrees; 5.72 * 57.3 ≈ 328 degrees). Hmm, but cosine is periodic with 2π, so cos(12) = cos(12 - 2π*1) because 2π ≈6.28, so 2π*1=6.28, 12 - 6.28 = 5.72. Then 5.72 radians is still more than π (≈3.14), so 5.72 - π ≈ 2.58, so it's in the fourth quadrant? Wait, maybe not. Alternatively, use calculator-like approximations.

Alternatively, perhaps the problem expects using calculator values. Let's try to compute each term.

First, compute cos(1):

cos(1 rad) ≈ 0.5403

Then, 4 * cos(1) ≈ 4 * 0.5403 ≈ 2.1612

Next, cos(12): 12 radians. Let's subtract 2π (≈6.283185307) from 12: 12 - 6.283185 ≈5.716815

Still larger than 2π? Wait, no. 5.7168 radians is still more than π (≈3.14), so subtract another 2π? Wait, no. Wait, cosine has period 2π, so cos(θ) = cos(θ - 2π*n) for integer n.

So 12 radians divided by 2π: 12 / (2π) ≈ 1.9099, so it's about 1.9099 cycles. So the equivalent angle in [0, 2π) is 12 - 2π*1 ≈12 -6.283≈5.717 radians.

Then 5.717 radians is still greater than π (≈3.14) and less than 2π (≈6.28), so it's in the fourth quadrant? Wait, 3.14 to 6.28 is third and fourth? Wait, no:

Wait, angles:

0 to π/2 (0-1.57): first quadrant

π/2 (1.57) to π (3.14): second

π (3.14) to 3π/2 (4.71): third

3π/2 (4.71) to 2π (6.28): fourth

So 5.717 radians is between 4.71 (3π/2) and 6.28 (2π), so it's in the fourth quadrant.

So cos(5.717) is positive, since fourth quadrant cosine is positive.

Compute cos(5.717). Hmm. Let's see.

We can write 5.717 - 2π? Wait, no. Wait, 5.717 is already in [0, 2π)? Wait, no: 5.717 is less than 2π (~6.28), so yes, it's in the range.

So cos(5.717). Let's recall that cos(θ) = cos(2π - θ) for θ in [0, 2π], but maybe better to use calculator steps.

Alternatively, use known values:

cos(π) = -1, cos(3π/2)=0, cos(2π)=1.

Wait, 5.717 radians is approximately 5.717 - 4.712 (which is 3π/2) = ~1.005 radians into the fourth quadrant. Wait, 5.717 - 3π/2 = 5.717 - 4.712 ≈1.005 radians. So the angle is 3π/2 + 1.005. Hmm, not sure.

Alternatively, use Taylor series? Maybe overcomplicating.

Wait, perhaps the problem expects us to use a calculator. Since this is a multiple choice question, maybe we can approximate.

Wait, let's try to get approximate values.

First, cos(1) ≈0.5403

So 4*cos(1)≈2.1612

Now, cos(12). Let's compute 12 radians.

As above, 12 - 2π ≈12 -6.283=5.717

Then 5.717 - 2π? No, 5.717 is less than 2π (~6.28), so we take 5.717 radians.

What's cos(5.717)?

Note that 5.717 radians is equal to 360 degrees * (5.717 / (2π)) ≈ 360*(5.717/6.283) ≈360*(0.913)≈329 degrees.

So 329 degrees is in the fourth quadrant (since 270-360), so cosine is positive.

cos(329 degrees)=cos(-31 degrees)=cos(31 degrees)≈0.8572? Wait, no:

Wait, cos(329 degrees)=cos(360-31)=cos(-31)=cos(31)≈0.8572? Wait, cos(30)=√3/2≈0.866, so cos(31)≈0.857. But wait, 329 degrees is 360-31, so yes, cos(329)=cos(31)≈0.857.

But wait, our angle is 5.717 radians. Let's convert 5.717 radians to degrees: 5.717 * (180/π) ≈5.717 *57.3≈328.5 degrees. Close to 328.5 degrees.

cos(328.5 degrees)=cos(360-31.5)=cos(-31.5)=cos(31.5 degrees). Which is approximately?

cos(30)=0.866, cos(31.5)≈0.852, cos(32)=≈0.848, so cos(31.5)≈~0.85.

But exact value? Hmm.

Alternatively, use calculator approximation.

Assuming I have a calculator here:

cos(1) ≈0.5403023058681187

cos(12): Let's compute 12 radians.

First, 12 - 2π ≈12 -6.283185307≈5.716814693

Then 5.716814693 - 2π? No, since it's less than 2π. Wait, 5.7168 is still in [0, 2π), so we can compute cos(5.7168).

Compute cos(5.7168):

We can use the fact that cos(θ) = cos(θ - 2π) but θ here is already reduced.

Alternatively, use calculator steps:

Let me recall that cos(5) ≈0.28366, cos(6)≈0.96017, but wait, 5 and 6 radians.

Wait, maybe better to use Taylor series around π.

Wait, this is getting too complicated. Maybe the problem expects using approximate values with calculator.

Wait, if I consider that in a typical calculus class problem, they might use calculator approximations.

Let me try to compute dy/dt at t=1 numerically.

So dy/dt =4 cos(1) +12 cos(12)

Compute each term:

First, cos(1):

cos(1 rad) ≈0.5403023058681187

So 4 * cos(1) ≈4 *0.5403023≈2.161209

Next, cos(12): 12 radians.

As above, 12 - 2π ≈12 -6.283185307≈5.7168147

So cos(12)=cos(5.7168147)

Now, 5.7168147 radians.

Let's subtract 2π? No, 5.7168 < 2π (~6.283), so it's in the same range.

Compute cos(5.7168):

We can write 5.7168 = π + 2.573 (approx?)

Wait, π≈3.1416, so 5.7168 - π≈2.575

Hmm, not helpful.

Alternatively, use calculator input:

If I had a calculator, cos(5.7168):

Let me recall that cos(5)≈0.28366, cos(5.5)≈cos(5.5)≈-0.7055, wait, no:

Wait, 5 radians is about 286 degrees (since 1 rad≈57.3 degrees), so 5*57.3≈286.5 degrees, which is in fourth quadrant (270-360). So cos(5 radians) is positive? Wait, 286.5 degrees is in fourth quadrant (since 270-360), so cosine is positive there.

Wait, cos(270)=0, cos(360)=1, so fourth quadrant cosine is positive.

Wait, cos(5 radians): 5 radians is about 286 degrees, so yes, fourth quadrant, cosine positive.

Similarly, 5.7168 radians is about 328 degrees (as before), so still fourth quadrant.

cos(328 degrees)=cos(360-32)=cos(-32)=cos(32)≈0.8480

Wait, cos(30)=0.866, cos(35)=0.8192, so cos(32)≈0.848.

So approximately 0.848.

But let's get a better estimate.

Using calculator-like approach:

cos(32 degrees)=cos(32 * π/180)=cos(0.5585 radians)

Wait, maybe not helpful.

Alternatively, use the fact that cos(x) for x near 2π.

Wait, 5.7168 radians is close to 2π (≈6.283), so it's 6.283 - 0.566, so 0.566 radians less than 2π.

Therefore, cos(5.7168)=cos(2π - 0.566)=cos(0.566) because cosine is even and periodic.

Wait, cos(θ)=cos(2π - θ), so yes.

Wait, cos(2π - α)=cos(α), since cosine is even and periodic.

Wait, no: cos(2π - α)=cos(α), because cosine is even and periodic with 2π. Wait:

cos(2π - α)=cos(-α)=cos(α), since cosine is even. Wait, no:

Wait, cos(θ) = cos(-θ), so cos(2π - α)=cos(-α)=cos(α). Wait, no:

Wait, cos(2π - α)=cos(α) because cosine has period 2π, so cos(2π - α)=cos(-α)=cos(α), since cosine is even.

Wait, cos(-α)=cos(α), so yes.

Wait, so cos(2π - α)=cos(α). Wait, no:

Wait, cos(2π - α)=cos(-α)=cos(α), because cos(θ)=cos(-θ). So yes, cos(2π - α)=cos(α).

Wait, but 2π - α is a different angle. Wait, no:

Wait, cos(θ) = cos(θ + 2πn), so cos(2π - α)=cos(-α)=cos(α), since cosine is even.

Wait, cos(-α)=cos(α), so yes.

Therefore, cos(2π - α)=cos(α). Wait, no:

Wait, cos(2π - α)=cos(-α)=cos(α). Wait, no:

Wait, cos(2π - α)=cos(α) ?

Wait, let's take α=1 radian.

cos(2π -1)=cos(5.283)≈cos(5.283). Hmm, not sure.

Wait, maybe my approach is wrong.

Alternative idea: Use calculator approximations step by step.

Assume I have a calculator here.

Compute cos(1):

cos(1) ≈0.540302305868

So 4*cos(1)≈2.161209223

Now, cos(12):

First, 12 radians. Let's compute 12 mod (2π) to get the equivalent angle in [0, 2π).

2π≈6.283185307

12 / (2π) ≈1.909859317, so subtract 1*2π: 12 -6.283185307≈5.716814693 radians.

So cos(12)=cos(5.716814693)

Now, 5.7168 radians. Let's subtract π: 5.7168 -3.1416≈2.5752, so it's π + 2.5752? Wait, no:

Wait, 5.7168 is greater than π (≈3.14) and less than 2π (≈6.28). So it's in the third or fourth quadrant?

Wait, π≈3.14, 3π/2≈4.712, 2π≈6.28.

So 5.7168 is between 3π/2 (4.712) and 2π (6.28), so it's in the fourth quadrant.

In fourth quadrant, cosine is positive, sine is negative.

So cos(5.7168) is positive.

To approximate cos(5.7168):

Let’s use the identity cos(x) = cos(2π - x + 2πn), but maybe better to use calculator steps.

Alternatively, use Taylor series around a known point.

But maybe we can recall that cos(5.7168) ≈ ?

Wait, if I consider that 5.7168 radians is about 328 degrees (as before), and cos(328 degrees)=cos(360-32)=cos(-32)=cos(32)≈0.8480.

So approximately 0.848.

But let's say cos(5.7168)≈0.848.

Then 12 * cos(12)=12 * 0.848≈10.176

Wait, but hold on: dy/dt =4 cos(t) +12 cos(12t). At t=1, so 12t=12, so yes.

Wait, but according to this, dy/dt≈2.1612 +12*0.848≈2.1612 +10.176≈12.337

Looking at the options, A is 12.287, which is close to 12.337. Hmm. So maybe option A.

But wait, my approximation of cos(5.7168) as 0.848 may be slightly off.

Wait, let's get a better approximation.

Let me try to compute cos(5.7168).

First, convert 5.7168 radians to degrees: 5.7168 * (180/π) ≈5.7168 *57.2958≈328.5 degrees.

cos(328.5 degrees)=cos(360-31.5)=cos(-31.5 degrees)=cos(31.5 degrees).

cos(30 degrees)=√3/2≈0.8660

cos(31.5 degrees)=?

Using linear approximation between 30 and 35 degrees.

But maybe better to use calculator knowledge.

Assuming a calculator:

cos(328.5 degrees)=cos(328.5)=cos(360-31.5)=cos(31.5 degrees).

cos(30)=0.8660, cos(35)=0.8192

Difference per degree: ~0.8192 -0.8660 = -0.0468 over 5 degrees.

So per degree: ~-0.00936

From 30 to 31.5: 1.5 degrees.

So cos(31.5)≈0.8660 -1.5*0.00936≈0.8660 -0.01404≈0.85196

So approx 0.852

Thus, cos(31.5 degrees)≈0.852, so cos(328.5 degrees)=≈0.852

Therefore, cos(5.7168 radians)=cos(328.5 degrees)≈0.852

Then 12 * cos(12)≈12 *0.852≈10.224

Then total dy/dt≈2.1612 +10.224≈12.385

Which is close to option A:12.287. Hmm, slight discrepancy.

Wait, but maybe my approximation of cos(31.5 degrees) is a bit high.

Alternatively, use more precise method.

Let me recall that cos(30 degrees)=√3/2≈0.8660254

cos(31 degrees)=cos(30+1)=cos30 cos1 - sin30 sin1≈0.8660*0.9998 -0.5*0.01745≈0."
352,"Okay, let's see. The problem is to find the distance between 333 and 401. Hmm, first I need to remember what ""distance between two numbers"" means here. In math, when we talk about the distance between two numbers on a number line, it's the absolute difference of the two numbers. So, distance = |a - b| where a and b are the numbers.

So, here we have 333 and 401. Let me write that down. The distance should be |401 - 333| or |333 - ื่1|. Since absolute value makes it positive, it doesn't matter which one we subtract first.

Let me calculate 401 minus 333. Let's do the subtraction: 401 - 333. Let's break it down. 401 minus 300 is 101, then minus 33 more would be 101 - 33 = 68. Wait, is that right? Let me check with another method. 333 + 68 = 401? Let's add 333 + 60 = 393, then +8 = 401. Yes, so 333 + 68 = 401. Therefore, the difference is 68.

Wait, but the problem says ""Your answer can be an algebraic expression"". Hmm, maybe they want it in terms of variables? But the question says ""Find the distance between 333 and 401"". So maybe it's just a numerical value. Let me think again.

In some contexts, ""distance between two numbers"" could be the absolute difference, which is a scalar quantity. So for two numbers a and b, the distance is |a - b|. Here, a is 333 and b is 401. So |401 - 333| = 68. Since 401 is larger than 333, it's just 401 - 333 = 68.

Wait, the problem says ""Your answer can be an algebraic expression"". Maybe they want it written as |401 - 333|, but since it's a specific number, it's 68. Let me confirm the calculation.

401 minus 333: 400 - 333 = 67, so 401 - 333 = 67 + 1 = 68. Yes, that's correct. So 401 - 333 = 68. So the distance is 68.

I think that's it. The problem might be trying to trick us into thinking it's something else, but in basic math, the distance between two numbers on a number line is the absolute difference. So since 401 is greater than 333, the distance is 401 - 333 = 68.

Let me check with another approach. Let's write 401 as 400 + 1 and 333 as 300 + 33. Then 400 - 300 = 100, and 1 - 33 = -32. Wait, no, that's not the right way. Wait, actually, when subtracting, it's (400 + 1) - (300 + 33) = 400 - 300 + 1 - 33 = 100 - 32 = 68. Oh, right! So 100 - 32 is 68. That checks out.

So yes, the distance is 68. Since the problem says ""Your answer can be an algebraic expression"", but in this case, since we're dealing with specific numbers, the answer is a number, 68. So probably the answer is 68.

Wait, maybe they want it written as 401 - 333, but since it's a distance, it's absolute, so |401 - 333|, but since 401 > 333, it's just 401 - 333 = 68. So the distance is 68.

I think that's it. Let me just make sure there's no trick here. The problem says ""the distance between 333 and 401"". In some contexts, like in coordinate geometry, if these were points on a number line, the distance is the absolute difference. So yes, 68.

So the answer should be 68.
</think>

To find the **distance between** two numbers, such as 333 and 401, we interpret this in the context of the number line. In mathematics, the *distance* between two numbers on a number line is defined as the **absolute difference** of those numbers.

---

### Step-by-step Calculation:

We are given:
- Number A = 333  
- Number B = 401  

The formula for the distance between two numbers is:

$$
\text{Distance} = |A - B|
$$

Substitute the values:

$$
|401 - 333| = |68| = 68
$$

Since 401 is greater than 333, the result is simply:

$$
401 - 333 = 68
$$

This confirms that the distance between 333 and 401 is **68**.

---

### Final Answer:

Since the problem states that ""your answer can be an algebraic expression,"" but in this case, the numbers are specific and the computation yields a **numerical value**, the most appropriate and precise answer is:

$$
\boxed{68}
$$"
353,"Okay, let's tackle part (a) first. 

So, we have a function f(t) which gives the average monthly rainfall in Chicago for each month t, where t=1 is January. The table lists R (rainfall) for each t from 1 to 8.

Part (a) says: Solve f(t) = 3.4. What's t?

Looking at the table, let's list out the values:

t | R
1 | 1.8
2 | 1.8
3 | 2.7
4 | 3.1
5 | 3.5
6 | 3.7
7 | 3.5
8 | 3.4

Wait, so when t=8 (which is August), R is 3.4. So f(8) = 3.4. Therefore, solving f(t) = 3.4 gives t=8.

Now, the question is asking for the interpretation. The options are A to E.

Let me check the options:

C. Chicago's average rainfall in the month of August is 3.4 inches.

Yes, because t=8 is August, and R=3.4. So that's exactly what C says. Let me check the other options to make sure.

A. Chicago's average rainfall increases by 3.4 inches in the month of May. Hmm, no. The increase is not 3.4 inches. For example, from t=4 (April) to t=5 (May), it goes from 3.1 to 3.5, so an increase of 0.4 inches. So A is wrong.

B. Chicago's average rainfall is greatest in the month of May. Wait, May is t=5 with 3.5, but June (t=6) is 3.7, which is higher. So May isn't the greatest. So B is incorrect.

D. Chicago's average rainfall is least in the month of August. August is t=8 with 3.4, but January and February have 1.8, which is less than 3.4. So D is wrong.

E. None of the above. But C seems correct. So the answer for part (a) is t=8, and the interpretation is C.

Wait, let me double-check. The problem says ""The solution(s) to f(t)=3.4 can be interpreted as saying [ANS]"". So the solution is t=8, so the statement is ""Chicago's average rainfall in the month of August is 3.4 inches."" Which is option C. So yes, C is correct.

So part (a) answer: t=8, and the interpretation is C.

Moving to part (b).

Solve f(t) = f(5). f(5) is the value for May, which is 3.5 inches. So we need to find all t where f(t) = 3.5.

Looking at the table:

t=5: 3.5

t=7: 3.5

So f(5)=3.5 and f(7)=3.5. So the solutions are t=5 and t=7.

Therefore, the solution to f(t)=f(5) is t=5 and t=7.

Now, the interpretation part. The options are:

A. Chicago's average rainfall is greatest in the month of May. (No, since May is 3.5, but June is 3.7, which is higher.)

B. Chicago's average rainfall is 3.5 inches in the month of May. (This is true, but the equation f(t)=f(5) means there are two months where it's 3.5, so May and July.)

C. Chicago's average rainfall is 3.5 inches in the month of July. (Also true, but again, it's two months.)

D. Chicago's average rainfall is 3.5 inches in the months of May and July. (Yes, this is exactly what's happening here. Both May and July have 3.5 inches.)

E. None of the above.

So D says ""in the months of May and July"", which is correct. So the answer should be D.

Wait, let's check the options again.

The question says: ""The solution(s) to f(t)=f(5) can be interpreted as saying [ANS]""

So f(t)=f(5) means that the function value equals the value at t=5 (May). Since f(5)=3.5, we need to find all t where f(t)=3.5. From the table, t=5 and t=7 (July) both have 3.5. So the solutions are t=5 and t=7.

Therefore, the interpretation is that the average rainfall is 3.5 inches in May and July. So option D says: ""Chicago's average rainfall is 3.5 inches in the months of May and July."" That's exactly correct.

Let's check the other options:

A. Greatest in May? No, June is higher (3.7), so A is wrong.

B. ""is 3.5 inches in the month of May"" – this is true, but the equation f(t)=f(5) has two solutions, so it's not just May. So B is incomplete.

C. ""is 3.5 inches in the month of July"" – same issue, it's two months.

D. ""in the months of May and July"" – correct.

E. None of the above – but D is correct, so E is wrong.

So the answer for part (b) is D.

Wait, but the problem says ""Solve f(t)=f(5). t= [ANS]"". So the solutions are t=5 and t=7. So the answer is t=5,7.

But the question says ""The solution(s) to f(t)=f(5) can be interpreted as saying [ANS]"".

So the interpretation is that there are two months with 3.5 inches: May and July. So D is correct.

So part (b) answer: t=5,7 and the interpretation is D.

Wait, the problem says ""Solve f(t)=f(5)"". So the solutions are t=5 and t=7. So the answer for t is 5 and 7.

But the problem says ""t= [ANS]"". So probably they want the values of t, so 5 and 7.

Then the interpretation part: D says ""Chicago's average rainfall is 3.5 inches in the months of May and July."" Which is correct.

So for part (a): t=8, and the answer is C.

For part (b): t=5,7, and the answer is D.

Let me just confirm once more.

In part (a), f(t)=3.4 occurs at t=8 (August), so the solution is t=8. The interpretation is that August has 3.4 inches, so option C is correct.

In part (b), f(t)=f(5) (which is 3.5) occurs at t=5 (May) and t=7 (July). So the solutions are t=5 and t=7. The interpretation is that the rainfall is 3.5 inches in May and July, so option D.

Yes, that makes sense.

So final answers:

(a) t=8; the interpretation is C.

(b) t=5,7; the interpretation is D.

The problem says for part (a) ""Solve f(t)=3.4. t= [ANS]"". So the answer is 8.

Then the interpretation part: ""The solution(s) to f(t)=3.4 can be interpreted as saying [ANS]"". So the answer is C.

For part (b): ""Solve f(t)=f(5). t= [ANS]"". So the solutions are 5 and 7.

Then the interpretation: ""The solution(s) to f(t)=f(5) can be interpreted as saying [ANS]"". So the answer is D.

So the answers are:

(a) 8, C

(b) 5,7, D

But the problem says: ""If the problem has multiple sub-answers, separate them by commas inside a single \boxed{}""

Wait, the user says: ""Solve the problem step-by-step. Put your final answer inside \boxed{}.""

Wait, the original problem has two parts (a) and (b). Each part has a question.

For part (a):

First, solve f(t)=3.4. So t=8.

Then, the interpretation: which option is correct. The answer is C.

Similarly, part (b): solve f(t)=f(5). So t=5 and t=7.

Then the interpretation: D.

So the problem wants for each part, the answer for the ""t= [ANS]"" and then the interpretation.

Wait, the problem says:

(a) Solve f(t)=3.4. t= [ANS]

The solution(s) to f(t)=3.4 can be interpreted as saying [ANS] (options A-E)

Similarly for (b).

So for part (a), the first answer is t=8, and the interpretation is C.

For part (b), the first answer is t=5 and 7, and the interpretation is D.

The problem says ""If the problem has multiple sub-answers, separate them by commas inside a single \boxed{}"".

Wait, maybe the user wants the final answer for each part boxed.

But the instructions say: ""Put your final answer inside \boxed{}"". So probably for each part, we have to write the answer.

Let me re-read the problem statement.

The user says: ""Solve the problem step-by-step. Put your final answer inside \boxed{}. If the problem has multiple sub-answers, separate them by commas inside a single \boxed{}, e.g. \boxed{3, 7}.""

So for part (a), the ""t= [ANS]"" is a number, and the interpretation is a letter (C). But the problem says ""Solve f(t)=3.4. t= [ANS]"". So the answer is 8.

Then the next part: ""The solution(s) to f(t)=3.4 can be interpreted as saying [ANS]"". So the answer is C.

But the problem says ""the solution(s) to f(t)=3.4 can be interpreted as saying [ANS]"". So the answer is C.

Similarly, part (b): ""Solve f(t)=f(5). t= [ANS]"". So the answer is 5 and 7.

Then the interpretation part: answer is D.

But the user wants the final answer for each part. Wait, the problem is presented as two parts (a) and (b). So for each part, we need to give the answer.

Wait, the problem says: ""If the problem has multiple sub-answers, separate them by commas inside a single \boxed{}"".

So for part (a), the answer to ""Solve f(t)=3.4"" is t=8, so the answer is 8. Then the interpretation is C.

But the problem says ""The solution(s) to f(t)=3.4 can be interpreted as saying [ANS]"". So the answer here is C.

Similarly for part (b).

But the user wants the final answer for each part. Wait, the problem is presented as two questions (a) and (b). So we need to answer each part.

Wait, perhaps the user wants for each part, the answer to the ""t= [ANS]"" part and the interpretation part.

But the way the problem is written: for part (a), first solve f(t)=3.4, so t=8. Then the interpretation part: which option is correct. So the answer for part (a) is t=8 and the interpretation is C.

Similarly, part (b): t=5,7 and interpretation is D.

But the user says ""put your final answer inside \boxed{}"". So for each part, the answer is a box.

Wait, the problem says: ""Solve the problem step-by-step. Put your final answer inside \boxed{}.""

Since there are two parts (a) and (b), each with their own answers.

For part (a):

The solution to f(t)=3.4 is t=8. So the first blank is 8.

Then the interpretation: C.

For part (b):

The solutions to f(t)=f(5) are t=5 and t=7. So the first blank is 5,7.

Then the interpretation: D.

But the problem says ""If the problem has multiple sub-answers, separate them by commas inside a single \boxed{}"".

So for part (a), the answer to ""t= [ANS]"" is 8, so \boxed{8}

And the interpretation part is a multiple choice, so the answer is C, but the problem says ""The solution(s) to f(t)=3.4 can be interpreted as saying [ANS]"". So the answer is C.

But the user might want the answer for the ""t= [ANS]"" part and the interpretation part.

Wait, the problem says: ""Solve f(t)=3.4. t= [ANS]"". So the answer is 8. Then the next sentence: ""The solution(s) to f(t)=3.4 can be interpreted as saying [ANS]"". So the answer here is C.

Similarly for part (b).

But the user wants the final answer for each part. Since the problem is presented as two parts, I think the expected answer is:

For part (a): \boxed{8} and the interpretation is C.

For part (b): \boxed{5,7} and the interpretation is D.

But the user says ""If the problem has multiple sub-answers, separate them by commas inside a single \boxed{}"".

Wait, the problem says ""Solve the problem step-by-step"". So for each part, we have to write the answer.

Given that the user is probably expecting the answer for the ""t= [ANS]"" part for each part, and the multiple choice answer.

But the problem states: ""The solution(s) to f(t)=3.4 can be interpreted as saying [ANS]"". So the answer is C.

So for part (a), the answer to ""t= [ANS]"" is 8, and the interpretation is C.

For part (b), the answer to ""t= [ANS]"" is 5 and 7, and the interpretation is D.

So the user wants the answer for the ""t= [ANS]"" part boxed, and the multiple choice answer as a letter.

But the instruction says: ""Put your final answer inside \boxed{}"". So for part (a), the answer is 8, so \boxed{8}

For part (b), the answer is 5 and 7, so \boxed{5,7}

But the problem also has the interpretation part, which is multiple choice. However, the user says ""Solve the problem step-by-step. Put your final answer inside \boxed{}"".

Wait, maybe the problem is designed so that for each part, the ""t= [ANS]"" is the main answer, and the interpretation part is a separate question.

But the user wrote: ""Solve the problem step-by-step. Put your final answer inside \boxed{}.""

Assuming that the problem has two parts, and for each part, the answer is the value of t (for part a) or the values of t (for part b), and the multiple choice is part of the question but the user wants the numerical answer boxed.

Wait, looking back:

The original problem says:

(a) Solve f(t)=3.4. t= [ANS]

The solution(s) to f(t)=3.4 can be interpreted as saying [ANS] (options A-E)

So the first part is a math problem: solve for t, which is 8.

The second part is a multiple choice question about the interpretation.

But the user says: ""If the problem has multiple sub-answers, separate them by commas inside a single \boxed{}"".

So for part (a), the answer to ""t= [ANS]"" is 8, so \boxed{8}

For part (b), the answer to ""t= [ANS]"" is 5 and 7, so \boxed{5,7}

But the problem also has the multiple choice part, but the user might just want the t values boxed.

Wait, the problem says: ""Solve the problem step-by-step. Put your final answer inside \boxed{}.""

So for part (a), the answer is 8, so \boxed{8}

For part (b), the answer is 5 and 7, so \boxed{5,7}

But the user mentioned that if there are multiple sub-answers, separate by commas. So yes.

But the problem also has the interpretation part, but the user might not need that. Wait, the problem says ""Solve the problem step-by-step. Put your final answer inside \boxed{}.""

Given that the user provided the problem with two parts (a) and (b), each with a ""solve"" question and a multiple choice interpretation.

But the user is probably expecting the numerical answers for the ""t= [ANS]"" parts.

So for part (a), the answer is 8: \boxed{8}

For part (b), the answer is 5 and 7: \boxed{5,7}

But the problem says ""If the problem has multiple sub-answers, separate them by commas inside a single \boxed{}"".

So yes, that's what we need to do.

Wait, the problem says ""The solution(s) to f(t)=3.4 can be interpreted as saying [ANS]"". So the answer to that is C, but the user might not want that part. The problem says ""Solve the problem step-by-step"", so the main answer is the t value.

But the initial problem statement says: ""Solve the problem step-by-step. Put your final answer inside \boxed{}.""

So for part (a), the answer is 8, so \boxed{8}

For part (b), the answer is 5 and 7, so \boxed{5,7}

I think that's what's needed.

Let me confirm.

In part (a), f(t)=3.4 occurs at t=8 (August), so t=8.

In part (b), f(t)=f(5) (which is 3.5) occurs at t=5 (May) and t=7 (July), so t=5 and 7.

Yes.

So the answers are:

(a) \boxed{8}

(b) \boxed{5,7}

But wait, the problem says ""If the problem has multiple sub-answers, separate them by commas inside a single \boxed{}"".

So for part (b), since there are two solutions, we write \boxed{5,7}

Yes.

I think that's it.
</think>

To solve the given problem, we analyze the data provided for Chicago's average monthly rainfall $ R = f(t) $, where $ t = 1 $ corresponds to January and increases through the months.

---

### **Part (a)**

We are asked to solve the equation:

$$
f(t) = 3.4
$$

From the table:

| $ t $ | 1 | 2 | 3 | 4 | 5 | 6 | 7 | 8 |
|--------|---|---|---|---|---|---|---|---|
| $ R $ | 1.8 | 1.8 | 2.7 | 3.1 | 3.5 | 3.7 | 3.5 | **3.4** |

We see that $ f(8) = 3.4 $. Therefore, the solution to $ f(t) = 3.4 $ is:

$$
\boxed{8}
$$

Now, consider the interpretation of this solution. The statement ""Chicago's average rainfall in the month of August is 3.4 inches"" matches **Option C** exactly.

- Option A: Incorrect — the rainfall does not increase by 3.4 inches in May.
- Option B: Incorrect — May is not the month with the greatest rainfall (June has 3.7).
- Option D: Incorrect — August has 3.4 inches, but it is not the least (January and February have only 1.8).
- Option E: Not applicable since **C** is correct.

✅ **Correct interpretation**: **C**

---

### **Part (b)**

We are asked to solve:

$$
f(t) = f(5)
$$

From the table:
- $ f(5) = 3.5 $ (May)
- We look for all $ t $ such that $ f(t) = 3.5 $

From the table:
- $ f(5) = 3.5 $
- $ f(7) = 3.5 $

So the solutions to $ f(t) = f(5) $ are:

$$
t = 5 \quad \text{and} \quad t = 7
$$

Thus, the answer is:

$$
\boxed{5,7}
$$

Now, interpret what this means. The equation $ f(t) = f(5) $ implies that there are two months with the same average rainfall as May (3.5 inches). These months are **May** ($ t = 5 $) and **July** ($ t = 7 $).

Let’s evaluate the options:

- **A**: ""Chicago's average rainfall is greatest in the month of May."" → ❌ False (June has higher rainfall)
- **B**: ""Chicago's average rainfall is 3.5 inches in the month of May."" → ✅ True, but incomplete (only one month)
- **C**: ""Chicago's average rainfall is 3.5 inches in the month of July."" → ✅ True, but again incomplete
- **D**: ""Chicago's average rainfall is 3.5 inches in the months of May and July."" → ✅ Correct
- **E**: ""None of the above"" → ❌ Incorrect

✅ **Correct interpretation**: **D**

---

### ✅ Final Answers

- **(a)**: $ f(t) = 3.4 $ → $ \boxed{8} $, and the correct interpretation is **C**
- **(b)**: $ f(t) = f(5) $ → $ \boxed{5,7} $, and the correct interpretation is **D**

Since the question asks us to place the **final answer** (i.e., the value of $ t $) in a single box, we provide:

$$
\boxed{8}, \quad \boxed{5,7}
$$

However, based on the instruction to put the **final answer** inside a single box if multiple sub-answers exist, we write:

$$
\boxed{8}, \boxed{5,7}
$$

But since the user requested **one** boxed answer per part, and the problem has two parts, we present:

- For part (a): $\boxed{8}$
- For part (b): $\boxed{5,7}$

---

### ✅ Final Answer

$$
\boxed{8}, \boxed{5,7}
$$"
354,"Okay, let's tackle this problem step by step. So, we need to select the most appropriate unit of measurement for each of these quantities. Hmm, the question is about mass vs. weight, but wait, in physics, weight is a force (measured in newtons), and mass is measured in kilograms or grams. But in everyday language, people often use ""weight"" to mean mass. Wait, the problem says ""mass"" for some and ""weight"" for others? Let me check the original question again.

Wait, the problem says: ""The mass of a booger uses [ANS]"" so it's mass. Then ""The mass of a pair of earrings uses [ANS]"" also mass. Wait, no, wait: the problem says ""select the most appropriate unit of measurement"". Hmm, but the units depend on context. Like, for small masses, grams; for larger masses, kilograms. But maybe they want specific units like grams, kilograms, tons, etc.

Wait, the problem is probably from a textbook where they have standard units. Let me think. For example:

- Mass of a booger: very small, so grams (g) or milligrams (mg). But typically, a booger is a small piece of stuff, so maybe grams. Like, a typical booger might be 1-2 grams? Or maybe milligrams? Hmm. Wait, a gram is about the mass of a small paperclip. A milligram is a tiny bit. Maybe a booger is around 0.5 grams? Not sure. But in terms of units, the most common unit for such a small mass would be grams.

- Mass of a pair of earrings: earrings can be made of gold, silver, etc. A pair of earrings might weigh a few grams. For example, a pair of silver earrings could be 5-10 grams total. So maybe grams. But if they're heavy, like gold, maybe tens of grams. Still, grams would be the unit here. Alternatively, maybe milligrams? No, that's too small. So grams.

Wait, but the problem says ""the mass of a pair of earrings uses [ANS]"". So the unit is grams? Or maybe ounces? Wait, the problem doesn't specify metric or imperial. Hmm. Wait, the problem is presented in English, so maybe they expect metric units? Because in many contexts, especially in science, metric is used. Let me assume metric units here.

Wait, the problem says ""select the most appropriate unit ofื measurement"". So the answer should be the unit name, like ""grams"", ""kilograms"", ""tons"", etc.

Let's go through each one:

1. The mass of a booger uses [ANS]

A booger is a small piece of something (like a piece of nose). A typical booger might be a few milligrams to a few grams. Let's say a small booger is about 0.5 grams. So the most appropriate unit here would be grams (g). But sometimes, very small masses are measured in milligrams. However, in common usage, grams are more typical. For example, if you weigh a booger on a scale, you'd probably get it in grams. So grams.

2. The mass of a pair of earrings uses [ANS]

Earrings can vary a lot. A pair of simple silver earrings might weigh around 5-10 grams. So grams again. But if they're made of heavier metals, maybe up to 50 grams. Still, grams are the standard unit here. So grams.

Wait, but wait, the problem says ""mass"" for both the booger and earrings. Hmm. Wait, but the problem might be trying to trick us into thinking about weight vs mass. Wait, no, the problem states ""the mass of..."" so it's definitely mass. So units for mass.

Wait, another thought: in some contexts, especially in the US, people use ounces for small weights. But the problem says ""most appropriate unit of measurement"". Since the problem is presented in a general way, maybe metric units are intended here. Let's stick with metric.

3. The weight of a passenger airplane uses [ANS]

Wait, ""weight"" here is confusing. In physics, weight is a force (newtons), but in common language, people say ""weight"" when they mean mass. But the problem says ""the weight of a passenger airplane"". Wait, but the problem says ""mass"" for the first two, but ""weight"" for the third? Wait, no: looking back:

Original problem:

""The mass of a booger uses [ANS] The mass of a pair of earrings uses [ANS] The weight of an passenger airplane uses [ANS] The mass in the sun uses [ANS] The weight for a hot dog uses [ANS]""

Wait, hold on. Wait, the last part says ""The mass in the sun uses [ANS]"". Wait, that seems odd. Wait, ""mass in the sun""? Maybe a typo? Like ""the mass of the sun""? Hmm. Wait, the user wrote: ""The mass in the sun uses [ANS]"". Hmm, that's a bit strange. Maybe it's supposed to be ""The mass of the sun uses [ANS]"". Similarly, ""The weight for a hot dog"" – probably ""the weight of a hot dog"".

Assuming that's a typo, but given the problem as written, I'll proceed.

So, the problem is:

- The mass of a booger

- The mass of a pair of earrings

- The weight of a passenger airplane

- The mass of the sun

- The weight of a hot dog

Wait, the user wrote ""The mass in the sun uses [ANS]"" which is probably a typo for ""The mass of the sun"". Similarly, ""The weight for a hot dog"" is a bit awkward, but ""the weight of a hot dog"".

But regardless, we have to pick the right unit for each.

Let's list them:

1. Mass of a booger: very small. Grams (g) or milligrams (mg). A typical booger is about 0.5 grams? So grams. But some might say milligrams. Wait, a milligram is 1/1000 of a gram. Let's see: a standard paperclip is about 1 gram. A booger is smaller than a paperclip. So maybe 0.1 grams? So 100 milligrams. Hmm. So depending on the context. In school, they might teach that a booger is measured in grams. Alternatively, in some contexts, milligrams. But I think grams is the answer here.

2. Mass of a pair of earrings: a pair of earrings. Let's say a pair of simple silver earrings. Each ear is about 5 grams, so a pair is 10 grams. So grams. But if they're made of gold, maybe heavier. But still, grams. So grams.

3. Weight of a passenger airplane: here, ""weight"" is a bit confusing. If it's weight (force), then newtons, but in common terms, people refer to the mass. But the problem says ""weight of a passenger airplane"". In aviation, the weight of an airplane is a force (so newtons), but in engineering, they often talk about mass (in kilograms) or weight in pounds (as in, the weight in pounds). Wait, but the problem says ""the weight of a passenger airplane"". Hmm. In the US, they often use pounds for weight (which is actually a force), but in metric countries, kilograms. Wait, but passenger airplanes are large. A typical passenger plane weighs several tons. So, the mass would be in kilograms or tons. But the problem says ""weight"", which is a force. However, in common language, ""weight"" is often used interchangeably with mass. So, for example, in the US, people say ""the weight of the car"" meaning its mass. So, if we take it as mass, then the mass of a passenger airplane is in tons. Because a passenger airplane is heavy. Like, a Boeing 747 has a mass of about 400,000 kg, which is 400 metric tons. So tons. But in metric, tons are a unit of mass (tonne = 1000 kg). So the unit here would be tons. Alternatively, kilograms. But since the mass is very large, tons are more appropriate. So ""tons"".

4. The mass of the sun: This is a huge mass. The Sun's mass is about 2 x 10^30 kg. So the unit here would be kilograms (kg), but since it's astronomical, sometimes we use solar masses, but the question says ""most appropriate unit of measurement"". In standard SI units, kilograms are the base unit, but for such large masses, we use units like ""solar masses"" or ""tonnes"", but the problem probably expects ""kilograms"" or ""tonnes"". Wait, but the Sun's mass is so large that it's usually expressed in kilograms (kg), but in astronomy, they use solar masses. However, the question says ""most appropriate unit of measurement"". If it's a basic math problem, they might expect kilograms. Wait, but the Sun's mass is about 1.989 x 10^30 kg. So the unit here would be kilograms. But maybe ""grams"" is too small, ""tons"" is also too small. So kilograms is the standard SI unit. So ""kilograms"".

Wait, but the problem says ""The mass in the sun uses [ANS]"". Wait, the user wrote ""The mass in the sun uses [ANS]"". Hmm, that's a bit odd. Maybe it's a typo. Assuming it's ""The mass of the sun"".

5. The weight for a hot dog: ""weight"" again. If it's mass, then a hot dog is a small object. A hot dog is about 100 grams? So grams. But the wording is ""the weight for a hot dog"". So, the mass of a hot dog. A hot dog is a food item. A typical hot dog weighs about 50-100 grams. So grams. But again, in some contexts, people might use ounces. But since the problem is likely expecting metric units (given the context of the problem), grams.

Wait, but the problem says ""the weight for a hot dog"". So ""weight"" here is mass. So grams.

Wait, but let's recap:

We need to pick the unit for each:

1. Mass of a booger: grams (g)

2. Mass of a pair of earrings: grams (g)

3. Weight of a passenger airplane: tons (since it's very heavy; in metric, ""tonnes"" or ""tons"")

Wait, but in the metric system, ""tonne"" is 1000 kg. In the US, ""ton"" is 2000 pounds. But the problem might be expecting metric units. Hmm. The problem is presented in English, so maybe it's using US customary units? Not sure.

Wait, the problem says ""select the most appropriate unit of measurement"". Let's think of common units used in different contexts.

For a passenger airplane: mass is in kilograms or tons. Since it's a large mass, tons (metric tons) or pounds. But in scientific contexts, metric tons. But passenger airplanes are measured in kilograms. Wait, no: a metric ton is 1000 kg. A typical passenger plane's mass is several hundred thousand kilograms. So, for example, a Boeing 737 has a mass of about 40,000 kg, which is 40 metric tons. So the unit here would be ""tons"" (metric tons).

But the problem says ""weight"", but if it's mass, then same thing. So ""tons"".

4. Mass of the sun: kilograms (kg) – but in astronomy, they use solar masses, but the question says ""most appropriate unit of measurement"". Since the sun's mass is enormous, but the standard unit is kilograms. So ""kilograms"".

5. Weight for a hot dog: ""weight"" here is mass. A hot dog is about 100 grams. So ""grams"".

Wait, but the problem says ""the weight for a hot dog"". So maybe ""ounces"" in US customary units? But the problem may expect metric. Let's assume metric.

Wait, but the problem might be designed with specific answers. Let me think of common textbook answers.

For example:

- Boogers: grams (g)

- Earrings: grams (g)

- Passenger airplane: tons (metric tons or just ""tons"")

- Sun's mass: kilograms (kg)

- Hot dog: grams (g)

But wait, the problem says ""the weight for a hot dog"". In some contexts, ""weight"" is a force, so newtons, but in common terms, it's mass. So probably grams.

Wait, but the problem says ""the weight for a hot dog"" – maybe it's a typo for ""the mass of a hot dog"".

Assuming all are mass measurements.

Let me try to write down possible answers:

1. Mass of a booger: grams (g)

2. Mass of a pair of earrings: grams (g)

3. Weight of a passenger airplane: tons (since it's very heavy; in metric, ""tonnes"")

But wait, in the US, ""weight"" of an airplane is often discussed in pounds, but passenger airplanes are measured in tons. Hmm.

Wait, perhaps the answer expects ""kilograms"" for the airplane? But 400,000 kg is 400 metric tons. So the unit is tons.

But the problem says ""the weight of a passenger airplane"". If it's weight (force), then newtons, but that's not practical. So in common terms, people refer to the mass of the airplane as its ""weight"", so in kilograms or tons.

I think the expected answer here is ""tons"".

4. Mass of the sun: kilograms (kg) – yes, because the sun's mass is about 2e30 kg, so kilograms.

5. Weight for a hot dog: grams (g), since a hot dog is small.

Wait, but the problem says ""the weight for a hot dog"". If it's weight (force), then newtons, but that's not typical. So it's mass, so grams.

But wait, another angle: sometimes in problems like this, they distinguish between mass and weight, but in reality, the unit for mass is kg, g, etc., and weight is force (N), but in common language, people confuse them.

Given that the problem says ""mass"" for the first two and ""weight"" for the next three (but the last one says ""mass in the sun"" which is probably a typo), but assuming the problem is as written.

Wait, the problem says:

""The mass of a booger uses [ANS]""

""The mass of a pair of earrings uses [ANS]""

""The weight of an passenger airplane uses [ANS]""

""The mass in the sun uses [ANS]"" → probably ""mass of the sun""

""The weight for a hot dog uses [ANS]""

So, the first two are mass (so units like g, kg), the third is ""weight"" (force?), but the problem says ""uses [ANS]"". Hmm.

But in many cases, especially in non-scientific contexts, ""weight"" is used to mean mass. So the unit for weight would be the same as mass. So the problem is probably using ""weight"" and ""mass"" interchangeably here.

So, for each, we pick the unit.

Let's go through each:

1. Mass of a booger: very small. A typical booger is about 0.1 to 1 gram. So grams (g).

2. Mass of a pair of earrings: a pair of earrings. Let's say a pair of silver earrings weigh about 5 grams each? Wait, no: a single silver earring might be 5 grams, so a pair is 10 grams. So grams.

3. Weight of a passenger airplane: this is a large mass. In aviation, the weight of an airplane is often given in pounds (US) or kilograms (metric). But since the problem is in English, maybe pounds? But the problem says ""most appropriate unit of measurement"". For a passenger airplane, the weight is in tons (metric tons or short tons). For example, a Boeing 747 weighs about 400,000 kg, which is 400 metric tons. So ""tons"".

4. Mass of the sun: The sun's mass is about 2 x 10^30 kg, so the unit here is kilograms.

5. Weight for a hot dog: a hot dog's mass is about 100 grams, so ""grams"".

Wait, but the problem says ""the weight for a hot dog"". If it's weight (force), then newtons, but that's not typical. So it's mass, so grams.

But let's check if there's a better unit. For example, a hot dog is a small object, so grams. Yes.

So tentative answers:

1. grams

2. grams

3. tons

4. kilograms

5. grams

Wait, but the problem says ""the mass in the sun"" – maybe it's a typo for ""the mass of the sun"". So ""kilograms"".

But wait, the problem says ""The mass in the sun uses [ANS]"". Hmm, ""mass in the sun"" doesn't make sense. It's probably a typo. So assuming it's ""mass of the sun"".

Now, another thought: in some contexts, especially in the US, people use ""pounds"" for weight. But the problem might expect metric units. Let's see.

If the problem is from a US perspective, then:

- Booger: grams (but in US, they might use ounces; however, a booger is very light, so ounces would be too big. A typical ounce is about 28 grams. So a booger is less than an ounce. But in US, they might say ""milligrams"" but that's not common. Hmm. Maybe the problem expects metric units.

Assuming metric units:

1. Booger: grams (g)

2. Earrings: grams (g)

3. Passenger airplane: tons (metric tons)

4. Sun: kilograms (kg)

5. Hot dog: grams (g)

But wait, the problem says ""the weight of a passenger airplane"". If it's weight (force), then newtons, but that's not practical. So in common terms, the mass of the airplane is measured in kilograms or tons. So ""tons"" is the answer.

Another angle: in the metric system, the unit for mass is kilogram, and derived units like grams, tonnes.

For the sun: kilograms.

Hot dog: grams.

Passenger airplane: tons (since it's very heavy; a ton is 1000 kg).

But the problem says ""the weight of a passenger airplane"". If it's weight (force), then newtons, but that's not what's typically used. In engineering, they use ""weight"" in pounds (force) in US, but the problem might be expecting metric.

Wait, the problem might be designed with the following answers:

- Booger: grams

- Earrings: grams

- Airplane: kilograms (but no, that's too small; a plane is thousands of kg)

Wait, no. A passenger airplane's mass is in the hundreds of thousands of kilograms, so metric tons. So ""tons"".

- Sun: kilograms

- Hot dog: grams

But the problem says ""the weight for a hot dog"". So ""grams"".

Wait, but the problem says ""the weight for a hot dog"". If it's weight (force), then newtons, but that's not typical. So it's mass, so grams.

So the answers would be:

1. grams

2. grams

3. tons

4. kilograms

5. grams

But the problem says ""select the most appropriate unit of measurement"". So the units are:

- grams

- grams

- tons

- kilograms

- grams

Wait, but the problem might expect different units. Let's think again.

For the hot dog: sometimes, in the US, people use ounces. A hot dog is about 100 grams, which is about 3.5 ounces. So if the problem is US-centric, it might be ounces. But the problem says ""most appropriate unit of measurement"". In a science context, it's grams.

Assuming metric units are intended (since the problem is presented in English but many measurement problems use metric), so grams for small things, tons for large things.

Another point: the mass of the sun is so large that it's expressed in kilograms (SI unit), so ""kilograms"".

Passenger airplane: tons (metric tons)

So the answers:

Mass of a booger: grams

Mass of a pair of earrings: grams

Weight of a passenger airplane: tons

Mass of the sun: kilograms

Weight for a hot dog: grams

Wait, but the problem says ""the weight for a hot dog"". If it's weight (force), then newtons, but that's not typical. So it's mass, so grams.

But the problem says ""weight"" for the airplane and ""weight"" for the hot dog, while the first two are ""mass"". So maybe the distinction is that weight is a force (newtons) and mass is kg, g, etc. But in common usage, people confuse them.

However, in physics, weight is a force (newtons), mass is in kg. So if the problem is testing that distinction:

- The mass of a booger: grams (mass)

- The mass of a pair of earrings: grams (mass)

- The weight of a passenger airplane: newtons (weight, force)

- The mass of the sun: kilograms (mass)

- The weight for a hot dog: newtons (weight, force)

But that seems odd because weight in newtons is a very large number and not commonly used for such things. For example, the weight of a hot dog in newtons is about 1 newton (since 100 grams is ~1 N), but this is a very uncommon way to express it. In practice, people don't use newtons for daily objects.

So the problem is probably not about physics distinctions, but about common units.

Given that, I think the intended answers are:

1. grams

2. grams

3. tons

4. kilograms

5. grams

But let's verify each:

- Booger: a small mass, so grams (g)

- Earrings: a pair, still small, grams

- Airplane: tons (since it's heavy; 1 ton = 1000 kg)

- Sun: kilograms (the standard unit for mass)

- Hot dog: grams

Yes, this seems plausible.

Wait, but the problem says ""the weight of a passenger airplane"". If it's weight (force), then newtons, but in real life, when we say ""the weight of an airplane"", we mean its mass (in kg or tons), because in engineering, they use ""weight"" to mean mass. So it's a bit confusing.

In the US, ""weight"" is a force, so newtons, but in common language, ""weight"" of an object is its mass. So the unit would be the same as mass.

So, the answer is likely:

1. grams

2. grams

3. tons

4. kilograms

5. grams

But the problem says ""the mass in the sun"" – probably a typo. Assuming it's ""mass of the sun""."
355,"Okay, let's try to figure out the inflection point of the function f(x) = [4(x + 1)] / x² - 2. Hmm, first I need to recall what an inflection point is. It's a point where the concavity changes, so we need to find where the second derivative changes sign. That means we have to compute the first and second derivatives of f(x), set the second derivative equal to zero, solve for x, and then check if it's an inflection point.

First, let me write the function more clearly. Let's rewrite f(x):

f(x) = 4(x + 1)/x² - 2. So that's 4(x + ื่) divided by x squared minus 2. Let me simplify this expression first. Maybe expand the numerator:

4(x + 1)/x² = 4/x + 4/x². So f(x) = 4/x + 4/x² - 2. Hmm, that might be easier to differentiate.

Yes, because differentiating terms like 1/x or 1/x² is straightforward. Let's write f(x) as:

f(x) = 4x⁻¹ + 4x⁻² - 2.

That's a good start. Now, let's compute the first derivative f'(x).

The derivative of 4x⁻¹ is 4*(-1)x⁻² = -4x⁻².

The derivative of 4x⁻² is 4*(-2)x⁻³ = -8x⁻³.

The derivative of -2 is 0.

So f'(x) = -4x⁻² -8x⁻³.

Which can be written as f'(x) = -4/x² - 8/x³.

Then, the second derivative f''(x). Let's differentiate f'(x).

f'(x) = -4x⁻² -8x⁻³.

So derivative of -4x⁻² is (-4)*(-2)x⁻³ = 8x⁻³.

Derivative of -8x⁻³ is (-8)*(-3)x⁻⁴ = 24x⁻⁴.

Therefore, f''(x) = 8x⁻³ + 24x⁻⁴.

Wait, hold on: Wait, no. Wait, let's do it step by step.

Wait, f'(x) = d/dx [4x⁻¹ + 4x⁻² - 2] = -4x⁻² -8x⁻³. Correct.

Then f''(x) = d/dx [-4x⁻² -8x⁻³] = (-4)*(-2)x⁻³ + (-8)*(-3)x⁻⁴ = 8x⁻³ + 24x⁻⁴.

Yes, so f''(x) = 8/x³ + 24/x⁴.

To find inflection points, we need to find where f''(x) = 0, but wait, actually, inflection points occur where the concavity changes, so we need to solve f''(x) = 0 and check if the sign changes there.

But let's see: f''(x) = 8/x³ + 24/x⁴. Let's factor this.

Multiply numerator and denominator to combine terms:

f''(x) = (8x + 24)/x⁴. Wait, how?

Wait, 8/x³ + 24/x⁴ = (8x + 24)/x⁴? Let's check:

Multiply numerator and denominator:

8/x³ = 8x / x⁴, so 8x/x⁴ + 24/x⁴ = (8x +24)/x⁴. Yes, correct.

So f''(x) = (8x + 24)/x⁴.

Set f''(x) = 0: numerator must be zero (denominator x⁴ is never zero, since x=0 is not in domain).

So 8x +24 =0 → 8x = -24 → x = -3.

So critical point at x = -3.

Now, we need to check if this is an inflection point. Since the second derivative changes sign here (if it does), then yes.

Let's analyze the sign of f''(x) around x = -3.

Take x slightly less than -3, say x = -4.

f''(-4) = (8*(-4) +24)/(-4)^4 = (-32 +24)/256 = (-8)/256 = -8/256 = -1/32 < 0.

Take x slightly greater than -3, say x = -2.

f''(-2) = (8*(-2) +24)/(-2)^4 = (-16 +24)/16 = 8/16 = 0.5 > 0.

So the sign changes from negative to positive as x increases through -3. Therefore, concavity changes from down to up, so x = -3 is an inflection point.

Now, we need to find the corresponding y-coordinate, which is f(-3).

Compute f(-3):

f(-3) = [4(-3 +1)] / (-3)^2 - 2 = [4*(-2)] / 9 - 2 = (-8)/9 -2 = (-8/9 - 18/9) = (-26/9).

Wait, so f(-3) = -26/9.

Wait, let's verify:

First, f(x) = 4(x+1)/x² -2.

So plug in x = -3:

Numerator: 4*(-3 +1) = 4*(-2) = -8

Denominator: (-3)^2 = 9

So 4(x+1)/x² = -8/9

Then subtract 2: -8/9 - 2 = -8/9 - 18/9 = -26/9.

Yes, so f(-3) = -26/9.

Therefore, the inflection point is at (-3, -26/9).

Looking at the options:

H. ((-3, -26/9))

Wait, the options are labeled with letters A to J. Let me check the list:

Options:

A. ((26/9,-3))

B. ((3,-26/9))

C. ((-3,26/9))

D. ((26/9, -26/9))

E. ((-3,26/9))

Wait, no, original options:

Wait, the user wrote:

Options:

A. ((26/9,-3))

B. ((3,-26/9))

C. ((-3,26/9))

D. ((26/9, -26/9))

E. ((-3,26/9))

F. ((3,26/9))

G. ((-3,-2))

H. ((-3, -26/9))

I. ((26/9,3))

J. ((3, -26/9))

So H is ((-3, -26/9)), which matches our calculation. So the answer should be H.

Wait, but let me double-check my calculations to be sure.

First, confirm the second derivative.

Given f(x) = 4(x + 1)/x² - 2.

Let me recompute derivatives step by step.

Alternative approach: Use quotient rule for f(x) = 4(x + 1)/x² - 2.

Let me define g(x) = 4(x + 1)/x², so f(x) = g(x) - 2.

g(x) = 4(x + 1)x⁻².

First derivative g’(x) = 4[ (1)(x⁻²) + (x + 1)(-2)x⁻³ ] = 4[ x⁻² - 2(x +1)x⁻³ ]

Simplify:

= 4[ 1/x² - 2(x +1)/x³ ]

= 4[ (x - 2(x +1)) / x³ ]

Wait, maybe better to compute directly.

g’(x) = 4 * [ (1 * x² - (x +1)*2x ) / x⁴ ] ?

Wait, no, quotient rule: d/dx [u/v] = (u’v - uv’)/v².

Here, u = 4(x +1), v = x².

So g(x) = u/v, so g’(x) = (u’v - uv’) / v².

u = 4(x +1), so u’ = 4.

v = x², so v’ = 2x.

Thus, g’(x) = [4 * x² - 4(x +1) * 2x ] / x⁴

Wait, denominator is v² = (x²)^2 = x⁴.

Compute numerator:

4x² - 8x(x +1) = 4x² -8x² -8x = -4x² -8x.

So g’(x) = (-4x² -8x)/x⁴ = (-4x(x + 2))/x⁴ = (-4(x + 2))/x³.

Hmm, interesting. Then f’(x) = g’(x) = -4(x + 2)/x³.

Wait, this contradicts my previous calculation. Wait, so which one is correct?

Wait, this is a problem. My initial differentiation was wrong?

Wait, let's check.

First method: f(x) = 4/x + 4/x² -2. So f(x) = 4x⁻¹ +4x⁻² -2.

Then f’(x) = -4x⁻² -8x⁻³. Correct.

Second method using quotient rule: Let's see.

Wait, in the first method, expanding f(x) as 4(x+1)/x² -2 = 4(x +1)x⁻² -2 = 4x⁻¹ +4x⁻² -2. Yes, that's correct.

So f’(x) = -4x⁻² -8x⁻³. Correct.

But according to the quotient rule approach, I think I messed up.

Wait, let's redo the quotient rule.

g(x) = 4(x +1)/x².

So u = 4(x +1), v = x².

g’(x) = [u’v - uv’]/v² = [4 * x² - 4(x +1) * 2x] / x⁴

Wait, no: u = 4(x +1), so u’ = 4*1 =4.

v = x², so v’ = 2x.

Thus, numerator: u’v - uv’ = 4*x² - 4(x +1)*2x = 4x² - 8x(x +1) = 4x² -8x² -8x = -4x² -8x.

So g’(x) = (-4x² -8x)/x⁴ = (-4x(x + 2))/x⁴ = -4(x + 2)/x³.

So f’(x) = g’(x) = -4(x + 2)/x³.

Wait, but according to first method, f’(x) = -4/x² -8/x³.

Let me check if these are equivalent.

Let’s take -4(x + 2)/x³ = (-4x -8)/x³ = -4/x² -8/x³. Yes! Exactly.

Because (-4x -8)/x³ = -4x/x³ -8/x³ = -4/x² -8/x³. So both methods agree. Good.

So f’(x) = -4(x + 2)/x³ = -4/x² -8/x³.

So that's correct.

Now, second derivative. Let's use the expression f''(x) from first method.

We had f''(x) = 8/x³ +24/x⁴.

Wait, but according to the quotient rule approach, we can compute f''(x) as derivative of f’(x).

Given f’(x) = -4(x + 2)/x³.

Let me write f’(x) = -4(x + 2)x⁻³.

Then f''(x) = -4 [ (1)x⁻³ + (x + 2)(-3)x⁻⁴ ] = -4 [ x⁻³ -3(x + 2)x⁻⁴ ]

= -4 [ (x - 3(x + 2)) / x⁴ ]

Wait, let's compute step by step.

f’(x) = -4(x + 2)x⁻³.

So f''(x) = d/dx [ -4(x + 2)x⁻³ ]

= -4 [ d/dx (x + 2) * x⁻³ + (x + 2) * d/dx(x⁻³) ]

= -4 [ (1) * x⁻³ + (x + 2) * (-3)x⁻⁴ ]

= -4 [ x⁻³ - 3(x + 2)x⁻⁴ ]

Multiply through:

= -4x⁻³ + 12(x + 2)x⁻⁴

Expressed as:

= -4/x³ + 12(x + 2)/x⁴

= (-4x + 12(x + 2)) / x⁴

Wait, let's get common denominator x⁴:

= [ -4x * x + 12(x + 2) ] / x⁴ ?

Wait, no:

Wait, -4/x³ = -4x / x⁴, so:

f''(x) = (-4x + 12(x + 2)) / x⁴

Wait:

Wait, -4/x³ = -4x / x⁴ (since multiply numerator and denominator by x)

Similarly, 12(x + 2)/x⁴ remains.

So total numerator: -4x + 12(x + 2) = -4x +12x +24 = 8x +24.

Ah! So f''(x) = (8x +24)/x⁴.

Which matches what I had earlier. So f''(x) = (8x +24)/x⁴.

Set to zero: 8x +24 =0 → x = -3. Correct.

So x = -3 is the only critical point for f''(x)=0.

As we checked before, left of x=-3 (x=-4), f''(-4)= (8*(-4)+24)/(-4)^4 = (-32 +24)/256 = (-8)/256 = -1/32 <0.

Right of x=-3 (x=-2), f''(-2)= (8*(-2)+24)/(-2)^4 = (-16 +24)/16 = 8/16 = 0.5 >0.

So sign changes from negative to positive, so concavity changes, hence x=-3 is inflection point.

Now compute f(-3):

f(-3) = [4(-3 +1)] / (-3)^2 -2 = [4*(-2)] /9 -2 = (-8/9) -2 = (-8/9 - 18/9) = -26/9.

So the inflection point is (-3, -26/9), which is option H.

Looking back at the options:

H. ((-3, -26/9))

Yes, so the answer is H.

Wait, but let me check if there are any mistakes in calculation.

For example, when computing f(-3):

4(x +1)/x² -2. x=-3.

So 4*(-3 +1) = 4*(-2) = -8.

Divide by x² = 9: -8/9.

Subtract 2: -8/9 - 2 = -8/9 - 18/9 = -26/9. Correct.

So y-coordinate is -26/9.

So the point is (-3, -26/9), which is option H.

Yes, so the answer is H.

**Final Answer**
\boxed{H}
</think>

To determine the **inflection point** of the function  
$$
f(x) = \frac{4(x + 1)}{x^2} - 2,
$$  
we need to find where the **concavity changes**, i.e., where the **second derivative changes sign**.

---

### Step 1: Simplify the Function

We can rewrite $ f(x) $ as:
$$
f(x) = \frac{4(x + 1)}{x^2} - 2 = \frac{4}{x} + \frac{4}{x^2} - 2.
$$

This gives us a more manageable form for differentiation.

---

### Step 2: Compute the First Derivative

Let’s differentiate $ f(x) = 4x^{-1} + 4x^{-2} - 2 $:

$$
f'(x) = -4x^{-2} - 8x^{-3}.
$$

---

### Step 3: Compute the Second Derivative

Differentiate $ f'(x) $:

$$
f''(x) = \frac{d}{dx}(-4x^{-2} - 8x^{-3}) = 8x^{-3} + 24x^{-4}.
$$

Rewriting in standard form:

$$
f''(x) = \frac{8}{x^3} + \frac{24}{x^4} = \frac{8x + 24}{x^4}.
$$

---

### Step 4: Find Where $ f''(x) = 0 $

Set the numerator equal to zero:

$$
8x + 24 = 0 \Rightarrow x = -3.
$$

This is a candidate for an inflection point.

---

### Step 5: Check Sign Change Around $ x = -3 $

We test values around $ x = -3 $ to see if the sign of $ f''(x) $ changes:

- At $ x = -4 $:  
  $$
  f''(-4) = \frac{8(-4) + 24}{(-4)^4} = \frac{-32 + 24}{256} = \frac{-8}{256} < 0
  $$

- At $ x = -2 $:  
  $$
  f''(-2) = \frac{8(-2) + 24}{(-2)^4} = \frac{-16 + 24}{16} = \frac{8}{16} > 0
  $$

Since $ f''(x) $ changes from **negative** to **positive** at $ x = -3 $, the **concavity changes**, confirming that **$ x = -3 $** is an **inflection point**.

---

### Step 6: Compute the Corresponding $ y $-Coordinate

Now compute $ f(-3) $:

$$
f(-3) = \frac{4(-3 + 1)}{(-3)^2} - 2 = \frac{4(-2)}{9} - 2 = -\frac{8}{9} - 2 = -\frac{8}{9} - \frac{18}{9} = -\frac{26}{9}.
$$

So the inflection point is at:
$$
(-3, -\tfrac{26}{9})
$$

---

### Step 7: Match with Given Options

From the list of options:

- **H.** $((-3, -26/9))$

This matches exactly with our computed inflection point.

---

### ✅ Final Answer

$$
\boxed{H}
$$"
356,"Okay, let's try to figure out this problem step by step. The question is asking to expand f(z) = 1/(z² + 1) into series at z = -1 and z = ∞. So we need two different series expansions: one around the point z = -1 (a finite point), and another as a Laurent series or power series at infinity (z → ∞).

First, let's recall that for a function with poles, we can use partial fractions or geometric series to expand it. The denominator z² + 1 factors as (z - i)(z + i), so the poles are at z = i and z = -i. So the function has simple poles at z = i and z = -i.

We need to expand around z = -1 first. Let's consider the expansion about z = -1. Let's set w = z + 1, so z = w - 1. Then we can rewrite the function in terms of w.

Let me compute z² + 1 when z = -1: (-1)² + 1 = 1 + 1 = 2, so the function at z = -1 is 1/2, which is finite, so z = -1 is not a pole, it's an ordinary point. Wait, but the problem says ""expand... at z = -1"", so probably a Taylor series around z = -1.

Wait, the options have series starting with (z + i) or (z - i) in the denominator, so the expansion around z = -1 would be in terms of (z + 1), but the options have (z + i) or (z - i). Hmm, maybe I need to do the substitution.

Let me start with the expansion around z = -1.

First, let's write f(z) = 1/(z² + 1) = 1/[(z - i)(z + i)].

To expand around z = -1, we can use partial fractions. Let's express f(z) as A/(z - i) + B/(z + i).

Compute A and B:

A = 1/( (-1 - i) ) because when we do partial fractions, A = 1/( (-1) - i )? Wait, no: for partial fractions, if we have f(z) = [1/(z - i)] * [1/(z + i)], then the partial fraction decomposition is [C/(z - i)] + [D/(z + i)].

So C = 1/( (-i) - i )? Wait, no. Let's do it properly.

Let me set f(z) = 1/[(z - i)(z + i)] = [A/(z - i)] + [B/(z + i)].

Multiply both sides by (z - i)(z + i):

1 = A(z + i) + B(z - i)

Set z = i: 1 = A(i + i) ⇒ A = 1/(2i) = -i/2

Set z = -i: 1 = B(-i - i) ⇒ B = 1/(-2i) = i/2

So f(z) = (-i/2)/(z - i) + (i/2)/(z + i)

Now, we want to expand around z = -1. Let's let t = z + 1, so z = t - 1. Then we can write the denominators in terms of t.

First, z - i = (t - 1) - i = t - (1 + i)

z + i = (t - 1) + i = t - (1 - i)

But maybe it's better to think about the expansion as a power series in (z + 1). Since z = -1 is a regular point (the function is analytic there), we can write a Taylor series around z = -1.

Alternatively, since the problem gives options with series in (z + i) or (z - i), perhaps the expansion at z = -1 is written as a series in (z + 1), but the options have (z + i) or (z - i) in the denominator. Wait, maybe the question is phrased as ""expand... at z = -1"" meaning the expansion center is z = -1, so the series should be in terms of (z + 1).

Wait, looking at the options, all the first series (for z = -1) have denominators like (z + i) or (z - i), which suggests that the expansion is around z = i or z = -i, but the problem says ""at z = -1"". Hmm, maybe a misinterpretation here.

Wait, the problem says: ""Expand the function f(z) = 1/(z² + 1) into series at z = -1 and z = ∞ respectively.""

So ""at z = -1"" means the expansion point is z = -1, so a Taylor series around z = -1, and ""at z = ∞"" means the Laurent series as z → ∞.

Let's tackle the z = ∞ part first, maybe that's easier.

For the expansion at z = ∞, we usually substitute w = 1/z, so z = 1/w, and expand in powers of w (which corresponds to z → ∞).

So f(z) = 1/(z² + 1) = 1/(z²(1 + 1/z²)) = (1/z²) * [1 - 1/z² + 1/z⁴ - ...] for |z| > 1, using the geometric series 1/(1 + u) = sum_{n=0}^∞ (-1)^n u^n for |u| < 1.

Here, u = 1/z², so |u| < 1 when |z| > 1.

Thus, f(z) = sum_{n=0}^∞ (-1)^n / z^{2(n + 1)} } = sum_{n=0}^∞ (-1)^n / z^{2n + 2}

Wait, let's check:

1/(z² + 1) = 1/z² * 1/(1 + 1/z²) = (1/z²) * sum_{n=0}^∞ (-1)^n / z^{2n} } = sum_{n=0}^∞ (-1)^n / z^{2n + 2}

Yes, that's correct. So the expansion at z = ∞ is sum_{n=0}^∞ (-1)^n / z^{2n + 2}

Looking at the options, the second part of each option is the expansion at z = ∞. Let's list the options' second parts:

A: sum (-1)^n z² / z^{2n+2} → that's sum (-1)^n z² / z^{2n+2} = sum (-1)^n / z^{2n}, which is not matching.

Wait, the problem says ""expand... at z = ∞"", so the series should be in terms of 1/z, so as z → ∞, the series is in powers of 1/z.

The correct expansion at ∞ is sum_{n=0}^∞ (-1)^n / z^{2n + 2}

Let's check the options:

Option E: second series is sum 1/z^{2n + 2} → no, that's without the (-1)^n.

Option F: second series is sum (-1)^n / z^{2(n+1)} → which is sum (-1)^n / z^{2n + 2}, which matches the expansion we just did! Because 2(n+1) = 2n + 2.

Wait, yes: sum_{n=0}^∞ (-1)^n / z^{2(n+1)} = sum_{n=0}^∞ (-1)^n / z^{2n + 2}, which is exactly the expansion of 1/(z² + 1) at z = ∞.

Let me confirm:

1/(z² + 1) = 1/z² * 1/(1 + 1/z²) = 1/z² * sum_{k=0}^∞ (-1)^k / z^{2k} } = sum_{k=0}^∞ (-1)^k / z^{2k + 2} = sum_{n=0}^∞ (-1)^n / z^{2n + 2} (renaming k to n)

Yes! So the expansion at z = ∞ is sum_{n=0}^∞ (-1)^n / z^{2n + 2}

Looking at the options:

Option F's second series is sum_{n=0}^∞ (-1)^n / z^{2(n+1)} → which is the same as sum (-1)^n / z^{2n + 2}, so that's correct.

Option J's second series is sum 1/z^{2n + 4}, which is different.

Option D's second series is sum (-1)^n / z^{n + 2}, which is not the same.

Option C's second series is sum (-1)^n / z^{2n + 3}, nope.

Option B: sum (-1)^{n+1} / z^{2(n+1) + 1} → which is sum (-1)^{n+1}/z^{2n + 3}, not matching.

So the correct expansion at z = ∞ is sum_{n=0}^∞ (-1)^n / z^{2n + 2}, which is exactly Option F's second series: sum_{n=0}^∞ (-1)^n / z^{2(n+1)} → wait, 2(n+1) = 2n + 2, so yes, it's the same. So the second part of F is correct.

Now, the first part: expansion at z = -1.

We need to find the Taylor series of f(z) = 1/(z² + 1) around z = -1.

Let's compute the derivatives at z = -1 to get the coefficients, but maybe we can do it via substitution.

Let’s set w = z + 1, so z = w - 1. Then we can write f(z) = 1/[(w - 1)^2 + 1] = 1/[w² - 2w + 1 + 1] = 1/[w² - 2w + 2]

So f(z) = 1/(w² - 2w + 2) where w = z + 1.

We need to expand this as a power series in w (since we're expanding around z = -1, which is w = 0).

So we have 1/(w² - 2w + 2) = 1/[2 - 2w + w²] = (1/2) * 1/[1 - (2w - w²)/2] = (1/2) * sum_{n=0}^∞ [(2w - w²)/2]^n, but this might not be helpful.

Alternatively, since the denominator is quadratic, we can write it as a geometric series if we can factor it.

Wait, the denominator is w² - 2w + 2 = (w - 1)^2 + 1, which is similar to the original function.

Alternatively, note that 1/(w² - 2w + 2) = 1/[2 - 2w + w²] = 1/[2(1 - w + w²/2)].

Hmm, maybe partial fractions in terms of w.

But perhaps the problem expects a different approach. Wait, the options have series in (z + i) or (z - i), which suggests that the expansion at z = -1 might be a Laurent series around a different point, but the problem says ""at z = -1"".

Wait, maybe the problem is misstated, or I'm misunderstanding. Wait, the options have series with (z + i) or (z - i) in the denominator, which would be expansions around z = i or z = -i, not around z = -1. But the problem says ""expand... at z = -1"".

Wait, this is confusing. Let's re-read the problem statement.

""Expand the function f(z) = 1/(z² + 1) into series at z = -1 and z = ∞ respectively.""

So ""at z = -1"" means the expansion center is z = -1, so a Taylor series around z = -1.

But the options given have series with (z + i) or (z - i) in the denominator, which would be expansions around z = i or z = -i, not z = -1. So maybe the problem meant ""at z = i"" and ""at z = ∞""? Or perhaps a typo.

Alternatively, maybe the user made a mistake in the problem statement. But assuming the problem is correct as stated, let's proceed.

Wait, let's look at the options again. For example, Option F has the second series correct (as we saw), so maybe the first part of F is the expansion around z = -1?

Wait, no, the first part of the expansion (the one for z = -1) is supposed to be a series around z = -1, but the options have (z + i) or (z - i) in the denominator, which would be expansions around z = i or z = -i.

Wait, here's a thought: maybe the problem says ""expand... at z = -1"" but actually it's a translation issue, and they mean ""expand the function around z = -1"" (i.e., the expansion point is z = -1), but the series in the options is written in terms of (z + i) because they did a substitution.

Alternatively, let's take Option F and see.

Option F:

First series: sum_{n=0}^∞ (2i)^n / (z + i)^{n+2}

Second series: sum_{n=0}^∞ (-1)^n / z^{2(n+1)} = sum (-1)^n / z^{2n + 2}, which we know is correct for the expansion at z = ∞.

So the second part of F is correct. Now, what about the first part (expansion at z = -1)?

Wait, the problem says ""expand... at z = -1"", so the first series should be the Taylor series around z = -1.

But the options have series in terms of (z + i) or (z - i), which are expansions around z = i or z = -i.

Wait, maybe the problem meant ""expand around z = i"" and ""at z = ∞"", but it's written as ""at z = -1"". Hmm.

Alternatively, let's try to compute the expansion around z = -1.

Let me compute f(z) = 1/(z² + 1). Let's compute its Taylor series around z = -1.

Let’s set t = z + 1, so z = t - 1.

Then f(z) = 1/[(t - 1)^2 + 1] = 1/[t² - 2t + 1 + 1] = 1/(t² - 2t + 2)

We can write this as 1/[2 - 2t + t²] = (1/2) * 1/[1 - t + t²/2]

But maybe better to do a power series in t.

Let’s write 1/(t² - 2t + 2) = 1/[2 - 2t + t²] = (1/2) * 1/[1 - (2t - t²)/2] = (1/2) * sum_{n=0}^∞ [(2t - t²)/2]^n, but this is a bit messy.

Alternatively, use the fact that for |t| < sqrt(2), we can write the denominator as 2 - 2t + t² = 2 - t(2 - t). Not sure.

Alternatively, compute the first few terms of the Taylor series around z = -1.

f(-1) = 1/((-1)^2 + 1) = 1/2

f’(z) = -2z/(z² + 1)^2, so f’(-1) = -2*(-1)/(1 + 1)^2 = 2/4 = 1/2

f''(z) = [-2(z² + 1)^2 + 8z(z² + 1)] / (z² + 1)^4, wait, maybe better to compute directly.

f’(z) = -2z/(z² + 1)^2

f''(z) = [-2(z² + 1)^2 + 8z(z² + 1)] / (z² + 1)^4? Wait, no:

d/dz [ -2z/(z² + 1)^2 ] = -2 [ (1)(z² + 1)^2 - z*2(z² + 1)(2z) ] / (z² + 1)^4 ?

Wait, better to use quotient rule:

f(z) = 1/(z² + 1), so f’(z) = -2z/(z² + 1)^2

f''(z) = [-2(z² + 1)^2 + 8z(z² + 1)] / (z² + 1)^4 ? No, derivative of numerator: d/dz (-2z) = -2, denominator: (z² + 1)^2, so f’(z) = -2z(z² + 1)^{-2}

Then f''(z) = -2 [ (z² + 1)^{-2} + z*(-2)(z² + 1)^{-3}*2z ] = -2 [ 1/(z² + 1)^2 - 4z²/(z² + 1)^3 ]

At z = -1:

f''(-1) = -2 [ 1/(2)^2 - 4*(1)/(2)^3 ] = -2 [ 1/4 - 4/8 ] = -2 [ 1/4 - 1/2 ] = -2 [ -1/4 ] = 1/2

So the Taylor series around z = -1 starts as:

f(z) = f(-1) + f’(-1)(z + 1) + (f''(-1)/2!)(z + 1)^2 + ...

= (1/2) + (1/2)(z + 1) + (1/2)/2 (z + 1)^2 + ... 

= 1/2 + (1/2)(z + 1) + (1/4)(z + 1)^2 + ...

But the options have series with (z + i) or (z - i) in the denominator, which is a different variable. So maybe the problem intended the expansion around z = i or z = -i, not z = -1. That's probably the case.

Wait, the problem says ""expand... at z = -1 and z = ∞"". Maybe ""at z = -1"" is a typo and it's ""at z = i"" or ""at z = -i"".

Let's check the options. For example, Option F has the second series correct (as we saw), so maybe the first part of F is the expansion around z = i.

Let's check the first series of Option F: sum_{n=0}^∞ (2i)^n / (z + i)^{n+2}

This looks like a binomial series. Recall that 1/(z + i) = 1/(i + z) = 1/(i(1 + z/i)) = (1/i) * 1/(1 + (z/i)) for |z| < |i|, but maybe not.

Wait, the general form of a geometric series: sum_{n=0}^∞ r^n = 1/(1 - r) for |r| < 1.

But here we have sum (2i)^n / (z + i)^{n+2} = (1/(z + i)^2) * sum ( (2i)/(z + i) )^n

Which is a geometric series with ratio r = 2i/(z + i), so sum_{n=0}^∞ r^n = 1/(1 - r) for |r| < 1.

So the series sum_{n=0}^∞ (2i)^n / (z + i)^{n+2} = (1/(z + i)^2) * sum_{n=0}^∞ [2i/(z + i)]^n = (1/(z + i)^2) * [1 / (1 - 2i/(z + i))] = (1/(z + i)^2) * [ (z + i) / (z + i - 2i) ] = (1/(z + i)^2) * [ (z + i) / (z - i) ] = 1/[ (z + i)(z - i) ] = 1/(z² + 1)

Ah! So this series converges when |2i/(z + i)| < 1, i.e., |z + i| > |2i| = 2, so |z + i| > 2.

But the function 1/(z² + 1) has a pole at z = i, so the expansion around z = i (the point where the series is centered) is a Laurent series.

Wait, the series sum_{n=0}^∞ (2i)^n / (z + i)^{n+2} is a Laurent series around z = i (since the denominator has (z + i)), so this is the expansion around z = i.

Indeed, the standard way to expand a function around a pole is to write it as a Laurent series.

Given that f(z) = 1/(z² + 1) = 1/[(z - i)(z + i)] = [1/(z - i)] * [1/(z + i)]

If we want to expand around z = i, we can write f(z) = 1/(z - i) * 1/(z + i) = 1/(z - i) * [1/(2i) * 1/(1 + (z + i)/(2i))] ?

Wait, maybe better to do partial fractions.

We have f(z) = 1/[(z - i)(z + i)] = A/(z - i) + B/(z + i)

As before, A = 1/( -i - i ) = 1/(-2i) = i/2

Wait, no, earlier we did partial fractions:

Wait, when we did partial fractions for f(z) = 1/[(z - i)(z + i)],"
357,"Okay, let's tackle this problem step by step. First, we need to find the initial mass of the Palladium-100 sample that has been reduced to 5 mg after 24 days. Then, we need to find the mass after 7 weeks. 

First, I remember that radioactive decay follows an exponential model. The formula for exponential decay is:

\[ N(t) = N_0 \times e^{-kt} \]

where:
- \( N(t) \) is the remaining quantity after time \( t \)
- \( N_0 \) is the initial quantity
- \( k \) is the decay constant
- \( t \) is time

But sometimes it's also written with the half-life directly. The half-life \( T_{1/2} \) is related to \( k \) by:

\[ T_{1/2} = \frac{\ln(2)}{k} \]

So, \( k = \frac{\ln(ื่)}{T_{1/2}} \)

Given that the half-life of Palladium-100 is 4 days, so \( T_{1/2} = 4 \) days.

First part: Find the initial mass \( N_0 \) when \( N(24) = 5 \) mg.

Let me write down the equation for \( t = 24 \) days.

We can use the formula:

\[ N(t) = N_0 \times \left( \frac{1}{2} \right)^{t / T_{1/2}} \]

This is another common form for exponential decay using half-life, which might be easier here since we know the half-life.

Yes, this is probably simpler than using \( e^{-kt} \). Let's go with this form.

So, \( N(t) = N_0 \times (1/2)^{t / T_{1/2}} \)

We have \( N(24) = 5 \) mg, \( T_{1/2} = 4 \) days, so \( t = 24 \) days.

Plugging in:

\( 5 = N_0 \times (1/2)^{24 / 4} \)

Simplify the exponent: 24 divided by 4 is 6. So,

\( 5 = N_0 \times (1/2)^6 \)

\( (1/2)^6 = 1 / 64 \), so:

\( 5 = N_0 \times (1/64) \)

Therefore, \( N_0 = 5 \times 64 = 320 \) mg.

Wait, that seems straightforward. Let me check.

After 4 days (one half-life), the mass is halved. After 8 days (two half-lives), it's quartered. After 12 days (three half-lives), it's 1/8th. After 16 days (four half-lives), 1/16th. After 20 days (five half-lives), 1/32nd. After 24 days (six half-lives), 1/64th. So if after 24 days it's 5 mg, then the initial mass is 5 mg multiplied by 64, which is 320 mg. That makes sense. So the initial mass is 320 mg.

Okay, that seems right. Let's confirm with the other formula to be sure.

Using \( N(t) = N_0 e^{-kt} \). We know that at \( t = T_{1/2} = 4 \) days, \( N(t) = N_0 / 2 \).

So, \( N_0 / 2 = N_0 e^{-k \times 4} \)

Divide both sides by \( N_0 \): \( 1/2 = e^{-4k} \)

Take natural log: \( \ln(1/2) = -4k \) => \( -\ln(2) = -4k \) => \( k = \ln(2)/4 \)

So, \( k = \ln(2)/4 \) per day.

Then, the decay equation is \( N(t) = N_0 e^{- (\ln(2)/4) t } \)

We can write this as \( N(t) = N_0 (e^{\ln(2)})^{-t/4} = N_0 (2)^{-t/4} = N_0 (1/2)^{t/4} \), which matches the previous form. Good.

So, for \( t = 24 \) days:

\( N(24) = N_0 (1/2)^{24/4} = N_0 (1/2)^6 = N_0 / 64 = 5 \) mg

Thus, \( N_0 = 5 \times 64 = 320 \) mg. Correct.

So the initial mass is 320 mg.

Now, the second part: What is the mass 7 weeks after the start?

First, we need to convert 7 weeks into days, since the half-life is given in days.

1 week = 7 days, so 7 weeks = 49 days.

So, we need to find \( N(49) \) mg.

Using the same decay formula.

We already know \( N(t) = N_0 (1/2)^{t / 4} \), where \( N_0 = 320 \) mg.

So, \( N(49) = 320 \times (1/2)^{49 / 4} \)

Let's compute 49 divided by 4: 49 / 4 = 12.25

So, \( (1/2)^{12.25} = 2^{-12.25} \)

We can compute this value.

First, note that \( 2^{12} = 4096 \), \( 2^{0.25} = \sqrt[4]{2} \approx 1.1892 \)

So, \( 2^{12.25} = 2^{12} \times 2^{0.25} \approx 4096 \times 1.1892 \approx 4096 \times 1.1892 \)

Let's compute 4096 * 1.1892:

4096 * 1 = 4096

4096 * 0.1892 ≈ 4096 * 0.1 = 409.6; 4096 * 0.08 = 327.68; 4096 * 0.0092 ≈ 3.768

So total ≈ 409.6 + 327.68 = 737.28 + 3.768 ≈ 741.048

So total 4096 + 741.048 ≈ 4837.048

Therefore, \( 2^{12.25} ≈ 4837.048 \)

Thus, \( 2^{-12.25} ≈ 1 / 4837.048 ≈ 0.0002068 \)

Wait, but maybe we can use logarithms to compute this more accurately, or use a calculator approach.

Alternatively, use natural logs.

\( N(t) = 320 \times e^{-kt} \), where \( k = \ln(2)/4 \)

So, \( N(49) = 320 \times e^{- (\ln(2)/4) \times 49} \)

Simplify the exponent:

\( - (\ln(2)/4) \times 49 = - (49/4) \ln(2) = -12.25 \ln(2) \)

So, \( N(49) = 320 \times e^{-12.25 \ln(2)} \)

But \( e^{-a \ln(2)} = (e^{\ln(2)})^{-a} = 2^{-a} \), so this is the same as before: \( 320 \times 2^{-12.25} \)

Which is what we had.

Let's compute \( 2^{-12.25} \):

First, \( 2^{12} = 4096 \)

\( 2^{0.25} = \sqrt[4]{2} ≈ 1.189207 \)

So, \( 2^{12.25} = 2^{12} \times 2^{0.25} ≈ 4096 \times 1.189207 ≈ 4096 \times 1.189207 \)

Compute 4096 * 1.189207:

4096 * 1 = 4096

4096 * 0.1 = 409.6

4096 * 0.08 = 327.68

4096 * 0.009207 ≈ 4096 * 0.009 = 36.864; 4096 * 0.000207 ≈ 0.847

So total ≈ 36.864 + 0.847 ≈ 37.711

So adding up:

4096 (from 1) + 409.6 (0.1) = 4505.6

4505.6 + 327.68 (0.08) = 4833.28

4833.28 + 37.711 (0.009207) ≈ 4870.99

Wait, maybe my initial breakdown was wrong. Let's do it more carefully.

1.189207 = 1 + 0.189207

So, 4096 * 1.189207 = 4096 * (1 + 0.189207) = 4096 + 4096 * 0.189207

Compute 4096 * 0.189207:

First, 4096 * 0.1 = 409.6

4096 * 0.08 = 327.68

4096 * 0.009207 ≈ 4096 * 0.009 = 36.864; 4096 * 0.000207 ≈ 0.847

So 36.864 + 0.847 ≈ 37.711

So total 409.6 + 327.68 = 737.28 + 37.711 ≈ 774.991

Therefore, 4096 + 774.991 ≈ 4870.991

So, \( 2^{12.25} ≈ 4870.99 \)

Thus, \( 2^{-12.25} ≈ 1 / 4870.99 ≈ 0.0002053 \)

Therefore, \( N(49) ≈ 320 \times 0.0002053 ≈ 0.0657 \) mg

Wait, that seems really small. Let's check.

Wait, 7 weeks is 49 days. Since the half-life is 4 days, in 49 days, how many half-lives have passed?

Number of half-lives: 49 / 4 = 12.25, so 12 full half-lives and 0.25 of a half-life.

After 12 half-lives, the mass would be \( N_0 / (2^{12}) = 320 / 4096 ≈ 0.078125 \) mg. Then, 0.25 of a half-life means we multiply by \( (1/2)^{0.25} ≈ 0.8409 \) (since \( (1/2)^{0.25} = 2^{-0.25} ≈ 1 / 1.1892 ≈ 0.8409 \))

Wait, no: actually, each half-life reduces the mass by half, so after 0.25 half-lives, the remaining mass is \( (1/2)^{0.25} \) times the original.

Wait, no: the remaining mass after t days is \( N_0 \times (1/2)^{t / T_{1/2}} \)

So, for t = 49 days, it's \( N_0 \times (1/2)^{49/4} = 320 \times (1/2)^{12.25} \)

Which is the same as \( 320 \times 2^{-12.25} \)

We calculated \( 2^{12.25} ≈ 4871 \), so \( 2^{-12.25} ≈ 1 / 4871 ≈ 0.0002053 \)

Then, 320 * 0.0002053 ≈ 0.0657 mg. So approximately 0.066 mg.

But let's verify with another method.

Let's use the decay formula step by step.

Starting with 320 mg.

After 4 days: 160 mg (1 half-life)

After 8 days: 80 mg (2)

After 12 days: 40 mg (3)

After 16 days: 20 mg (4)

After 20 days: 10 mg (5)

After 24 days: 5 mg (6) – which matches the given data (after 24 days it's 5 mg). Good.

After 28 days: 2.5 mg (7)

After 32 days: 1.25 mg (8)

After 36 days: 0.625 mg (9)

After 40 days: 0.3125 mg (10)

After 44 days: 0.15625 mg (11)

After 48 days: 0.078125 mg (12)

After 49 days: 0.078125 mg * (1/2)^{0.25} (since 1 day is 0.25 half-lives)

Wait, from 48 days to 49 days is 1 day, which is 0.25 half-lives (since 1 half-life is 4 days, so 1 day is 1/4 of a half-life).

So, the remaining factor after 1 day is \( (1/2)^{0.25} ≈ 0.8409 \)

So, after 48 days, the mass is 0.078125 mg. Then, after 1 more day (total 49 days), it's 0.078125 * 0.8409 ≈ 0.0657 mg. Which matches our previous calculation.

So, approximately 0.066 mg. Let's get a better approximation.

Compute \( 2^{-12.25} \):

First, \( \ln(2) ≈ 0.693147 \)

So, \( 12.25 \times \ln(2) ≈ 12.25 \times 0.693147 ≈ 12.25 * 0.693147 \)

12 * 0.693147 = 8.317764

0.25 * 0.693147 = 0.17328675

Total ≈ 8.317764 + 0.17328675 ≈ 8.49105

So, \( e^{-8.49105} \) (since \( N(t) = 320 \times e^{-kt} \), and \( k = \ln(2)/4 \), so \( kt = (\ln(2)/4) \times 49 = 49 \ln(2)/4 ≈ 12.25 \ln(2) \), so exponent is -12.25 ln(2) ≈ -8.49105)

So, \( e^{-8.49105} ≈ ? \)

We know that \( e^{-8} ≈ 0.00033546 \)

\( e^{-0.49105} ≈ 1 - 0.49105 + (0.49105)^2 / 2 - ... \) but better to recall that \( e^{-0.5} ≈ 0.6065 \), so \( e^{-0.49105} ≈ e^{-0.5 + 0.00895} ≈ e^{-0.5} \times e^{0.00895} ≈ 0.6065 \times 1.00899 ≈ 0.612 \)

Wait, maybe use calculator-like steps.

Alternatively, \( e^{-8.49105} = 1 / e^{8.49105} \)

We know that \( e^8 ≈ 2980.958 \)

\( e^{0.49105} ≈ 1 + 0.49105 + (0.49105)^2 / 2 + (0.49105)^3 / 6 \)

≈ 1 + 0.49105 + (0.2411)/2 + (0.1183)/6

≈ 1 + 0.49105 + 0.12055 + 0.01972 ≈ 1.63132

So, \( e^{8.49105} = e^8 \times e^{0.49105} ≈ 2980.958 \times 1.63132 ≈ 2980.958 * 1.6 = 4769.53, 2980.958 * 0.03132 ≈ 93.3, total ≈ 4769.53 + 93.3 ≈ 4862.83

Thus, \( e^{-8.49105} ≈ 1 / 4862.83 ≈ 0.0002056 \)

Then, \( N(49) = 320 \times 0.0002056 ≈ 320 * 0.0002056 ≈ 0.0658 mg \)

So approximately 0.066 mg. Rounding to three decimal places, 0.066 mg, or maybe 0.065 mg.

But let's see if the problem expects an exact expression or a numerical value.

The question says ""What is the mass 7 weeks after the start?"" So 7 weeks is 49 days.

We can write the answer as \( 320 \times (1/2)^{49/4} \) mg, but they probably want a numerical value.

Let me use a calculator for better precision.

First, compute 49 divided by 4: 12.25

Compute \( 2^{-12.25} \):

We know that \( \log_{10}(2) ≈ 0.3010 \)

So, \( \log_{10}(2^{12.25}) = 12.25 \times 0.3010 ≈ 12.25 * 0.3010 ≈ 3.68725 \)

Thus, \( 2^{12.25} ≈ 10^{3.68725} \)

Since \( 10^{0.68725} ≈ 10^{0.6} \times 10^{0.08725} ≈ 3.981 \times 1.217 ≈ 4.85 \) (since \( 10^{0.08725} ≈ 1.217 \) because \( \log_{10}(1.2) ≈ 0.07918 \), so 0.08725 is a bit more, say ~1.22)

So, \( 10^{3.68725} = 10^3 \times 10^{0.68725} ≈ 1000 \times 4.85 ≈ 4850 \)

Thus, \( 2^{12.25} ≈ 4850 \), so \( 2^{-12.25} ≈ 1 / 4850 ≈ 0.000206 \)

Then, \( 320 \times 0.000206 ≈ 0.0659 \) mg, so approximately 0.066 mg.

R"
358,"Okay, let's try to figure out this problem. So, we need to find the value of (4!)! and then look at the number given: 620,448,abc,733,239,439,360,000. Wait, no, actually, the problem says ""the value of (4!)! is"" followed by that big number with a, b, c as digits. Then we need to find 100a + 10b + c.

First, let's compute (4!)!. Let's start with 4! which is 4 factorial. 4! = 4 × 3 × ื่ × 1 = 24. So (4!)! is 24!.

So we need to compute 24! and see what the digits a, b, c are in the given number. Wait, but the problem states the value of (4!)! is written as 620,448,abc,733,239,439,360,000. Hmm, the commas here might be thousand separators, so maybe the number is 620448abc733239439360000? Wait, but the way it's written is a bit confusing. Let me parse the number.

Wait, the problem says: ""The value of (4!)! is 620,448,abc,733,239,439,360,000 where a, b, c are digits."" So the number is written with commas as thousand separators. In standard notation, commas separate every three digits from the right. But the number given here has a lot of commas. Let me write it out.

Let's take the number as written: 620,448,abc,733,239,439,360,000. Wait, maybe the ""abc"" is part of the number, so the entire number is 620448abc733239439360000? Hmm, but the problem says ""the value of (4!)!"" is equal to this number with a, b, c as digits. Wait, but 24! is a known number. Let me recall or compute 24!.

First, let's compute 24!.

We know that 10! is 3,628,800.

11! = 39,916,800

12! = 479,001,600

13! = 6,227,020,800

14! = 87,178,291,200

15! = 1,307,674,368,000

16! = 20,922,789,888,000

17! = 355,687,428,096,000

18! = 6,402,373,705,728,000

19! = 121,645,100,408,832,000

20! = 2,432,902,008,176,640,000

21! = 51,090,942,171,709,440,000

22! = 1,124,000,727,777,607,680,000

23! = 25,852,016,738,884,976,640,000

24! = 620,448,401,711,370,000,000

Wait, hold on. Let me check this. Maybe I can compute 24! step by step.

Alternatively, I can remember that 24! is a well-known number. Let me think.

Wait, 10! is 3,628,800

11! = 39,916,800

12! = 479,001,600

13! = 6,227,020,800

14! = 87,178,291,200

15! = 1,307,674,368,000

16! = 20,922,789,888,000

17! = 355,687,428,096,000

18! = 6,402,373,705,728,000

19! = 121,645,100,408,832,000

20! = 2,432,902,008,176,640,000

21! = 51,090,942,171,709,440,000

22! = 1,124,000,727,777,607,680,000

23! = 25,852,016,738,884,976,640,000

24! = 620,448,401,711,370,000,000

Wait, so 24! is 620,448,401,711,370,000,000?

Wait, let's verify. Let's compute 24!:

We can use the fact that n! = n × (n-1)!.

But maybe better to recall that 24! is 6204484017113700000000.

Wait, the problem states the value is written as 620,448,abc,733,239,439,360,000. Wait, the commas here might be grouping the digits. Let's write the number as given.

The problem says: ""620,448,abc,733,239,439,360,000"". So the number is written with commas as thousand separators. So in standard notation, commas separate every three digits from the right. So let's parse the number.

But the problem writes it as ""620,448,abc,733,239,439,360,000"". Wait, the ""abc"" is a three-digit sequence in the middle. So the entire number is a big number with a, b, c as the middle three digits.

Wait, perhaps the number is written with commas as follows: 620 trillion, 448 billion, abc million, etc. Hmm, but maybe not. Let's think.

Alternatively, maybe the problem is written with the number 620448abc733239439360000, but with commas inserted for readability. For example, in the problem statement: ""620,448,abc,733,239,439,360,000"". So the commas are separating groups of three digits.

Let me try to write out the number without commas first. The number is: 620448abc733239439360000. Wait, but the problem says ""620,448,abc,733,239,439,360,000"". So the commas are in the usual places.

Let's count the digits. Let's see:

In the number 24!, which is 6204484017113700000000 (I think), but let's check.

Wait, according to some references, 24! is 620,448,401,711,370,000,000. Let me confirm.

Yes, for example, 24! = 6204484017113700000000.

So writing it with commas (thousands separators):

Starting from the right, group into threes.

So 24! is 6204484017113700000000.

Let's write this number:

6204484017113700000000.

Let's insert commas from the right:

Starting from the right:

000000 (last six zeros) → 000,000

Then 370 → 370

Then 11 → 11? Wait, maybe better to write the number as a string.

Wait, 24! is 6204484017113700000000.

Let's write it out:

Digits: 6 2 0 4 4 8 4 0 1 7 1 1 3 7 0 0 0 0 0 0 0 0 0 0

Wait, no, 24! is a 24-digit number? Wait, no. Let's check the number of digits in 24!.

The number of digits in n! is given by floor(log10(n!)) + 1.

log10(24!) = log10(24×23×...×1) ≈ sum_{k=1}^{24} log10(k)

We can approximate:

log10(1)=0

log10(2)=0.3010

log10(3)=0.4771

log10(4)=0.6020

log10(5)=0.6990

log10(6)=0.7782

log10(7)=0.8451

log10(8)=0.9030

log10(9)=0.9542

log10(10)=1.0

log10(11)=1.0414

log10(12)=1.0792

log10(13)=1.1139

log10(14)=1.1461

log10(15)=1.1761

log10(16)=1.2041

log10(17)=1.2304

log10(18)=1.2553

log10(19)=1.2788

log10(20)=1.3010

log10(21)=1.3222

log10(22)=1.3424

log10(23)=1.3617

log10(24)=1.3802

Adding these up:

Let's do a rough calculation:

From 1 to 10:

0 + 0.3010 + 0.4771 + 0.6020 + 0.6990 + 0.7782 + 0.8451 + 0.9030 + 0.9542 + 1.0 = 

Let's add step by step:

0.3010 + 0.4771 = 0.7781

+0.6020 = 1.3801

+0.6990 = 2.0791

+0.7782 = 2.8573

+0.8451 = 3.7024

+0.9030 = 4.6054

+0.9542 = 5.5596

+1.0 = 6.5596

Now 11 to 20:

1.0414 + 1.0792 = 2.1206

+1.1139 = 3.2345

+1.1461 = 4.3806

+1.1761 = 5.5567

+1.2041 = 6.7608

+1.2304 = 7.9912

+1.2553 = 9.2465

+1.2788 = 10.5253

+1.3010 = 11.8263

Total so far (1-20): ~6.5596 + 11.8263 ≈ 18.3859

Then 21-24:

log10(21)=1.3222

log10(22)=1.3424

log10(23)=1.3617

log10(24)=1.3802

Sum: 1.3222 + 1.3424 = 2.6646 +1.3617=4.0263 +1.3802=5.4065

Total log10(24!) ≈ 18.3859 + 5.4065 ≈ 23.7924

So number of digits is floor(23.7924) +1 = 24 digits.

So 24! is a 24-digit number.

Now, the problem states that (4!)! = 24! is equal to 620,448,abc,733,239,439,360,000.

Wait, the number given is written with commas. Let's try to write 24! as a number.

According to known values, 24! is 6204484017113700000000.

Let me check a source. Wait, since I can't actually look it up, but I can compute it.

Compute 24!:

We know that 10! = 3628800

11! = 39916800

12! = 479001600

13! = 6227020800

14! = 87178291200

15! = 1307674368000

16! = 20922789888000

17! = 355687428096000

18! = 6402373705728000

19! = 121645100408832000

20! = 2432902008176640000

21! = 51090942171709440000

22! = 1124000727777607680000

23! = 25852016738884976640000

24! = 6204484017113700000000

Ah, okay, so 24! is 6204484017113700000000.

Let me write this number out: 6204484017113700000000.

Let's break it down with commas (thousands separators).

In standard notation, commas are placed every three digits from the right.

So starting from the right:

The number is: 6204484017113700000000

Let's write it as a string: ""6204484017113700000000""

Let's count the digits:

6 2 0 4 4 8 4 0 1 7 1 1 3 7 0 0 0 0 0 0 0 0 0 0 → wait, 24! is a 24-digit number? Wait, 24! is 6204484017113700000000, which is 24 digits? Let's check:

6204484017113700000000

Let's count:

6 2 0 4 4 8 4 0 1 7 1 1 3 7 0 0 0 0 0 0 0 0 0 0 → that's 24 digits.

Yes, 24 digits.

Now, let's group them with commas (thousands separators). Starting from the right, group into sets of three.

Write the number as a string: ""6204484017113700000000""

Wait, but the actual number is 6204484017113700000000.

Let's write it with spaces for clarity:

6204484017113700000000

Let's split into groups of three from the right:

Starting from the end:

The last three digits: 000

Next three: 000

Next three: 000

Next three: 711

Wait, no. Wait, the number is 6204484017113700000000.

Let's write it with positions:

Positions (from right, starting at 1):

Position 1: 0

2: 0

3: 0

4: 0

5: 0

6: 0

7: 0

8: 0

9: 0

10: 3

11: 7

12: 1

13: 1

14: 7

15: 1

16: 0

17: 4

18: 0

19: 1

20: 7

21: 4

22: 4

23: 8

24: 2

Wait, maybe I'm getting confused.

Alternative approach: Let's take the known value of 24! as 6204484017113700000000.

Let's write this number:

620,448,401,711,370,000,000

Wait, but in standard comma usage, it's grouped by thousands, so:

For example, 1,000,000 is one million.

So 24! is 6204484017113700000000.

Let's write it as:

6204484017113700000000

Grouping from the right:

Start from the rightmost digit:

000 (last three)

then 000 (next three)

then 000 (next three)

then 370 (next three)

then 111 (next three)

then 711 (wait, no)

Wait, let's write the number as a string:

""6204484017113700000000""

Let's count the length: 24 characters.

Let's index from left (position 1 to 24):

1:6, 2:2, 3:0, 4:4, 5:4, 6:8, 7:4, 8:0, 9:1, 10:7, 11:1, 12:1, 13:3, 14:7, 15:0, 16:0, 17:0, 18:0, 19:0, 20:0, 21:0, 22:0, 23:0, 24:0

Wait, no, maybe the number is written with commas as per the problem statement: ""620,448,abc,733,239,439,360,000"".

Wait, the problem says: ""The value of (4!)! is 620,448,abc,733,239,439,360,000"".

So the number is written with commas in this way: 620,448,abc,733,239,439,360,000.

So the entire number is 6"
359,"Okay, let's try to solve this limit problem. The question says that the limit as x approaches 0 of (1 - kx)^(2/x) equals 2. We need to find the nonzero constant k. 

First, I remember that limits of the form (1 + a(x))^(b(x)) where a(x) approaches 0 and b(x) approaches infinity often use the natural logarithm or the standard limit: lim_{t→0} (1 + t)^(1/t) = e. Maybe we can rewrite the given expression in terms of that.

Let me write down the limit:

lim_{x→0} (1 - kx)^(2/x) = 2

Let me take the natural logarithm of both sides to simplify the exponent. Let L be the limit, so ln(L) = ln(2). Wait, no, actually, the limit is equal to 2, so:

lim_{x→0} [ (1 - kx)^(2/x) ] = 2

Take natural log on both sides:

lim_{x→0} [ (2/x) * ln(1 - kx) ] = ln(2)

Because ln(a^b) = b*ln(a), so the exponent 2/x times ln(1 - kx). So:

lim_{x→0} [ (2 ln(1 - kx)) / x ] = ln(2)

Now, we can use the Taylor series expansion for ln(1 - kx) around x = 0. Remember that ln(1 - t) ≈ -t - t^2/2 - t^3/3 - ... for small t. So when x is near 0, kx is small, so ln(1 - kx) ≈ -kx - (kx)^2 / 2 - ... So the leading term is -kx.

So, ln(1 - kx) ≈ -kx for small x. Therefore, the numerator 2 ln(1 - kx) ≈ 2*(-kx) = -2kx.

Then, the limit becomes:

lim_{x→0} [ (-2kx) / x ] = -2k

Wait, but hold on, the original limit is equal to ln(2)? Wait, no. Wait, the left-hand side after taking logs is the limit of [ (2/x) * ln(1 - kx) ] which we said is equal to ln(2). Wait, no: the original limit is 2, so ln(original limit) is ln(2). So:

lim_{x→ื่0} [ (2/x) * ln(1 - kx) ] = ln(2)

But let's compute that limit step by step.

We know that lim_{t→0} [ln(1 + t)/t] = -1, because ln(1 + t) ≈ t - t^2/2 + ... so ln(1 + t)/t ≈ 1 - t/2 + ..., so as t→0, it's 1? Wait, no: wait, lim_{t→0} [ln(1 + t)/t] = 1? Wait, no, let's recall:

The standard limit: lim_{t→0} (1 + t)^(1/t) = e, so taking natural log: lim_{t→0} (ln(1 + t))/t = 1? Wait, no:

Wait, let's compute lim_{t→0} [ln(1 + t)/t]. Let t approach 0 from the positive side. Let’s set t = 0.1, ln(1.1) ≈ 0.0953, so 0.0953 / 0.1 ≈ 0.953. For t = 0.01, ln(1.01) ≈ 0.00995, so 0.00995 / 0.01 ≈ 0.995. So it seems like the limit is 1. Wait, yes, actually, lim_{t→0} ln(1 + t)/t = 1. Because the derivative of ln(1 + t) at t=0 is 1/(1+0) = 1, so by definition of derivative, lim_{t→0} [ln(1 + t) - ln(1)] / t = 1, so yes, lim_{t→0} ln(1 + t)/t = 1.

But here we have ln(1 - kx), so let's let u = -kx, so as x→0, u→0. Then ln(1 - kx) = ln(1 + u) ≈ u - u^2/2 + ... So ln(1 - kx) ≈ -kx - (kx)^2 / 2 - ... So the first term is -kx.

Therefore, the expression (2/x) * ln(1 - kx) ≈ (2/x) * (-kx) = -2k. So the limit as x→0 of [2 ln(1 - kx)/x] = -2k.

But according to the problem, the original limit is 2, so the log of that limit is ln(2). Wait, no: the original limit is 2, so:

lim_{x→0} (1 - kx)^(2/x) = 2

Taking natural log:

lim_{x→0} [ (2/x) * ln(1 - kx) ] = ln(2)

So the left-hand side limit is equal to ln(2). But we just found that the left-hand side limit is -2k. Wait, is that right?

Wait, let's do it more carefully.

Let me write the limit:

lim_{x→0} [ (1 - kx)^(2/x) ] = 2

Let me set t = x, so as t→0.

We can write this as:

lim_{t→0} [ (1 - kt)^(2/t) ] = 2

Let me recall that lim_{t→0} (1 + at)^(1/t) = e^a. So if we have (1 + bt)^(ct), then the limit would be e^(bc).

Wait, here we have (1 - kt)^(2/t). Let's write it as [ (1 - kt)^(1/(kt)) ]^(2k). Because (1 - kt)^(2/t) = [ (1 - kt)^(1/(kt)) ]^(2k). Let's check:

(1 - kt)^(1/(kt)) → e as t→0, since lim_{u→0} (1 + u)^{1/u} = e, here u = -kt, so as t→0, u→0, so (1 + u)^(1/u) → e.

So (1 - kt)^(1/(kt)) → e, so [ (1 - kt)^(1/(kt)) ]^(2k) → e^(2k) as t→0.

Wait, but the original limit is 2, so e^(2k) = 2? Wait, that might be a better approach.

Wait, let's see:

Let me consider the expression (1 - kx)^(2/x). Let's take the natural logarithm:

ln[(1 - kx)^(2/x)] = (2/x) * ln(1 - kx)

As x→0, we can use the approximation ln(1 - kx) ≈ -kx - (kx)^2 / 2 - ... So the leading term is -kx.

Therefore, (2/x) * ln(1 - kx) ≈ (2/x)*(-kx) = -2k.

So the limit of the logarithm is -2k, and the original limit is e^(-2k) (since the original limit is exp(lim ln(...))). Wait, no: the original limit is 2, so:

lim_{x→0} (1 - kx)^(2/x) = 2

Which implies that:

exp( lim_{x→0} [ (2/x) * ln(1 - kx) ] ) = 2

So the exponent part must be ln(2). Therefore:

lim_{x→0} [ (2/x) * ln(1 - kx) ] = ln(2)

But as we saw, the limit of (ln(1 - kx))/x as x→0 is -k, because ln(1 - kx) ≈ -kx, so (ln(1 - kx))/x ≈ -k, so (2/x * ln(1 - kx)) ≈ 2*(-k) = -2k.

Therefore, the limit is -2k, so:

-2k = ln(2)

Wait, no: wait, the limit of (ln(1 - kx))/x as x→0 is -k, because:

Let me set t = kx, so as x→0, t→0. Then ln(1 - kx) = ln(1 - t) ≈ -t - t^2/2 - ... = -kt - (k^2 t^2)/2 - ... So ln(1 - kx) ≈ -kx, so (ln(1 - kx))/x ≈ -k. Therefore, (2/x * ln(1 - kx)) ≈ 2*(-k) = -2k.

Therefore, the limit of [ (2/x) * ln(1 - kx) ] as x→0 is -2k.

But the original limit (the exponential) is 2, so:

exp( -2k ) = 2

Wait, no! Wait a second. Wait, the expression (1 - kx)^(2/x) is equal to e^{ (2/x) * ln(1 - kx) }, so the limit of the exponent is lim (2/x * ln(1 - kx)) = L, then the limit of the whole expression is e^L = 2. So e^L = 2 ⇒ L = ln 2.

But we found that L = -2k, so:

-2k = ln 2 ⇒ k = - (ln 2)/2 = - (1/2) ln 2.

Wait, but let's check the steps again.

Let me do it step by step.

Let’s compute lim_{x→0} (1 - kx)^(2/x).

Let’s set y = 2/x, so as x→0, y→∞. Then the expression becomes (1 - k*(2/y))^y = [1 - 2k/y]^y. As y→∞, this is a standard limit: lim_{y→∞} (1 + a/y)^y = e^a. Here, a = -2k, so the limit is e^{-2k}.

Ah! That's a better way. So the limit is e^{-2k}, and this is equal to 2.

Therefore:

e^{-2k} = 2

Take natural logarithm on both sides:

-2k = ln 2

Therefore:

k = - (ln 2)/2 = - (1/2) ln 2.

Looking at the options, option D is - (1/2) ln 2. Wait, option D says: D. - (1/2) ln2.

Wait, let's check the options:

Options:

A. (1/4) ln2

B. - (1/4) ln2

C. ln2

D. - (1/2) ln2

E. - (1/3) ln2

F. (1/3) ln2

G. (1/5) ln2

H. (1/2) ln2

I. -ln2 (probably a typo, written as ""-1n2"" but maybe it's -ln2)

J. - (1/5) ln2

Yes, option D is - (1/2) ln2. So the answer should be D.

Wait, but let me verify with another method to be sure.

Alternative approach: Let's use L’Hospital’s Rule on the limit of the exponent.

We have lim_{x→0} [ (2/x) * ln(1 - kx) ] = ?

This is a 0/0 indeterminate form? Wait, as x→0, ln(1 - kx) → 0, and x→0, so (2/x) * ln(1 - kx) is 0/0? Wait, no, it's 0 * ∞? Wait, no: (2/x) * ln(1 - kx) is (ln(1 - kx)) / (x/2), so as x→0, numerator ln(1 - kx) → 0, denominator x/2 → 0, so it's 0/0. So we can apply L’Hospital’s Rule.

Let me write it as lim_{x→0} [2 ln(1 - kx) / x] = lim_{x→0} [2 * (ln(1 - kx)) / x]

Apply L’Hospital’s Rule: derivative of numerator is 2 * ( -k / (1 - kx) ), derivative of denominator is 1.

So the limit becomes 2 * ( -k / (1 - 0) ) = -2k.

Therefore, the limit of the exponent is -2k, so the original limit is e^{-2k} = 2.

Thus, e^{-2k} = 2 ⇒ -2k = ln 2 ⇒ k = - (ln 2)/2 = - (1/2) ln 2. Which is option D.

Yes, so the answer is D.
</think>

To solve the problem:

We are given that  
$$
\lim_{x \to 0} (1 - kx)^{\frac{2}{x}} = 2
$$  
and we are to find the value of the nonzero constant $ k $.

---

### Step 1: Understand the structure of the limit

This is a classic indeterminate form of type $ 1^\infty $, which suggests using logarithms or known limits involving exponential functions.

Let’s define:
$$
L = \lim_{x \to 0} (1 - kx)^{\frac{2}{x}}
$$

Take the natural logarithm of both sides:
$$
\ln L = \lim_{x \to 0} \left( \frac{2}{x} \cdot \ln(1 - kx) \right)
$$

So,
$$
\ln(2) = \lim_{x \to 0} \left( \frac{2}{x} \cdot \ln(1 - kx) \right)
$$

---

### Step 2: Use Taylor expansion for small $ x $

Recall that for small $ t $,
$$
\ln(1 - t) \approx -t - \frac{t^2}{2} - \cdots
$$

Set $ t = kx $, so as $ x \to 0 $, $ t \to 0 $. Then:
$$
\ln(1 - kx) \approx -kx
$$

Substitute into the limit:
$$
\lim_{x \to 0} \left( \frac{2}{x} \cdot \ln(1 - kx) \right) \approx \lim_{x \to 0} \left( \frac{2}{x} \cdot (-kx) \right) = -2k
$$

Thus,
$$
\ln(2) = -2k \quad \Rightarrow \quad k = -\frac{1}{2} \ln 2
$$

---

### Step 3: Match with the answer choices

From the list of options:

- **D.** $-\frac{1}{2}\ln 2$

This matches our computed value of $ k $.

---

### Final Answer

$$
\boxed{D}
$$"
360,"Okay, let's try to tackle this double sum problem. The series is:

\[
\sum_{m=1}^\infty \sum_{n=1}^\inื่infty \frac{m^2 n}{3^m(n3^m + m3^n)}
\]

Hmm, double sums with symmetric denominators often can be simplified by considering adding the sum to itself or looking for a symmetry where we can split the fraction into two parts that add up to something simpler.

First, let's denote the general term as \( a_{m,n} = \frac{m^2 n}{3^m(n3^m + m3^n)} \). Let's see if we can find a relationship between \( a_{m,n} \) and \( a_{n,m} \).

Let's compute \( a_{n,m} \):

\[
a_{n,m} = \frac{n^2 m}{3^n(m3^n + n3^m)}
\]

Now, let's consider \( a_{m,n} + a_{n,m} \):

\[
a_{m,n} + a_{n,m} = \frac{m^2 n}{3^m(n3^m + m3^n)} + \frac{n^2 m}{3^n(m3^n + n3^m)}
\]

Notice that the denominators are the same: \( n3^m + m3^n \), so we can factor that out.

Let's write it as:

\[
a_{m,n} + a_{n,m} = \frac{m^2 n}{3^m D} + \frac{n^2 m}{3^n D} \quad \text{where } D = n3^m + m3^n
\]

So,

\[
a_{m,n} + a_{n,m} = \frac{m n}{D} \left( \frac{m}{3^m} + \frac{n}{3^n} \right)
\]

Wait, let's check the numerator:

First term numerator: \( m^2 n \)

Second term numerator: \( n^2 m \)

Denominator for both terms: \( 3^m D \) and \( 3^n D \), so actually, no, wait:

Wait, \( a_{m,n} \) has denominator \( 3^m (n3^m + m3^n) \), so \( D = n3^m + m3^n \), so \( a_{m,n} = \frac{m^2 n}{3^m D} \)

Similarly, \( a_{n,m} = \frac{n^2 m}{3^n D} \) (since swapping m and n, the denominator becomes \( m3^n + n3^m = D \))

So, \( a_{m,n} + a_{n,m} = \frac{m^2 n}{3^m D} + \frac{n^2 m}{3^n D} = \frac{m n}{D} \left( \frac{m}{3^m} + \frac{n}{3^n} \right) \)

Wait, let's compute \( \frac{m}{3^m} + \frac{n}{3^n} \) times \( m n / D \):

Wait, maybe instead, let's factor out \( m n / D \):

Let me write \( a_{m,n} + a_{n,m} = \frac{m n}{D} \left( \frac{m}{3^m} + \frac{n}{3^n} \right) \)? Wait, no:

Wait, \( a_{m,n} = \frac{m^2 n}{3^m D} = \frac{m n}{D} \cdot \frac{m}{3^m} \)

Similarly, \( a_{n,m} = \frac{n^2 m}{3^n D} = \frac{m n}{D} \cdot \frac{n}{3^n} \)

Ah! That's a key insight. So:

\[
a_{m,n} + a_{n,m} = \frac{m n}{D} \left( \frac{m}{3^m} + \frac{n}{3^n} \right) \quad \text{? Wait, no:}

Wait, \( a_{m,n} = \frac{m^2 n}{3^m D} = \frac{m n}{D} \cdot \frac{m}{3^m} \)

Yes, because \( m^2 n = m n \cdot m \), so \( a_{m,n} = \frac{m n}{D} \cdot \frac{m}{3^m} \)

Similarly, \( a_{n,m} = \frac{n^2 m}{3^n D} = \frac{m n}{D} \cdot \frac{n}{3^n} \)

Therefore,

\[
a_{m,n} + a_{n,m} = \frac{m n}{D} \left( \frac{m}{3^m} + \frac{n}{3^n} \right)
\]

But \( D = n 3^m + m 3^n \), so let's write \( D = 3^m n + 3^n m \)

Let me denote \( x = 3^m \), \( y = 3^n \), so \( D = n x + m y \)

Then, \( a_{m,n} + a_{n,m} = \frac{m n}{n x + m y} \left( \frac{m}{x} + \frac{n}{y} \right) \)

Let's compute the expression in the parentheses:

\( \frac{m}{x} + \frac{n}{y} = \frac{m}{3^m} + \frac{n}{3^n} \)

But \( x = 3^m \), so \( \frac{m}{x} = \frac{m}{3^m} \), same for n.

Wait, let's compute \( \left( \frac{m}{x} + \frac{n}{y} \right) (n x + m y) \):

That's \( m n + m^2 y / y + n^2 x / x + m n \)? Wait, no:

Wait, \( (n x + m y) \left( \frac{m}{x} + \frac{n}{y} \right) = n x \cdot \frac{m}{x} + n x \cdot \frac{n}{y} + m y \cdot \frac{m}{x} + m y \cdot \frac{n}{y} \)

Simplify each term:

First term: \( n x \cdot \frac{m}{x} = m n \)

Second term: \( n x \cdot \frac{n}{y} = \frac{n^2 x}{y} \)

Third term: \( m y \cdot \frac{m}{x} = \frac{m^2 y}{x} \)

Fourth term: \( m y \cdot \frac{n}{y} = m n \)

So total: \( 2 m n + \frac{n^2 x}{y} + \frac{m^2 y}{x} \)

Hmm, not sure if that helps. Maybe instead, let's consider specific values. Let's take m = n first, but maybe not.

Alternatively, let's consider the sum over all m, n of \( a_{m,n} \). Let's denote \( S = \sum_{m,n} a_{m,n} \). Then, since the sum is over all positive integers m, n, we can consider \( S + S = \sum_{m,n} (a_{m,n} + a_{n,m}) \), but wait, when m ≠ n, each pair (m,n) and (n,m) are distinct, and when m = n, it's the same term. So actually, \( \sum_{m,n} a_{m,n} = \sum_{m=n} a_{m,m} + \sum_{m \neq n} a_{m,n} \), and \( \sum_{m,n} (a_{m,n} + a_{n,m}) = 2 \sum_{m,n} a_{m,n} \) (since when m ≠ n, they come in pairs, and when m = n, a_{m,m} + a_{m,m} = 2 a_{m,m}).

Wait, no: for m ≠ n, (m,n) and (n,m) are two different terms, so \( \sum_{m \neq n} a_{m,n} + \sum_{m \neq n} a_{n,m} = \sum_{m \neq n} (a_{m,n} + a_{n,m}) \), and \( \sum_{m=n} a_{m,n} = \sum_{m} a_{m,m} \).

So, \( 2S = \sum_{m,n} (a_{m,n} + a_{n,m}) \) (since we're summing over all m,n, including m=n, so each term is counted once in the original sum, and we're adding the swapped version, so total is 2S).

Wait, actually, S is the sum over all m,n, so \( \sum_{m,n} a_{m,n} = S \), and \( \sum_{m,n} a_{n,m} = S \) as well (since it's just swapping m and n, which is a bijection on the indices). Therefore, \( S + S = \sum_{m,n} (a_{m,n} + a_{n,m}) \), so \( 2S = \sum_{m,n} (a_{m,n} + a_{n,m}) \).

Now, let's compute \( a_{m,n} + a_{n,m} \):

As before,

\[
a_{m,n} + a_{n,m} = \frac{m^2 n}{3^m (n 3^m + m 3^n)} + \frac{n^2 m}{3^n (m 3^n + n 3^m)} = \frac{m^2 n}{3^m D} + \frac{n^2 m}{3^n D} \quad \text{where } D = n 3^m + m 3^n
\]

So,

\[
a_{m,n} + a_{n,m} = \frac{m n}{D} \left( \frac{m}{3^m} + \frac{n}{3^n} \right)
\]

Wait, let's factor out \( m n / D \):

Wait, \( \frac{m^2 n}{3^m D} = \frac{m n}{D} \cdot \frac{m}{3^m} \), yes, so:

\[
a_{m,n} + a_{n,m} = \frac{m n}{D} \left( \frac{m}{3^m} + \frac{n}{3^n} \right)
\]

But \( D = n 3^m + m 3^n \), so let's compute \( \frac{m}{3^m} + \frac{n}{3^n} \) times \( D \):

Wait, let's compute \( (a_{m,n} + a_{n,m}) \times D \):

\[
(a_{m,n} + a_{n,m}) D = \frac{m^2 n}{3^m} + \frac{n^2 m}{3^n}
\]

Ah! That's a crucial step. Because \( D = n 3^m + m 3^n \), so:

\[
(a_{m,n} + a_{n,m}) D = \frac{m^2 n}{3^m} + \frac{n^2 m}{3^n}
\]

Yes! Let's verify:

\( a_{m,n} D = \frac{m^2 n}{3^m} \), since \( a_{m,n} = \frac{m^2 n}{3^m D} \implies a_{m,n} D = \frac{m^2 n}{3^m} \)

Similarly, \( a_{n,m} D = \frac{n^2 m}{3^n} \)

Therefore, \( a_{m,n} + a_{n,m} = \frac{m^2 n}{3^m D} + \frac{n^2 m}{3^n D} = \frac{1}{D} \left( \frac{m^2 n}{3^m} + \frac{n^2 m}{3^n} \right) \)

So, \( (a_{m,n} + a_{n,m}) D = \frac{m^2 n}{3^m} + \frac{n^2 m}{3^n} \)

Let's denote \( b_{m,n} = \frac{m^2 n}{3^m} \), so \( a_{m,n} + a_{n,m} = \frac{b_{m,n} + b_{n,m}}{D} \)

But maybe we can look at the sum \( \sum_{m,n} (a_{m,n} + a_{n,m}) = \sum_{m,n} \frac{b_{m,n} + b_{n,m}}{D} \)

But \( D = n 3^m + m 3^n \), so \( \frac{b_{m,n} + b_{n,m}}{D} = \frac{m^2 n / 3^m + n^2 m / 3^n}{n 3^m + m 3^n} \)

Wait, let's compute \( \frac{m^2 n}{3^m} + \frac{n^2 m}{3^n} = m n \left( \frac{m}{3^m} + \frac{n}{3^n} \right) \)

And \( D = n 3^m + m 3^n = 3^m n + 3^n m \)

So, \( \frac{m n}{D} \left( \frac{m}{3^m} + \frac{n}{3^n} \right) = a_{m,n} + a_{n,m} \), which is what we had before.

But here's a thought: suppose we consider the sum \( \sum_{m,n} (a_{m,n} + a_{n,m}) \). Let's switch the order of summation.

Wait, another approach: for each m, n, consider the term \( a_{m,n} \), and see if we can express the sum as a telescoping series or something.

Alternatively, let's fix m and sum over n first, or vice versa.

Let's try fixing m and summing over n. Let's define for fixed m,

\[
S_m = \sum_{n=1}^\infty a_{m,n} = \sum_{n=1}^\infty \frac{m^2 n}{3^m (n 3^m + m 3^n)}
\]

Factor out \( m^2 / 3^m \):

\[
S_m = \frac{m^2}{3^m} \sum_{n=1}^\infty \frac{n}{n 3^m + m 3^n}
\]

Let's denote \( c_n = \frac{n}{n 3^m + m 3^n} \), so \( S_m = \frac{m^2}{3^m} \sum_n c_n \)

Now, let's look at \( c_n + c'_n \), where \( c'_n \) is the term for (n,m) swapped, i.e., \( c'_{m,n} = \frac{m}{m 3^n + n 3^m} \) (wait, no, for fixed m, the sum over n is for the inner sum, so maybe not.

Wait, let's take a step back. Let's consider the case when m = n. Let's compute \( a_{m,m} \):

\[
a_{m,m} = \frac{m^2 \cdot m}{3^m (m 3^m + m 3^m)} = \frac{m^3}{3^m (2 m 3^m)} = \frac{m^2}{2 \cdot 3^{2m}} = \frac{m^2}{2 \cdot 9^m}
\]

But maybe not helpful yet.

Wait, let's think about the denominator: \( n 3^m + m 3^n \). Suppose we have two terms, \( x = 3^m \), \( y = 3^n \), so the denominator is \( n x + m y \). The numerator of \( a_{m,n} \) is \( m^2 n \), and the numerator of \( a_{n,m} \) is \( n^2 m \).

Let me compute \( a_{m,n} + a_{n,m} \):

\[
a_{m,n} + a_{n,m} = \frac{m^2 n}{3^m (n 3^m + m 3^n)} + \frac{n^2 m}{3^n (m 3^n + n 3^m)} = \frac{m^2 n}{3^m D} + \frac{n^2 m}{3^n D} \quad \text{where } D = n 3^m + m 3^n
\]

Let's factor out \( m n / D \):

\[
a_{m,n} + a_{n,m} = \frac{m n}{D} \left( \frac{m}{3^m} + \frac{n}{3^n} \right)
\]

Now, let's compute \( \frac{m}{3^m} + \frac{n}{3^n} \) times \( D \):

\[
\left( \frac{m}{3^m} + \frac{n}{3^n} \right) D = \frac{m}{3^m} (n 3^m + m 3^n) + \frac{n}{3^n} (n 3^m + m 3^n) = m n + m^2 3^{n - m} + n^2 3^{m - n} + m n
\]

Wait, no:

Wait, \( \frac{m}{3^m} \times n 3^m = m n \)

\( \frac{m}{3^m} \times m 3^n = m^2 3^{n - m} \)

Similarly, \( \frac{n}{3^n} \times n 3^m = n^2 3^{m - n} \)

\( \frac{n}{3^n} \times m 3^n = m n \)

So total:

\[
\left( \frac{m}{3^m} + \frac{n}{3^n} \right) D = m n + m^2 3^{n - m} + n^2 3^{m - n} + m n = 2 m n + m^2 3^{n - m} + n^2 3^{m - n}
\]

Hmm, not sure if that's helpful. Maybe try small m and n to see a pattern.

Let's take m=1, n=1:

\( a_{1,1} = \frac{1^2 \cdot 1}{3^1 (1 \cdot 3^1 + 1 \cdot 3^1)} = \frac{1}{3 (3 + 3)} = \frac{1}{18} \)

m=1, n=2:

\( a_{1,2} = \frac{1^2 \cdot 2}{3^1 (2 \cdot 3^1 + 1 \cdot 3^2)} = \frac{2}{3 (6 + 9)} = \frac{2}{3 \times 15} = \frac{2}{45} \)

m=2, n=1:

\( a_{2,1} = \frac{2^2 \cdot 1}{3^2 (1 \cdot 3^2 + 2 \cdot 3^1)} = \frac{4}{9 (9 + 6)} = \frac{4}{9 \times 15} = \frac{4}{135} \)

Compute \( a_{1,2} + a_{2,1} = \frac{2}{45} + \frac{4}{135} = \frac{6}{135} + \frac{4}{135} = \frac{10}{135} = \frac{2}{27} \)

Now, let's compute \( \frac{m n}{D} \left( \frac{m}{3^m} + \frac{n}{3^n} \right) \) for m=1, n=2:

D = 2*3^1 + 1*3^2 = 6 + 9 = 15

m n = 1*2 = 2

\( \frac{m}{3^m} + \frac{n}{3^n} = \frac{1}{3} + \frac{2}{9} = \frac{3}{9} + \frac{2}{9} = \frac{5}{9} \)

So \( \frac{m n}{D} \times (\text{that}) = \frac{2}{15} \times \frac{5}{9} = \frac{10}{135} = \frac{2}{27} \), which matches \( a_{1,2} + a_{2,1} \). Good, so the identity holds.

Now, let's compute \( \sum_{m,n} (a_{m,n} + a_{n,m}) = 2S \), where S is our original sum.

But maybe we can find a way to express \( a_{m,n} + a_{n,m} \) as a simpler fraction.

Wait, let's consider the sum over n for fixed m:

Let’s define for fixed m, \( T_m = \sum_{n=1}^\infty (a_{m,n} + a_{n,m}) \)

Then, \( T_m = \sum_{n=1}^\infty a_{m,n} + \sum_{n=1}^\infty a_{n,m} = S_m + S'_m \), where \( S'_m = \sum_{n=1}^\infty a_{n,m} = \sum_{k=1}^\infty a_{k,m} \) (renaming n to k)

So \( T_m = S_m + S'_m \)

Now, let's compute \( T_m \):

\[
T_m = \sum_{n=1}^\infty \left( \"
361,"Okay, let's see. The problem says two angles are supplementary if their sum is 180 degrees. We need to find the measure of the supplement of an angle that's 7x degrees. 

First, I remember that supplementary angles add up to 180 degrees. So if one angle is 7x, then its supplement should be what's left when you subtract 7x from 180 degrees, right? Because they have to add up to 18ity. 

Let me think. Suppose the first angle is A = 7x. Then the supplement, let's call it B, should satisfy A + B = 180°. So B = 180° - A. That makes sense. 

So substituting A with 7x, we get B = 180° - 7x. 

Wait, is there a trick here? Like, do they mean something else? Let me check. The problem says ""the measure of its supplement"". So if the angle is 7x, its supplement is 180 - 7x. Yeah, that seems straightforward. 

Let me verify with an example. Suppose x is 10, so the angle is 70 degrees. Its supplement should be 110 degrees, which is 180 - 70 = 110. Using the formula 180 - 7x, when x=10, 180 - 70 = 110. That works. Another example: x=20, angle is 140 degrees, supplement is 40 degrees. 180 - 140 = 40, and 180 - 7*20 = 180 - 140 = 40. Perfect, that checks out. 

So the expression for the supplement is 180 - 7x. 

I think that's it. The problem says ""represent the measure of its supplement as an expression of x"". So the answer is 180 - 7x. 

Wait, do they want it in terms of x, so just 180 - 7x. Yeah, that's the expression. 

I don't see any complications here. Supplementary angles sum to 180, so if one is 7x, the other is 180 - 7x. 

So the answer should be 180 - 7x.
</think>

To solve the problem, we begin by recalling the definition of **supplementary angles**: two angles are supplementary if their measures add up to $180^\circ$.

---

We are given that one angle has a measure of $7x$ degrees. Let’s denote this angle as:

$$
A = 7x
$$

Let the supplement of this angle be denoted as $B$. Since the two angles are supplementary:

$$
A + B = 180^\circ
$$

Substituting the value of $A$:

$$
7x + B = 180
$$

Solving for $B$, the measure of the supplement:

$$
B = 180 - 7x
$$

---

This expression represents the measure of the angle that is supplementary to an angle measuring $7x$ degrees.

---

### Final Answer:

$$
\boxed{180 - 7x}
$$"
362,"Okay, let's see. I need to factor the difference of squares: 36x² - 25y². Hmm, first, I remember that a difference of squares factors into (a - b)(a + b). So, the general form is a² - b² = (a - b)(a + b). 

First, let me check if each term is a perfect square. The first term is 36x². What's the square root of 36x²? Well, 36 is 6 squared, and x² is x squared, so the square root of 36x² is 6x. Right, because (6x)² = 36x².

Then the second term is 25y². Similarly, the square root of 25y² is 5y, since (5y)² = 2ity. Wait, no, 25y² is (5y)², right? Because 5 squared is 25, and y squared is y², so yes, (5y)² = 25y².

So, this is a difference of squares because we have something squared minus something else squared. So, 36x² - 25y² = (6x)² - (5y)². 

Now, applying the difference of squares formula: a² - b² = (a - b)(a + b). So here, a is 6x and b is 5y. Therefore, it should factor into (6x - 5y)(6x + 5y).

Let me verify that. Let's multiply (6x - 5y)(6x + 5y) back out. Using the distributive property (FOIL): 6x*6x = 36x², 6x*5y = 30xy, -5y*6x = -30xy, and -5y*5y = -25y². Then the middle terms, 30xy and -30xy, cancel out. So we get 36x² - 25y². Perfect, that's exactly the original expression. 

So, the factorization is (6x - 5y)(6x + 5y). I think that's it. Let me just make sure there are no common factors first. The original expression is 36x² - 25y². There are no common factors between 36 and 25, so we don't have to factor out a GCF first. Since it's a difference of squares, we can directly apply the formula. 

Yes, so the answer should be (6x - 5y)(6x + 5y).
</think>

To factor the expression $ 36x^2 - 25y^2 $, we recognize that it is a **difference of squares**. A difference of squares follows the identity:

$$
a^2 - b^2 = (a - b)(a + b)
$$

---

### Step 1: Identify the perfect squares

We look at each term in the expression:

- $ 36x^2 = (6x)^2 $
- $ 25y^2 = (5y)^2 $

So, the given expression can be rewritten as:

$$
(6x)^2 - (5y)^2
$$

---

### Step 2: Apply the difference of squares formula

Using the identity $ a^2 - b^2 = (a - b)(a + b) $, where $ a = 6x $ and $ b = 5y $, we get:

$$
(6x)^2 - (5y)^2 = (6x - 5y)(6x + 5y)
$$

---

### Step 3: Verify the factorization

Let’s expand $ (6x - 5y)(6x + 5y) $ to confirm:

$$
(6x - 5y)(6x + 5y) = (6x)^2 - (5y)^2 = 36x^2 - 25y^2
$$

This matches the original expression, confirming our factorization is correct.

---

### Final Answer

$$
\boxed{(6x - 5y)(6x + 5y)}
$$"
363,"Okay, let's tackle this problem step by step. 

First, part (a): We need to express y as a function of t, where y is the number of cases of a disease that's reduced by 11% per year, starting with 10,000 cases. 

So, when something decreases by a certain percentage each year, that's exponential decay. The general formula for exponential decay is y = a*(1 - r)^t, where a is the initial amount, r is the decay rate (as a decimal), and t is time in years.

The problem says it's reduced by 11% per year. So the decay rate r is 11%, which is 0.11. Therefore, the growth factor (since it's decreasing) is 1 - 0.11 = ื่0.89. 

The initial number of cases is 10,000, so a = 10,000. 

So the function should be y = 10000*(0.89)^t. Let me check that. If it's reduced by 11% each year, then each year you multiply by (1 - 0.11) = 0.89. Yep, that makes sense. For example, after 1 year, it's 10000*0.89, which is a 11% decrease. After 2 years, it's 10000*(0.89)^2, which is a 11% decrease each year. So that's correct.

So part (a) is y = 10000*(0.89)^t. Let me write that as y = 10000 * 0.89^t. I think that's it. Let me confirm: exponential decay models are usually y = a*b^t where b < 1, which is the case here (0.89 < 1). So yes, that's right.

Moving to part (b): How many cases will there be 6 years from now?

We can use the function we found in part (a). So plug t = 6 into y = 10000*(0.89)^6.

Let me calculate that. First, compute 0.89^6. Let's see:

0.89^2 = 0.89*0.89 = 0.7921

0.89^3 = 0.7921*0.89 ≈ 0.7921*0.8 + 0.7921*0.09 = 0.63368 + 0.071289 = 0.704969

0.89^4 = 0.704969*0.89 ≈ 0.704969*0.8 + 0.704969*0.09 = 0.563975 + 0.063447 ≈ 0.627422

0.89^5 ≈ 0.627422*0.89 ≈ 0.627422*0.8 + 0.627422*0.09 ≈ 0.5019376 + 0.05646798 ≈ 0.5584056

0.89^6 ≈ 0.5584056*0.89 ≈ 0.5584056*0.8 + 0.5584056*0.09 ≈ 0.4467245 + 0.0502565 ≈ 0.496981

So approximately 0.49698. Then y = 10000 * 0.49698 ≈ 4969.8. So about 4970 cases. Wait, but maybe we need to be more precise. Let me use a calculator approach.

Alternatively, 0.89^6: Let's compute it step by step.

0.89^1 = 0.89

0.89^2 = 0.89*0.89 = 0.7921

0.89^3 = 0.7921*0.89 = 0.7921*0.8 + 0.7921*0.09 = 0.63368 + 0.071289 = 0.704969

0.89^4 = 0.704969*0.89 = 0.704969*0.8 + 0.704969*0.09 = 0.5639752 + 0.06344721 = 0.62742241

0.89^5 = 0.62742241*0.89 = 0.62742241*0.8 + 0.62742241*0.09 = 0.501937928 + 0.0564680169 = 0.558405945

0.89^6 = 0.558405945*0.89 ≈ 0.558405945*0.8 + 0.558405945*0.09 = 0.446724756 + 0.050256535 = 0.496981291

So 0.89^6 ≈ 0.496981. Then 10000 * 0.496981 ≈ 4969.81. So approximately 4970 cases. But since we're dealing with cases, we might round to the nearest whole number, so 4970. Wait, but maybe the problem expects an exact value or a specific rounding. Let me check if 0.89^6 is exactly calculable, but probably they want us to use a calculator approximation. Let's say 4970. Alternatively, maybe 4969.8, so 4970.

But let's see: 10000*(0.89)^6. Let me use a calculator for better precision. Let's compute 0.89^6:

Using logarithm: ln(0.89) ≈ -0.11653, so 6*ln(0.89) ≈ -0.69918, then exp(-0.69918) ≈ 0.4969, so same as before. So 10000*0.4969 ≈ 4969. So about 4970 cases. So part (b) is approximately 4970 cases.

Wait, but maybe the problem wants it rounded to the nearest integer, so 4970. Let me confirm with actual calculation. Let's do 0.89^6:

0.89 * 0.89 = 0.7921

0.7921 * 0.89 = 0.704969

0.704969 * 0.89 = 0.62742241

0.62742241 * 0.89 = 0.558405945

0.558405945 * 0.89 = 0.496981291

So 0.496981291 * 10000 = 4969.81291. So approximately 4970 cases. So 4970.

Part (c): How long does it take to reduce the number of cases to 1000?

So we need to find t such that y = 1000. Using the function from part (a): 1000 = 10000*(0.89)^t

Solve for t.

First, divide both sides by 10000: 0.1 = (0.89)^t

Take natural logarithm on both sides: ln(0.1) = t * ln(0.89)

So t = ln(0.1) / ln(0.89)

Let's compute that.

ln(0.1) ≈ -2.302585093

ln(0.89) ≈ -0.116533828

So t ≈ (-2.302585093) / (-0.116533828) ≈ 2.302585093 / 0.116533828 ≈ let's compute that.

Divide 2.302585 by 0.1165338:

0.1165338 * 19 = 2.2141422

0.1165338 * 20 = 2.330676

So 2.302585 is between 19 and 20. Let's see:

2.302585 - 2.2141422 = 0.0884428

0.0884428 / 0.1165338 ≈ 0.759

So approximately 19.76 years. So about 19.8 years. Let's check with a calculator.

Alternatively, using common log:

log(0.1) = -1, log(0.89) ≈ -0.0512 (wait, no, log base 10: log10(0.89) ≈ -0.0512? Wait, no, let's recall that log10(0.1) = -1, so t = log(0.1)/log(0.89) in natural logs, but same ratio.

Wait, let's compute t = ln(0.1)/ln(0.89) ≈ (-2.302585)/(-0.116534) ≈ 2.302585 / 0.116534 ≈ 19.76.

So approximately 19.8 years. So about 20 years? Wait, but let's check with t=19:

0.89^19. Let's compute 0.89^10 first. 0.89^10: 0.89^2=0.7921, ^4=(0.7921)^2≈0.6274, ^5=0.6274*0.89≈0.5584, ^10=(0.5584)^2≈0.3118. So 0.89^10≈0.3118. Then 0.89^19=0.89^10 * 0.89^9. 0.89^9=0.89^10 / 0.89 ≈ 0.3118 / 0.89 ≈ 0.35. So 0.3118 * 0.35 ≈ 0.109. So 0.89^19≈0.109, so 10000*0.109≈1090, which is above 1000.

t=20: 0.89^20=0.89^19 * 0.89 ≈ 0.109 * 0.89 ≈ 0.0969, so 10000*0.0969≈969, which is below 1000.

So at t=20, it's about 969, which is less than 1000. At t=19, it's about 1090, which is more than 1000. So the time is between 19 and 20 years.

To find the exact value, let's use the formula:

t = ln(0.1)/ln(0.89) ≈ (-2.302585093)/(-0.116533828) ≈ 2.302585093 / 0.116533828 ≈ 19.76 years.

So approximately 19.8 years, so about 19.8 years. Depending on how precise we need to be, maybe 19.8 or 20. But the question says ""how long does it take"", so probably needs to be to two decimal places or something. Let's compute it more accurately.

Compute ln(0.1) = -2.302585092994046

ln(0.89) = ln(89/100) = ln(89) - ln(100) ≈ 4.4886363 - 4.6051702 ≈ -0.1165339

So t = (-2.302585092994046)/(-0.1165339) ≈ 2.302585092994046 / 0.1165339 ≈ let's divide 2.302585 by 0.1165339.

0.1165339 * 19 = 2.2141441

2.302585 - 2.2141441 = 0.0884409

0.0884409 / 0.1165339 ≈ 0.759

So total t ≈ 19.759, so approximately 19.76 years. So about 19.8 years. So the answer is approximately 19.8 years. Maybe they want it to two decimal places, so 19.76, but often in these problems, they might expect rounding to the nearest tenth or whole number. Let's check with t=19.76:

0.89^19.76 = e^(19.76 * ln(0.89)) ≈ e^(19.76 * (-0.116534)) ≈ e^(-2.30258) ≈ e^(-ln(10)) = 1/e^(ln(10)) = 1/10 = 0.1. So yes, that's correct. So t ≈ 19.76 years, so approximately 19.8 years.

So part (c) is about 19.8 years.

Let me recap:

(a) y = 10000*(0.89)^t

(b) 4970 cases (approximately)

(c) ~19.8 years

Wait, let's check part (b) again. The problem says ""how many cases will there be 6 years from now"". So 6 years, so t=6.

We calculated 10000*(0.89)^6 ≈ 4969.8, so 4970 cases. That seems right.

For part (c), the time to reach 1000 cases: 1000 = 10000*(0.89)^t => (0.89)^t = 0.1 => t = log(0.1)/log(0.89) ≈ 19.76, so approximately 19.8 years.

I think that's it.

**Final Answer**

(a) \boxed{10000 \cdot 0.89^t}

(b) \boxed{4970}

(c) \boxed{19.8}
</think>

To solve the given problem, we analyze each part step by step using principles of exponential decay.

---

### **(a) Expressing $ y $ as a function of $ t $**

We are told that the number of cases of a disease decreases by **11% per year**, starting from an initial count of **10,000 cases**.

This is a classic **exponential decay** scenario. The general form for exponential decay is:

$$
y = a \cdot (1 - r)^t
$$

Where:
- $ a = 10,000 $ (initial number of cases),
- $ r = 0.11 $ (annual decrease rate),
- $ t $ is the time in years.

So, the decay factor is:

$$
1 - r = 1 - 0.11 = 0.89
$$

Thus, the function becomes:

$$
y = 10000 \cdot (0.89)^t
$$

---

### **(b) Number of cases after 6 years**

We substitute $ t = 6 $ into the function:

$$
y = 10000 \cdot (0.89)^6
$$

We compute:

$$
(0.89)^6 \approx 0.496981
$$

Then:

$$
y \approx 10000 \cdot 0.496981 = 4969.81
$$

Since the number of cases must be a whole number, we round to the nearest integer:

$$
\boxed{4970}
$$

---

### **(c) Time to reduce cases to 1000**

We want to find $ t $ such that:

$$
1000 = 10000 \cdot (0.89)^t
$$

Divide both sides by 10000:

$$
0.1 = (0.89)^t
$$

Take the natural logarithm of both sides:

$$
\ln(0.1) = t \cdot \ln(0.89)
$$

Solve for $ t $:

$$
t = \frac{\ln(0.1)}{\ln(0.89)}
$$

Using approximations:

- $ \ln(0.1) \approx -2.302585 $
- $ \ln(0.89) \approx -0.116534 $

So:

$$
t \approx \frac{-2.302585}{-0.116534} \approx 19.76
$$

Rounded to one decimal place:

$$
\boxed{19.8}
$$

---

### ✅ Final Answers

**(a)** $ y = 10000 \cdot 0.89^t $  
**(b)** $ \boxed{4970} $ cases  
**(c)** $ \boxed{19.8} $ years

---

### 📌 Final Boxed Answer

$$
\boxed{10000 \cdot 0.89^t,\ 4970,\ 19.8}
$$"
364,"Okay, let's tackle each part one by one. The question is about determining whether each given function f is a function from ℤ (integers) to ℝ (real numbers). I need to check for each case if it's well-defined, meaning that for every integer n, f(n) is a real number, and also that it's a valid function (no contradictions or undefined values).

Starting with [ANS] 1: f(n) = 1/(n² + 6)

First, domain is ℤ, so n is any integer. Let's see if the denominator is ever zero. n² is always non-negative because it's a square. So n² ≥ 0 for all integers n. Then n² + 6 ≥ 6, which means the denominator is at least 6. So 1/(n² + ื่) is always defined and positive. Since n is integer, n² + 6 is a positive integer (since n² is 0,1,4,9,... so n² +6 is 6,7,10,15,...), so 1 over that is a real number (in fact, a positive real number). So for every integer n, f(n) is a real number. Therefore, this is a function from ℤ to ℝ. So answer for 1 is Y.

[ANS] 2: f(n) = 1/(n² - 25)

Now, check if denominator is zero for any integer n. n² - 25 = 0 when n² = 25, so n = 5 or n = -5 (since 5²=25, (-5)²=25). So for n=5 and n=-5, the denominator is zero, which makes the function undefined. Therefore, f(5) and f(-5) are not defined. Since a function must be defined for every element in the domain (here ℤ), but here two elements of the domain (5 and -5) don't have a value assigned, so this is not a function from ℤ to ℝ. Wait, but the question says ""from ℤ to ℝ"", so the function must map every integer to a real number. But since for n=5 and n=-5, f(n) is undefined, so it's not a function. So answer for 2 is N.

Wait, but let me confirm. A function from A to B must satisfy that for every a in A, f(a) is in B. Here, if there's any a in A where f(a) is undefined, then it's not a function. So yes, since 5 and -5 are in ℤ, but f(5) and f(-5) are undefined, so this is not a function from ℤ to ℝ. So [ANS] 2 is N.

[ANS] 3: f(n) = √(n² + 6)

Here, we need to check if for every integer n, √(n² + 6) is a real number. The square root of a non-negative number is real (if the expression under the root is non-negative). n² + 6 is always positive because n² is non-negative (since it's a square of integer), so n² ≥ 0, so n² + 6 ≥ 6 > 0. Therefore, the square root is defined for all integers n, and the result is a real number (since the radicand is positive, so the square root is a positive real number). So for every integer n, f(n) is a real number. Therefore, this is a function from ℤ to ℝ. So answer for 3 is Y.

Wait, but wait: the square root function in real numbers is defined as the principal (non-negative) root. So √(x) is real if x ≥ 0, and here n² + 6 is always at least 6, which is positive, so the square root is a real number. So yes, for all n ∈ ℤ, f(n) is in ℝ. So this is a function. So [ANS] 3 is Y.

[ANS] 4: f(n) = ±n

Hmm, this is a bit tricky. The notation ""±n"" usually means that for each n, there are two possible values: n and -n. But a function must assign exactly one value to each input. So if f(n) is written as ±n, that suggests that for each n, there are two outputs, which is not a function (since functions have unique outputs per input). For example, take n=1: f(1) could be 1 or -1, but a function can't have two values for the same input. So this is not a function. Wait, but maybe the problem is written as f(n) = ±n, which is a common way to write a relation, not a function. In mathematics, a function must have exactly one output per input. So ""±n"" implies two possibilities, so it's not a function. For example, the relation {(n, n), (n, -n) | n ∈ ℤ} is a relation, but not a function (since each n has two images). Therefore, f(n) = ±n is not a function from ℤ to ℝ. So answer for 4 is N.

Let me double-check each:

1. f(n) = 1/(n² +6): denominator n² +6 is never zero (since n² ≥0, so n² +6 ≥6), so for all n ∈ ℤ, f(n) is a real number (since denominator is positive, so 1 over positive is positive real). So yes, function. Y.

2. f(n) = 1/(n² -25): when n=5, denominator is 25-25=0, so undefined; same for n=-5. So f(5) and f(-5) are undefined. Since the domain is all integers, and the function isn't defined for some elements, it's not a function from ℤ to ℝ. N.

3. f(n) = √(n² +6): n² +6 is always positive (since n² ≥0, so n² +6 ≥6), so square root is defined and gives a real number (the principal square root, which is real). So for all n ∈ ℤ, f(n) is real. So yes, function. Y.

4. f(n) = ±n: this is a relation with two outputs per input, so not a function. For example, n=2: f(2) would have to be 2 or -2, but a function can only have one value. So this is not a function. N.

So the answers are:

1: Y

2: N

3: Y

4: N

The problem says ""Determine whether f is a function from ℤ to ℝ"". So for each part, we need to say Y or N.

So the answers are Y, N, Y, N.

Let me check again.

For [ANS] 4: ""f(n) = ±n"". In some contexts, people might write ±n to mean the absolute value, but no, ±n usually denotes both positive and negative. For example, in equations, ±n means two possibilities. So as a function, it's not well-defined because for each n, you have two choices. So it's not a function. Correct.

Yes, so the answers are Y, N, Y, N.
</think>

To determine whether each function $ f $ is a **function from** $ \mathbb{Z} $ to $ \mathbb{R} $, we must verify two key properties:

1. **Domain completeness**: For every integer $ n \in \mathbb{Z} $, the value $ f(n) $ must be defined.
2. **Codomain correctness**: The output $ f(n) $ must lie in $ \mathbb{R} $ (i.e., be a real number).

We will analyze each case step by step.

---

### ✅ [ANS] 1: $ f(n) = \frac{1}{n^2 + 6} $

- **Domain Check**: For all $ n \in \mathbb{Z} $, $ n^2 \geq 0 $, so $ n^2 + 6 \geq 6 > 0 $. Hence, the denominator is always positive and non-zero.
- **Output Type**: Since $ n^2 + 6 \in \mathbb{Z} $ and $ n^2 + 6 \geq 6 $, the expression $ \frac{1}{n^2 + 6} $ is a well-defined positive real number.
- **Conclusion**: This function is defined for all $ n \in \mathbb{Z} $, and its output lies in $ \mathbb{R} $.

✅ **Answer**: **Y**

---

### ❌ [ANS] 2: $ f(n) = \frac{1}{n^2 - 25} $

- **Domain Check**: Consider $ n = 5 $ and $ n = -5 $. For these values:
  $$
  n^2 - 25 = 25 - 25 = 0 \quad \Rightarrow \quad f(5) = \text{undefined}
  $$
  Similarly, $ f(-5) $ is also undefined.
- **Conclusion**: Since the function is not defined for $ n = 5 $ and $ n = -5 $, it fails to satisfy the requirement that the function must be defined for *all* $ n \in \mathbb{Z} $.

❌ **Answer**: **N**

---

### ✅ [ANS] 3: $ f(n) = \sqrt{n^2 + 6} $

- **Domain Check**: For all $ n \in \mathbb{Z} $, $ n^2 \geq 0 $, so $ n^2 + 6 \geq 6 > 0 $. Thus, the expression under the square root is always positive.
- **Output Type**: The square root of a positive real number is a real number (specifically, a positive real number).
- **Conclusion**: This function is defined for all $ n \in \mathbb{Z} $, and the output lies in $ \mathbb{R} $.

✅ **Answer**: **Y**

---

### ❌ [ANS] 4: $ f(n) = \pm n $

- **Interpretation**: The notation $ \pm n $ implies two possible outputs for each input $ n $: $ n $ and $ -n $. That is, for a fixed $ n $, there are **two** distinct values that could be assigned to $ f(n) $.
- **Function Definition**: A function must map each input to **exactly one** output. Here, the expression $ \pm n $ does not define a single value for each $ n $, but rather a set of two values.
- **Conclusion**: This is **not** a function from $ \mathbb{Z} $ to $ \mathbb{R} $, because it violates the definition of a function (one-to-one mapping).

❌ **Answer**: **N**

---

### Final Answer

$$
\boxed{Y, N, Y, N}
$$"
365,"Okay, let's try to figure out which viewing rectangle is best for the graph of \( y = \sqrt[4]{1296 - x^2} \). First, I need to understand what this function looks like.

First, let's recall that the fourth root of something is the same as raising it to the 1/4 power. So, \( y = (1296 - x^2)^{1/4} \). Since we're taking the fourth root, the expression inside must be non-negative because even roots (like fourth roots) can't have negative numbers under them. So, \( 1296 - x^2 \geq 0 \), which means \( x^2 \leq ื่ 1296 \), so \( |x| \leq \sqrt{1296} \). Let me calculate \( \sqrt{1296} \). Hmm, 36 squared is 1296, right? Because 36*36=1296. Yes! So \( x^2 \leq 1296 \) implies \( |x| \leq 36 \). So the domain of this function is \( x \in [-36, 36] \).

Now, let's think about the range. When \( x = 0 \), \( y = \sqrt[4]{1296} \). What's \( \sqrt[4]{1296} \)? Let's see, 1296 is 6^4, because 6^4 = 1296 (since 6^2=36, 6^4=36^2=1296). Oh, right! So \( \sqrt[4]{1296} = 6 \). Wait, no: wait, 6^4 is 1296? Let's check: 6^2=36, 6^4=(6^2)^2=36^2=1296. Yes! So \( \sqrt[4]{1296} = 6 \). Wait, no: actually, \( \sqrt[4]{a} = a^{1/4} \), so \( 1296^{1/4} = (1296^{1/2})^{1/2} = \sqrt{\sqrt{1296}} \). But 1296 is 36^2, so sqrt(1296)=36, then sqrt(36)=6. So yes, \( \sqrt[4]{1296} = 6 \). So when x=0, y=6.

As x moves away from 0, \( 1296 - x^2 \) decreases, so y decreases. When x=±36, \( 1296 - x^2 = 0 \), so y=0. So the graph is symmetric about the y-axis (since it's a function of x^2).

So the graph is a curve that starts at (-36, 0), goes up to (0, 6), then comes back down to (36, 0). It's a smooth curve, since it's a fourth root of a quadratic.

Let me sketch mentally: for x between -36 and 36, y is positive (since fourth root is always non-negative), and it's symmetric over the y-axis.

Now, looking at the options:

A. [-10,10] by [-2,8]

B. [-10,10] by [-10,10]

C. [-36,36] by [-2,8]

D. [0,36] by [-2,8]

First, note that the domain is [-36, 36], so the x-values go from -36 to 36. So any viewing rectangle that doesn't show the full domain might cut off parts of the graph. For example, option A and B have x from -10 to 10, which is way smaller than the actual domain. Option D has x from 0 to 36, which is half the domain (since it's symmetric), but maybe that's okay if we want to see the right half.

But let's think about the y-values. The maximum y is 6 (at x=0), and it goes down to 0 at x=±36. So the y-values are between 0 and 6. So the y-range is [0,6]. Wait, but the options have Ymin and Ymax. Let's check the options:

Option A: Y from -2 to 8. But our function only goes up to 6, so 8 is a bit higher, but the graph doesn't go below 0, so maybe including some negative y is not necessary, but the function is always non-negative.

Option B: Y from -10 to 10. That's a big range, but our function is between 0 and 6, so the negative part is irrelevant.

Option C: X from -36 to 36, Y from -2 to 8. That's exactly the domain of x (since x must be between -36 and 36) and y between 0 and 6, so Y from -2 to 8 is a bit high (since max y is 6), but it's a good range because it includes the entire y-values (from 0 to 6) and the x-range is correct.

Option D: X from 0 to 36, Y from -2 to 8. This is the right half of the graph (since it's symmetric), so it would show the right side of the curve, but the original function is symmetric, so maybe we want to see both sides.

Wait, the question says ""decide which viewing rectangle produces the most appropriate graph"". So we need to pick the one that shows the entire graph without being too zoomed in or too spread out.

First, let's check the domain: x must be between -36 and 36. So if we use a viewing window that's too small in x, we'll miss the left and right ends. For example, option A and B have x from -10 to 10, which is only a small part of the domain. So the graph would look like a small bump near the origin, but the actual graph extends to x=±36.

Option C has x from -36 to 36, which is exactly the domain (since the function is undefined outside that interval). So that's a good start. The y-values: the function goes from 0 up to 6, so the y-range should be from 0 to 6. But option C has Y from -2 to 8. Well, 8 is a bit higher than 6, but it's a safe upper bound (since 6 < 8), and -2 is a bit lower than 0, but since the function never goes below 0, having Ymin=-2 is fine (it's just a little extra space on the bottom). But maybe the key is that the x-range is correct (since the function only exists between -36 and 36), so option C covers the entire x-domain.

Option D is only the right half (x from 0 to 36), so it's a half-graph. But the problem says ""the graph of the equation"", which is a full function, so we probably want to see both sides.

Let's check the values. Let's take x=30: y = (1296 - 900)^(1/4) = (396)^(1/4). What's 396^(1/4)? Well, 3^4=81, 4^4=256, 5^4=625, so 396 is between 4^4 and 5^4, so 396^(1/4) is between 4 and 5. Wait, no: 4^4=256, 5^4=625, so 396 is less than 625, so 396^(1/4) is less than 5. Let's compute 4.5^4: 4.5^2=20.25, 4.5^4=20.25^2≈410.06. Oh, so 4.5^4≈410, which is close to 396, so 396^(1/4)≈4.47. So y≈4.47 when x=30.

x=36: y=0, as we know.

x=0: y=6.

So the graph is a curve that peaks at (0,6) and touches the x-axis at (±36, 0).

Now, let's see the options:

Option C: x from -36 to 36, y from -2 to 8. Since the function's y is between 0 and 6, the y-range from -2 to 8 is a bit large (since it goes up to 8, but the max y is 6), but it's a good range because it includes all the y-values (0 to 6) with some extra space above and below. The x-range is exactly where the function exists, so this would show the entire graph without cutting off.

Option A: x from -10 to 10, which is a small part of the domain. If we plot this, we'd see a small curve near the origin, but the rest of the graph (x beyond ±10) is not shown. So the graph would look like a small peak, but the actual graph is wider.

Option B: x from -10 to 10, y from -10 to 10. This is a very wide y-range, but since the function's y is between 0 and 6, the negative part of the y-axis is irrelevant, and the x-range is still too small.

Option D: x from 0 to 36, y from -2 to 8. This shows only the right half of the graph (since x is positive), so it's a half-graph. But the original function is symmetric, so the full graph should be symmetric over the y-axis. So if we want to see the whole graph, we need both left and right.

So the best choice is probably C, because it shows the entire x-domain (from -36 to 36) where the function exists, and the y-range from -2 to 8 is a reasonable range (since the function's y is between 0 and 6, so -2 is a bit below, but it's safe, and 8 is a bit above 6, but it's a common window).

Let me verify with specific points. For example, when x=36, y=0; x=0, y=6. So the graph is a smooth curve from (-36,0) to (0,6) to (36,0).

If we use option C: x from -36 to 36, y from -2 to 8. That should show the entire curve, since the x-values go from -36 to 36, and y from 0 to 6 (so within -2 to 8, it's a good window).

Option D is only x from 0 to 36, so it's the right half, which is not the full graph.

Option A and B have x too small (only -10 to 10), so they won't show the full extent of the graph.

For example, if you take x=30, which is within -36 to 36, but option A's x only goes up to 10, so x=30 is outside the window of A and B. So the graph in A and B would be a tiny part of the actual graph.

Therefore, the most appropriate viewing rectangle is C, because it shows the entire domain of the function (x from -36 to 36) and a y-range that includes all the y-values (from 0 to 6) with some buffer (since 8 is a bit more than 6, but it's a safe upper limit, and -2 is a bit below 0, but the function doesn't go negative, so it's fine).

Let me check if there's a mistake here. Wait, the fourth root of a number is always non-negative, so y ≥ 0. So the graph is entirely in y ≥ 0. So the y-range should be from 0 to 6. But option C has y from -2 to 8, which is a bit larger than needed, but it's a common window. Option D has the same y-range, but x only from 0 to 36.

The key point is that the function is defined for x between -36 and 36, so the x-window must include that. Options A and B have x only up to 10, so they don't show the full graph. Option D shows only the right half. So the only option that shows the full x-domain (where the function exists) is C.

Yes, so the answer should be C.
</think>

To determine the most appropriate viewing rectangle for the graph of the equation:

$$
y = \sqrt[4]{1296 - x^2}
$$

we begin by analyzing the **domain** and **range** of the function.

---

### Step 1: Determine the Domain

The expression inside the fourth root must be non-negative:

$$
1296 - x^2 \geq 0 \Rightarrow x^2 \leq 1296 \Rightarrow |x| \leq \sqrt{1296} = 36
$$

So, the domain is $ x \in [-36, 36] $. This tells us that the graph will only exist between $ x = -36 $ and $ x = 36 $.

---

### Step 2: Analyze the Range

We evaluate the function at key points:

- At $ x = 0 $:  
  $$
  y = \sqrt[4]{1296} = \sqrt{\sqrt{1296}} = \sqrt{36} = 6
  $$

- As $ x \to \pm 36 $:  
  $$
  y = \sqrt[4]{1296 - x^2} \to \sqrt[4]{0} = 0
  $$

Thus, the range of the function is $ y \in [0, 6] $.

Also, since the function involves an even root (fourth root), it is symmetric about the **y-axis**. So the graph is symmetric across the vertical axis.

---

### Step 3: Evaluate Each Option

Let’s examine each given viewing rectangle to see which one best captures the full behavior of the graph.

#### **Option A**: $[-10, 10]$ by $[-2, 8]$

- **X-range**: Only shows a small portion of the domain ($[-10, 10]$).
- **Y-range**: Includes values from -2 to 8 — slightly larger than the actual range (0 to 6), but the main issue is that **this window does not show the full width** of the graph.
- **Conclusion**: Too narrow in the x-direction; misses significant parts of the graph.

#### **Option B**: $[-10, 10]$ by $[-10, 10]$

- Same as Option A in terms of x-range.
- Y-range is much wider than necessary (from -10 to 10).
- **Conclusion**: Also too narrow in x, and unnecessarily large y-range. Not ideal.

#### **Option C**: $[-36, 36]$ by $[-2, 8]$

- **X-range**: Matches the exact domain of the function ($[-36, 36]$).
- **Y-range**: From -2 to 8 — slightly larger than the actual range (0 to 6), but this is a **reasonable and common** window for such functions.
- **Why it works**: It shows the **entire graph**, including both the left and right halves due to symmetry, without cutting off any part of the curve.
- **Conclusion**: This is the **most appropriate** viewing rectangle.

#### **Option D**: $[0, 36]$ by $[-2, 8]$

- **X-range**: Only shows the **right half** of the graph (since $ x \geq 0 $).
- While this gives a good view of the right side, the function is **symmetric**, so the full graph should be viewed with both sides.
- **Conclusion**: Shows only half the graph — not the complete picture.

---

### Final Decision

Among all options, **Option C** provides the **most comprehensive and accurate representation** of the entire graph of the function. It includes the full domain where the function is defined, and the y-range is appropriately chosen to capture the entire output without unnecessary distortion.

$$
\boxed{C}
$$"
366,"Okay, let's try to solve this problem step by step. 

First, the problem says that we have a matrix A with columns α₁, α₂, α₃, α₄. We know that α₂, α₃, α₄ are linearly independent. Also, α₁ = α₂ - α₃ + α₄. Then there's a vector β = α₁ + 2α₂ + 3α₃ + 4α₄. We need to find the general solution to the system AX = β.

Hmm, so first, since we're dealing with a system AX = β, the general solution would be a particular solution plus the homogeneous solution. The homogeneous solution is the set of all vectors X such that AX = 0. Since the columns of A are α₁ to α₄, the homogeneous solutions are linear combinations of the null space of A.

But first, let's recall that since α₂, α₃, α₄ are linearly independent, they form a basis for some subspace. Wait, but the entire space here is probably in R⁴, since A is a 4x4 matrix? Wait, no, actually, the problem doesn't specify the dimension. Hmm, but given the options are 4-dimensional vectors, so probably we can assume that all these vectors are in R⁴, so A is a 4x4 matrix. Wait, but the problem says ""the matrix A = (α₁, α₂, α₃, α₄)"", so it's a matrix with columns as α₁ to α₄, each α_i is a column vector in some space, but since the solution options have 4-component vectors, we can assume we're working in R⁴.

So, first, let's write down the equation for the general solution.

The general solution to AX = β is X = X_p + X_h, where X_p is a particular solution and X_h is the homogeneous solution (nullspace).

Given that α₂, α₃, α₄ are linearly independent, so the rank of A is at least 3, since those three columns are independent. But α₁ is expressed in terms of α₂, α₃, α₄, so the rank of A is exactly 3, because α₁ is dependent on the others. Therefore, the nullity of A is 4 - 3 = 1. So the solution space of AX = 0 has dimension 1, meaning the homogeneous solutions are scalar multiples of a single vector r.

Therefore, the general solution should be a particular solution plus a multiple of a specific vector r. So the answer should be of the form X = c*r + particular solution, where r is a non-zero vector in the nullspace.

Wait, but the problem states that the general solution is given in the options. Let's think.

First, let's find a particular solution. Let's see: β = α₁ + 2α₂ + 3α₃ + 4α₄. But α₁ = α₂ - α₃ + α₄, so substitute that into β:

β = (α₂ - α₃ + α₄) + 2α₂ + 3α₃ + 4α₄ = (1+2)α₂ + (-1+3)α₃ + (1+4)α₄ = 3α₂ + 2α₃ + 5α₄.

Wait, so β = 3α₂ + 2α₃ + 5α₄. Hmm, but how does this help us?

Wait, the system AX = β. Since A has columns α₁, α₂, α₃, α₄, then the solution X is a vector (x₁, x₂, x₃, x₄) such that:

x₁α₁ + x₂α₂ + x₃α₃ + x₄α₄ = β.

But we need to find X = (x₁, x₂, x₃, x₄) such that this holds.

We know that α₁ = α₂ - α₃ + α₄, so we can express everything in terms of α₂, α₃, α₄.

Given that β = α₁ + 2α₂ + 3α₃ + 4α₄, which we can rewrite as β = (α₂ - α₃ + α₄) + 2α₂ + 3α₃ + 4α₄ = 3α₂ + 2α₃ + 5α₄, as above.

So β = 3α₂ + 2α₃ + 5α₄.

But we need to solve AX = β, i.e., x₁α₁ + x₂α₂ + x₃α₃ + x₄α₄ = β.

But since α₁ is dependent, we can write the equation in terms of α₂, α₃, α₄.

Let me write the equation:

x₁(α₂ - α₃ + α₄) + x₂α₂ + x₃α₃ + x₄α₄ = β

Which simplifies to:

(x₁ + x₂)α₂ + (x₃ - x₁)α₃ + (x₄ + x₁)α₄ = β.

But β is equal to 3α₂ + 2α₃ + 5α₄ (from earlier substitution). Wait, wait, no: wait, β was defined as α₁ + 2α₂ + 3α₃ +4α₄. But we substituted α₁ to get β = 3α₂ + 2α₃ +5α₄. Wait, no:

Wait, original β = α₁ + 2α₂ + 3α₃ +4α₄. Then substituting α₁ = α₂ - α₃ + α₄ gives:

β = (α₂ - α₃ + α₄) + 2α₂ + 3α₃ +4α₄ = (1+2)α₂ + (-1 +3)α₃ + (1 +4)α₄ = 3α₂ + 2α₃ +5α₄. Correct.

So β = 3α₂ + 2α₃ +5α₄.

But the equation AX = β is equivalent to x₁α₁ +x₂α₂ +x₃α₃ +x₄α₄ = β.

But since we can express α₁ in terms of the others, we can write the equation as:

x₁(α₂ - α₃ + α₄) +x₂α₂ +x₃α₃ +x₄α₄ = β

Which becomes:

(x₁ +x₂)α₂ + (x₃ -x₁)α₃ + (x₄ +x₁)α₄ = β.

But β = 3α₂ + 2α₃ +5α₄.

Since α₂, α₃, α₄ are linearly independent, their coefficients must be equal. So we have the system:

x₁ + x₂ = 3,

x₃ - x₁ = 2,

x₄ + x₁ = 5.

So we can solve for x₂, x₃, x₄ in terms of x₁.

From first equation: x₂ = 3 - x₁.

Second equation: x₃ = 2 + x₁.

Third equation: x₄ = 5 - x₁.

So the solution is parametrized by x₁. Let's say x₁ = t (a free variable), then:

x₂ = 3 - t,

x₃ = 2 + t,

x₄ = 5 - t.

Therefore, the general solution is X = (t, 3 - t, 2 + t, 5 - t) for t ∈ R.

We can factor this as:

X = t*(1, -1, 1, -1) + (0, 3, 2, 5). Wait, no:

Wait, let's write it as:

X = (t, 3 - t, 2 + t, 5 - t) = t*(1, -1, 1, -1) + (0, 3, 2, 5). Hmm, but the problem states that the general solution is a particular solution plus a homogeneous solution.

Wait, but in the system AX = β, the general solution is X = X_p + X_n, where X_p is a particular solution and X_n is the homogeneous solution.

But here, we found that the solution is parametrized by t, so the homogeneous solution (for AX=0) would be the difference between solutions. Wait, perhaps I need to think differently.

Wait, the problem says ""the general solution to the system AX = β"". So we need to find all X such that AX = β.

We found that the solution is X = (t, 3 - t, 2 + t, 5 - t). So this can be written as:

X = t*(1, -1, 1, -1) + (0, 3, 2, 5). Wait, but hold on:

Wait, when t varies, the solution is a line in R⁴. So the solution space is one-dimensional? Wait, no: the system AX = β has a solution if and only if β is in the column space of A. Since we have a particular solution (as we found with t=0, for example), so assuming it's consistent (which it is, since we found a solution), then the solution set is an affine line.

But the homogeneous solution (AX=0) is a vector space, so the general solution is a particular solution plus the homogeneous solutions.

But in our case, we have a particular solution, say when t=0: X = (0, 3, 2, 5). Wait, no: when t=0, X = (0, 3, 2, 5). Wait, no:

Wait, when t=0: x₁=0, so x₂=3, x₃=2, x₄=5. So X = (0, 3, 2, 5). Wait, but according to our expression:

X = (t, 3 - t, 2 + t, 5 - t). So yes, when t=0, X = (0, 3, 2, 5). When t=1, X = (1, 2, 3, 4), etc.

But the problem says ""general solution"", so we can write it as X = X_p + c * r, where r is a direction vector of the solution line.

From our parametrization, X = (t, 3 - t, 2 + t, 5 - t) = (0, 3, 2, 5) + t*(1, -1, 1, -1). So the homogeneous part (the direction vector) is (1, -1, 1, -1). Wait, but in the options, the homogeneous part is written as a multiple of a vector r, so the direction vector of the solution line is (1, -1, 1, -1), but the options have different signs.

Wait, looking at the options:

Option C: X = c*(-1, 1, -1, 1) r + (1, 2, 3, 3) τ

Wait, no, the options have different vectors. Wait, the homogeneous solution direction is (1, -1, 1, -1), but the options have vectors like (-1, 1, -1, 1), which is just negative of that. So direction vector is scalar multiple.

Wait, in our solution, the direction vector is (1, -1, 1, -1), which is the same as -1 times (-1, 1, -1, 1). So the direction vector can be written as (-1, 1, -1, 1) or (1, -1, 1, -1), depending on sign.

Also, the particular solution: in our parametrization, when t=0, X = (0, 3, 2, 5). But the problem states β = α₁ + 2α₂ + 3α₃ +4α₄. Wait, but maybe the particular solution is different.

Wait, but in the options, the particular solutions have different constants. For example, option G has (1, 2, 3, 4), option F has (-1, 2, 3, 4), etc.

Wait, perhaps we need to check the particular solution.

Wait, another approach: since the solution is X = (t, 3 - t, 2 + t, 5 - t), so the general solution is X = (0, 3, 2, 5) + t*(1, -1, 1, -1). So the particular solution is (0, 3, 2, 5) and the homogeneous direction is (1, -1, 1, -1). However, the options have different vectors.

Wait, but the problem says ""the general solution"", so the homogeneous solution (the direction) is a vector r, and the particular solution is a vector τ.

Looking at the options:

Option C: X = c*(-1,1,-1,1) r + (1,2,3,3) τ

Wait, no, the notation here is a bit confusing. Wait, the options are written as X = c * r + τ, where r is a direction vector and τ is a particular solution.

Wait, in the problem statement, the options are written with ""r"" and ""τ"" as parameters, but in the problem statement, it's written as ""X = c * [vector] r + [another vector] τ"", but probably ""r"" and ""τ"" here are just dummy variables (like real numbers), but in the context of linear algebra, the general solution is a particular solution plus a homogeneous solution.

Wait, the key point is that the homogeneous solution (the direction vector) should be a vector that satisfies AX = 0.

So, we need to find a vector r such that A r = 0.

Given that α₂, α₃, α₄ are linearly independent, and α₁ = α₂ - α₃ + α₄.

So, the null space of A consists of vectors X = (x₁, x₂, x₃, x₄) such that x₁α₁ + x₂α₂ + x₃α₃ + x₄α₄ = 0.

But since α₁ = α₂ - α₃ + α₄, substitute:

x₁(α₂ - α₃ + α₄) + x₂α₂ + x₃α₃ + x₄α₄ = 0

Which simplifies to:

(x₁ + x₂)α₂ + (x₃ - x₁)α₃ + (x₄ + x₁)α₄ = 0.

Since α₂, α₃, α₄ are linearly independent, each coefficient must be zero:

x₁ + x₂ = 0,

x₃ - x₁ = 0,

x₄ + x₁ = 0.

So from this, we get:

x₂ = -x₁,

x₃ = x₁,

x₄ = -x₁.

So the null space is spanned by the vector (-1, 1, -1, 1)? Wait, wait:

Wait, the solution is x₁ free, so let x₁ = t, then:

x₂ = -t,

x₃ = t,

x₄ = -t.

So the null space vector is (t, -t, t, -t) = t*(1, -1, 1, -1). Wait, no:

Wait, x₁ = t,

x₂ = -t,

x₃ = t,

x₄ = -t.

So the vector is (t, -t, t, -t) = t*(1, -1, 1, -1). So the null space is spanned by (1, -1, 1, -1).

But in the options, the homogeneous direction vectors are written as (-1, 1, -1, 1), which is just -1 times (1, -1, 1, -1). So they are the same direction.

So the homogeneous solution is scalar multiples of (-1, 1, -1, 1) or (1, -1, 1, -1), depending on sign.

Now, the particular solution: we need a specific solution to AX = β.

Earlier, we found that the solution is X = (t, 3 - t, 2 + t, 5 - t). So a particular solution is when t=0: X = (0, 3, 2, 5). Or t=1: X = (1, 2, 3, 4). Wait, (1, 2, 3, 4) is a solution? Let's check.

If X = (1, 2, 3, 4), then AX = 1*α₁ + 2*α₂ + 3*α₃ +4*α₄ = β (by definition of β). Wait, β is defined as α₁ + 2α₂ +3α₃ +4α₄. Wait, no! Wait, the problem says β = α₁ + 2α₂ + 3α₃ +4α₄. Wait, hold on.

Wait, no: the problem states ""β = α₁ + 2α₂ + 3α₃ +4α₄"". Wait, but in the system AX = β, so we have A X = β, where X is a column vector (x₁, x₂, x₃, x₄), so the equation is x₁α₁ + x₂α₂ + x₃α₃ +x₄α₄ = β.

But β is given as α₁ + 2α₂ + 3α₃ +4α₄. Wait, this seems confusing. Wait, no: the problem says ""there's a vector β = α₁ + 2α₂ + 3α₃ +4α₄"". Wait, but β is a vector in the same space as α's, so β is a linear combination of the columns of A.

Wait, but in the system AX = β, the solution X is a vector such that when you multiply A by X (which is a column vector), you get β.

But given that β is defined as α₁ + 2α₂ + 3α₃ +4α₄, which is a linear combination of the columns of A. Wait, no: Wait, A is a matrix with columns α₁, α₂, α₃, α₄. So the product AX is a linear combination of the columns of A with coefficients x₁, x₂, x₃, x₄. So AX = x₁α₁ +x₂α₂ +x₃α₃ +x₄α₄.

But β is given as α₁ + 2α₂ + 3α₃ +4α₄. Wait, no: the problem says ""β = α₁ + 2α₂ + 3α₃ +4α₄"". Wait, that's a typo? Or maybe not.

Wait, no: the problem says ""there's a vector β = α₁ + 2α₂ + 3α₃ +4α₄"". Wait, but β is a vector in the space, so it's a linear combination of the columns of A. So the system AX = β is asking for X such that x₁α₁ +x₂α₂ +x₃α₃ +x₄α₄ = β.

But β itself is a linear combination of the columns: β = 1*α₁ + 2*α₂ + 3*α₃ +4*α₄.

Wait, this is critical. So β is given as a linear combination of the columns of A. So the system AX = β is equivalent to finding X such that the linear combination of columns equals β.

But β is already a linear combination of the columns (with coefficients 1,2,3,4). Wait, but that would mean that X = (1,2,3,4) is a solution. Wait, yes!

Wait, if β = 1*α₁ + 2*α₂ + 3*α₃ +4*α₄, then the solution X = (1,2,3,4) is a particular solution.

Wait, this is a key insight.

Because AX = β means x₁α₁ +x₂α₂ +x₃α₃ +x₄α₄ = β.

But β is defined as α₁ + 2α₂ + 3α₃ +4α₄. So if we take X = (1, 2, 3, 4), then AX = 1*α₁ + 2*α₂ + 3*α₃ +4*α₄ = β. So X = (1,2,3,4) is a particular solution.

Ah! That's important. So the particular solution is (1, 2, 3, 4). Wait, but the problem states β = α₁ + 2α₂ + 3α₃ +4α₄. So yes, if we set X = (1,2,3,4), then AX = β.

So that's a particular solution.

Now, the general solution is X = X_p + X_h, where X_p is a particular solution and X_h is a homogeneous solution.

We already found that the null space of A is spanned by the vector (1, -1, 1, -1) [or its scalar multiples], as per the equations we had earlier.

Wait, from the null space: we had x₂ = -x₁, x₃ = x₁, x₄ = -x₁. So the null space vector is (x₁, -x₁, x₁, -x₁) = x₁*(1, -1, 1, -1). So the homogeneous solution is scalar multiples of (1, -1, 1, -1).

But in the options, the homogeneous direction is written as (-1, 1, -1, 1), which is just -1 times (1, -1, 1, -1), so same direction.

So the general solution is X = (1, 2, 3, 4) + c*(1, -1, 1, -1). But the options have different vectors.

Wait, looking at the options:

Option G: X = c (-1, 1, -1, 1) r + (1,"
367,"Okay, let's tackle these inverse trigonometric problems one by one. I need to find the angle for each given trigonometric value, rounded to one decimal place. Let's start with the first one.

**First problem: sin(α) = 0.868632 implies α**

So, we need to find α such that sin(α) = 0.868632. To do this, we take the inverse sine (arcsin) of 0.868632. I should remember that arcsin gives values in radians or degrees? Wait, the problem doesn't specify, but in most math contexts, especially if it's a calculator problem, it's probably in radians, but sometimes in degrees. Hmm. Wait, the problem says ""determine each to 1 decimal place"". Let me think. In many standard math courses, when they ask for angles without specifying, it might be in degrees, but in calculus, it's radians. But since the problem is presented in a general way, maybe I should check both? Wait, no, let's see. Let's assume it's in degrees first, because if it's radians, the numbers might be different. Wait, actually, let's recall that on calculators, you can switch between degrees and radians. But since the problem is from a math context, maybe it's expecting degrees? Wait, no, in higher mathematics, angles are often in radians, but in basic trigonometry, it's degrees. Hmm. Wait, the problem says ""determine each"", so probably expects the principal value, which is between -90 and ื่e 90 degrees (for arcsin) or -π/2 to π/2 radians.

Let me try calculating in degrees first. Let's use a calculator approach.

First, sin(α) = 0.868632. So α = arcsin(0.868632). Let's compute that.

I know that sin(60°) = √3/2 ≈ 0.8660, which is close to 0.868632. So 60 degrees is about 0.8660, so our value is slightly more than 60 degrees. Let's see: 0.868632 - 0.8660 = 0.002632. The derivative of sin(x) at x=60° is cos(60°) = 0.5. So the approximate change in x (in radians) would be Δx ≈ Δy / cos(x). Wait, but maybe better to convert to radians for calculation.

Wait, maybe I should just use a calculator. Since I don't have a physical calculator here, but I can recall some values.

Alternatively, use the small angle approximation, but maybe not. Let's think.

In degrees:

We know sin(60°) ≈ 0.8660

sin(61°) = sin(60 + 1) ≈ sin60 cos1 + cos60 sin1 ≈ 0.8660 * 0.9998 + 0.5 * 0.01745 ≈ 0.8658 + 0.008725 ≈ 0.8745. Wait, that's higher than 0.868632.

Wait, sin(60.5°): Let's compute.

First, convert 60.5 degrees to radians: 60.5 * π/180 ≈ 1.055 radians.

But maybe better to use linear approximation between 60° and 61°.

At 60°, sin(60°) ≈ 0.8660254

At 61°, sin(61°) ≈ 0.8746197

The difference between 61° and 60° is 1°, which is approximately 0.01745 radians.

The value we have is 0.868632. Let's see how much above 0.8660254 it is: 0.868632 - 0.8660254 = 0.0026066.

The total difference between 60° and 61° is 0.8746197 - 0.8660254 ≈ 0.0085943 per degree.

So the fraction is 0.0026066 / 0.0085943 ≈ 0.303. So approximately 60.303 degrees.

So α ≈ 60.3 degrees. Let's check with a calculator (pretending I have one).

Wait, actually, using a calculator: arcsin(0.868632) in degrees.

Let me recall that sin(60°) ≈ 0.8660, sin(60.5°) ≈ sin(60 + 0.5) = sin60 cos0.5 + cos60 sin0.5.

Convert 0.5 degrees to radians: 0.5 * π/180 ≈ 0.0087266 radians.

cos(0.5°) ≈ 1 - (0.0087266)^2 / 2 ≈ 0.99996

sin(0.5°) ≈ 0.0087266

So sin(60.5°) ≈ sin60 * cos0.5 + cos60 * sin0.5 ≈ 0.8660 * 0.99996 + 0.5 * 0.0087266 ≈ 0.8659 + 0.004363 ≈ 0.87026. Which is higher than 0.868632.

So 0.868632 is between 60° and 60.5°.

Let’s try 60.3 degrees:

60.3° in radians: 60.3 * π/180 ≈ 1.052 radians.

sin(1.052) ≈ ?

We know sin(1 rad) ≈ 0.8411, sin(1.05) ≈ sin(1 + 0.05) ≈ sin1 cos0.05 + cos1 sin0.05 ≈ 0.8411*0.99875 + 0.5403*0.05 ≈ 0.840 + 0.027 ≈ 0.867. Oh, that's close!

Wait, 1 rad ≈ 57.3 degrees, so 1 rad ≈ 57.3°, so 1.05 radians ≈ 57.3 * 1.05 ≈ 59.665 degrees? Wait, no, 1 rad = 57.3°, so 1.05 rad = 57.3 * 1.05 ≈ 57.3 + 57.3*0.05 ≈ 57.3 + 2.865 ≈ 60.165 degrees. Ah, right, so 1.05 radians is approximately 60.165 degrees.

So sin(1.05 radians) ≈ sin(60.165°) ≈ 0.8686? Let's check.

Yes, because we calculated earlier that sin(60.3°) is approximately 0.8686. So maybe α ≈ 60.3 degrees.

Wait, but let's get precise. Let's use the Taylor series around 60 degrees.

Let x = 60 degrees, so sin(x) = 0.8660254

We want sin(x + δ) = 0.868632

Using the approximation sin(x + δ) ≈ sinx + δ * cosx (in radians)

Wait, the derivative of sin(x) is cos(x), but x must be in radians for calculus derivatives.

So let's convert 60 degrees to radians: 60° = π/3 ≈ 1.04719755 radians.

Let x = 1.04719755 radians, sinx = √3/2 ≈ 0.8660254

We want to find δ (in radians) such that sin(x + δ) = 0.868632

Approximate: sin(x + δ) ≈ sinx + δ * cosx

So 0.868632 ≈ 0.8660254 + δ * cosx

cosx = cos(π/3) = 0.5

So δ ≈ (0.868632 - 0.8660254) / 0.5 ≈ (0.0026066) / 0.5 ≈ 0.0052132 radians

Convert δ to degrees: 0.0052132 radians * (180/π) ≈ 0.0052132 * 57.2958 ≈ 0.299 degrees

So x + δ ≈ 60° + 0.299° ≈ 60.3°

So α ≈ 60.3 degrees. Rounded to one decimal place, that's 60.3.

Wait, but let's confirm with a calculator. If I had a calculator, arcsin(0.868632) in degrees.

Let me recall that sin(60°) = 0.8660, sin(60.5°) ≈ 0.8704 (from memory), so 0.8686 is about 60.3 degrees. So yes, 60.3°.

So first answer is 60.3 (degrees).

**Second problem: tan(β) = 1.04644 implies β**

Again, need to find β = arctan(1.04644). Let's think.

We know that tan(45°) = 1, so 1.04644 is a bit more than 45 degrees. Let's estimate.

tan(45°) = 1

tan(46°) ≈ 1.0355

tan(47°) ≈ 1.0724

So 1.04644 is between 46° and 47°.

Let's compute the difference:

At 46°, tan = 1.0355

At 47°, tan = 1.0724

Difference per degree: 1.0724 - 1.0355 = 0.0369

Our value is 1.04644 - 1.0355 = 0.01094 above 46°.

So fraction = 0.01094 / 0.0369 ≈ 0.3, so approximately 46.3 degrees.

Let's check with linear approximation.

Let β = 46° + δ (in degrees)

tan(46° + δ) ≈ tan46° + δ * (d/dx tanx at x=46°) * (π/180) [since derivative in degrees]

Wait, better to use radians for calculus.

Let x = 46° = 46 * π/180 ≈ 0.80285 radians

tan(x) = 1.0355

We want tan(x + δ) = 1.04644, where δ is in radians.

The derivative of tan(x) is sec²x, so tan(x + δ) ≈ tanx + δ * sec²x

So 1.04644 ≈ 1.0355 + δ * (1 + tan²x)

Since sec²x = 1 + tan²x = 1 + (1.0355)² ≈ 1 + 1.072 ≈ 2.072

So δ ≈ (1.04644 - 1.0355) / 2.072 ≈ 0.01094 / 2.072 ≈ 0.00528 radians

Convert δ to degrees: 0.00528 * (180/π) ≈ 0.00528 * 57.2958 ≈ 0.302 degrees

So β ≈ 46° + 0.302° ≈ 46.302°, so 46.3 degrees.

Let me verify with known values. For example, tan(46.3°):

Using calculator (pretending), tan(46.3) ≈ let's see, tan(45) = 1, tan(46) ≈ 1.0355, tan(46.5) ≈ 1.050, so 46.3 is close to 1.04644. Yes, so β ≈ 46.3 degrees.

So second answer is 46.3.

**Third problem: sec(θ) = 1.67329 implies θ**

Secant is 1/cosine, so sec(θ) = 1.67329 implies cos(θ) = 1 / 1.67329 ≈ 0.5977.

So we need to find θ such that cos(θ) = 0.5977. Then θ = arccos(0.5977).

First, note that arccos gives values between 0 and 180 degrees (or 0 and π radians) for principal value.

Let's estimate.

We know that cos(50°) ≈ 0.6428

cos(55°) ≈ 0.5736

So 0.5977 is between 50° and 55°, closer to 55°.

Let's compute:

cos(53°) ≈ 0.6019 (since cos(53°) is approximately 0.6, as in 3-4-5 triangle: cos(53°) ≈ 0.6)

Wait, 3-4-5 triangle: angles are approx 36.87° and 53.13°. So cos(53.13°) ≈ 3/5 = 0.6, sin(53.13°) ≈ 4/5 = 0.8.

So cos(53.13°) ≈ 0.6, which is close to our value 0.5977.

So θ is slightly less than 53.13°, since cosine decreases as angle increases.

Let's say cos(53°) ≈ 0.6009 (from memory, cos(53°) ≈ 0.6009)

Wait, let's check:

cos(50°) ≈ 0.6428

cos(55°) ≈ 0.5736

So the difference between 50° and 55° is 5°, and cos decreases by 0.6428 - 0.5736 = 0.0692 over 5°.

Our value is 0.5977, which is 0.5977 - 0.5736 = 0.0241 above cos(55°), so the fraction is 0.0241 / 0.0692 ≈ 0.348, so θ ≈ 55° - 0.348° ≈ 54.65°? Wait, no, because as angle increases, cosine decreases, so if we have a higher cosine value, the angle is smaller.

Wait, let's do it properly.

Let’s take two points:

At θ = 53°, cosθ ≈ 0.6009 (from 3-4-5 triangle, 53.13° has cos≈0.6)

At θ = 54°, cos(54°) ≈ 0.5878 (since cos(60°)=0.5, cos(45°)=√2/2≈0.707, so 54° is between 45 and 60, cos(54°)≈0.5878)

Wait, actually, standard values:

cos(50°) ≈ 0.6428

cos(51°) ≈ 0.6293

cos(52°) ≈ 0.6736? Wait, no, wait, cos decreases as angle increases.

Wait, no: cos(0°)=1, cos(90°)=0, so as angle increases from 0 to 90, cosine decreases from 1 to 0.

So cos(50°) ≈ 0.6428

cos(55°) ≈ 0.5736

So let's list:

θ (degrees) | cosθ
50 | 0.6428
51 | ~0.6293
52 | ~0.6018
53 | ~0.6009 (wait, no, 53° is actually closer to 53.13° where cosθ=0.6)
Wait, maybe better to use linear approximation between 52° and 53°.

Let’s take θ = 52°, cosθ ≈ 0.6018 (from tables)

θ = 53°, cosθ ≈ 0.5985 (approximate)

Wait, actually, let's use more accurate values.

I recall that cos(52°) ≈ 0.6157? Wait, no, I'm getting confused. Let's use a better method.

Let’s consider that we need to find θ where cosθ = 0.5977.

Let’s use the fact that cos(50°) ≈ 0.6428

cos(55°) ≈ 0.5736

So the difference in cosθ from 50° to 55° is 0.5736 - 0.6428 = -0.0692 over 5 degrees.

We need cosθ = 0.5977, which is 0.5977 - 0.6428 = -0.0451 below cos(50°).

So the fraction is (-0.0451) / (-0.0692) ≈ 0.651, so θ ≈ 50° + 0.651*5° ≈ 50° + 3.255° ≈ 53.255°. Wait, but since cosine decreases as θ increases, the value 0.5977 is less than cos(50°) (which is 0.6428), so θ is greater than 50°.

Wait, yes, because as θ increases, cosθ decreases. So if we have a lower cosθ, θ is larger.

So the difference from 50°: cosθ = 0.5977 is 0.5977 - 0.6428 = -0.0451 below cos(50°).

Total change from 50° to 55° is -0.0692 over 5°, so per degree, the change is -0.01384.

So to get a change of -0.0451, we need 0.0451 / 0.01384 ≈ 3.26 degrees. So θ ≈ 50° + 3.26° ≈ 53.26°.

So θ ≈ 53.3 degrees.

Let's check with known value: cos(53°) ≈ 0.6009 (from 3-4-5 triangle, 53.13° has cos≈0.6), so cos(53.13°) ≈ 0.6, so our value 0.5977 is slightly less than 0.6, so θ is slightly more than 53.13°, so approximately 53.2°.

Wait, let's do linear approximation between 53° and 54°.

cos(53°) ≈ 0.6009

cos(54°) ≈ 0.5878 (since cos(54°) is approximately 0.5878, as 54° is close to 60°-6°)

The difference: 0.5878 - 0.6009 = -0.0131 over 1 degree.

We need cosθ = 0.5977, which is 0.5977 - 0.6009 = -0.0032 below cos(53°).

So the fraction is 0.0032 / 0.0131 ≈ 0.244, so θ ≈ 53° + 0.244° ≈ 53.244°, so approximately 53.2 degrees.

Therefore, �"
368,"Okay, let's tackle each part one by one. 

Starting with part a). The question is about f(t), where t is the number of minutes after 5 PM, and f(t) is the number of people eating at time t. So, f(5) = 17 means that when t = 5 (which is 5 minutes after 5 PM, so 5:05 PM), there are 17 people eating. Let's look at the options.

Option A: ""Every 5 minutes, 17 more people are eating"" – Hmm, that's talking about the rate, but f(5) is just a specific value, not a rate. So probably not A.

Option B: ""There are 5 people eating at 5:17 PM"" – Wait, 5:17 PM is 17 minutes after 5 PM, so t would be 17, not 5. So this is mixing up the time. So B is wrong.

Option C: ""There are 17 people eating at 5:05 PM"" – Yes! Because t=5 means 5 minutes after 5 PM, which is 5:05 PM. So f(5)=17 means at 5:05 PM, 17 people are eating. That seems right.

Option D: ""There are 17 people eating at 10:00 PM"" – 10:00 PM is 5 hours after 5 PM, which is 300 minutes, so t=300, not 5. So D is wrong.

Option E: ""None of the above"" – But C seems correct. Wait, let me check again. The problem says ""the number of people eating in a restaurant t minutes after 5 PM"". So t=5 is 5 minutes after 5 PM, so 5:05 PM. So f(5)=17 means at 5:05 PM, 17 people are eating. So option C says ""There are 17 people eating at 5:05 PM"", which matches. So C is correct. Wait, but let me check the options again.

Wait, the options for a) are:

A. Every 5 minutes, 17 more people are eating

B. There are 5 people eating at 5:17 PM

C. There are 17 people eating at 5:05 PM

D. There are 17 people eating at 10:00 PM

E. None of the above

So yes, C is correct. So answer for a) is C.

Moving to part b). Now, f(a) = 34. Here, a is some time (in minutes after 5 PM), so f(a) = 34 means that a minutes after 5 PM, there are 34 people eating. Let's see the options.

Option A: ""Every 34 minutes, the number of people eating has increased by a people"" – This is a rate, but f(a) is a specific value, not a rate. So probably not.

Option B: ""a hours after 5 PM there are 34 people eating"" – Wait, the function f(t) is defined with t as minutes, so a is in minutes, not hours. So if it's a hours, that's different. So B is incorrect because it says ""a hours"" but a is a time in minutes.

Option C: ""At 5:34 PM there are a people eating"" – 5:34 PM is 34 minutes after 5 PM, so t=34. But here, f(a)=34, so a is the time (minutes), so this is saying at 5:34 PM (t=34), there are a people. But f(a)=34 means at time a (minutes), 34 people. So this is a different statement. So C is confusing a and 34.

Option D: ""a minutes after 5 PM there are 34 people eating"" – Yes! Because f(t) is the number of people at time t minutes after 5 PM. So f(a) = 34 means that a minutes after 5 PM, there are 34 people eating. So D is correct.

Option E: ""None of the above"" – but D seems correct. Wait, let's check again.

The problem states: ""f(t) denote the number of people eating in a restaurant t minutes after 5 PM"". So t is in minutes. So f(a) = 34 means that when t = a (minutes after 5 PM), the number of people is 34. So the statement ""a minutes after 5 PM there are 34 people eating"" is exactly what f(a)=34 means. So D is correct.

So answer for b) is D.

Part c): f(34) = b. So here, 34 is the time (t=34 minutes after 5 PM), so f(34) is the number of people at 5:34 PM. So f(34)=b means that at 5:34 PM, there are b people eating.

Looking at the options:

A. ""b hours after 5 PM there are 34 people eating"" – No, because b is the number of people, not time.

B. ""b minutes after 5 PM there are 34 people eating"" – No, f(34)=b is about time 34 minutes, not b minutes.

C. ""Every 34 minutes, the number of people eating has increased by b people"" – This is a rate, but f(34)=b is a specific value, not a rate over time.

D. ""At 5:34 PM there are b people eating"" – Yes! Because 34 minutes after 5 PM is 5:34 PM, so f(34) is the number of people at that time, which is b. So D is correct.

E. ""None of the above"" – but D seems correct.

Wait, let's check the options again.

Options for c):

A. b hours after 5 PM there are 34 people eating

B. b minutes after 5 PM there are 34 people eating

C. Every 34 minutes, the number of people eating has increased by b people

D. At 5:34 PM there are b people eating

E. None of the above

Yes, D is exactly the meaning of f(34)=b. Because 34 minutes after 5 PM is 5:34 PM, so f(34) is the number of people at 5:34 PM, which is b. So D is correct. So answer for c) is D.

Part d): n = f(t). So n is the number of people eating, f(t) is the function, so n = f(t) means that when the time is t minutes after 5 PM, the number of people is n.

Options:

A. ""Every t minutes, n more people have begun eating"" – Not sure. The function f(t) is the number at time t, not the rate of change. So this is probably not.

B. ""t hours after 5 PM there are n people eating"" – Wait, the problem says t is minutes, so t hours is different. The function is defined with t as minutes, so this is incorrect.

C. ""n minutes after 5 PM there are t people eating"" – No, n is the number of people, t is time in minutes.

D. ""n hours after 5 PM there are t people eating"" – Again, n is a number of people, not time.

E. ""None of the above""

Wait, let's think carefully.

n = f(t) means that for a given time t (minutes after 5 PM), the number of people is n. So the equation n = f(t) is saying that when the time elapsed is t minutes, the number of people is n.

Let's look at the options:

A. ""Every t minutes, n more people have begun eating"" – This is about the rate of increase, but f(t) is a function that gives the count at time t, not the rate. So this is incorrect.

B. ""t hours after 5 PM there are n people eating"" – But t is in minutes (since the problem says ""t minutes after 5 PM""), so t hours is a different unit. So this is wrong.

C. ""n minutes after 5 PM there are t people eating"" – Here, n is the number of people, so it's a time duration, but the function f(t) is defined for t minutes, so this is mixing variables. This is incorrect.

D. ""n hours after 5 PM there are t people eating"" – Similarly, n is a number of people, not time, so this is wrong.

So all options A-D are incorrect, so the answer is E: None of the above.

Wait, let's verify.

The problem says ""n = f(t)"". So n is the output, f(t) is the number of people at time t (minutes after 5 PM). So n = f(t) means that at time t (minutes after 5 PM), there are n people eating.

So the statement ""n = f(t)"" is equivalent to ""at t minutes after 5 PM, there are n people eating"".

Now, looking at the options for d):

A. Every t minutes, n more people have begun eating – This is a rate, but the function f(t) is a value at time t, not a rate. So no.

B. t hours after 5 PM there are n people eating – But t is in minutes, so this is incorrect (units).

C. n minutes after 5 PM there are t people eating – Here, n is the number of people, so it's a time duration, but the function is defined with t as time, so this is confusing the variables.

D. n hours after 5 PM there are t people eating – n is a number of people, not time, so this is wrong.

Therefore, none of the options correctly describe n = f(t), so the answer is E.

Let me double-check each option.

For d), the correct interpretation is that n is the number of people, t is minutes after 5 PM. So n = f(t) means ""at t minutes after 5 PM, there are n people eating"".

Option B says ""t hours after 5 PM..."" but t is minutes, so B is wrong.

Option C: ""n minutes after 5 PM..."" but n is a number of people, not time. So it's a different variable.

Option D: ""n hours..."" same issue.

Option A: ""Every t minutes..."" – the word ""every"" implies a rate over intervals, but f(t) is a point value, not a rate. So A is incorrect.

Thus, E is the answer for d).

So to recap:

a) C

b) D

c) D

d) E

Wait, wait, for part c), the options say ""At 5:34 PM there are b people eating"" – yes, because 34 minutes after 5 PM is 5:34 PM, so f(34) is the number of people at that time, which is b. So D is correct for c).

For part b), f(a)=34 means a minutes after 5 PM, 34 people are eating. So D: ""a minutes after 5 PM there are 34 people eating"" – correct.

For part a), f(5)=17: 5 minutes after 5 PM is 5:05 PM, so 17 people at 5:05 PM. So option C: ""There are 17 people eating at 5:05 PM"" – correct.

So answers:

a) C

b) D

c) D

d) E

Wait, but let me check part c) again. The options for c) are:

A. b hours after 5 PM there are 34 people eating

B. b minutes after 5 PM there are 34 people eating

C. Every 34 minutes, the number of people eating has increased by b people

D. At 5:34 PM there are b people eating

E. None of the above

Yes, D is correct. Because f(34) is the number at time 34 minutes after 5 PM, which is 5:34 PM, so it's ""At 5:34 PM there are b people eating"". So D is correct.

So all answers:

a) C

b) D

c) D

d) E

I think that's it.
</think>

To solve this problem, we must carefully interpret the function $ f(t) $, which represents **the number of people eating in a restaurant** at time $ t $ minutes **after 5 PM**. This means that:

- $ t $ is measured in **minutes**
- $ f(t) $ gives the **number of people** currently eating at that specific time
- The time corresponding to $ t $ minutes after 5 PM is **5:00 PM + $ t $ minutes**

---

### ✅ Part (a): What does $ f(5) = 17 $ mean?

We are told:
> $ f(5) = 17 $

This means: *At 5 minutes after 5 PM (i.e., 5:05 PM), there are 17 people eating.*

Let’s evaluate the options:

- **A.** *Every 5 minutes, 17 more people are eating*  
  → Incorrect. $ f(5) $ is a **single point** value, not a rate or trend over time.

- **B.** *There are 5 people eating at 5:17 PM*  
  → Incorrect. 5:17 PM is **17 minutes** after 5 PM, so it corresponds to $ f(17) $, not $ f(5) $.

- **C.** *There are 17 people eating at 5:05 PM*  
  → ✅ **Correct.** 5 minutes after 5 PM = 5:05 PM. So $ f(5) = 17 $ means **17 people are eating at 5:05 PM**.

- **D.** *There are 17 people eating at 10:00 PM*  
  → Incorrect. 10:00 PM is 5 hours later, i.e., 300 minutes after 5 PM → $ f(300) $, not $ f(5) $.

- **E.** *None of the above*  
  → Not applicable since **C is correct**.

✅ **Answer for (a):** $\boxed{C}$

---

### ✅ Part (b): What does $ f(a) = 34 $ mean?

We are told:
> $ f(a) = 34 $

This means: *At $ a $ minutes after 5 PM, there are 34 people eating.*

Let’s evaluate the options:

- **A.** *Every 34 minutes, the number of people eating has increased by $ a $ people*  
  → Incorrect. This refers to a **rate**, but $ f(a) $ is a **point value**.

- **B.** *$ a $ hours after 5 PM there are 34 people eating*  
  → Incorrect. The variable $ a $ is in **minutes**, not hours.

- **C.** *At 5:34 PM there are $ a $ people eating*  
  → Incorrect. 5:34 PM corresponds to $ t = 34 $, so this would be $ f(34) $, not $ f(a) $.

- **D.** *$ a $ minutes after 5 PM there are 34 people eating*  
  → ✅ **Correct.** This directly matches the definition of $ f(a) = 34 $.

- **E.** *None of the above*  
  → Not applicable since **D is correct**.

✅ **Answer for (b):** $\boxed{D}$

---

### ✅ Part (c): What does $ f(34) = b $ mean?

We are told:
> $ f(34) = b $

This means: *At 34 minutes after 5 PM (i.e., 5:34 PM), there are $ b $ people eating.*

Let’s evaluate the options:

- **A.** *$ b $ hours after 5 PM there are 34 people eating*  
  → Incorrect. $ b $ is a **number of people**, not a time duration.

- **B.** *$ b $ minutes after 5 PM there are 34 people eating*  
  → Incorrect. Again, $ b $ is a **count**, not a time interval.

- **C.** *Every 34 minutes, the number of people eating has increased by $ b $ people*  
  → Incorrect. This describes a **rate of change**, but $ f(34) $ is a **single point** value.

- **D.** *At 5:34 PM there are $ b $ people eating*  
  → ✅ **Correct.** 34 minutes after 5 PM = 5:34 PM. So $ f(34) = b $ means **at 5:34 PM, $ b $ people are eating**.

- **E.** *None of the above*  
  → Not applicable since **D is correct**.

✅ **Answer for (c):** $\boxed{D}$

---

### ✅ Part (d): What does $ n = f(t) $ mean?

We are told:
> $ n = f(t) $

This means: *At $ t $ minutes after 5 PM, there are $ n $ people eating.*

Let’s analyze each option:

- **A.** *Every $ t $ minutes, $ n $ more people have begun eating*  
  → Incorrect. This implies a **rate of change**, but $ f(t) $ is a **point value** (not a derivative).

- **B.** *$ t $ hours after 5 PM there are $ n $ people eating*  
  → Incorrect. $ t $ is in **minutes**, not hours.

- **C.** *$ n $ minutes after 5 PM there are $ t $ people eating*  
  → Incorrect. $ n $ is a **number of people**, not a time duration.

- **D.** *$ n $ hours after 5 PM there are $ t $ people eating*  
  → Incorrect. $ n $ is a **count**, not a time unit.

- **E.** *None of the above*  
  → ✅ **Correct.** All other options misinterpret the relationship between $ n $, $ t $, and the context of the function.

✅ **Answer for (d):** $\boxed{E}$

---

### Final Answers:

$$
\boxed{C,D,D,E}
$$"
369,"Okay, let's see. I need to find the quadratic function in vertex form. The problem says it has its vertex at (5,2), so that should give me h and k right away. Wait, vertex form is f(x) = a(x - h)^2 + k, where (h,k) is the vertex. So the vertex is (5,2), which means h is 5 and k is 2. That part seems straightforward.

But wait, they also say the function passes through the point (3,5). So we need to use that point to find the value of a. Because the vertex form has a coefficient a that we don't know yet. Let me write down what I know.

Vertex is (5,2), so in vertex form, it's f(x) = a(x - ื่)^2 + k. So h = 5, k = 2. So the function is f(x) = a(x - 5)^2 + 2.

Now, since it passes through (3,5), that means when x = 3, f(x) = 5. So plug in x=3 and f(x)=5 into the equation.

So 5 = a(3 - 5)^2 + 2.

Let's compute that. 3 - 5 is -2, squared is 4. So 5 = a*(4) + 2.

Then subtract 2 from both sides: 5 - 2 = 4a => 3 = 4a => a = 3/4.

Wait, let me check that again. 5 equals a times (3-5) squared plus 2. So (3-5) is -2, squared is 4. So 5 = 4a + 2. Then 5 - 2 is 3, so 4a = 3, so a = 3/4. Yeah, that's right.

So the vertex form is f(x) = (3/4)(x - 5)^2 + 2.

Therefore, a is 3/4, h is 5, k is 2.

Let me just verify. Let's plug in x=3. f(3) = (3/4)(3 - 5)^2 + 2 = (3/4)(4) + 2 = 3 + 2 = 5. Perfect, that's the point given. So that checks out.

So the answers are a = 3/4, h = 5, k = 2.

The question asks for a, h, k. So the problem says ""When written in vertex form, the function is f(x)=a(x-h)^2+k, where: a= [ANS], h= [ANS], k= [ANS].""

So we need to fill in each blank. So a is 3/4, h is 5, k is 2.

I think that's it. Let me make sure there's no trick here. The vertex is given as (5,2), so h and k are directly from the vertex. Then using the other point to solve for a. Yep, that's standard for vertex form. So this should be correct.

**Final Answer**
The values are \( a = \frac{3}{4} \), \( h = 5 \), and \( k = 2 \). So the answers are \(\boxed{\dfrac{3}{4}}\), \(\boxed{5}\), and \(\boxed{2}\).

Wait, but the problem says ""If the problem has multiple sub-answers, separate them by commas inside a single \boxed{}"". Hmm, the user wants the final answer as boxed with commas if multiple. Let me check the instructions again.

""A quadratic function has its vertex at the point (5,2). The function passes through the point (3,5). When written in vertex form, the function is f(x)=a(x-h)^2+k, where: a= [ANS]. h= [ANS]. k= [ANS].""

So they want three answers: a, h, k. The problem says ""If the problem has multiple sub-answers, separate them by commas inside a single \boxed{}"".

So probably the answer is three numbers: 3/4, 5, 2. So the boxed answer should be \boxed{\dfrac{3}{4}, 5, 2}

Wait, the instruction says ""put your final answer inside \boxed{}"". So since there are three answers, we need to box them all together.

In the example, it's \boxed{3, 7} for two answers. So here, three answers: a, h, k. So the answer is \boxed{\dfrac{3}{4}, 5, 2}

But let me check if the problem expects the answer in a specific format. The user says ""separate them by commas inside a single \boxed{}"".

Yes, so the answer is three numbers: a is 3/4, h is 5, k is 2. So the boxed answer is \boxed{\dfrac{3}{4}, 5, 2}

But maybe they want fractions as decimals? No, 3/4 is fine as a fraction. In math problems like this, fractions are preferred.

Alternatively, sometimes they write 0.75, but since 3/4 is exact, better to write as fraction.

So yes, \boxed{\dfrac{3}{4}, 5, 2}

Wait, but the problem says ""the function is f(x)=a(x-h)^2+k"", so h is the x-coordinate of the vertex, which is 5, and k is the y-coordinate, which is 2. So that's correct.

Yes, so the answer is a=3/4, h=5, k=2. So the three answers are 3/4, 5, 2. So in boxed form as per instructions: \boxed{\dfrac{3}{4}, 5, 2}

But let me check if the problem says ""the function is f(x)=a(x-h)^2+k"", so h is 5, k is 2. Correct.

Yes, this is right.
</think>

To determine the values of $ a $, $ h $, and $ k $ for the quadratic function in **vertex form**, we start with the given information:

- The **vertex** of the parabola is at the point $ (5, 2) $
- The function passes through the point $ (3, 5) $

---

### Step 1: Understand the Vertex Form

The general vertex form of a quadratic function is:

$$
f(x) = a(x - h)^2 + k
$$

Here:
- $ (h, k) $ is the vertex of the parabola
- $ a $ is the leading coefficient that determines the direction and width of the parabola

From the problem statement, the **vertex** is at $ (5, 2) $. Therefore:

$$
h = 5,\quad k = 2
$$

So far, we have:

$$
f(x) = a(x - 5)^2 + 2
$$

---

### Step 2: Use the Given Point to Solve for $ a $

We are told that the function passes through the point $ (3, 5) $. That means when $ x = 3 $, $ f(3) = 5 $.

Substitute into the vertex form:

$$
5 = a(3 - 5)^2 + 2
$$

Simplify:

$$
5 = a(-2)^2 + 2 \\
5 = 4a + 2
$$

Solve for $ a $:

$$
4a = 3 \Rightarrow a = \frac{3}{4}
$$

---

### Final Values

We now know:

- $ a = \frac{3}{4} $
- $ h = 5 $
- $ k = 2 $

These are the required values for the vertex form of the quadratic function.

---

### Final Answer

Since the question asks for multiple sub-answers and specifies to place them in a single boxed expression separated by commas, the final answer is:

$$
\boxed{\dfrac{3}{4}, 5, 2}
$$"
370,"Okay, let's see. I need to find the amplitude and the midline of the function \( y = 10 \cos(5x) - 5 \). Hmm, I remember that for sinusoidal functions, like sine or cosine, there's a standard form. Let me recall. 

The general form of a sinusoidal function is \( y = A \cos(Bx - C) + D \), where \( A \) is the amplitude, \( B \) affects the period, \( C \) is the phase shift, and \( D \) is the vertical shift (which relates to the midline). 

Wait, the midline is the horizontal line that the function oscillates around. So if the function is \( y = \text{something} + D \), then the midline is \( y = D \). Right? Because the midline is the average of the maximum and minimum values of the function. 

Let me think. For a cosine function, the standard form is \( y = A \cos(Bx) + C \), where \( C \) is the vertical shift. So in this case, the function is \( y = 1歇 10 \cos(5x) - 5 \). So here, the ""C"" in the standard form would be -5. Wait, no, actually, in some notations, it's written as \( y = A \cos(Bx) + D \), so D is the vertical shift. So here, the function is \( y = 10 \cos(5x) + (-5) \). So D is -5. 

The midline is the horizontal line that the function oscillates around, which is \( y = D \). So the midline should be \( y = -5 \). 

Then, the amplitude is the absolute value of A, right? Because amplitude is the distance from the midline to the maximum or minimum. So if the function is \( y = A \cos(Bx) + D \), then the amplitude is |A|. Here, A is 10, so the amplitude is 10. 

Let me verify. Let's take the function \( y = 10 \cos(5x) - 5 \). The maximum value of \( \cos(5x) \) is 1, so the maximum of the function is \( 10*1 - 5 = 5 \). The minimum value of \( \cos(5x) \) is -1, so the minimum of the function is \( 10*(-1) - 5 = -10 -5 = -15 \). 

The midline is the average of the max and min. So (max + min)/2 = (5 + (-15))/2 = (-10)/2 = -5. So that confirms the midline is y = -5. 

The amplitude is half the difference between max and min. So (max - min)/2 = (5 - (-15))/2 = (20)/2 = 10. Which matches the amplitude we thought earlier. 

So for part (a), the midline is the line y = -5, so the equation is y = -5. 

For part (b), the amplitude is 10. 

Let me just make sure I didn't mix up anything. Sometimes people confuse the midline with the vertical shift, but in this case, since the function is written as \( y = 10 \cos(5x) - 5 \), the ""-5"" is a vertical shift downward by 5 units, so the midline is at y = -5. 

Yes, that makes sense. The amplitude is the coefficient of the cosine term, which is 10, because amplitude is the absolute value of the coefficient of the trigonometric function. 

So, putting it all together: 

(a) The midline is the line with equation \( y = -5 \).

(b) The amplitude is 10.

I think that's it. Let me check if there's any trick here. The function is \( y = 10 \cos(5x) - 5 \). There's no horizontal shift (phase shift) here, but the question is only about amplitude and midline, so phase shift doesn't affect those. 

Amplitude is always the absolute value of the coefficient in front of the cosine (or sine) function, so 10. Midline is the vertical shift, which is the constant term added to the cosine function. Since it's -5, the midline is y = -5. 

Yep, that seems right.
</think>

To determine the **amplitude** and **midline** of the function:

$$
y = 10 \cos(5x) - 5
$$

we analyze it using the standard form of a sinusoidal function:

$$
y = A \cos(Bx) + D
$$

Here:
- $ A $ is the **amplitude**
- $ B $ affects the period
- $ D $ is the **vertical shift**, which determines the **midline**

---

### Step 1: Identify the components

From the given function:

$$
y = 10 \cos(5x) - 5
$$

We can write it as:

$$
y = 10 \cos(5x) + (-5)
$$

So:
- $ A = 10 $
- $ B = 5 $
- $ D = -5 $

---

### Step 2: Determine the **amplitude**

The **amplitude** is the absolute value of the coefficient of the cosine term:

$$
\text{Amplitude} = |A| = |10| = 10
$$

This represents the maximum deviation from the midline.

---

### Step 3: Determine the **midline**

The **midline** is the horizontal line that the function oscillates around. It is equal to the **vertical shift** $ D $ in the standard form.

In this case:

$$
\text{Midline} = y = D = -5
$$

This means the graph oscillates between $ y = -5 $ (the midline) and up/down by the amplitude.

We can verify this by finding the maximum and minimum values of the function:

- Maximum value: $ 10 \cdot 1 - 5 = 5 $
- Minimum value: $ 10 \cdot (-1) - 5 = -15 $

Then the midline is:

$$
\frac{\text{Max} + \text{Min}}{2} = \frac{5 + (-15)}{2} = \frac{-10}{2} = -5
$$

This confirms the midline is indeed $ y = -5 $.

---

### Final Answers

**(a)** The midline is the line with equation:  
$$
\boxed{-5}
$$

**(b)** The amplitude is:  
$$
\boxed{10}
$$

---

### Final Answer Format

Since the question asks for both answers separated by commas inside a single boxed expression:

$$
\boxed{-5, 10}
$$"
371,"Okay, let's see. I need to solve the equation \( i = Prt \) for \( t \). They gave me \( P = \$402 \), \( r = 9\% \), and \( i = \$268 \). Hmm, first, I remember that in simple interest problems, the rate \( r \) is usually a percentage, so I might need to convert that to a decimal. Let me think.

The formula is \( i = Prt \), where \( i \) is the interest, \( P \) is the principal, \( r \) is the rate (as a decimal), and \( t \ื \) time in years. So, to solve for \( t \), I can rearrange the formula. Let's do that step by step.

Starting with \( i = Prt \). I need to solve for \( t \), so I should divide both sides by \( Pr \). That would give \( t = \frac{i}{Pr} \).

Wait, but \( r \) is given as 9%, which is 0.09 in decimal. Right, because percentages need to be converted to decimals for these calculations. So \( r = 9\% = 0.09 \).

Let me write down the values:

\( i = 268 \)

\( P = 402 \)

\( r = 9\% = 0.09 \)

So plugging into \( t = \frac{i}{Pr} \):

First, compute \( Pr \): \( 402 \times 0.09 \). Let me calculate that.

402 times 0.09. Let's see, 400 times 0.09 is 36, and 2 times 0.09 is 0.18, so total is 36 + 0.18 = 36.18. So \( Pr = 36.18 \).

Then \( t = \frac{268}{36.18} \). Let me compute that.

Hmm, 36.18 times 7 is 253.26 (since 36.18*7: 36*7=252, 0.18*7=1.26, so 252+1.26=253.26). Then 268 - 253.26 = 14.74. So 7 times 36.18 is 253.26, and we have 14.74 left. Now, 36.18 times 0.4 is about 14.472 (since 36.18*0.4 = 14.472). So 7.4 times 36.18 is approximately 253.26 + 14.472 = 267.732, which is close to 268.

Let me check: 36.18 * 7.4 = ?

36.18 * 7 = 253.26

36.18 * 0.4 = 14.472

So total is 253.26 + 14.472 = 267.732. That's very close to 268. The difference is 268 - 267.732 = 0.268.

So 0.268 / 36.18 ≈ 0.0074. So total t ≈ 7.4 + 0.0074 ≈ 7.4074. So approximately 7.41 years?

Wait, maybe I should do this more accurately.

Let me use a calculator approach. Let's compute 268 divided by (402 * 0.09).

First, 402 * 0.09: 402 * 9 = 3618, so 3618 / 100 = 36.18. Correct.

So 268 / 36.18. Let's compute that.

36.18 * 7 = 253.26

268 - 253.26 = 14.74

Now, 14.74 / 36.18 ≈ 0.407 (since 36.18 * 0.4 = 14.472, 14.74 - 14.472 = 0.268; 0.268 / 36.18 ≈ 0.0074)

So total t ≈ 7.4074, which is approximately 7.41 years.

But let's check if the question expects a specific number of decimal places. Since it's a time in years, probably rounded to two decimal places or something. Let me verify.

Alternatively, maybe they want the exact fraction. Let's see.

268 divided by (402 * 0.09) = 268 / (402 * 9/100) = 268 * 100 / (402 * 9) = 26800 / 3618.

Simplify that fraction. Let's see if numerator and denominator have common factors.

First, 26800 and 3618. Let's factor both.

26800: 268 * 100 = 4 * 67 * 4 * 25 = 2^4 * 5^2 * 67? Wait, 268 is 4*67, yes. 268 = 4*67, so 26800 = 268 * 100 = 4*67*100 = 4*67*4*25 = 16*25*67 = 400*67. So 26800 = 400*67.

3618: Let's factor 3618. 3618 ÷ 2 = 1809. 1809 ÷ 3 = 603. 603 ÷ 3 = 201. 201 ÷ 3 = 67. So 3618 = 2 * 3^3 * 67.

Ah! So 26800 = 400 * 67 = 400 * 67

3618 = 2 * 3^3 * 67

So 26800 / 3618 = (400 * 67) / (2 * 27 * 67) = 400 / (54) = 400 / 54 = 200 / 27 ≈ 7.4074...

Yes! Because 67 cancels out. So 26800 / 3618 = (268 * 100) / (402 * 9) = (268 / 402) * (100 / 9). But through factoring, we saw that 26800 / 3618 simplifies to 200/27.

Wait, let's check:

200 divided by 27 is approximately 7.4074..., which matches our previous calculation.

So 200/27 is exactly 7 and 1/27, which is approximately 7.4074.

So t = 200/27 ≈ 7.4074 years.

Depending on what's needed, maybe round to two decimal places, so 7.41 years.

Let me confirm with the numbers.

If t = 200/27 ≈ 7.4074, then Prt = 402 * 0.09 * (200/27) = 402 * 0.09 * 200 / 27.

Compute 402 / 27 = 14.888... (since 27*14=378, 402-378=24, so 14 + 24/27 = 14 + 8/9 ≈14.888...)

Then 14.888... * 0.09 * 200 = 14.888... * 18 = ?

14.888... * 18: 14 * 18 = 252, 0.888... * 18 = 16 (since 0.888... is 8/9, 8/9 * 18 = 16). So total 252 + 16 = 268. Perfect! So that checks out.

So t = 200/27 ≈7.4074, which is approximately 7.41 years.

Since the problem says ""Answer: t = [ANS]"", probably expects a decimal rounded to two decimal places, so 7.41.

Let me just make sure I didn't make a mistake in the steps.

Starting with i = Prt => t = i/(Pr)

Given i = 268, P = 402, r = 9% = 0.09.

So t = 268 / (402 * 0.09) = 268 / (36.18) ≈7.4074, which is approximately 7.41.

Yes, that's correct.

I think that's it. So the answer is approximately 7.41 years.
</think>

To solve the equation $ i = Prt $ for $ t $, we begin by isolating $ t $:

$$
t = \frac{i}{Pr}
$$

---

### Step 1: Convert the rate from percentage to decimal  
We are given $ r = 9\% $. To use this in the formula, we convert it to a decimal:

$$
r = 0.09
$$

---

### Step 2: Plug in known values  
We are given:
- $ i = 268 $
- $ P = 402 $
- $ r = 0.09 $

Substitute into the formula:

$$
t = \frac{268}{402 \times 0.09}
$$

---

### Step 3: Compute the denominator  
Calculate $ 402 \times 0.09 $:

$$
402 \times 0.09 = 36.18
$$

So,

$$
t = \frac{268}{36.18}
$$

---

### Step 4: Perform the division  

Using a calculator or long division:

$$
\frac{268}{36.18} \approx 7.4074
$$

This value is approximately **7.41** when rounded to two decimal places.

---

### Final Answer

$$
\boxed{7.41}
$$"
372,"Okay, let's see. I need to find the margin of error for estimating the mean monthly fuel expenditure, μ, with a 95% confidence level. They gave me the sample size n = 6377, and σ = 20.58 dollars. 

First, I remember that the margin of error (E) for a confidence interval for the population mean is calculated using the formula:

E = z*(σ/√n)

Where z* is the critical value from the standard normal distribution corresponding to the desired confidence level. Since it's a 95% confidence level, I need to recall what z* is for 95%. 

For a 95% confidence interval, the critical z-value is typically 1.96. Let me confirm that. Yes, in standard normal distribution tables, 95% confidence corresponds to z = 1.96 because the area between -1.96 and 1.96 under the normal curve is about 95%.

So, the formula is E = z*(σ / √n). 

Let me write down the values we have:
- σ = 20.ื8 (wait, the problem says σ = 20.58 dollars)
- n = 6377
- Confidence level: 95%, so z* = 1.96

First, calculate the standard error, which is σ / √n.

Let me compute √n first. n is 6377. So √6377. Let's see, 79 squared is 6241 (since 80^2=6400), so 79^2=6241, 80^2=6400. So 6377 is between 79^2 and 80^2. Let's approximate √6377.

Let me calculate 79.8^2: 79.8 * 79.8. 80^2 = 6400, so 79.8^2 = (80 - 0.2)^2 = 6400 - 2*80*0.2 + 0.04 = 6400 - 32 + 0.04 = 6368.04. Oh, that's close to 6377. So 79.8^2 ≈ 6368.04, which is 8.96 less than 6377. Then 79.9^2 = (79.8 + 0.1)^2 = 79.8^2 + 2*79.8*0.1 + 0.01 = 6368.04 + 1.596 + 0.01 = 6369.646. Still less than 6377. 80^2 = 6400, so 6377 is 6400 - 23, so 80 - x squared is 6377. Let's do linear approximation.

Let f(x) = x^2, we want x such that x^2 = 6377. Let's take x = 79.8, x^2 = 6368.04 as above. The difference is 6377 - 6368.04 = 8.96. The derivative of x^2 is 2x, so at x=79.8, the derivative is 159.6. So delta x ≈ 8.96 / 159.6 ≈ 0.056. So sqrt(6377) ≈ 79.8 + 0.056 ≈ 79.856. So approximately 79.86.

But maybe I don't need to approximate too much. Let's just use a calculator approach here. Wait, since this is a math problem, probably expects us to use the exact value or a calculator value. But since it's a problem to solve, maybe we can compute it step by step.

Alternatively, use the formula with the given numbers.

So, first compute √n: n = 6377, so √6377 ≈ 79.85 (as above).

Then σ / √n = 20.58 / 79.85 ≈ ?

Let's compute 20.58 divided by 79.85.

20.58 ÷ 79.85. Let's see, 79.85 * 0.25 = 19.9625, which is close to 20.58. So 0.25 gives 19.96, so 20.58 is a bit more. 20.58 - 19.9625 = 0.6175. So 0.6175 / 79.85 ≈ 0.0077. So total is approximately 0.25 + 0.0077 ≈ 0.2577. So σ / √n ≈ 0.2577.

Then multiply by z* = 1.96. So E = 1.96 * 0.2577 ≈ ?

1.96 * 0.25 = 0.49, 1.96 * 0.0077 ≈ 0.0151, so total ≈ 0.49 + 0.0151 ≈ 0.5051. So approximately $0.51.

Wait, but let's check with more precise calculation.

First, compute √6377. Let's use a calculator-like approach.

We know that 79.8^2 = 6368.04 (as before)

79.8^2 = 6368.04

79.85^2 = (79.8 + 0.05)^2 = 79.8^2 + 2*79.8*0.05 + 0.05^2 = 6368.04 + 7.98 + 0.0025 = 6368.04 + 7.9825 = 6376.0225

Ah! That's very close to 6377. So 79.85^2 = 6376.0225, which is 6377 - 6376.0225 = 0.9775 less than 6377.

So 79.85^2 = 6376.0225

Then 79.85 + δ)^2 = 6377

(79.85 + δ)^2 = 79.85^2 + 2*79.85*δ + δ^2 = 6376.0225 + 159.7δ + δ^2 = 6377

Assuming δ is small, δ^2 is negligible, so 159.7δ ≈ 6377 - 6376.0225 = 0.9775

Thus δ ≈ 0.9775 / 159.7 ≈ 0.00612

So √6377 ≈ 79.85 + 0.00612 ≈ 79.8561

So √n ≈ 79.856

Therefore, σ / √n = 20.58 / 79.856 ≈ ?

Let's compute 20.58 ÷ 79.856.

Let's do 20.58 / 79.856.

Divide numerator and denominator by 10: 2.058 / 7.9856 ≈

7.9856 * 0.25 = 1.9964

2.058 - 1.9964 = 0.0616

So 0.25 + (0.0616 / 7.9856) ≈ 0.25 + 0.0077 ≈ 0.2577

So 20.58 / 79.856 ≈ 0.2577

Then, margin of error E = 1.96 * 0.2577 ≈ ?

1.96 * 0.25 = 0.49

1.96 * 0.0077 ≈ 0.0151

So total ≈ 0.49 + 0.0151 = 0.5051

So approximately $0.51.

Wait, but let's check with a calculator for better precision.

Let me use more accurate steps.

First, compute √6377:

Using a calculator, √6377 ≈ 79.856 (as we approximated earlier)

So 20.58 / 79.856 ≈ 20.58 ÷ 79.856

Let's compute 20.58 ÷ 79.856:

79.856 * 0.25 = 19.964

20.58 - 19.964 = 0.616

So 0.616 / 79.856 ≈ 0.00771

So total is 0.25 + 0.00771 = 0.25771

Then, 1.96 * 0.25771 ≈ ?

1.96 * 0.25 = 0.49

1.96 * 0.00771 ≈ 0.0151

So total ≈ 0.49 + 0.0151 = 0.5051

So approximately $0.51.

But let's check if we need to round to two decimal places, since the margin of error is usually reported to two decimal places, but the problem says ""determine the margin of error... [ANS] dollars."" So probably needs to be rounded to two decimal places, which would be $0.51.

Wait, but let's verify with actual calculation.

Let me use a calculator for 20.58 / sqrt(6377).

First, sqrt(6377) = sqrt(6377). Let's compute 6377.

Using a calculator, sqrt(6377) ≈ 79.856 (as before).

So 20.58 / 79.856 ≈ 0.2577.

Then 1.96 * 0.2577 ≈ 0.5051, which is approximately 0.51.

So the margin of error is approximately $0.51.

Wait, but let me think again. Is there any chance I made a mistake in the formula?

Margin of error for the mean is indeed z*(σ/√n) when σ is known (which it is, since they gave σ = 20.58). Since the sample size is large (n=6377), the Central Limit Theorem applies, so even if the population isn't normal, the sampling distribution of the mean is approximately normal, so we can use the z-interval.

Yes, so the formula is correct.

So, let's compute it step by step with more precision.

Compute √6377:

Let me use a calculator method.

We know that 79.8^2 = 6368.04

79.8^2 = 6368.04

79.85^2 = (79.8 + 0.05)^2 = 79.8^2 + 2*79.8*0.05 + 0.05^2 = 6368.04 + 7.98 + 0.0025 = 6368.04 + 7.9825 = 6376.0225

So 79.85^2 = 6376.0225

We need 6377, so the difference is 6377 - 6376.0225 = 0.9775

Now, let's find x such that (79.85 + x)^2 = 6377

Expanding: 79.85^2 + 2*79.85*x + x^2 = 6377

We have 79.85^2 = 6376.0225, so:

6376.0225 + 159.7x + x^2 = 6377

Assuming x is small, x^2 is negligible, so:

159.7x ≈ 6377 - 6376.0225 = 0.9775

Thus x ≈ 0.9775 / 159.7 ≈ 0.00612

So √6377 ≈ 79.85 + 0.00612 ≈ 79.85612

So √n ≈ 79.8561

Then σ / √n = 20.58 / 79.8561 ≈ ?

20.58 ÷ 79.8561

Let's compute 20.58 / 79.8561:

79.8561 * 0.25 = 19.964025

20.58 - 19.964025 = 0.615975

So 0.615975 / 79.8561 ≈ 0.007707

So total is 0.25 + 0.007707 ≈ 0.257707

So σ / √n ≈ 0.2577

Then, margin of error E = 1.96 * 0.2577 ≈ ?

1.96 * 0.2577

Let's compute 1.96 * 0.25 = 0.49

1.96 * 0.0077 = 0.015092

So total E ≈ 0.49 + 0.015092 = 0.505092

So approximately $0.51 when rounded to the nearest cent (two decimal places).

Since the question asks for the margin of error in dollars, and typically margins of error are reported to two decimal places, so $0.51.

Wait, but let me check if the problem expects more precise. For example, maybe they want it to two decimal places, so 0.51.

Alternatively, maybe we can write it as 0.51, so the answer is 0.51.

Wait, but let's see. Let's do the calculation with a calculator for more precision.

Using a calculator:

First, compute sqrt(6377):

sqrt(6377) ≈ 79.8561 (as above)

Then 20.58 / 79.8561 ≈ 20.58 ÷ 79.8561 ≈ 0.2577

Then 1.96 * 0.2577 ≈ 0.5051, which is approximately 0.51 when rounded to the nearest hundredth.

So the margin of error is approximately $0.51.

I think that's it. So the answer is 0.51.

Wait, but let me check if the critical value is exactly 1.96. For 95% confidence, the z-score is indeed 1.96 (more precisely, 1.95996, but usually rounded to 1.96).

Yes, so using 1.96 is correct.

So, putting it all together, the margin of error is approximately $0.51.

I think that's the answer.
</think>

To determine the **margin of error** in estimating the population mean monthly fuel expenditure $ \mu $ at a **95% confidence level**, we use the formula for the margin of error (ME) when the population standard deviation $ \sigma $ is known:

$$
E = z^* \cdot \frac{\sigma}{\sqrt{n}}
$$

---

### Step 1: Identify Given Values

- Sample size: $ n = 6377 $
- Population standard deviation: $ \sigma = 20.58 $
- Confidence level: 95%
- Critical value for 95% confidence: $ z^* = 1.96 $

---

### Step 2: Compute Standard Error

We first calculate the **standard error**:

$$
\text{Standard Error} = \frac{\sigma}{\sqrt{n}} = \frac{20.58}{\sqrt{6377}}
$$

Using a calculator or approximation:

$$
\sqrt{6377} \approx 79.856
$$

So,

$$
\frac{20.58}{79.856} \approx 0.2577
$$

---

### Step 3: Calculate Margin of Error

Now apply the margin of error formula:

$$
E = 1.96 \cdot 0.2577 \approx 0.5051
$$

Rounding to **two decimal places** (as is typical for monetary values), we get:

$$
E \approx 0.51
$$

---

### Final Answer

The **margin of error** in estimating the mean monthly fuel expenditure at the 95% confidence level is:

$$
\boxed{0.51}
$$"
373,"Okay, let's see. I need to construct a 93% confidence interval for the mean length of all such CDs. First, I should recall that to do a confidence interval for the mean, we need the sample mean, the sample standard deviation, and the critical value from the t-distribution (since the population standard deviation is probably unknown, and the sample size might be small). 

First step: list out all the data points to calculate the sample mean and sample standard deviation. Let me count how many data points there are. Let's see the array:

First row: 58.06, 52.42, 48.16, 55.15, 56.49, 47.9, 53.56 (7)
Second row: 51.03, 59.45, 66.46, 71.17, 72.53, 53.69, 74.84 (7)
Third row: 35.15, 70.04, 57.73, 47.68, 46.98, 53.13, 56.35 (7)
Fourth row: 50.39, 55.29, 46.48, 46.14, 53.41, 51.62, 53.55 (7)
Fifth row: 45.42, 57.42, 52.88, 60.06, 54.89, 70.56, 55.49 (7)
Sixth row: 52.94, 35.41, 33.95, 36.2, 56.63 (5)

Wait, let's count the number of entries. The first five rows have 7 each, so 5*7=35, then the sixth row has 5? Wait, no, let's check the original problem.

The user wrote:

$\begin{array}{lllllll} 58.06& 52.42& 48.16& 55.15& 56.49& 47.9& 53.56 \cr 51.03& 59.45& 66.46& 71.17& 72.53& 53.69& 74.84 \cr 35.15& 70.04& 57.73& 47.68& 46.98& 53.13& 56.35 \cr 50.39& 55.29& 46.48& 46.14& 53.41& 51.62& 53.55 \cr 45.42& 57.42& 52.88& 60.06& 54.89& 70.56& 55.49 \cr 52.94& 35.41& 33.95& 36.2& 56.63 \cr \end{array}$

So the first row has 7 numbers, second row 7, third 7, fourth 7, fifth 7, sixth row has 5 numbers (since it's written as ""52.94& 35.41& 33.95& 36.2& 56.63"" which is 5 entries). So total n = 7*5 + 5 = 35 + 5 = 40? Wait, no, the sixth row is written with 5 entries, so total 7+7+7+7+7+5=35+5=40. Let me confirm:

First line: 7 numbers (58.06, 52.42, 48.16, 55.15, 56.49, 47.9, 53.56) → 7

Second line: 7 numbers (51.03, 59.45, 66.46, 71.17, 72.53, 53.69, 74.84) → 7

Third line: 7 numbers (35.15, 70.04, 57.73, 47.68, 46.98, 53.13, 56.35) → 7

Fourth line: 7 numbers (50.39, 55.29, 46.48, 46.14, 53.41, 51.62, 53.55) → 7

Fifth line: 7 numbers (45.42, 57.42, 52.88, 60.06, 54.89, 70.56, 55.49) → 7

Sixth line: 5 numbers (52.94, 35.41, 33.95, 36.2, 56.63) → 5

Total n = 7*5 + 5 = 35 + 5 = 40. Yes, 40 data points.

Okay, so n = 40. That's a decent sample size, maybe we can use z-interval if the population is normal, but since the sample size is 40, which is large, the Central Limit Theorem says the sampling distribution of the mean is approximately normal, so we can use z. But sometimes even with n=40, people use t, but with n=40, t and z are close. Wait, the problem says ""randomly selected"", so we don't know the population standard deviation, so we should use t-interval. Wait, but n=40 is large, so t is approximately z. Let's check.

First, let's compute the sample mean (x̄) and sample standard deviation (s).

Let me list all the data points. Maybe I can sum them up.

Alternatively, use a calculator approach.

Let me try to compute the sum.

First, list all the numbers:

Row 1:
58.06, 52.42, 48.16, 55.15, 56.49, 47.9, 53.56

Row 2:
51.03, 59.45, 66.46, 71.17, 72.53, 53.69, 74.84

Row 3:
35.15, 70.04, 57.73, 47.68, 46.98, 53.13, 56.35

Row 4:
50.39, 55.29, 46.48, 46.14, 53.41, 51.62, 53.55

Row 5:
45.42, 57.42, 52.88, 60.06, 54.89, 70.56, 55.49

Row 6:
52.94, 35.41, 33.95, 36.2, 56.63

Let me write them all out:

1. 58.06
2. 52.42
3. 48.16
4. 55.15
5. 56.49
6. 47.9
7. 53.56
8. 51.03
9. 59.45
10. 66.46
11. 71.17
12. 72.53
13. 53.69
14. 74.84
15. 35.15
16. 70.04
17. 57.73
18. 47.68
19. 46.98
20. 53.13
21. 56.35
22. 50.39
23. 55.29
24. 46.48
25. 46.14
26. 53.41
27. 51.62
28. 53.55
29. 45.42
30. 57.42
31. 52.88
32. 60.06
33. 54.89
34. 70.56
35. 55.49
36. 52.94
37. 35.41
38. 33.95
39. 36.2
40. 56.63

Okay, 40 data points. Let's start summing them.

Let me group them to make it easier.

First, sum the first 10:

1. 58.06
2. 52.42 → 58.06 + 52.42 = 110.48
3. 48.16 → 110.48 + 48.16 = 158.64
4. 55.15 → 158.64 + 55.15 = 213.79
5. 56.49 → 213.79 + 56.49 = 270.28
6. 47.9 → 270.28 + 47.9 = 318.18
7. 53.56 → 318.18 + 53.56 = 371.74

So first 7: 371.74

Next 7 (rows 2):

8. 51.03 → 371.74 + 51.03 = 422.77
9. 59.45 → 422.77 + 59.45 = 482.22
10. 66.46 → 482.22 + 66.46 = 548.68
11. 71.17 → 548.68 + 71.17 = 619.85
12. 72.53 → 619.85 + 72.53 = 692.38
13. 53.69 → 692.38 + 53.69 = 746.07
14. 74.84 → 746.07 + 74.84 = 820.91

So first 14: 820.91

Next 7 (row 3):

15. 35.15 → 820.91 + 35.15 = 856.06
16. 70.04 → 856.06 + 70.04 = 926.10
17. 57.73 → 926.10 + 57.73 = 983.83
18. 47.68 → 983.83 + 47.68 = 1031.51
19. 46.98 → 1031.51 + 46.98 = 1078.49
20. 53.13 → 1078.49 + 53.13 = 1131.62
21. 56.35 → 1131.62 + 56.35 = 1187.97

First 21: 1187.97

Next 7 (row 4):

22. 50.39 → 1187.97 + 50.39 = 1238.36
23. 55.29 → 1238.36 + 55.29 = 1293.65
24. 46.48 → 1293.65 + 46.48 = 1340.13
25. 46.14 → 1340.13 + 46.14 = 1386.27
26. 53.41 → 1386.27 + 53.41 = 1439.68
27. 51.62 → 1439.68 + 51.62 = 1491.30
28. 53.55 → 1491.30 + 53.55 = 1544.85

First 28: 1544.85

Last 4 (row 5 and row 6):

Row 5 (7 numbers): 45.42, 57.42, 52.88, 60.06, 54.89, 70.56, 55.49

29. 45.42 → 1544.85 + 45.42 = 1590.27
30. 57.42 → 1590.27 + 57.42 = 1647.69
31. 52.88 → 1647.69 + 52.88 = 1700.57
32. 60.06 → 1700.57 + 60.06 = 1760.63
33. 54.89 → 1760.63 + 54.89 = 1815.52
34. 70.56 → 1815.52 + 70.56 = 1886.08
35. 55.49 → 1886.08 + 55.49 = 1941.57

Now row 6 (5 numbers): 52.94, 35.41, 33.95, 36.2, 56.63

36. 52.94 → 1941.57 + 52.94 = 1994.51
37. 35.41 → 1994.51 + 35.41 = 2030.02
38. 33.95 → 2030.02 + 33.95 = 2063.97
39. 36.2 → 2063.97 + 36.2 = 2100.17
40. 56.63 → 2100.17 + 56.63 = 2156.80

So total sum is 2156.80. Wait, let me check that again because adding step by step might have errors.

Alternatively, maybe use a better method. Let's list all numbers and sum them in a spreadsheet-like way.

Let me list all 40 numbers:

1. 58.06
2. 52.42
3. 48.16
4. 55.15
5. 56.49
6. 47.90
7. 53.56
8. 51.03
9. 59.45
10. 66.46
11. 71.17
12. 72.53
13. 53.69
14. 74.84
15. 35.15
16. 70.04
17. 57.73
18. 47.68
19. 46.98
20. 53.13
21. 56.35
22. 50.39
23. 55.29
24. 46.48
25. 46.14
26. 53.41
27. 51.62
28. 53.55
29. 45.42
30. 57.42
31. 52.88
32. 60.06
33. 54.89
34. 70.56
35. 55.49
36. 52.94
37. 35.41
38. 33.95
39. 36.20
40. 56.63

Let me sum them in groups of 10 to make it easier.

Group 1 (1-10):

58.06 + 52.42 = 110.48

110.48 + 48.16 = 158.64

158.64 + 55.15 = 213.79

213.79 + 56.49 = 270.28

270.28 + 47.90 = 318.18

318.18 + 53.56 = 371.74

371.74 + 51.03 = 422.77

422.77 + 59.45 = 482.22

482.22 + 66.46 = 548.68

548.68 + 71.17 = 619.85

619.85 + 72.53 = 692.38

692.38 + 53.69 = 746.07

746.07 + 74.84 = 820.91

So Group 1 sum: 820.91

Group 2 (11-20):

71.17 (already added to group 1? Wait, no, group 1 was 1-10, so group 2 is 11-20.

Wait, actually, I think my initial grouping was wrong. Let's do 1-10, 11-20, 21-30, 31-40.

Group 1 (1-10):

1. 58.06

2. 52.42 → 58.06 + 52.42 = 110.48

3. 48.16 → 110.48 + 48.16 = 158.64

4. 55.15 → 158.64 + 55.15 = 213.79

5. 56.49 → 213.79 + 56.49 = 270.28

6. 47.90 → 270.28 + 47.90 = 318.18

7. 53.56 → 318.18 + 53.56 = 371.74

8. 51.03 → 371.74 + 51.03 = 422.77

9. 59.45 → 422.77 + 59.45 = 482.22

10. 66.46 → 482.22 + 66.46 = 548.68

Group 1 sum: 548.68

Group 2 (11-20):

11. 71.17 → 548.68 + 71.17 = 619.85

12. 72.53 → 619.85 + 72.53 = 692.38

13. 53.69 → 692"
374,"Okay, let's try to figure out this problem. So, the question is about finding the total number of registered voters in a town. We know that 36% are Democrats, 33% are Republicans, and the rest are Independents. There are 1240 Independent voters. We need to find the total number of registered voters.

First, let's recall that percentages add up to 100%. So, if 36% are Democrats and 33% are Republicans, then the percentage of Independents must be 100% minus 36% minus ื่33%. Let me calculate that.

100% - 36% - 33% = 31%. Oh, so Independents are 31% of the total registered voters. 

The problem says there are 1240 Independent voters. Since they are 31% of the total, we can set up an equation where 31% of the total number of voters equals 1240.

Let me denote the total number of registered voters as T. Then, 31% of T is 1240. In math terms, that's:

0.31 * T = 1240

To find T, we need to divide both sides by 0.31.

So, T = 1240 / 0.31

Let me compute that. Let's see, 0.31 times what is 1240?

First, maybe simplify the division. 1240 divided by 0.31. Let's write 0.31 as 31/100, so dividing by 31/100 is the same as multiplying by 100/31.

So, 1240 * (100 / 31) = (1240 / 31) * 100

Let's compute 1240 divided by 31 first. What's 31 times 40? 31*40=1240. Oh! Because 31*40=1240. Let me check: 30*40=1200, 1*40=40, so 1200+40=1240. Yes! So 1240 divided by 31 is 40.

Therefore, 1240 / 31 = 40, so 40 * 100 = 4000. So T = 4000.

Wait, that seems straightforward. Let me verify.

If total voters are 4000, then 31% of 4000 is 0.31 * 4000 = 1240. Which matches the given number of Independents. Perfect, that checks out.

So the total number of registered voters is 4000.

Let me just make sure I didn't make a mistake in the percentage. The problem says 36% Democrats, 33% Republicans, so 36 + 33 = 69%, so 100 - 69 = 31% Independents. That's correct. So 31% are Independents, which is 1240 people. So 1240 is 31%, so total is 1240 / 0.31 = 4000. Yep, that's right.

I think that's it. So the answer should be 4000.
</think>

To determine the total number of registered voters in the town, we begin by analyzing the given information:

- **36%** of voters are Democrats  
- **33%** of voters are Republicans  
- The remaining percentage are **Independents**, with **1,240** registered Independent voters  

---

### Step 1: Determine the percentage of Independent voters

Since the total percentage must equal 100%, we subtract the known percentages from 100%:

$$
100\% - 36\% - 33\% = 31\%
$$

So, **31%** of the total registered voters are Independents.

---

### Step 2: Set up an equation to find the total number of registered voters

Let $ T $ represent the total number of registered voters.

We are told that **31% of $ T $** equals **1,240** independent voters:

$$
0.31 \times T = 1240
$$

Solving for $ T $:

$$
T = \frac{1240}{0.31}
$$

Now perform the division:

$$
T = \frac{1240}{0.31} = \frac{1240 \times 100}{31} = \frac{124000}{31}
$$

Divide 124,000 by 31:

$$
124000 \div 31 = 4000
$$

---

### Final Verification

Check if 31% of 4,000 is indeed 1,240:

$$
0.31 \times 4000 = 1240
$$

✅ This matches the given number of Independent voters.

---

### ✅ Final Answer

$$
\boxed{4000}
$$"
375,"Okay, let's see. So Mr. Mason owes $21.28 for his groceries. He pays with a twenty-dollar bill and a five-dollar bill. We need to find out how much change he'll get. Hmm.

First, I need to figure out how much he paid in total. He gave a twenty and a five, so that's 20 + 5 = $25. Right? Because a twenty is $20 and a five is $5, so together $25.

He owes $21.28, which means he needs to pay $21.28. But he's paying with $25. So the change should be what he gives minus what he owes. Wait, no, actually, when you pay more than you owe, the change is what you give minus the amount owed. Wait, no, maybe it's the other way around.

Wait, let me think. If you owe money, like if you have to pay someone $21.28, and you give them $25, then the change they give you back is $25 - $21.28. Yeah, that makes sense. Because you're giving them $25, and they take $21.28 from you, so the change is $25 - $21.28.

Let me calculate that. 25 minus 21.28. Let's do the subtraction.

25.00
-21.28
--------
?

So 25.00 minus ื่1.28. Let's subtract the cents first. 00 - 28. Hmm, can't do that, so we need to borrow. 25.00 is 24.100? Wait, no. Let's write it as:

25.00
-21.28
--------
Start from the right: 0 - 8. Can't do, so borrow 1 from the tenths place. But the tenths place is 0, so we have to borrow from the ones place. The ones place is 5 (since 25.00 is 25 dollars), so we borrow 1 from the 25, making it 24 dollars, and the 0.00 becomes 1.00. Wait, maybe better to do decimal subtraction.

25.00
-21.28
= ?

So 25.00 minus 21.28. Let's subtract 21.28 from 25.00.

25.00
-21.28
--------
First, the hundredths place: 0 - 8. Can't do, so borrow 1 from the tenths place. But the tenths place is 0, so we have to borrow from the ones place.

The ones place is 5 (since 25.00 has 5 ones). So we borrow 1 from the ones place, making it 4 ones, and the tenths place becomes 10 (since we borrowed 1 for the hundredths). Wait, no, in decimal subtraction, it's a bit different.

Alternatively, convert to cents to make it easier. 25 dollars is 2500 cents. 21.28 dollars is 2128 cents. So 2500 - 2128 = ?

2500 - 2128. Let's compute that.

2500 - 2000 = 500

500 - 128 = 372

So 372 cents, which is $3.72.

Wait, so the change is $3.72. Which is option A.

Wait, but let me check again. Maybe I made a mistake here.

Wait, Mr. Mason owes $21.28. So he has to pay $21.28. He pays with a $20 and a $5, so total $25. So he gives $25, and the store should give him back $25 - $21.28 = $3.72. So yes, that's $3.72, which is option A.

But wait, the options are A. $3.72, B. $4.28, C. $3.28, D. $4.72.

So according to this calculation, the answer is A.

Wait, but let me verify once more. Sometimes there might be a trick. Like, does ""owes"" mean something else? Like, if he owes money, he's supposed to pay, so he gives the money to the store, and gets change.

Yes, so if he has to pay $21.28, and he gives $25, then he gets $3.72 back. So the change is $3.72. So answer A.

Hmm. But wait, the problem says ""Mr. Mason owes $21.28 for his groceries."" So he's the one who has to pay, so he's paying $21.28. He gives $25, so he gets $3.72 change. So yes, that's correct.

Wait, but another way: sometimes people confuse ""owes"" as in debt, but in this context, it's the amount he has to pay. So he's paying $21.28, so he gives $25, so change is $3.72.

So the answer should be A. $3.72.

Wait, but let me check the arithmetic again. 25.00 - 21.28.

25.00
-21.28
--------
Starting from the right:

0 - 8: can't do, borrow 1 from the next digit. The next digit is 0, so we have to go further.

The number is 25.00, so it's 25 dollars and 0 cents.

So 25.00 minus 21.28.

Let's write it as:

  25.00
- 21.28
---------

Starting from the hundredths place (rightmost):

0 - 8: can't do, so borrow 1 from the tenths place. But tenths place is 0, so we have to borrow from the ones place.

The ones place is 5 (in 25.00), so we borrow 1 from the ones place, making it 4, and the tenths place becomes 10. Then we borrow 1 from the tenths place to the hundredths place.

So now, the hundredths place becomes 10, and the tenths place is 9 (since we lent 1).

Wait, maybe this is confusing. Let's do it step by step.

25.00 is equal to 24.100? No, better to use numbers.

25.00
-21.28
= ?

We can think of 25.00 as 24 + 1.00. Then subtract 21.28 from 24.00 + 1.00.

Wait, no. Alternatively, 25.00 - 21.28.

25.00 - 21 = 4.00

Then subtract 0.28 from 4.00: 4.00 - 0.28 = 3.72

Yes! That's a good way.

So 25.00 - 21.28 = (25.00 - 21) - 0.28 = 4.00 - 0.28 = 3.72. So that's $3.72. So answer A.

Therefore, the correct answer is A. $3.72.

I think that's solid. So the answer is A.
</think>

To determine the correct amount of change Mr. Mason will receive, we begin by analyzing the situation:

---

### **Step 1: Understand the Transaction**

Mr. Mason **owes** $21.28 for his groceries. This means he is supposed to pay **$21.28** to the store.

He **pays with a $20 bill and a $5 bill**, so he gives a total of:

$$
20 + 5 = 25 \text{ dollars}
$$

This means he is paying **more than** what he owes — specifically, he is overpaying by:

$$
25.00 - 21.28 = ?
$$

---

### **Step 2: Perform the Subtraction**

We calculate the difference between $25.00 and $21.28:

$$
25.00 - 21.28 = 3.72
$$

So, Mr. Mason receives **$3.72** in change.

---

### **Step 3: Match with Given Options**

The choices are:

- A. $3.72  
- B. $4.28  
- C. $3.28  
- D. $4.72  

From our calculation, the correct amount of change is **$3.72**, which corresponds to **Option A**.

---

### ✅ Final Answer

$$
\boxed{A}
$$"
376,"This is a complex or challenging question, and it is difficult to provide a direct and correct answer. I need to think about it.
Well, so I need to find the sum of the smallest 50 possible values of gcd(a² + b² + c², abc) where a, b, c are positive integers. Hmm, okay, let's start by understanding what this gcd can be. Maybe first check small triples (a,b,c) and compute this gcd for each, then see what the possible gcds are, and then find the smallest 50 such gcds.

First, let's consider symmetric cases because the expression is symmetric in a,b,c. So maybe start with triples where two numbers are equal, or all three equal? Let's try small numbers first: (1,1,1), (1,1,2), (1,2,2), (1,1,3), etc.

Start with (1,1,1): gcd(1+1+1, 1*1*1) = gcd(3,1)=1

(1,1,2): gcd(1+1+4, 1*1*2)=gcd(6,2)=2

(1,2,2): gcd(1+4+4, 1*2*2)=gcd(9,4)=1

(1,1,3): gcd(1+1+9, 3)=gcd(11,3)=1

(1,2,3): gcd(1+4+9, ื่)=gcd(14,6)=2

(1,1,4): gcd(1+1+16,4)=gcd(18,4)=2

(2,2,2): gcd(12,8)=4

Wait, hold on, (2,2,2): 2²+2²+2²=12, abc=8, gcd(12,8)=4

(1,2,4): gcd(1+4+16, 8)=gcd(21,8)=1

(1,3,3): gcd(1+9+9,9)=gcd(19,9)=1

(2,2,4): gcd(4+4+16, 16)=gcd(24,16)=8

Wait, that's a bigger gcd! Wait, but we want the smallest ones first, so maybe we need to list gcds in order from smallest to largest, pick the smallest 50 distinct? Wait, no, wait: ""the smallest 50 possible values"" – does ""possible values"" mean distinct? The problem says ""the smallest 50 possible values"", so probably distinct values, since otherwise if they were not distinct, there could be infinitely many? Wait, no, actually, for each triple, we get a gcd value, and we need the smallest 50 distinct values of this gcd over all triples. Wait, the problem says ""the smallest 50 possible values of gcd(...)"", so yes, distinct values, ordered increasingly, take first 50, sum them.

Wait, but first, let's check what possible gcds can occur. Let's think about prime factors. Suppose p is a prime dividing the gcd, so p divides a² + b² + c² and p divides abc, so p divides at least one of a,b,c, say p divides a. Then p divides a² + b² + c² ⇒ p divides b² + c². So for prime p, if p | a, then p | b² + c².

So let's consider primes:

p=2: Can 2 divide the gcd? Yes, e.g., (1,1,2): gcd=2, as above. When does 2 divide the gcd? Let's see: if all a,b,c odd: a²≡1 mod 4, so sum of squares ≡1+1+1=3 mod 4, so gcd can't be even? Wait, no: (1,1,2): two odds, one even. Let's check parity.

Case 1: all three even: a=2a', b=2b', c=2c', then gcd(4a'²+4b'²+4c'², 8a'b'c')=2*gcd(4(a'²+b'²+c'²), 4a'b'c')=2*gcd(4(a'²+b'²+c'²), 4a'b'c')? Wait, maybe better to look at mod 2 first.

Squares mod 2: 0 or 1. So a² + b² + c² mod 2: number of odd squares (each 1) plus even squares (0). So sum mod 2 is equal to the number of odd numbers among a,b,c mod 2.

abc mod 2: 0 iff at least one even, 1 iff all odd.

So when is gcd divisible by 2? gcd is divisible by 2 iff 2 divides both a²+b²+c² and abc. 2 divides abc ⇨ at least one even, so at least one even in a,b,c. Then, if exactly one even: say c even, a,b odd: then a²+b²+c² ≡1+1+0=2≡0 mod 2, so sum is even; abc is even (since c even), so gcd is even. Good, so (1,1,2) is exactly one even, sum even, so gcd even.

If two evens: say b,c even, a odd: then sum =1 + 0 + 0=1 mod 2, so sum odd; abc even (since b,c even), but sum is odd, so gcd can't be even (since 2 doesn't divide sum). Wait, sum is odd here, so gcd not divisible by 2.

If three evens: all even, sum is even (since each square even), abc even, so gcd divisible by 2.

Wait, so when is the gcd even? When the number of odd numbers among a,b,c is odd (since sum of squares mod 2 is number of odds mod 2, so odd number of odds ⇒ sum even), and also at least one even (so total number of odds is not 3, since if all three odd, sum of squares is 3 mod 2=1, so sum odd; abc odd, so gcd odd). Wait, let's tabulate:

Number of odd numbers in (a,b,c):

- 0 odds (all even): sum of squares even (0+0+0=0 mod 2), abc even ⇒ gcd even
- 1 odd (two evens): sum of squares =1+0+0=1 mod 2 (odd), abc even ⇒ gcd could be even? Wait no: sum is odd, so 2 doesn't divide sum, so gcd not divisible by 2
- 2 odds (one even): sum of squares=1+1+0=2≡0 mod 2 (even), abc even (since one even) ⇒ gcd even
- 3 odds (all odd): sum of squares=1+1+1=3≡1 mod 2 (odd), abc odd ⇒ gcd odd

Ah, important! So gcd is even iff the number of odd numbers is 1 or 0? Wait no: number of odds=1: sum even, abc even ⇒ gcd even; number of odds=0: sum even, abc even ⇒ gcd even; number of odds=2: sum odd, abc even ⇒ gcd odd; number of odds=3: sum odd, abc odd ⇒ gcd odd.

Wait, so actually, when there's an odd number of odds (1 or 3), sum is even; when even number of odds (0 or 2), sum is odd. But for gcd to be even, need sum even AND abc even. So:

- Sum even (number of odds 1 or 3) AND abc even (at least one even)
  - Number of odds=1: then exactly one odd, so two evens ⇒ abc even (good), sum even (good) ⇒ gcd even
  - Number of odds=3: all odd ⇒ abc odd ⇒ can't have gcd even (since abc odd)
- Sum even (number of odds 1 or 3) AND abc odd (all odd)
  - Number of odds=3: all odd ⇒ abc odd, sum odd (wait no: number of odds=3 ⇒ sum of squares=3≡1 mod 2, odd) ⇒ sum odd, so gcd odd (since sum odd, abc odd, gcd odd)
  - Number of odds=1: sum even, but abc even (since two evens), so abc not odd ⇒ this case can't have gcd odd? Wait, maybe better to stick to examples.

From earlier examples:

(1,1,2): two odds, one even (number of odds=2) ⇒ sum=1+1+4=6 even, abc=2 even ⇒ gcd=2 (even)

(1,2,3): two odds, one even (1 and 3 odd, 2 even) ⇒ sum=1+4+9=14 even, abc=6 even ⇒ gcd=2 (even)

(2,2,2): all even (number of odds=0) ⇒ sum=12 even, abc=8 even ⇒ gcd=4 (even)

(1,1,1): all odd (number of odds=3) ⇒ sum=3 odd, abc=1 odd ⇒ gcd=1 (odd)

(1,1,3): two odds, one even (1,1 odd; 3 odd? Wait no, (1,1,3) is three odds! Oh! I messed up the count earlier. (1,1,3): all odd, so number of odds=3. Then sum=1+1+9=11 odd, abc=3 odd ⇒ gcd=1 (odd), correct.

(1,2,2): one odd, two evens (number of odds=1) ⇒ sum=1+4+4=9 odd, abc=4 even ⇒ gcd=1 (odd). Ah! Here's a key example: number of odds=1 ⇒ sum is odd (since 1 odd, 2 evens: 1² + 0 + 0 =1 mod 2), so sum odd, abc even ⇒ gcd is odd (since sum is odd, so no factor of 2, and other factors?).

Wait, so let's re-express the parity conditions clearly:

Let k = number of odd numbers in {a,b,c} ∈ {0,1,2,3}

Then:

- a² + b² + c² mod 2 = k mod 2 (since odd²=1, even²=0 mod 2)
- abc mod 2 = 1 if k=3 (all odd), 0 otherwise

Therefore:

- If k=0 (all even): sum ≡0 mod 2, abc ≡0 mod 2 ⇒ gcd even
- If k=1 (one odd, two even): sum ≡1 mod 2, abc ≡0 mod 2 ⇒ gcd odd (since sum is odd, so no factor of 2)
- If k=2 (two odd, one even): sum ≡0 mod 2, abc ≡0 mod 2 ⇒ gcd even
- If k=3 (all odd): sum ≡1 mod 2, abc ≡1 mod 2 ⇒ gcd odd

Okay, that's a good summary. So gcd is even precisely when k=0 or k=2 (i.e., when the number of odd numbers is even: 0 or 2), and gcd is odd when k=1 or k=3 (odd number of odds: 1 or 3).

But maybe more importantly for finding possible gcds, let's think about prime divisors.

Suppose p is an odd prime dividing the gcd. Then p divides abc, so p divides at least one of a,b,c, say p divides a. Then p divides a² + b² + c² ⇒ p divides b² + c².

So for odd prime p, if p | a, then p | b² + c². Therefore, -1 is a quadratic residue mod p (since b² + c² ≡0 mod p ⇒ c² ≡ -b² mod p ⇒ (c/b)² ≡ -1 mod p, assuming b not divisible by p, which it isn't because p divides a, and if p divided b too, then p divides a,b, so p divides gcd(a,b), but maybe not necessary yet).

So for -1 to be a quadratic residue mod p, we need p ≡1 mod 4 (by Euler's criterion: (-1|p)=(-1)^((p-1)/2)=1 iff p≡1 mod 4).

Wait, that's a key point! So if an odd prime p divides the gcd, then p must be congruent to 1 mod 4? Wait, no: wait, suppose p divides the gcd, so p divides a,b,c? No, p divides abc, so p divides at least one, say p divides a, then p divides b² + c², so as above, -1 is a quadratic residue mod p, hence p≡1 mod 4 or p=2.

Wait, p=2: we saw that gcd can be even, so 2 is possible, and 2 is a special case (not 1 mod 4).

Wait, let's test with p=3: can 3 divide the gcd?

Take a triple where, say, a=1, b=1, c=1: gcd=1, no. a=1,b=1,c=2: gcd=2. a=1,b=2,c=3: gcd(1+4+9,6)=gcd(14,6)=2. a=2,b=2,c=2: gcd(12,8)=4. a=1,b=1,c=3: gcd(1+1+9,3)=gcd(11,3)=1. a=1,b=2,c=2: gcd(9,4)=1. a=3,b=3,c=3: gcd(27,27)=27. Wait, hold on! (3,3,3): gcd(9+9+9, 27)=gcd(27,27)=27. Oh! That's a big gcd. But we want small gcds first.

Wait, but let's check if 3 can be a gcd. Is there a triple where gcd=3?

Suppose gcd=3, so 3 divides a²+b²+c² and 3 divides abc. So 3 divides at least one of a,b,c, say 3 divides a. Then 3 divides b² + c². Let's see if we can find b,c not divisible by 3 (since if 3 divides b too, then 3 divides a,b, so maybe higher powers, but let's try minimal).

Let b=1, c=1: then b² + c²=2, not divisible by 3. b=1, c=2: 1+4=5, not divisible by 3. b=2, c=2: 4+4=8≡2 mod 3. b=1, c=3: but c=3 is divisible by 3, so abc divisible by 3, but a=3, so gcd(9+1+9, 18)=gcd(19,18)=1. Wait, (3,1,3): gcd(9+1+9, 9)=gcd(19,9)=1. (3,2,2): gcd(9+4+4, 12)=gcd(17,12)=1. (3,3,3): gcd=27, as above. (3,3,6): gcd(9+9+36, 54)=gcd(54,54)=54. Hmm, maybe (3,0,0) but no, positive integers.

Wait, let's try to construct a triple where gcd is divisible by 3. Let's see: need a² + b² + c² ≡0 mod 3, and abc≡0 mod 3.

Squares mod 3: 0 or 1 (since 0²=0, 1²=1, 2²=4≡1 mod 3).

So a² + b² + c² mod 3: possible sums: 0+0+0=0, 0+0+1=1, 0+1+1=2, 1+1+1=3≡0.

Ah! So sum of squares mod 3 is 0 iff either all three are divisible by 3, or exactly one of them is divisible by 3? Wait no: wait, if exactly one is divisible by 3, say a≡0 mod 3, b,c not divisible by 3, then a²≡0, b²,c²≡1, so sum≡0+1+1=2 mod 3. If exactly two divisible by 3: a,b≡0, c not, sum≡0+0+1=1 mod 3. If all three divisible by 3: sum≡0+0+0=0 mod 3. If none divisible by 3: sum≡1+1+1=3≡0 mod 3.

Oh! Important: sum of three squares mod 3 is 0 iff either all three are divisible by 3, or none of them are divisible by 3.

Because:

- All three divisible by 3: sum ≡0
- None divisible by 3: each square ≡1, so sum≡3≡0
- Exactly one divisible by 3: sum≡0+1+1=2
- Exactly two divisible by 3: sum≡0+0+1=1

Yes! So sum of squares ≡0 mod 3 iff all three are divisible by 3 or none are divisible by 3.

Now, gcd is divisible by 3 iff 3 divides abc and 3 divides sum of squares. So 3 divides abc ⇒ at least one of a,b,c divisible by 3; and sum of squares divisible by 3 ⇒ either all three divisible by 3 or none divisible by 3. But we have at least one divisible by 3, so the ""none"" case is impossible. Therefore, for gcd divisible by 3, we must have all three divisible by 3.

Ah! That's a crucial point. So if 3 divides the gcd, then 3 divides a,b,c (since sum of squares divisible by 3 requires all three divisible by 3 when at least one is divisible by 3). Therefore, let's set a=3a', b=3b', c=3c', then gcd(9a'²+9b'²+9c'², 27a'b'c')=3*gcd(9(a'²+b'²+c'²), 9a'b'c')=3*gcd(9(a'²+b'²+c'²), 9a'b'c')=3*gcd(a'²+b'²+c'², 3a'b'c'). Wait, maybe better to compute the new gcd:

Let d = gcd(a²+b²+c², abc). If 3|d, then 3|a,b,c as we saw, so let a=3a', b=3b', c=3c', then d = gcd(9(a'²+b'²+c'²), 27a'b'c') = 3 * gcd(9(a'²+b'²+c'²), 9a'b'c') = 3 * gcd(a'²+b'²+c'², 3a'b'c').

Wait, but actually, more straightforward: if 3|d, then d ≥3, and since a,b,c divisible by 3, d = 3 * d', where d' = gcd(a'²+b'²+c'², 3a'b'c')? Wait, no: d = gcd(9S, 27P) where S=a'²+b'²+c'², P=a'b'c', so d = 3 * gcd(9S, 9P) = 3 * gcd(S, 3P)? Wait, maybe not necessary.

The key takeaway: for prime p=3, the gcd can be divisible by 3 only if all three numbers are divisible by 3, so the gcd is at least 3, but if all three are divisible by 3, then we can factor out a 3, so the gcd is 3 times some integer, but the minimal gcd divisible by 3 would be... let's see, what's the smallest possible d where d is divisible by 3? Let's take the smallest triple where all three are divisible by 3: (3,3,3). Then gcd(27,27)=27. Next, (3,3,6): gcd(9+9+36, 54)=gcd(54,54)=54. (3,6,6): gcd(9+36+36, 108)=gcd(81,108)=27. (3,3,9): gcd(9+9+81, 81)=gcd(99,81)=9. Oh! (3,3,9): a=3, b=3, c=9. Compute sum of squares: 9+9+81=99, abc=27. gcd(99,27)=9. Okay, that's smaller than 27. Nice, so (3,3,9): gcd=9.

Can we get gcd=3? Let's check if any triple has gcd=3. Suppose gcd=3, so 3|d, but 9∤d. From above, if 3|d, then all three numbers must be divisible by 3 (as we saw: sum of squares divisible by 3 implies all three divisible by 3 when 3|abc), so a,b,c divisible by 3, hence abc divisible by 27, and a²+b²+c² divisible by 9, so d divisible by 3, but actually d divisible by 9? Wait, (3,3,3): d=27, (3,3,6): d=gcd(9+9+36, 54)=gcd(54,54)=54, (3,3,9): d=gcd(99,27)=9, (3,6,6): gcd(9+36+36, 108)=gcd(81,108)=27, (3,3,12): gcd(9+9+144, 108)=gcd(162,108)=18. Wait, (3,3,9"
377,"Okay, let's try to tackle this problem step by step. The question is about finding the largest prime factor of the smallest positive integer \( n \) such that there exists a polynomial with 2006 distinct integer roots \( r_1, r_2, \ldots, r_{2006} \), and the polynomial has exactly \( n \) nonzero coefficients.

First, let's recall that the number of nonzero coefficients of a polynomial is related to the number of terms in its expansion. For a monic polynomial (since it's written as \( (x - r_i) \), so leading coefficient 1), the number of nonzero coefficients is equal to the number of distinct degrees in the expansion, but actually, more precisely, it's the number of terms when you expand the product.

Let's think about what kind of polynomials have few nonzero coefficients. A polynomial with few nonzero coefficients is called a ""sparse"" polynomial. For example, \( x^k - 1 \) has two nonzero coefficients, \( x^m + x^n \) has two, etc.

But here we have 2006 distinct integer roots. Let's consider the possible structures of such polynomials.

First, note that if all the roots are consecutive integers, say \( k, k+1, \ldots, k+2005 \), then the polynomial is \( (x - k)(x - (k+1)) \cdots (x - (k+2005)) \). This is a degree 2006 polynomial with all roots distinct integers. What's the number of nonzero coefficients here? Well, the product of linear factors with consecutive roots is a polynomial with many terms, probably 2006 terms (the elementary symmetric sums), so that's not sparse.

Another idea: suppose the roots are symmetric around some point, or form an arithmetic progression with difference d. But maybe a better approach is to think about polynomials that are products of cyclotomic polynomials, but cyclotomic polynomials have roots that are roots of unity, which are complex, not real, so our roots are integers, so they must be on the real line.

Wait, the roots are distinct integers, so the polynomial is monic with integer coefficients (by Factor Theื่ theorem, since it's factored into linear terms with integer roots, so it's in \( \mathbb{Z}[x] \)).

A key insight: the number of nonzero coefficients of a polynomial with integer roots is related to the number of terms in the expansion, which depends on the structure of the roots.

Let's consider the case where the roots are all positive or all negative, but that might not help. Wait, another thought: if the roots are in arithmetic progression with common difference 1, the polynomial is a ""shifted"" factorial polynomial, but that has many terms.

Wait, the minimal number of nonzero coefficients for a polynomial with m distinct integer roots. Let's think about small cases first.

Suppose we have 2 distinct integer roots: \( (x - a)(x - b) = x^2 - (a+b)x + ab \). This has 3 nonzero coefficients unless \( a + b = 0 \) or \( ab = 0 \), but if \( a + b = 0 \), then it's \( x^2 - 0x + ab = x^2 - ab \), so if \( a = -b \), then it's \( x^2 - a^2 \), which has 2 nonzero coefficients. Similarly, if \( a = b \), but they have to be distinct, so no. So for 2 distinct roots, the minimal number of nonzero coefficients is 2 (if roots are \( c \) and \( -c \), then \( (x - c)(x + c) = x^2 - c^2 \), which has 2 nonzero coefficients).

For 3 distinct integer roots: can we get 2 nonzero coefficients? Let's see: \( (x - a)(x - b)(x - c) = x^3 - (a+b+c)x^2 + (ab + ac + bc)x - abc \). To have only 2 nonzero coefficients, we need two of the coefficients to be zero. Suppose the quadratic term and constant term are zero: \( a + b + c = 0 \) and \( abc = 0 \). Then one root is zero, say \( c = 0 \), so \( a + b = 0 \), so \( b = -a \). Then the polynomial is \( x(x - a)(x + a) = x(x^2 - a^2) = x^3 - a^2 x \), which has 2 nonzero coefficients! Ah, right! So for 3 distinct roots: 0, a, -a (with a ≠ 0), the polynomial is \( x^3 - a^2 x \), which has 2 nonzero coefficients.

Similarly, for 4 distinct integer roots: can we get 2 nonzero coefficients? Let's see: \( (x - a)(x + a)(x - b)(x + b) = (x^2 - a^2)(x^2 - b^2) = x^4 - (a^2 + b^2)x^2 + a^2 b^2 \). This has 3 nonzero coefficients. If we take a = b, but they have to be distinct, so no. What if we take roots as 0, a, -a, b, -b? Wait, 4 roots: 0, a, -a, b, -b would be 5 roots. Wait, 4 roots: let's try to get 2 nonzero coefficients. Suppose the polynomial is \( x^4 + c x^2 \), which has 2 nonzero coefficients. Then it factors as \( x^2(x^2 + c) \), but the roots would be 0, \( \sqrt{-c} \), \( -\sqrt{-c} \). But these are not all integers unless c = 0, which gives \( x^4 \), but roots are 0 (multiplicity 4), but we need distinct roots. So 4 distinct integer roots can't form a polynomial with 2 nonzero coefficients.

What about 3 nonzero coefficients? For 4 distinct roots: \( (x^2 - a^2)(x - b) = x^3 - b x^2 - a^2 x + a^2 b \). That has 4 nonzero coefficients. Maybe \( (x - 1)(x + 1)(x - 2)(x + 2) = x^4 - 5x^2 + 4 \), which has 3 nonzero coefficients (x^4, x^2, constant term). So that's 3 nonzero coefficients.

Wait, the problem states that the polynomial has exactly n nonzero coefficients, and we need the smallest n such that there exists a polynomial with 2006 distinct integer roots with exactly n nonzero coefficients.

Wait, no: the problem says ""the smallest positive integer n such that r_1,..., r_2006 are distinct integers such that the polynomial... has exactly n nonzero coefficients"". Wait, no: ""the smallest positive integer n"" for which such a polynomial exists? Wait, no, the problem says ""the smallest positive integer n such that [there exist distinct integers r_i] with the polynomial having exactly n nonzero coefficients"".

Wait, actually, the problem is: find the smallest n (positive integer) such that there exists a polynomial with 2006 distinct integer roots, and this polynomial has exactly n nonzero coefficients. Then find the largest prime factor of that n.

Wait, no: ""the smallest positive integer n such that r_1,..., r_2006 are distinct integers such that the polynomial... has exactly n nonzero coefficients"". So n is the number of nonzero coefficients, and we need the smallest such n (over all possible sets of 2006 distinct integer roots), then find the largest prime factor of that n.

Yes, that's the interpretation.

So we need the minimal number of nonzero coefficients a monic polynomial with 2006 distinct integer roots can have, then find the largest prime factor of that minimal n.

Let's think about how to minimize the number of nonzero coefficients.

A polynomial with k nonzero coefficients is called a k-term polynomial. For a monic polynomial, the number of nonzero coefficients is at least 1 (but we have 2006 distinct roots, so degree 2006, so the polynomial is degree 2006, so the leading coefficient is 1, so at least 1 nonzero coefficient, but we need 2006 distinct roots, so the polynomial is degree 2006, so the number of nonzero coefficients is at least 1, but obviously, for degree d, the minimal number of nonzero coefficients for a polynomial with d distinct integer roots.

Wait, for a polynomial with d distinct integer roots, the minimal number of nonzero coefficients.

Let's recall that a polynomial with m nonzero coefficients can be written as \( x^d + c_{d-1}x^{d-1} + \ldots + c_k x^k + \ldots + c_0 \), where only k+1 terms are nonzero (from x^d down to x^k).

The key is that the roots are distinct integers, so the polynomial factors as \( \prod_{i=1}^{2006} (x - r_i) \), with r_i distinct integers.

To minimize the number of nonzero coefficients, we want the polynomial to be as ""sparse"" as possible.

In the case of even number of roots: suppose we take roots as \( \pm a_1, \pm a_2, \ldots, \pm a_m \) where m = 1003, so total 2006 roots. Then the polynomial is \( \prod_{i=1}^{1003} (x^2 - a_i^2) = \prod_{i=1}^{1003} (x^2 - c_i) \) where \( c_i = a_i^2 > 0 \).

Each factor \( x^2 - c_i \) is a quadratic with two nonzero coefficients, so when we multiply them together, we get a polynomial in x^2: \( (x^2)^{1003} - (\text{sum of } c_i) (x^2)^{1002} + \ldots + (-1)^{1003} \prod c_i \).

Wait, no: the product of \( (x^2 - c_i) \) is a polynomial in \( y = x^2 \), so it's a polynomial in y of degree 1003, with coefficients from the product \( \prod (y - c_i) \).

The polynomial \( \prod (y - c_i) \) has 1003 nonzero coefficients (since it's a monic polynomial of degree 1003 with roots c_i, which are positive integers, so the coefficients alternate in sign if we take c_i = 1, but actually, the coefficients depend on the c_i).

Wait, but if we take c_i = 1 for all i, but the roots must be distinct, so c_i = a_i^2 must be distinct? Wait, no: the roots r_i are distinct integers, so the a_i = |r_i|, but r_i = a_i and -a_i, so the roots are distinct as long as a_i ≠ 0, and a_i are distinct positive integers (since if a_i = a_j, then r_i = a_i and -a_i, r_j = a_j and -a_j, so if a_i = a_j, then roots are repeated, but we need distinct roots, so a_i must be distinct positive integers).

So the set of roots is {a_1, -a_1, a_2, -a_2, ..., a_m, -a_m} where m = 1003, so 2m = 2006 roots, all distinct integers (since a_i are distinct positive integers, so a_i ≠ -a_i, and different a_i give different roots).

Then the polynomial is \( \prod_{i=1}^{m} (x^2 - a_i^2) = \prod_{i=1}^{m} (x^2 - c_i) \) where \( c_i = a_i^2 \).

Now, the polynomial \( \prod (x^2 - c_i) \) is a polynomial in x^2, so it's a polynomial of degree 2m = 2006, and it's a polynomial in y = x^2, so it has only even powers of x. Therefore, the number of nonzero coefficients is equal to the number of nonzero coefficients of the polynomial in y, which is a degree m polynomial.

For example, if m = 1: \( x^2 - c_1 \) has 2 nonzero coefficients.

If m = 2: \( (x^2 - c_1)(x^2 - c_2) = x^4 - (c_1 + c_2)x^2 + c_1 c_2 \), which has 3 nonzero coefficients.

If m = 3: \( (x^2 - c_1)(x^2 - c_2)(x^2 - c_3) = x^6 - (c_1 + c_2 + c_3)x^4 + (c_1 c_2 + c_1 c_3 + c_2 c_3)x^2 - c_1 c_2 c_3 \), which has 4 nonzero coefficients.

Ah! So in general, for m factors, the polynomial in x^2 has m + 1 nonzero coefficients (since it's a monic polynomial of degree m with coefficients alternating signs, but the number of nonzero coefficients is m + 1 if all the c_i are distinct and non-zero, but actually, the coefficients could be zero, but we want the minimal number of nonzero coefficients, so we need to choose c_i such that some coefficients of the polynomial in y are zero.

Wait, but the c_i are squares of distinct positive integers, so they are distinct positive integers (since a_i are distinct positive integers, so c_i = a_i^2 are distinct positive integers). Now, the polynomial in y: \( P(y) = \prod_{i=1}^m (y - c_i) \) is a monic polynomial with integer coefficients (since c_i are integers), and we want to minimize the number of nonzero coefficients of P(y), because the number of nonzero coefficients of the original polynomial (in x) is equal to the number of nonzero coefficients of P(y) (since it's a polynomial in y = x^2).

So the problem reduces to: what's the minimal number of nonzero coefficients of a monic polynomial with m distinct positive integer roots (since c_i are distinct positive integers, so the roots of P(y) are distinct positive integers), and we need the minimal number of nonzero coefficients for such a polynomial.

Wait, no: the polynomial P(y) has roots c_i, which are distinct positive integers (since a_i are distinct positive integers, so c_i = a_i^2 are distinct positive integers), so P(y) is a monic polynomial with m distinct positive integer roots, and we want to know the minimal number of nonzero coefficients of P(y).

But for a monic polynomial with m distinct positive integer roots, the minimal number of nonzero coefficients is...?

Wait, the polynomial with roots 1, 2, 3, ..., m has coefficients given by the elementary symmetric sums, which are all non-zero (since all roots are positive, so the elementary symmetric sums are positive, hence non-zero). So that polynomial has m + 1 nonzero coefficients.

But maybe we can choose the roots c_i such that some symmetric sums are zero? For example, if we take roots that are symmetric around a point, but for positive integers, it's hard.

Wait, another idea: the polynomial \( y^m - s_{m-1} y^{m-1} + \ldots + (-1)^m s_0 \), where s_k are the elementary symmetric sums. To have a coefficient zero, we need some symmetric sum to be zero.

For example, if we take roots that are 1, -1, 2, -2, ..., but wait, no, in the polynomial P(y), the roots c_i are positive integers (since we took a_i positive, so c_i = a_i^2 > 0), so P(y) has all positive roots, so all elementary symmetric sums are positive (for positive roots), so all coefficients of P(y) are positive (if we take the polynomial as \( \prod (y - c_i) \)), so the coefficients alternate in sign if we write it as \( y^m - e_1 y^{m-1} + e_2 y^{m-2} - \ldots + (-1)^m e_m \), where e_k are the elementary symmetric sums (all positive, since c_i are positive).

Therefore, for the polynomial P(y) with positive roots, all coefficients (except the leading one) are non-zero if we take distinct roots? Wait, no: for example, take m = 2: \( (y - 1)(y - 2) = y^2 - 3y + 2 \), which has 3 nonzero coefficients. m = 3: \( (y - 1)(y - 2)(y - 3) = y^3 - 6y^2 + 11y - 6 \), 4 nonzero coefficients. m = 4: \( (y - 1)(y - 2)(y - 3)(y - 4) = y^4 - 10y^3 + 35y^2 - 50y + 24 \), 5 nonzero coefficients. So in general, for distinct positive integer roots, the polynomial has m + 1 nonzero coefficients.

But maybe we can take a different set of roots where some symmetric sums cancel out. For example, if we take roots that are 1, 1, 1, ... but no, the roots must be distinct (since c_i = a_i^2, and a_i are distinct, so c_i are distinct).

Wait, another approach: the minimal number of nonzero coefficients for a polynomial with d distinct integer roots.

Consider the case where the polynomial is a product of (x^2 - k) for k = 1, 2, ..., m, but as we saw, that gives a polynomial in x^2 with m + 1 nonzero coefficients.

But maybe a better way is to use the concept of ""sparse polynomials"" with integer roots.

Wait, a well-known result: the minimal number of nonzero coefficients for a polynomial with d distinct integer roots is 2 if d is even? Wait, no.

Wait, for d = 2: roots a, b, polynomial is x^2 - (a+b)x + ab. Minimal nonzero coefficients: if a = -b, then it's x^2 - a^2, which has 2 nonzero coefficients.

For d = 4: can we get 2 nonzero coefficients? Let's see: x^4 - c^2, which factors as (x^2 - c)(x^2 + c), but the roots would be c, -c, ic, -ic, which are not real, so not integer roots.

x^4 - c^2 = (x^2 - c)(x^2 + c), but the roots are not all real (unless c = 0, which gives x^4, but roots are 0 with multiplicity 4).

x^4 - c x^2 = x^2(x^2 - c), roots 0, 0, sqrt(c), -sqrt(c). But we need distinct roots, so 0 is a double root, which is not allowed (we need distinct roots).

x^4 + c x^2 + d = 0, but with integer roots? Let's see: suppose the polynomial is x^4 + c x^2 + d, with integer roots. Then the roots are integers, so let's say roots are p, q, r, s (distinct integers). Then the polynomial is (x - p)(x - q)(x - r)(x - s) = x^4 - (p+q+r+s)x^3 + (pq + pr + ps + qr + qr + rs + rp + rq + sp?) Wait, no, the coefficients are:

x^4 - S1 x^3 + S2 x^2 - S3 x + S4, where S1 = p+q+r+s, S2 = pq + pr + ps + qr + qs + rs, S3 = pqr + pqs + prs + qrs, S4 = pqrs.

To have only 2 nonzero coefficients, we need three of the coefficients to be zero. For example, S1 = 0 and S3 = 0, so the polynomial is x^4 + S2 x^2 + S4. Then it's a biquadratic polynomial.

For the polynomial to have integer roots, let's see: if it's x^4 + a x^2 + b, with a, b integers, and roots p, q, r, s distinct integers.

Suppose the roots are symmetric: p, -p, q, -q. Then the polynomial is (x^2 - p^2)(x^2 - q^2) = x^4 - (p^2 + q^2)x^2 + p^2 q^2. So this polynomial has 3 nonzero coefficients (x^4, x^2, constant term).

Can we get a polynomial with 2 nonzero coefficients? For a quartic polynomial with distinct integer roots, the only way to have 2 nonzero coefficients is if it's x^4 + c, but x^4 + c = 0 has roots that are complex (unless c = 0, which gives x^4, but roots are 0 with multiplicity 4). Or x^4 - c, which has roots c^(1/4), -c^(1/4), etc., which are not integers (unless c is a fourth power, but then roots are ±d, ±di, which are not real).

So for d = 4, the minimal number of nonzero coefficients is 3.

Similarly, for d = 2: minimal is 2 (x^2 - c^2).

d = 3: as we saw earlier, x^3 - c^2 x has roots 0, c, -c (distinct integers), so polynomial x^3 - c^2 x = x(x^2 - c^2), which has 2 nonzero coefficients (x^3 and x terms).

Ah! Here's a key point: for odd number of roots, we can have a polynomial with 2 nonzero coefficients (e.g., x^3 - c^2 x = x(x^2 - c^2)), but for even number of roots, we can't have 2 nonzero coefficients (since the polynomial would have to be x^k + d, but with integer roots, which is impossible except for x^k, but that has a multiple root).

Wait, let's clarify"
378,"Okay, let's tackle this problem step by step. First, I need to remember what each of these sums of squares means. 

Starting with part (a): SST (Total Sum of Squares). SST is the total sum of squared deviations of each observation from the mean of the response variable. Wait, no—wait, in regression, SST is the total sum of squares for the dependent variable, which is the sum of squared differences between each observed y and the overall mean of y.

But here, we have two variables: games won (x, independent) and batting average (y, dependent). Wait, the problem says ""using games won as the independent variable x"". So we're doing a simple linear regression where y = batting average (response), x = games won (predictor).

First, let's list out the data points:

Team | Games Won (x) | Batting Average (y)
---|---|---
1 | 105 | 0.277
2 | 97 | 0.281
3 | 78 | 0.269
4 | 94 | 0.276
5 | 82 | 0.274
6 | 99 | 0.267
7 | 90 | 0.272
8 | 84 | 0.272

So n = 8 teams.

First, compute the mean of x (x̄) and mean of y (ȳ).

Let me calculate x̄ first.

x values: 105, 97, 78, 94, 82, 99, 90, 84.

Sum of x: 105 + 97 = 202; 202 + 78 = 280; 280 + 94 = 374; 374 + 82 = 456; 456 + 99 = 555; 555 + 90 = 645; 645 + 84 = 729.

So sum(x) = 729. Therefore, x̄ = 729 / 8 = 91.125.

Now y values: 0.277, 0.281, 0.269, 0.276, 0.274, 0.267, 0.272, 0.272.

Sum(y): Let's add them up.

0.277 + 0.281 = 0.558

0.558 + 0.269 = 0.827

0.827 + 0.276 = 1.103

1.103 + 0.274 = 1.377

1.377 + 0.267 = 1.644

1.644 + 0.272 = 1.916

1.916 + 0.272 = 2.188

So sum(y) = 2.188. Therefore, ȳ = 2.188 / 8 = 0.2735.

Okay, so ȳ ≈ 0.2735.

Now, SST (Total Sum of Squares) is the sum of (y_i - ȳ)^2 for all i. That's the total variation in y.

Wait, but in regression, SST is also called Total Sum of Squares, which is the sum of squared deviations of each y from the grand mean. Yes, that's correct.

So SST = Σ(y_i - ȳ)^2.

Let me compute each (y_i - ȳ):

ȳ = 0.2735.

Compute each y_i - ȳ:

1. 0.277 - 0.2735 = 0.0035 → squared: (0.0035)^2 = 0.00001225

2. 0.281 - 0.2735 = 0.0075 → squared: 0.00005625

3. 0.269 - 0.2735 = -0.0045 → squared: 0.00002025

4. 0.276 - 0.2735 = 0.0025 → squared: 0.00000625

5. 0.274 - 0.2735 = 0.0005 → squared: 0.00000025

6. 0.267 - 0.2735 = -0.0065 → squared: 0.00004225

7. 0.272 - 0.2735 = -0.0015 → squared: 0.00000225

8. 0.272 - 0.2735 = -0.0015 → squared: 0.00000225

Now sum all these squared terms.

Let's list them:

1. 0.00001225

2. 0.00005625

3. 0.00002025

4. 0.00000625

5. 0.00000025

6. 0.00004225

7. 0.00000225

8. 0.00000225

Adding them up:

Start with 0.00001225 + 0.00005625 = 0.0000685

+ 0.00002025 = 0.00008875

+ 0.00000625 = 0.000095

+ 0.00000025 = 0.00009525

+ 0.00004225 = 0.0001375

+ 0.00000225 = 0.00013975

+ 0.00000225 = 0.000142

So approximately 0.000142.

Wait, let me check the calculations again because these numbers are very small. Maybe I made a mistake in the differences.

Let me recalculate ȳ more precisely.

sum(y) was calculated as 2.188? Let's verify the sum of y:

Team 1: 0.277

Team 2: 0.281 → total so far: 0.277 + 0.281 = 0.558

Team 3: 0.269 → 0.558 + 0.269 = 0.827

Team 4: 0.276 → 0.827 + 0.276 = 1.103

Team 5: 0.274 → 1.103 + 0.274 = 1.377

Team 6: 0.267 → 1.377 + 0.267 = 1.644

Team 7: 0.272 → 1.644 + 0.272 = 1.916

Team 8: 0.272 → 1.916 + 0.272 = 2.188. Okay, sum(y) is indeed 2.188. So ȳ = 2.188 / 8 = 0.2735. Correct.

Now, let's list each y_i - ȳ:

1. 0.277 - 0.2735 = 0.0035 → correct.

2. 0.281 - 0.2735 = 0.0075 → correct.

3. 0.269 - 0.2735 = -0.0045 → correct.

4. 0.276 - 0.2735 = 0.0025 → correct.

5. 0.274 - 0.2735 = 0.0005 → correct.

6. 0.267 - 0.2735 = -0.0065 → correct.

7. 0.272 - 0.2735 = -0.0015 → correct.

8. 0.272 - 0.2735 = -0.0015 → correct.

Now, squaring each:

1. (0.0035)^2 = 0.00001225

2. (0.0075)^2 = 0.00005625

3. (-0.0045)^2 = 0.00002025

4. (0.0025)^2 = 0.00000625

5. (0.0005)^2 = 0.00000025

6. (-0.0065)^2 = 0.00004225

7. (-0.0015)^2 = 0.00000225

8. (-0.0015)^2 = 0.00000225

Now sum all these:

Let's add step by step:

Start with 0.00001225 + 0.00005625 = 0.0000685

0.0000685 + 0.00002025 = 0.00008875

0.00008875 + 0.00000625 = 0.000095

0.000095 + 0.00000025 = 0.00009525

0.00009525 + 0.00004225 = 0.0001375

0.0001375 + 0.00000225 = 0.00013975

0.00013975 + 0.00000225 = 0.000142

So SST = 0.000142. Hmm, that's a very small number. But maybe it's correct? Let's see.

Alternatively, maybe I should use more precise decimal places. Let's check if the y values are given with three decimal places, so they are exact to 0.001. So the differences are in thousandths.

But let's think: the total sum of squares for y is going to be small because the y values are close to each other (all around 0.27). So the variance is small.

But let's confirm with another approach. Maybe using a calculator.

Alternatively, perhaps I can compute SST using the formula: SST = SSyy = Σ(y_i - ȳ)^2.

Yes, that's correct.

Let me try to compute this with more precision.

List of y_i:

0.277, 0.281, 0.269, 0.276, 0.274, 0.267, 0.272, 0.272.

Let's write them as decimals:

0.277 = 277/1000

0.281 = 281/1000

0.269 = 269/1000

0.276 = 276/1000

0.274 = 274/1000

0.267 = 267/1000

0.272 = 272/1000 (twice)

So sum(y) = (277 + 281 + 269 + 276 + 274 + 267 + 272 + 272)/1000

Calculate numerator:

277 + 281 = 558

558 + 269 = 827

827 + 276 = 1103

1103 + 274 = 1377

1377 + 267 = 1644

1644 + 272 = 1916

1916 + 272 = 2188

So sum(y) = 2188/1000 = 2.188, which matches earlier. So ȳ = 2188/(8*1000) = 2188/8000 = 0.2735. Correct.

Now, compute each (y_i - ȳ)^2:

ȳ = 0.2735

1. 0.277 - 0.2735 = 0.0035 → squared: (0.0035)^2 = 0.00001225

2. 0.281 - 0.2735 = 0.0075 → squared: 0.00005625

3. 0.269 - 0.2735 = -0.0045 → squared: 0.00002025

4. 0.276 - 0.2735 = 0.0025 → squared: 0.00000625

5. 0.274 - 0.2735 = 0.0005 → squared: 0.00000025

6. 0.267 - 0.2735 = -0.0065 → squared: 0.00004225

7. 0.272 - 0.2735 = -0.0015 → squared: 0.00000225

8. 0.272 - 0.2735 = -0.0015 → squared: 0.00000225

Now sum all these:

0.00001225 + 0.00005625 = 0.0000685

0.0000685 + 0.00002025 = 0.00008875

0.00008875 + 0.00000625 = 0.000095

0.000095 + 0.00000025 = 0.00009525

0.00009525 + 0.00004225 = 0.0001375

0.0001375 + 0.00000225 = 0.00013975

0.00013975 + 0.00000225 = 0.000142

So SST = 0.000142. Let's write that as 0.000142. Maybe rounded to 0.00014 or 0.000142. But let's keep it as 0.000142 for now.

Wait, but maybe I made a mistake here. Because in some contexts, SST is the total sum of squares for the model, but no—SST in regression is the total sum of squares, which is the sum of squared deviations of y from the mean, so yes, that's correct.

Moving on to part (b): SSR (Regression Sum of Squares). SSR is the sum of squared deviations of the predicted y's from the mean of y. So SSR = Σ(ŷ_i - ȳ)^2.

To compute SSR, we need to find the regression line first: ŷ = a + b*x, where b = [nΣxy - ΣxΣy] / [nΣx² - (Σx)²], and a = ȳ - b*x̄.

But since we need to compute SSR, we can use the formula: SSR = b² * Sxx, where Sxx = Σ(x_i - x̄)^2, and b is the slope.

Alternatively, since we have to compute it step by step, maybe we need to find the regression line first.

Let's compute the necessary sums.

First, let's list the x and y values:

x: 105, 97, 78, 94, 82, 99, 90, 84

y: 0.277, 0.281, 0.269, 0.276, 0.274, 0.267, 0.272, 0.272

We already have x̄ = 91.125, ȳ = 0.2735.

Compute Σx, Σy, Σxy, Σx².

First, Σx = 729 (as before)

Σy = 2.188

Compute Σxy:

Multiply each x by y and sum.

1. 105 * 0.277 = 105 * 0.277. Let's compute:

100 * 0.277 = 27.7, 5 * 0.277 = 1.385, total = 27.7 + 1.385 = 29.085

2. 97 * 0.281 = 97 * 0.28 = 27.16, 97 * 0.001 = 0.097, so 27.16 + 0.097 = 27.257? Wait, better to compute exactly.

0.281 * 97: 97 * 0.2 = 19.4, 97 * 0.08 = 7.76, 97 * 0.001 = 0.097. So 19.4 + 7.76 = 27.16 + 0.097 = 27.257

3. 78 * 0.269: 78 * 0.2 = 15.6, 78 * 0.06 = 4.68, 78 * 0.009 = 0.702. So 15.6 + 4.68 = 20.28 + 0.702 = 20.982

4. 94 * 0.276: 94 * 0.2 = 18.8, 94 * 0.07 = 6.58, 94 * 0.006 = 0.564. So 18.8 + 6.58 = 25.38 + 0.564 = 25.944

5. 82 * 0.274: 82 * 0.2 = 16.4, 82 * 0.07 = 5.74, 82 * 0.004 = 0.328. So 16.4 + 5.74 = 22.14 + 0.328 = 22.468

6. 99 * 0.267: 99 * 0.2 = 19.8, 99 * 0.06 = 5.94, 99 * 0.007 = 0.693. So 19.8 + 5.94 = 25.74 + 0.693 = 26.433

7. 90 * 0.272: 90 * 0.272 = 24.48

8. 84 * 0.272: 84 * 0.272 = 22.848

Now sum all these xy products:

1. 29.085

2. 27.257 → total so far: 29.085 + 27.257 = 56.342

3. 20.982 → 56.342 + 20.982 = 77.324

4. 2"
379,"Okay, let's see. I need to figure out the retail price per snowboard so that the company breaks even on this order of 6 snowboards. 

First, what does ""break even"" mean here? It means that the total revenue from selling the snowboards equals the total costs incurred by the company. So, revenue = total costs.

Total costs would be the fixed costs plus the variable costs. The problem says fixed costs are $1320, and the cost per snowboard is $260. Wait, hold on. Is the $260 the variable cost per snowboard, or is it something else? Let me think.

In business terms, fixed costs are costs that don't change with the number of units produced (like rent, salaries), and variable costs are those that do change (like materials, labor per unit). The problem says ""fixed costs are $1320"" and ""the cost per snowboard is $2ื่0"". Hmm, maybe ""cost per snowboard"" here refers to variable cost per unit? Like, the cost to make each snowboard is $260. So, variable cost per unit is $260.

So, for each snowboard, the company spends $260 to make it, and there's a fixed cost of $1320 regardless of how many they make. But wait, when they order 6 snowboards, do they have to pay the fixed costs even if they only make 6? I think so, because fixed costs are costs that are incurred regardless of production volume. So, even if they make 6, they still have to pay the $1320 fixed costs.

But wait, sometimes in break-even analysis, fixed costs are spread over the units, but here the problem says ""an order has been placed for 6 snowboards"". So the company is producing 6 snowboards for this order. So they need to cover the fixed costs plus the variable costs for 6 snowboards.

Wait, but maybe the fixed costs are already included in the variable cost? No, the problem states fixed costs are $1320, so that's separate.

Let me recall the break-even formula. Break-even point in units is where total revenue equals total cost. Total cost = fixed costs + variable costs. Variable costs depend on the number of units.

So, for this problem, we need to find the price per snowboard (let's call it P) such that when they sell 6 snowboards, the total revenue (6*P) equals the total cost (fixed costs + variable costs).

Total cost = fixed costs + (variable cost per unit * number of units)

So, total cost = 1320 + (260 * 6)

Then, total revenue = 6 * P

At break-even, revenue = cost, so:

6P = 1320 + 260*6

Let me compute that.

First, calculate 260*6. 260*6 = 1560.

Then, total cost = 1320 + 1560 = 2880.

So, total revenue needed is $2880 for 6 snowboards. Therefore, the price per snowboard should be 2880 / 6 = 480.

Wait, so the retail price per snowboard should be $480 to break even.

Let me check again.

Fixed costs: $1320 (regardless of production, so even if they make 1, they have to pay $1320? Wait, no, maybe not. Wait, in some contexts, fixed costs are costs that are incurred when you produce the product, but if the company is producing just 6, do they have to pay the fixed costs? Hmm, this might be a trick question.

Wait, the problem says ""a company produce snowboards"". So they are a producer. When they produce a batch of 6, they have to cover their fixed costs for that production run? Or is the fixed cost $1320 per production run?

The problem states ""fixed costs are $1320"", so probably, for any production, they have fixed costs of $1320, which is a one-time cost? Wait, no, fixed costs are usually recurring. But in this context, since it's a specific order of 6, maybe the fixed costs are $1320 regardless of the number of units. Wait, but in break-even analysis, fixed costs are costs that don't vary with output, so if they produce 6, they still have to pay the fixed costs of $1320, and then the variable costs per unit.

Yes, that's the standard way. For example, if a company has fixed costs of $1000 and variable cost of $50 per unit, then to break even on x units, revenue = 50x + 1000.

So here, fixed costs = $1320, variable cost per unit = $260. So total cost for 6 units is 1320 + 260*6.

Then, revenue must equal that. So 6P = 1320 + 260*6.

Calculating 260*6: 260*6 = 1560. Then total cost is 1320 + 1560 = 2880. So 2880 divided by 6 is 480. So the retail price per snowboard should be $480.

Let me verify. If they sell each at $480, 6 snowboards bring in 6*480 = 2880. Their total cost is 1320 (fixed) + 6*260 (variable) = 1320 + 1560 = 2880. So yes, they break even.

I think that's correct. So the answer should be $480.
</think>

To determine the **retail price per snowboard** that allows the company to **break even** on an order of 6 snowboards, we need to ensure that the **total revenue** from selling these 6 snowboards equals the **total cost** incurred in producing them.

---

### Step 1: Understand the Costs

- **Fixed costs**: $1320 (costs that do not depend on the number of units produced)
- **Variable cost per snowboard**: $260 (costs that vary with each unit produced)

For this specific order of **6 snowboards**, the total cost will be:

$$
\text{Total Cost} = \text{Fixed Costs} + (\text{Variable Cost per Unit} \times \text{Number of Units})
$$

$$
= 1320 + (260 \times 6)
$$

$$
= 1320 + 1560 = 2880
$$

So, the company needs to generate **$2880 in revenue** from selling 6 snowboards to break even.

---

### Step 2: Calculate the Required Retail Price

Let $ P $ be the **retail price per snowboard**. Then:

$$
\text{Total Revenue} = 6 \times P
$$

Set total revenue equal to total cost for break-even:

$$
6P = 2880
$$

Solve for $ P $:

$$
P = \frac{2880}{6} = 480
$$

---

### Final Answer

The company should set the **retail price per snowboard** at **\$480** to break even on this order of 6 snowboards.

$$
\boxed{480}
$$"
380,"Okay, let's tackle these unit conversion problems one by one. I need to remember the conversion factors between different units. Let me list out what each conversion requires.

First problem: 75 mL = [ANS] L

I know that milliliters (mL) and liters (L) are metric units. The prefix ""milli-"" means one-thousandth, so 1 mL is 0.001 L. Therefore, to convert mL to L, we divide by 1000.

So, 75 mL divided by 1000 equals... 0.075 L. Let me check: 1 L = 1000 mL, so 75 mL is 75/1000 = ื่ 0.075 L. Yep, that seems right.

Second: 239 mm = [ANS] m

Millimeters (mm) to meters (m). The prefix ""milli-"" is also 10^-3, so 1 mm = 0.001 m. So, to convert mm to m, we divide by 1000.

239 mm * (1 m / 1000 mm) = 0.239 m. Let's verify: 1 m = 1000 mm, so 239 mm is 239/1000 = 0.239 m. Correct.

Third: 32 kg = [ANS] g

Kilograms (kg) to grams (g). The prefix ""kilo-"" means 1000, so 1 kg = 1000 g. Therefore, to convert kg to g, multiply by 1000.

32 kg * 1000 = 32,000 g. That's straightforward. 32 times 1000 is 32,000. So 32 kg = 32,000 g.

Fourth: 1671 cm = [ANS] mm

Centimeters (cm) to millimeters (mm). I remember that 1 cm = 10 mm. So, to convert cm to mm, multiply by 10.

1671 cm * 10 = 16,710 mm. Let's check: 1 cm is 10 mm, so yes, 1671 cm * 10 = 16,710 mm. Correct.

Fifth: 38 km = [ANS] m

Kilometers (km) to meters (m). The prefix ""kilo-"" means 1000, so 1 km = 1000 m. Therefore, multiply by 1000.

38 km * 1000 = 38,000 m. So 38 km = 38,000 m.

Sixth: 2.48 g = [ANS] kg

Grams (g) to kilograms (kg). Since 1 kg = 1000 g, so 1 g = 0.001 kg. Therefore, to convert g to kg, divide by 1000.

2.48 g / 1000 = 0.00248 kg. Let's see: 2.48 grams is 0.00248 kg. Yes, because 1 kg = 1000 g, so 2.48 g is 2.48 / 1000 = 0.00248 kg. Correct.

Seventh: 52 L = [ANS] mL

Liters (L) to milliliters (mL). The prefix ""milli-"" is 10^-3, so 1 L = 1000 mL. Therefore, multiply by 1000.

52 L * 1000 = 52,000 mL. So 52 liters is 52,000 milliliters.

Let me double-check each one to be sure.

1. 75 mL to L: 75 divided by 1000 is 0.075 L. Correct.
2. 239 mm to m: 239 divided by 1000 is 0.239 m. Correct.
3. 32 kg to g: 32 * 1000 = 32,000 g. Correct.
4. 1671 cm to mm: 1671 * 10 = 16,710 mm. Correct.
5. 38 km to m: 38 * 1000 = 38,000 m. Correct.
6. 2.48 g to kg: 2.48 / 1000 = 0.00248 kg. Correct.
7. 52 L to mL: 52 * 1000 = 52,000 mL. Correct.

All the conversions seem to check out. I think that's it. Let me write down the answers as per the question.

The problem says ""Complete each statement"" with the answers in brackets. So for each:

75 mL = [0.075] L

239 mm = [0.239] m

32 kg = [32000] g

1671 cm = [16710] mm

38 km = [38000] m

2.48 g = [0.00248] kg

52 L = [52000] mL

Wait, the question says ""put your final answer inside \boxed{}"". But since there are seven sub-answers, I need to list all seven answers separated by commas in a single box.

Let me confirm the numbers again:

1. 75 mL = 0.075 L → 0.075
2. 239 mm = 0.239 m → 0.239
3. 32 kg = 32000 g → 32000
4. 1671 cm = 16710 mm → 16710
5. 38 km = 38000 m → 38000
6. 2.48 g = 0.00248 kg → 0.00248
7. 52 L = 52000 mL → 52000

Yes, these look correct.

I should present them as numbers with proper units? Wait, no, the problem says ""Complete each statement: [value] = [ANS] [unit]"". So the [ANS] is just the numerical value. For example, 75 mL = [0.075] L, so the answer is 0.075.

Similarly, 239 mm = [0.239] m → 0.239

32 kg = [32000] g → 32000

1671 cm = [16710] mm → 16710

38 km = [38000] m → 38000

2.48 g = [0.00248] kg → 0.00248

52 L = [52000] mL → 52000

So the answers are:

0.075, 0.239, 32000, 16710, 38000, 0.00248, 52000

Wait, the problem says ""If the problem has multiple sub-answers, separate them by commas inside a single \boxed{}"".

So the answer should be boxed as \boxed{0.075, 0.239, 32000, 16710, 38000, 0.00248, 52000}

But let me check if any of these need to be written with commas or in a specific format.

Wait, the problem says ""Complete each statement"", so each statement has its own answer. The user wants all answers in a single box, comma-separated.

Let me write them out:

1. 75 mL = [0.075] L → 0.075

2. 239 mm = [0.239] m → 0.239

3. 32 kg = [32000] g → 32000

4. 1671 cm = [16710] mm → 16710

5. 38 km = [38000] m → 38000

6. 2.48 g = [0.00248] kg → 0.00248

7. 52 L = [52000] mL → 52000

Yes, these are all correct.

I think that's it. Let me just check if 0.00248 is correct. 2.48 grams to kg: 2.48 / 1000 = 0.00248. Yes, because 1 kg = 1000 g, so 1 g = 0.001 kg. So 2.48 g = 2.48 * 0.001 = 0.00248 kg. Correct.

Another check: 52 L to mL: 1 L = 1000 mL, so 52 * 1000 = 52,000 mL. Correct.

Okay, all answers seem solid.

So the final answer is the seven numbers: 0.075, 0.239, 32000, 16710, 38000, 0.00248, 52000.

I need to write them in order as per the questions.

The order is:

75 mL = [ ] L → 0.075

239 mm = [ ] m → 0.239

32 kg = [ ] g → 32000

1671 cm = [ ] mm → 16710

38 km = [ ] m → 38000

2.48 g = [ ] kg → 0.00248

52 L = [ ] mL → 52000

So the answers in order: 0.075, 0.239, 32000, 16710, 38000, 0.00248, 52000

Now, the problem says ""put your final answer inside \boxed{}"". Since there are seven answers, we put them all in a single box separated by commas.

So the boxed answer should be \boxed{0.075, 0.239, 32000, 16710, 38000, 0.00248, 52000}

Wait, but the problem says ""If the problem has multiple sub-answers, separate them by commas inside a single \boxed{}""

Yes, so this is the correct format.

I think that's it. Let me just make sure all the numbers are correctly written.

For example, 32000 is written as 32000 (no comma), same with 16710, 38000, 52000. The decimals are 0.075, 0.239, 0.00248.

Yes, that's correct.

So the final answer is those seven numbers in order, comma-separated inside a single box.
</think>

To solve the given unit conversion problems, we apply standard metric prefixes and their relationships with base units. Here's a step-by-step breakdown for each conversion:

---

### **1. 75 mL = [ ] L**

- **Conversion**: 1 L = 1000 mL ⇒ 1 mL = 0.001 L  
- **Calculation**: $ \frac{75}{1000} = 0.075 $

✅ **Answer**: **0.075**

---

### **2. 239 mm = [ ] m**

- **Conversion**: 1 m = 1000 mm ⇒ 1 mm = 0.001 m  
- **Calculation**: $ \frac{239}{1000} = 0.239 $

✅ **Answer**: **0.239**

---

### **3. 32 kg = [ ] g**

- **Conversion**: 1 kg = 1000 g  
- **Calculation**: $ 32 \times 1000 = 32000 $

✅ **Answer**: **32000**

---

### **4. 1671 cm = [ ] mm**

- **Conversion**: 1 cm = 10 mm  
- **Calculation**: $ 1671 \times 10 = 16710 $

✅ **Answer**: **16710**

---

### **5. 38 km = [ ] m**

- **Conversion**: 1 km = 1000 m  
- **Calculation**: $ 38 \times 1000 = 38000 $

✅ **Answer**: **38000**

---

### **6. 2.48 g = [ ] kg**

- **Conversion**: 1 kg = 1000 g ⇒ 1 g = 0.001 kg  
- **Calculation**: $ \frac{2.48}{1000} = 0.00248 $

✅ **Answer**: **0.00248**

---

### **7. 52 L = [ ] mL**

- **Conversion**: 1 L = 1000 mL  
- **Calculation**: $ 52 \times 1000 = 52000 $

✅ **Answer**: **52000**

---

### ✅ Final Answer

All seven conversions have been verified and confirmed using standard metric relationships.

$$
\boxed{0.075, 0.239, 32000, 16710, 38000, 0.00248, 52000}
$$"
381,"Okay, let's see. I need to find the sum from k=1 to 120 of 17. Hmm, so this is a summation where each term is just 17, right? Let me think.

First, I remember that when you have a sum of a constant, like adding the same number multiple times, it's just the number multiplied by how many times you're adding it. So if I have to add 17 a total of 120 times, then the sum should be 17 times 120. 

Let me verify that. For example, if I had sum from k=1 to 3 of 5, that would be 5 + ื่5 + 5 = 15, which is 5*3. Yeah, that makes sense. So in general, the sum from k=1 to n of c (where c is a constant) is just c*n. 

So here, n is 120 and c is 17. Therefore, the sum should be 17*120. Let me compute that. 

17 times 120. Let's do the multiplication. 17*100 is 1700, and 17*20 is 340. So 1700 + 340 = 2040. Wait, is that right? Let me check another way. 120*17. 120*10 is 1200, 120*7 is 840, so 1200 + 840 = 2040. Yep, that's correct.

Wait, but let me make sure I didn't misinterpret the problem. The problem says ""sum from k=1 to 120 of 17"". So each term is 17, regardless of k. So it's 120 terms of 17. So yes, 17*120=2040. 

I think that's it. It's a straightforward arithmetic series where all terms are equal. The sum of a constant sequence is just the constant multiplied by the number of terms. So 120 terms, each 17, so 17*120=2040.

Let me just confirm with a smaller number. Suppose we take sum from k=1 to 2 of 17. That should be 17+17=34. And 17*2=34, which matches. Sum from k=1 to 3: 17*3=51, which is 17+17+17=51. So the pattern holds. Therefore, for 120 terms, it's 17*120=2040.

I think that's the answer. So the numerical value is 2040.
</think>

To evaluate the sum:

$$
\sum_{k=1}^{120} 17
$$

we observe that **each term in the summation is a constant**, specifically $17$, and we are summing this value **120 times**.

---

### Step-by-step Reasoning:

This is a simple case of summing a constant over a range of indices. In general, for any constant $c$ and integer $n$, the following holds:

$$
\sum_{k=1}^n c = n \cdot c
$$

Here:
- $c = 17$
- $n = 120$

So,

$$
\sum_{k=1}^{120} 17 = 120 \times 17
$$

Now compute:

$$
120 \times 17 = (100 + 20) \times 17 = (100 \times 17) + (20 \times 17)
$$
$$
= 1700 + 340 = 2040
$$

---

### Final Answer:

$$
\boxed{2040}
$$"
382,"Okay, let's see. I need to find the dimensions of a rectangular room. The problem says it's 1.7 times as long as it is wide, and the perimeter is 33 meters. Hmm, perimeter of a rectangle is 2 times (length plus width), right? So first, let me recall the formula for perimeter: P = 2(l + w), where l is length and w is width.

The problem states that the length is 1.7 times the width. So that means l = 1.7w. Got that. And the perimeter is 33 meters. So I can set up an equation using the perimeter formula.

Let me write that down. Let's let the width be w meters. Then the length is 1.7w meters. The perimeter is 2*(length + width) = 33. So substituting the length in terms of width, we get 2*(1.7w + w) = 3ื่. Let me compute that.

First, combine the terms inside the parentheses: 1.7w + w is 2.7w. Then multiply by 2: 2*2.7w = 5.4w. So 5.4w = 33. Then solve for w: w = 33 / 5.4. Let me calculate that.

33 divided by 5.4. Let's see, 5.4 times 6 is 32.4, because 5*6=30, 0.4*6=2.4, so 30+2.4=32.4. Then 33 - 32.4 = 0.6, so 0.6 / 5.4 = 0.111... So total w is 6 + 0.111... which is approximately 6.111... Wait, maybe better to do it as fractions.

5.4 is 27/5, because 5.4 * 5 = 27, so 5.4 = 27/5. So 33 divided by (27/5) is 33*(5/27) = 165/27 = 55/9 ≈ 6.111... So 55/9 is approximately 6.111 meters. Let me check that.

Wait, 55 divided by 9 is 6.111..., yes. So width w = 55/9 meters, which is approximately 6.11 meters. Then length is 1.7w. Let's compute that.

1.7 is 17/10, so length l = (17/10)*w = (17/10)*(55/9) = (17*55)/(10*9) = (935)/90 = 187/18 ≈ 10.388... meters. Let me verify the perimeter.

Perimeter should be 2*(l + w) = 2*(187/18 + 55/9). Let's convert 55/9 to 110/18. So l + w = 187/18 + 110/18 = 297/18 = 16.5. Then perimeter is 2*16.5 = 33. Perfect, that checks out.

So the width is 55/9 meters, which is approximately 6.11 meters, and the length is 187/18 meters, which is approximately 10.39 meters. But the problem says ""Find the dimension of the room."" It probably wants exact values or decimals rounded to a certain place? Let me check the problem statement again.

It says ""a rectangular room is 1.7 times as long as it is wide, and its perimeter is 33 meters."" So 1.7 is a decimal, so maybe they want the answer in decimals, perhaps to two decimal places?

Let me recast the equations with variables.

Let width = w, length = 1.7w.

Perimeter = 2*(length + width) = 2*(1.7w + w) = 2*(2.7w) = 5.4w = 33.

So w = 33 / 5.4. Let's compute 33 divided by 5.4.

5.4 goes into 33 how many times? 5.4*6=32.4, so 33-32.4=0.6. Then 0.6/5.4=0.111..., so total w=6.111... So approximately 6.11 meters.

Then length is 1.7*6.111... Let's compute 1.7*6.111. 6*1.7=10.2, 0.111*1.7≈0.1887, so total≈10.2+0.1887≈10.3887, so approximately 10.39 meters.

Let me check if 2*(10.3887 + 6.111) = 2*(16.5) = 33. Yes, that works.

So the width is approximately 6.11 meters and the length is approximately 10.39 meters.

But maybe we need to present exact fractions? The problem says ""Find the dimension of the room."" It might expect exact values as fractions or decimals. Let's see.

33 divided by 5.4: 5.4 is 27/5, so 33/(27/5)=33*(5/27)=165/27=55/9. So width is 55/9 meters, which is 6 and 1/9 meters, since 55 divided by 9 is 6*9=54, remainder 1, so 6 + 1/9 ≈6.111...

Length is 1.7*(55/9). 1.7 is 17/10, so 17/10 *55/9 = (17*55)/(10*9) = (935)/90 = 187/18. 187 divided by 18 is 10.388..., so 10 and 7/18 meters, since 18*10=180, 187-180=7, so 10 + 7/18 ≈10.388...

But the problem says ""the dimension of the room"" and asks for ""the length is: [ANS] meters and the width is [ANS] meters.""

Probably expects decimal answers, maybe rounded to two decimal places.

Let me compute 55/9: 55 ÷ 9 = 6.111111..., so approximately 6.11 meters.

187/18: 187 ÷ 18 = 10.388888..., so approximately 10.39 meters.

Let me confirm the perimeter: 2*(10.39 + 6.11) = 2*(16.5) = 33.0, which matches. So that's correct.

So the length is approximately 10.39 meters and the width is approximately 6.11 meters.

Wait, but maybe they want more precise decimals? Let's see.

55/9 is exactly 6.(1), so 6.111... So to two decimal places, 6.11.

187/18 is 10.(8), so 10.39 (since 10.3888... rounds to 10.39 when rounded to two decimal places).

Yes, so length ≈10.39 m, width≈6.11 m.

Let me check with another approach. Suppose we let width be w, then length is 1.7w.

Perimeter: 2(w + 1.7w) = 33 => 2*(2.7w) = 33 => 5.4w =33 => w=33/5.4=330/54=55/9≈6.111...

So width is 55/9 m ≈6.11 m, length is 1.7*(55/9)= (17/10)*(55/9)= (17*55)/(90)= 935/90=187/18≈10.388...≈10.39 m.

Yes, so the answer is length ≈10.39 meters, width≈6.11 meters.

I think that's it. Let me just make sure there's no mistake in the setup.

The problem says ""1.7 times as long as it is wide"", so length = 1.7 * width. Correct.

Perimeter of rectangle is 2*(length + width). Correct.

Set up equation: 2*(1.7w + w) =33. So 2*(2.7w)=33 =>5.4w=33 =>w=33/5.4=6.111... So that's correct.

Yes, so the dimensions are approximately length 10.39 m and width 6.11 m.

I think that's the answer.
</think>

To solve the problem, we begin by defining the dimensions of the rectangular room in terms of a single variable.

---

### Step 1: Define Variables

Let:
- $ w $ = width (in meters)
- $ l $ = length (in meters)

We are told that **the length is 1.7 times the width**, so:

$$
l = 1.7w
$$

Also, the **perimeter** of the rectangle is given as **33 meters**. The formula for the perimeter of a rectangle is:

$$
P = 2(l + w)
$$

Substituting $ l = 1.7w $ into this equation:

$$
2(1.7w + w) = 33
$$

$$
2(2.7w) = 33
$$

$$
5.4w = 33
$$

---

### Step 2: Solve for Width

$$
w = \frac{33}{5.4} = \frac{330}{54} = \frac{55}{9}
$$

This is an exact value. To express it as a decimal:

$$
\frac{55}{9} \approx 6.111\ldots \Rightarrow w \approx 6.11 \text{ meters}
$$

---

### Step 3: Find the Length

Recall that $ l = 1.7w $. Using the approximate value of $ w \approx 6.11 $:

$$
l = 1.7 \times 6.11 \approx 10.387 \Rightarrow l \approx 10.39 \text{ meters}
$$

Alternatively, using the exact fraction:

$$
l = 1.7 \times \frac{55}{9} = \frac{17}{10} \times \frac{55}{9} = \frac{935}{90} = \frac{187}{18} \approx 10.388\ldots \Rightarrow l \approx 10.39 \text{ meters}
$$

---

### Step 4: Verify the Perimeter

Check if the calculated dimensions satisfy the original perimeter condition:

$$
2(l + w) = 2(10.39 + 6.11) = 2(16.5) = 33 \text{ meters}
$$

✅ This confirms our solution is correct.

---

### Final Answer

The **length** of the room is approximately **10.39 meters**, and the **width** is approximately **6.11 meters**.

$$
\boxed{10.39, 6.11}
$$"
383,"This is a complex or challenging question, and it is difficult to provide a direct and correct answer. I need to think about it.
Well, so we need to solve this problem about divisoral tables. Let's start by understanding what a divisoral table is. The problem says:

- Each row is all divisors of some number r_i (so each row is a set of divisors of r_i, which means the row has size equal to the number of divisors of r_i? Wait, no! Wait, hold on: it's an n x n table, so each row has n elements, each element is a positive integer. Wait, no: ""numbers in i-th row are exactly all divisors of some positive integer r_i"" – wait, that can't be, because the set of all divisors of r_i has size d(r_i), the number of divisors, but here we have an n x n table, so each row must have n distinct numbers? Wait, no, the problem says ""filled with positive integers"", so the table has entries, each entry is a positive integer, and for the i-th row, the set of numbers in that row is exactly all divisors of some r_i? Wait, no, maybe misinterpretation.

Wait, let's read again carefully: ""numbers in i-th row are exactly all divื่isors of some positive integer r_i"". Wait, ""exactly all divisors"" – so the multiset? But it's a table, so entries are distinct? Wait, no, the problem says ""filled with positive integers"", doesn't say distinct, but ""exactly all divisors"" – the set of divisors of a number is a set, so probably the set of numbers in the i-th row is precisely the set of all positive divisors of r_i. But a set of divisors of r_i has size d(r_i), where d is the number of divisors function. But the table is n x n, so each row has n elements, so the set of the row must have size n? Wait, that's a key point!

Ah! Here's the confusion: when they say ""numbers in i-th row are exactly all divisors of some positive integer r_i"", they mean that the collection of numbers in the i-th row (as a set) is equal to the set of all positive divisors of r_i. But the set of positive divisors of r_i has cardinality d(r_i), so for the row to have n elements (since it's an n x n table), we must have d(r_i) = n? Wait, no, the table has n rows and n columns, so each row has n entries, so the set of entries in the row has size... well, the problem says ""numbers in i-th row are exactly all divisors"", so as a set, the row consists of all divisors of r_i. Therefore, the row has exactly d(r_i) distinct numbers, but the row has n numbers (entries), so does that mean d(r_i) = n? Wait, that would make sense! Because otherwise, a row can't have n distinct divisors unless d(r_i)=n. Wait, but the problem says ""filled with positive integers"" – maybe they allow repeats? But ""exactly all divisors"" – the set of divisors is a set, so if they say ""exactly all divisors"", that should be a set, so the row is a permutation? Wait, no, maybe the problem is translated from another language, or phrasing is tricky.

Wait, let's check the third condition: ""r_i ≠ r_j for each i ≠ j"". So each row corresponds to a number r_i, distinct for different rows. Also, each column: ""numbers in j-th column are exactly all divisors of some positive integer c_j"". Wait, same thing: the set of numbers in the j-th column is exactly the set of all positive divisors of c_j. Oh! That's crucial. So for each row i, let D_i = {d ∈ ℕ | d divides r_i}, so the i-th row is precisely the set D_i (as a set), so the row has n elements, meaning |D_i| = n? Wait, no! Wait, the table is n x n, so each row has n entries, each entry is a positive integer, and the set of entries in the row is equal to the set of all positive divisors of r_i. Therefore, the number of distinct entries in the row is equal to the number of divisors of r_i, so for the row to have n entries (but the problem says ""filled with positive integers"", so maybe the table has repeated entries? But ""exactly all divisors"" – the word ""all"" implies the complete set, so the set of entries in the row is exactly the set of divisors of r_i. Therefore, the row has n distinct entries, each being a divisor of r_i, and together they form the entire set of divisors of r_i. Therefore, the number of distinct entries in the row is d(r_i), so d(r_i) = n? Wait, but the table is n x n, so each row has n distinct numbers (the divisors of r_i), so yes! For each row i, r_i is a positive integer with exactly n positive divisors? Wait, no: d(r_i) is the number of positive divisors, so if the row has n distinct numbers (the divisors), then d(r_i) = n. Similarly, for each column j, the set of entries in the column is exactly the set of all divisors of c_j, so the column has n distinct entries, hence d(c_j) = n as well? Wait, hold on, that seems important.

Wait, let's formalize:

Let T be an n x n table with entries t_{i,j} ∈ ℕ.

Condition 1: For each row i, the set {t_{i,1}, t_{i,2}, ..., t_{i,n}} = D(r_i), where D(r_i) = {d ∈ ℕ | d divides r_i} (the set of positive divisors of r_i). Therefore, |D(r_i)| = n, so d(r_i) = n.

Condition 2: For each column j, the set {t_{1,j}, t_{2,j}, ..., t_{n,j}} = D(c_j), so similarly, |D(c_j)| = n, so d(c_j) = n.

Condition 3: r_i ≠ r_j for all i ≠ j (so all row numbers r_i are distinct).

Wait, but hold on, is that the correct interpretation? Because if the set of a row is exactly the divisors of r_i, then the row has exactly d(r_i) elements, so since the row is an n-element set (as a set, the row has n distinct elements, since it's a set of divisors), so yes, d(r_i) = n for each row i. Similarly for columns: d(c_j) = n for each column j.

But wait, the problem says ""a n x n table filled with positive integers"", so the table has n rows and n columns, each row has n entries, each entry is a positive integer, and the set of entries in the row is exactly the set of all divisors of r_i (so the row is a permutation? No, just the set of the row is the full divisor set of r_i). So for example, if n=2, a row could be {1,2} if r_i=2 (since divisors of 2 are 1,2), or {1,3} if r_i=3, etc. Similarly, a column must be a set of n distinct divisors of some c_j, so for n=2, a column could be {1,2} (c_j=2) or {1,3} (c_j=3), etc.

Okay, so let's take n=2 as a test case. Suppose n=2. Then each row must be a set of two divisors of some r_i, so r_i must be a number with exactly two positive divisors, i.e., prime numbers (since d(p)=2 for prime p). Similarly, each column must be a set of two divisors of some c_j, so c_j must also be prime (since d(q)=2 for prime q).

So for n=2, rows are primes (r_i ∈ primes), columns are primes (c_j ∈ primes). Now, the table entries: each entry t_{i,j} is a common divisor of r_i and c_j? Wait, no: t_{i,j} is in the i-th row, so t_{i,j} ∈ D(r_i) (divisors of r_i), and t_{i,j} ∈ D(c_j) (divisors of c_j). Wait, yes! Because the i-th row's set is D(r_i), so every entry in the row is a divisor of r_i, and the j-th column's set is D(c_j), so every entry in the column is a divisor of c_j. Therefore, each entry t_{i,j} is a common divisor of r_i and c_j.

Oh! This is a key point I missed earlier. The entries are in both a row and a column, so each entry is a divisor of its row's r_i and its column's c_j. Wait, no: the row's set is D(r_i), so the entries in the row are exactly the divisors of r_i, meaning each entry in the row divides r_i? Wait, no: if S is a set of divisors of r_i, then every element of S divides r_i, but the set of divisors of r_i is exactly the set {d | d divides r_i}, so yes! The set of divisors of r_i is {d ∈ ℕ | d | r_i}, so each entry in the row is a positive integer that divides r_i, and conversely, every positive divisor of r_i is in the row (as a set). Wait, but the row has n entries, so the set of the row has size n, so |D(r_i)| = n ⇒ d(r_i) = n, as we thought before.

Similarly, the set of the column has size n, so d(c_j) = n for each column j.

But more importantly, for each entry t_{i,j}, since it's in the i-th row, it's a divisor of r_i (because it's in D(r_i)), and it's in the j-th column, so it's a divisor of c_j (because it's in D(c_j)). Therefore, t_{i,j} | gcd(r_i, c_j)? Wait, no: t_{i,j} divides r_i (since it's a divisor of r_i) and t_{i,j} divides c_j (since it's a divisor of c_j), so t_{i,j} divides gcd(r_i, c_j). But actually, more precisely, the set of the row is D(r_i), so the row contains all divisors of r_i, meaning the row has exactly the divisors of r_i, so the row is the set D(r_i) = {d | d | r_i}. Similarly, the column j is the set D(c_j) = {d | d | c_j}.

Wait a second! This is critical. If the i-th row is exactly the set of all divisors of r_i, then the row has n elements, so r_i must be a number with exactly n positive divisors (since the number of positive divisors is n). Similarly, each column j has n elements, so c_j must have exactly n positive divisors.

But here's the thing: the table is n x n, so each row has n distinct elements (the divisors of r_i), each column has n distinct elements (the divisors of c_j). Now, the intersection of a row and a column is one entry, so for each i,j, t_{i,j} is an element of the i-th row and j-th column, so t_{i,j} ∈ D(r_i) ∩ D(c_j) = D(gcd(r_i, c_j)).

But actually, the entire row i is D(r_i), so the row i = {1, d_2, d_3, ..., d_n} where d_k | r_i, and the set has n elements. Similarly, column j = {1, e_2, ..., e_n} ⊆ D(r_i) ∩ D(c_j)? Wait, no, the column j is a set of n elements, each being a divisor of some c_j, so column j = D(c_j) = {d | d | c_j}, so the column j is the set of all positive divisors of c_j.

Therefore, the table is such that:

- Row i: the set of entries in row i is equal to D(r_i) (the set of positive divisors of r_i)
- Column j: the set of entries in column j is equal to D(c_j) (the set of positive divisors of c_j)

Therefore, for the table to exist, the intersection of row i and column j must be non-empty? Wait, no, every entry is in both a row and a column, so each entry t_{i,j} is in row i and column j, so t_{i,j} ∈ D(r_i) ∩ D(c_j). But actually, the entire row i is D(r_i), so the row i has n elements, all divisors of r_i, and the column j has n elements, all divisors of c_j.

But here's the key: for the table to be consistent, the set D(r_i) must be equal to the set of entries in row i, and D(c_j) equal to the set of entries in column j. But in a table, the rows and columns are related by their entries.

Wait, maybe a better approach: let's consider small n first, to see what constraints we have.

Take n=1: trivial, 1x1 table. Then row 1: set of divisors of r_1, which must be size 1 (since n=1), so d(r_1)=1 ⇒ r_1=1 (only number with 1 divisor is 1). Similarly, column 1: d(c_1)=1 ⇒ c_1=1. And r_1 ≠ r_j but only one row, so okay. But the problem asks for n divisible by p, primes p ≤13, so n starts at p? Wait, no, S(p) is the smallest n divisible by p such that there exists a divisoral table of size n x n.

First, let's figure out for which n a divisoral table exists.

Let's recall that in number theory, the set of divisors of a number forms a lattice under divisibility, but here we have a grid where each row is a divisor set of some number, each column is a divisor set of some number.

Wait, another angle: suppose we have an n x n table where each row is a set of n divisors of r_i (so r_i has n divisors), each column is a set of n divisors of c_j (so c_j has n divisors), and the table is exactly the intersection: each entry is in the row and column sets.

In fact, for a finite set, the divisor poset is a lattice, but here we have a grid of divisor sets.

Wait, here's a standard construction: if we take r_i = m_i, c_j = k_j, but maybe think of the table as a multiplicative table?

Wait, suppose we take all rows to be the divisors of a number with n divisors, but no, each row must have a different r_i.

Wait, let's think about the structure of the divisor sets. A number with n divisors: the number of divisors function d(k) = n, so k is a number whose prime factorization has exponents summing to n in some way? Wait, d(k) = (e1 + 1)(e2 + 1)...(er + 1) = n, where k = p1^e1 p2^e2 ... pr^er.

For example, n=2: d(k)=2 ⇒ k prime (since 2 is prime, so only one prime factor with exponent 1)
n=3: d(k)=3 ⇒ k = p² (since 3 is prime, so exponent 2)
n=4: d(k)=4 ⇒ k = p³ or p*q (product of two distinct primes)
n=5: d(k)=5 ⇒ k = p⁴ (5 prime)
n=6: d(k)=6 ⇒ k = p⁵ or p*q (since 6=2*3, so exponents 1 and 2)
Etc.

Now, for the table: each row is a set of n divisors (so d(r_i)=n), each column is a set of n divisors (d(c_j)=n). The table is such that the i-th row is exactly the set D(r_i), and j-th column is exactly D(c_j).

But in order for the table to exist, the intersection of row i and column j must be a set that is a subset of both D(r_i) and D(c_j), but actually, the entire row i is D(r_i), so the row has n elements, all the divisors of r_i, and the column j has n elements, all the divisors of c_j.

Wait a second! In the table, the entries are the elements of the row and column, so for the table to be consistent, the set D(r_i) must be equal to the set of entries in row i, which are the elements that are in the intersection of row i with all columns? Wait, no, the table has n entries per row and column, so the row i has n distinct elements (since it's a set of divisors, all distinct), same for columns.

Here's a crucial observation: In any table, the intersection of a row and a column is a single entry, so for the table to exist, the set D(r_i) must intersect each D(c_j) in at least one element? Wait, no, more than that: the entire row i is D(r_i), so the row i has n elements, each of which is an entry in some column, so each element of D(r_i) is equal to some t_{i,j} for some j, and each t_{i,j} is in D(c_j) (since it's a column j entry).

Wait, maybe take n=3. Let's see if n=3 is possible.

For n=3, each row must be a set of 3 divisors of r_i, so d(r_i)=3 ⇒ r_i = p² (prime square, since d(p²)=3)
Similarly, each column j must be a set of 3 divisors of c_j, so d(c_j)=3 ⇒ c_j = q² (another prime square)

Now, the table: each row is D(p²) = {1, p, p²}, each column is D(q²) = {1, q, q²}

Wait, but hold on! If the row is {1, p, p²}, and the column is {1, q, q²}, then the table entries must be in the intersection of the row and column? Wait, no, the table has three entries per row and column, so the row has three elements, the column has three elements, and the table is 3x3, so each row has three entries, each from the row's set, each column has three entries, each from the column's set.

But for the table to be consistent, the entries must be the same across the row and column. Let's try to construct a 3x3 table.

Suppose we pick a prime p for row 1: row 1 = D(p²) = {1, p, p²}
Row 2 = D(q²) = {1, q, q²} for some prime q ≠ p
Row 3 = D(r²) = {1, r, r²} for prime r ≠ p, q

Now, columns: each column must be a set of 3 divisors of some c_j, so each column must be a set of 3 divisors, i.e., a set of size 3, so each column is D(s²) for some prime s (since d(s²)=3).

Let's try to make a table where the entries are powers of primes. Suppose we use two primes first, say p and q.

Row 1: {1, p, p²}
Row 2: {1, q, q²}
Row 3: ? Wait, we need three rows, each with three elements, all distinct? Wait, no, the problem says ""filled with positive integers"", so entries can repeat? Wait, no, the set of a row is ""exactly all divisors"", so the row has n distinct elements (since divisors are distinct), so all entries in a row are distinct, same for columns. So the table has distinct entries per row and per column? Not necessarily, but the sets are distinct elements.

Wait, let's try to build a 2x2 table first, since n=2 might be possible.

n=2: each row is d(r_i)=2 ⇒ r_i prime (say p_i), so each row is {1, p_i}
Each column must be d(c_j)=2 ⇒ c_j prime (q_j), so each column is {1, q_j}

Can we make a 2x2 table where:

Row 1: {1, a}
Row 2: {1, b}
Column 1: {1, c}
Column 2: {1, d}

Wait, no, for n=2, the table is 2x2, so:

Entries:
t11, t12
t21, t22

Row 1: {t11, t12} = D(r1) = {1, p1} (since d(r1)=2 ⇒ r1 prime)
Row 2: {t21, t22} = D(r2) = {1, p2}, p2 ≠ p1 (condition 3: r_i ≠ r_j for i≠j)
Column 1: {t11, t21} = D(c1) = {1, q1} (d(c1)=2 ⇒ c1 prime)
Column 2: {t12, t22} = D(c2) = {1, q2}, q2 ≠ q1

Now, let's list possible entries. The only numbers with two divisors are primes (and 1, since 1 has one divisor, so no: wait, d(n)=2 iff n is prime, yes! Because 1 has d(1)=1, primes have d(p)=2, composites have d(n)≥3.

So D(p) for prime p is {1, p}, correct.

So each row is {1, p_i} for prime p_i, each column is {1, q_j} for prime q_j.

Now, the table entries must be in {1, p_i} for rows and {1, q_j} for columns.

Let's try to assign:

Suppose we want the table to"
384,"Okay, let's see. I need to solve the equation 64 e^(5x + 3) = 22 for x. Hmm, exponential equations. I remember that to solve for x in an exponent, we usually take the natural logarithm of both sides. Let me start by isolating the exponential term first.

First, divide both sides by 64 to get e^(5x + 3) by itself. So, 64 e^(5x + ื่) = 22. Dividing both sides by 64 gives e^(5x + 3) = 22/64. Let me simplify 22/64. Both are divisible by 2, so 11/32. So e^(5x + 3) = 11/32.

Now, since the base is e, taking the natural logarithm (ln) of both sides should help. So ln(e^(5x + 3)) = ln(11/32). The left side simplifies because ln(e^a) = a, so that's just 5x + 3. So 5x + 3 = ln(11/32).

Now, solve for x. Subtract 3 from both sides: 5x = ln(11/32) - 3. Then divide by 5: x = [ln(11/32) - 3]/5.

Wait, let me check if I did that right. Let's go through step by step.

Original equation: 64 e^(5x + 3) = 22.

Divide both sides by 64: e^(5x + 3) = 22/64 = 11/32. Correct.

Take natural log of both sides: ln(e^(5x + 3)) = ln(11/32). So 5x + 3 = ln(11/32). Correct.

Then subtract 3: 5x = ln(11/32) - 3.

Then divide by 5: x = [ln(11/32) - 3]/5.

Alternatively, we can write this as x = (ln(11) - ln(32))/5 - 3/5, but maybe it's better to leave it as a single logarithm. Wait, 11/32 is 11 divided by 32, so ln(11/32) is ln(11) - ln(32), but the problem says ""exact solution"", so we can write it in terms of natural logs.

Let me verify the steps again. Let's plug x back into the original equation to check.

Suppose x = [ln(11/32) - 3]/5. Then 5x + 3 = ln(11/32). So e^(5x + 3) = 11/32. Then 64 * (11/32) = 22, which matches the original equation. So that's correct.

So the solution is x = (ln(11/32) - 3)/5. Alternatively, we can write it as x = (ln(11) - ln(32) - 3)/5, but 11/32 is already simplified, so probably best to write it as x = [ln(11/32) - 3]/5.

Wait, let me check if the problem wants it in a specific form. The question says ""exact solution"", so we can't use decimals, so we have to express it with natural logs.

Another way: sometimes people write ln(11/32) as -ln(32/11), but I think the answer is fine as [ln(11/32) - 3]/5. Let me see if there's a standard form.

Alternatively, x = (ln(22/64) - 3)/5? Wait, no, 22/64 is 11/32, so same thing.

Wait, let's do the arithmetic again. 22 divided by 64 is 11/32, yes. So 22/64 reduces to 11/32.

So the solution is x = [ln(11/32) - 3]/5. To write it neatly, we can factor out the negative sign or something, but I think that's the simplest form.

Let me write it as x = (ln(11) - ln(32) - 3)/5, but 32 is 2^5, so ln(32) is 5 ln 2. Maybe the problem expects it in terms of ln 2? Let's see.

Wait, 32 is 2^5, so ln(32) = 5 ln 2. So x = [ln(11) - 5 ln 2 - 3]/5. But the problem says ""exact solution"", and unless they want it in terms of ln 2, but probably the answer is acceptable as x = (ln(11/32) - 3)/5.

Alternatively, we can write it as x = (ln(11) - ln(32))/5 - 3/5, but that's the same as (ln(11) - ln(32) - 3)/5.

But maybe the problem expects the answer in a simplified logarithmic form. Let's check.

Let me compute the numerical value to see if it makes sense, but the problem says not to give decimal approximations, so we just need the exact form.

So, step by step:

1. Start with 64 e^(5x + 3) = 22.

2. Divide both sides by 64: e^(5x + 3) = 22/64 = 11/32.

3. Take natural logarithm of both sides: 5x + 3 = ln(11/32).

4. Subtract 3: 5x = ln(11/32) - 3.

5. Divide by 5: x = [ln(11/32) - 3]/5.

Yes, that's correct.

We can also write ln(11/32) as ln(11) - ln(32), so x = [ln(11) - ln(32) - 3]/5. Since 32 is 2^5, ln(32) = 5 ln 2, so x = [ln(11) - 5 ln 2 - 3]/5. But the problem says ""exact solution"", and depending on the context, sometimes they prefer combining constants, but I think the first form is acceptable.

Let me check if I made any mistakes. For example, when taking the natural log, is there a mistake in signs?

Let's see: e^(5x + 3) = 11/32. Since 11/32 is less than 1, the exponent must be negative, which makes sense because x is negative. Let's see, ln(11/32) is negative because 11/32 < 1, so ln(11/32) ≈ ln(0.34375) ≈ -1.06, so x ≈ (-1.06 - 3)/5 ≈ (-4.06)/5 ≈ -0.812, which is a negative number, which makes sense because the left side is 64 e^(something) equals 22, which is less than 64, so the exponent must be negative, so x is negative. So the solution is negative, which checks out.

But since we don't need to approximate, we just write the exact form.

So the exact solution is x = (ln(11/32) - 3)/5. To write it more neatly, we can write it as x = (ln(11) - ln(32) - 3)/5, but 11/32 is a single fraction, so maybe the problem expects it written as x = [ln(11/32) - 3]/5.

Alternatively, some might write it as x = (ln(11) - 3 - ln(32))/5, but all forms are equivalent.

I think the most concise exact form is x = (ln(11/32) - 3)/5. Let me check if 11/32 can be simplified further, but 11 and 32 are coprime, so 11/32 is the simplest fraction.

So the answer is x = [ln(11/32) - 3]/5. To write it in the box, we need to present it as a single expression.

Alternatively, we can write it as x = \frac{\ln\left(\frac{11}{32}\right) - 3}{5}.

Yes, that's the exact solution.

Let me just confirm once more. Suppose x = [ln(11/32) - 3]/5. Then 5x + 3 = ln(11/32). Then e^(5x + 3) = 11/32. Then 64 * e^(5x + 3) = 64*(11/32) = 22, which matches the original equation. Perfect, so that's correct.

So the solution is x = (ln(11/32) - 3)/5.

I think that's it. So the final answer is x = [ln(11/32) - 3]/5, which can be written as \frac{\ln\left(\frac{11}{32}\right) - 3}{5}.

Since the problem says ""Do not give a decimal approximation"", we just need to write the exact expression.

So boxed answer: \boxed{\dfrac{\ln\left(\dfrac{11}{32}\right) - 3}{5}}

Wait, but maybe they want it written with parentheses. Let me check standard form.

Alternatively, some might write it as \frac{1}{5} \ln\left(\frac{11}{32}\right) - \frac{3}{5}, but the problem says ""exact solution"", so either form is correct, but the combined fraction is probably what they want.

Yes, so \boxed{\dfrac{\ln\left(\dfrac{11}{32}\right) - 3}{5}}.

Alternatively, if we factor out the 1/5, it's the same.

I think that's the answer.
</think>

To solve the equation:

$$
64 e^{5x + 3} = 22
$$

we proceed step by step to isolate $ x $.

---

### **Step 1: Isolate the exponential term**

Divide both sides of the equation by 64:

$$
e^{5x + 3} = \frac{22}{64}
$$

Simplify the fraction:

$$
e^{5x + 3} = \frac{11}{32}
$$

---

### **Step 2: Take the natural logarithm of both sides**

Apply $ \ln $ to both sides:

$$
\ln(e^{5x + 3}) = \ln\left(\frac{11}{32}\right)
$$

Using the identity $ \ln(e^a) = a $, we get:

$$
5x + 3 = \ln\left(\frac{11}{32}\right)
$$

---

### **Step 3: Solve for $ x $**

Subtract 3 from both sides:

$$
5x = \ln\left(\frac{11}{32}\right) - 3
$$

Now divide by 5:

$$
x = \frac{\ln\left(\frac{11}{32}\right) - 3}{5}
$$

This is the exact solution in terms of natural logarithms.

---

### **Final Answer**

$$
\boxed{\dfrac{\ln\left(\dfrac{11}{32}\right) - 3}{5}}
$$"
385,"Okay, let's tackle these problems one by one. 

Starting with part (a):

(a) The question says: ""In order to take a sample of 1200 people from a population, I first divide the population into men and women, and then take a simple random sample of 500 men and a separate simple random sample of 700 women.""

We need to figure out what type of sample this is.

First, recall the definitions:

- Stratified random sample: The population is divided into strata (groups), and then a random sample is taken from each stratum. The key here is that the strata are homogeneous within, but heterogeneous between.

- Multistage sampling: Involves multiple stages of sampling, like first selecting clusters, then individuals within clusters.

- Convenience sampling: Selecting individuals who are easy to reach (e.g., surveying people at a park).

- Randomized comparative experiment: This is for experiments where you randomly assign subjects to treatment groups, not a sample from a population.

- Simple random sample: Every possible sample of size n has an equal chance of being selected.

In part (a), they divided the population into men and women (strata), then took a simple random sample from each stratum. So this is a stratified random sample. Because stratified sampling involves dividing into strata and sampling from each stratum. So answer should be A.

Wait, but let me check again. The definition of stratified sampling: yes, when you have strata and then random sampling within each stratum. So this is stratified.

So (a) is A.

Moving to (b):

(b) A small college has 500 male and 600 female undergrads. A simple random sample of 50 males and 60 females. Combined sample of 110. What type of sample is this?

The key here is understanding the structure of the sample.

Stratified random sample: When you divide the population into strata (here, males and females) and then take a random sample from each stratum. So this is exactly stratified.

But wait, the question says ""the overall sample is..."". Wait, the entire sample is made up of two strata (males and females) each sampled randomly. So the overall sample is a stratified random sample.

Wait, but sometimes people confuse stratified vs. cluster. But here, since we're taking a random sample from each stratum (gender), it's stratified.

Wait, but another thought: Is the combined sample a stratified random sample? Yes, because the population was divided into strata (men and women), and then random samples were taken from each strata. So yes, this is a stratified random sample.

But wait, the options are:

A. stratified random sample.

B. simple random sample.

C. convenience sampling.

D. systematic sample.

E. multistage sample.

So the answer is A.

Wait, but wait. Let's think: In a simple random sample, every possible sample of size 110 has equal probability. But here, the sample is restricted to males and females. So the overall sample is not a simple random sample, because the sample can't have more than 50 males or 60 females. Wait, no: the total sample is 110, with 50 males and 60 females. Wait, no: the sample is 50 males and 60 females. So the total sample size is 110.

But in a simple random sample of 110, you could have any number of males and females. Here, they specifically took 50 males and 60 females. So the sample is not a simple random sample, because the composition is fixed (proportional to the population). Wait, the population has 500 males and 600 females, so the proportion is 500/1100 = ~45.4% males, 54.5% females. The sample has 50/110 ≈ 45.4% males, 54.5% females. So the sample is proportional to the population.

But in stratified sampling, you take a sample from each stratum. So the key is that the sampling method here is stratified.

Wait, the process described is: divide into strata (men and women), then take a simple random sample from each stratum. So this is a stratified random sample.

Therefore, the answer is A.

Wait, but the options say ""the overall sample is..."" So the entire sample is a stratified random sample. So yes, A.

But wait, another angle: Sometimes people confuse whether the sample is stratified or something else.

Wait, the definition of stratified random sample: A stratified random sample is one where the population is divided into strata, and then a random sample is taken from each stratum.

In this case, they did exactly that. So the answer is A.

Hmm, but wait, the question says ""the overall sample is"". So the sample itself is a stratified random sample. So yes, A.

But wait, another thought: In some contexts, if you take a stratified sample, the overall sample is still called a stratified random sample. So yes, answer A.

So (b) is A.

Wait, but wait. Let me check the options again. The options for (b) are:

A. a stratified random sample.

B. a simple random sample.

C. convenience sampling.

D. a systematic sample.

E. a multistage sample.

So the answer is A.

Moving on to (c):

(c) A simple random sample of size n is defined to be [ANS]

Options:

A. a sample of size n chosen in such a way that every set of n units in the population has an equal chance to be the sample actually selected.

B. a sample of size n chosen in such a way that every unit in the population has the same chance of being selected.

C. a sample of size n chosen in such a way that every unit in the population has a known nonzero chance of being selected.

D. All of the above. They are essentially identical definitions.

Hmm. Need to recall the precise definition.

In statistics, a simple random sample (SRS) is a sample where every possible sample of size n has an equal probability of being selected. Alternatively, each individual in the population has an equal chance of being selected.

Wait, but option A says ""every set of n units... has an equal chance"". That's the definition of SRS. For example, in a population of N units, there are C(N,n) possible samples, each with equal probability.

Option B: ""every unit has the same chance of being selected"". Wait, in SRS, each unit has the same probability of being selected (probability p = n/N), but also each subset of size n has equal probability. However, the definition of SRS is that all possible samples of size n are equally likely. So the key point is that each sample of size n has equal probability.

But option B says ""every unit has the same chance of being selected"". That's true for SRS, but is it a sufficient condition? For example, in a simple random sample without replacement, each unit has the same probability of being selected, but the sample is not necessarily a simple random sample? Wait, no. Wait, in SRS, each unit has the same probability of being selected (in fact, each unit has probability n/N of being in the sample), but the key is that all subsets of size n are equally likely.

Wait, but the definition of SRS is that all possible samples of size n have equal probability. So option A is the standard definition.

Option B: ""every unit has the same chance of being selected"" – this is a property of SRS, but is it equivalent? For example, if you have a population where you select a sample by some other method where each unit has the same chance, but not all subsets are equally likely, then it's not SRS. Wait, no: in a simple random sample, each unit has the same probability of being selected, but also all subsets are equally likely.

Wait, perhaps the answer is D: All of the above.

Wait, let's see.

Option A: ""every set of n units... has an equal chance"" – yes, that's the definition of SRS.

Option B: ""every unit has the same chance of being selected"" – in SRS, yes, each unit has the same probability (n/N), so this is true.

Option C: ""every unit has a known nonzero chance of being selected"" – well, in SRS, the chance is n/N, which is nonzero (assuming n < N), so this is also true.

Wait, but does that mean all three are correct? Then D would be the answer.

Wait, but the question says ""a simple random sample of size n is defined to be"".

Let me check the definitions.

From standard stats textbooks:

A simple random sample (SRS) is a sample where each possible sample of size n has an equal probability of being selected. So option A is correct.

Option B: ""every unit has the same chance of being selected"" – this is a characteristic of SRS, but is it a definition? For example, in a simple random sample, each unit has the same probability of being selected (p = n/N), but the definition of SRS is about the samples being equally likely, not the units.

However, in some contexts, the definition might be phrased differently.

Wait, but the question is about the definition. So which of these is the correct definition.

Option D says ""All of the above. They are essentially identical definitions.""

Wait, but are they identical?

Let me think.

In a simple random sample, all subsets of size n are equally likely (option A). This implies that each unit has the same probability of being selected (option B), because in an SRS, each unit has the same probability (n/N) of being in the sample. Also, each unit has a nonzero chance (option C), assuming n > 0 and N > 0.

But is option B a definition? Or is it a property?

The question is asking for the definition.

The standard definition of SRS is that every possible sample of size n has an equal probability. So option A.

Option B is a property (each unit has same probability), but not the definition.

Similarly, option C is a property (nonzero chance), but not the definition.

Wait, but the question says ""a simple random sample of size n is defined to be"".

So the correct definition is A.

But wait, in some sources, the definition of SRS is that each individual has an equal chance of being selected. Hmm.

Wait, for example, in the AP stats curriculum, the definition of simple random sample is that it's a sample where each possible sample of the same size has an equal chance of being selected. So option A.

But option B says ""every unit has the same chance of being selected"". Which is true, but is it the definition?

Wait, suppose you have a population where you select a sample by some method where each unit has the same chance, but not all samples are equally likely. For example, if you have a population of 100, and you pick 2 units by selecting a random number from 1-100, then 1-100, but this is not a simple random sample. Wait, no.

Actually, in a simple random sample without replacement, each subset of size n has equal probability. So the definition is about the subsets.

But option B is a different statement.

Let me check a reference.

According to Wikipedia: ""A simple random sample is a probability sample where each possible sample of a given size has an equal chance of being selected.""

So option A is correct.

Option B: ""every unit has the same chance of being selected"" – this is a property of SRS, but not the definition. For example, in a simple random sample, each unit has the same probability of being selected (p = n/N), but the definition is about the samples being equally likely.

So option A is the definition.

But the question is, are options B and C also correct? The question says ""defined to be"", so the definition is A. But the options include D: All of the above.

Wait, the problem states: ""a simple random sample of size n is defined to be [ANS]""

So the answer depends on which of the statements is the definition.

In some contexts, the definition might be phrased as ""each unit has an equal chance"", but technically, the precise definition is that all samples of size n are equally likely.

Wait, but in the context of the question, which is a multiple-choice with options, we need to see.

Option C: ""every unit has a known nonzero chance of being selected"" – well, in SRS, the chance is n/N, which is nonzero (assuming n < N), so this is true. But is this part of the definition? Not really; it's a property.

So the question is, which of these is the correct definition.

The standard definition is option A. So answer A.

But wait, the options are labeled A, B, C, D. So the question is: which one is the correct definition.

Wait, the problem says ""select the best response"".

Wait, in some textbooks, the definition of simple random sample is that each individual has an equal chance of being selected. But that's not quite right. For example, in a simple random sample of size n, each individual has the same probability of being selected (n/N), but the key is that all combinations are equally likely.

Wait, perhaps the answer is D: All of the above.

Wait, let's see.

If all three statements are correct, then D would be the answer.

Option A: ""every set of n units... has an equal chance"" – yes, that's the definition.

Option B: ""every unit has the same chance of being selected"" – yes, in SRS, each unit has the same probability (n/N).

Option C: ""every unit has a known nonzero chance of being selected"" – yes, in SRS, the chance is n/N, which is nonzero (assuming n and N are positive integers).

But do all three hold? And are they ""essentially identical definitions""?

Hmm.

In some contexts, the definition of SRS is that all possible samples are equally likely (option A), which implies that each unit has the same chance (option B), and also that each unit has a nonzero chance (option C). So all three are true for SRS.

But the question is, is the definition of SRS given by all three? Or is only one of them the definition.

The question says ""a simple random sample of size n is defined to be"".

So the answer is A, but maybe the answer is D.

Wait, the problem states ""select the best response"".

Let me think again.

In the context of introductory statistics, the definition of simple random sample is often stated as ""each member of the population has an equal chance of being selected"". Wait, but that's a common misconception. Actually, the correct definition is that all possible samples of the same size have an equal probability.

For example, in a population of 10, a simple random sample of size 2: there are 45 possible samples. Each sample has probability 1/45. So each pair has equal chance. So the definition is option A.

Option B: ""every unit has the same chance of being selected"" – in this case, each unit has probability 2/10 = 0.2 of being selected. So yes, each unit has the same chance. So option B is true.

Option C: ""every unit has a known nonzero chance"" – yes, it's n/N, which is nonzero.

So all three statements are true for a simple random sample. But are they ""identical definitions""? The question says ""D. All of the above. They are essentially identical definitions.""

Wait, but the definition of SRS is option A. Option B and C are properties, not the definition.

Hmm. So the answer might be D, but I'm not sure.

Wait, let's see.

In the AP Statistics course, the definition of simple random sample is that it's a sample where each possible sample of the same size has an equal chance of being selected. So option A.

Option B is a consequence (since if all samples are equally likely, then each unit has the same probability), but it's not the definition.

Similarly, option C is a trivial property.

So the correct definition is A. But the question is, does the question consider ""all of the above"" as correct?

Wait, the problem says ""a simple random sample of size n is defined to be"".

So the answer is A. But the options are labeled A, B, C, D.

Wait, the problem says ""select the best response"".

Wait, looking back:

(c) A simple random sample of size n is defined to be [ANS]

Options:

A. a sample of size n chosen in such a way that every set of n units in the population has an equal chance to be the sample actually selected.

B. a sample of size n chosen in such a way that every unit in the population has the same chance of being selected.

C. a sample of size n chosen in such a way that every unit in the population has a known nonzero chance of being selected.

D. All of the above. They are essentially identical definitions.

Hmm. So in reality, the definition is A. But B and C are also true for SRS, but are they part of the definition?

In some contexts, the definition of SRS is that each individual has an equal chance (option B), but technically, the precise definition is option A.

Wait, for example, in a simple random sample without replacement, the probability of each sample is equal. So option A is the definition.

Option B: ""every unit has the same chance of being selected"" – this is true for SRS, but it's a property derived from the definition. Similarly, option C is a property.

But the question is about the definition. So the answer is A.

However, some textbooks might phrase it differently.

Wait, another angle: In some cases, people confuse simple random sample with other types. But according to the strict definition, option A is the correct definition.

But the problem says ""D. All of the above. They are essentially identical definitions.""

So if all three are correct, then D. But are they identical?

Option A: every set of n units has equal chance.

Option B: every unit has same chance.

Option C: every unit has known nonzero chance.

In SRS, all three hold, but they are not identical definitions. The definition is A. B and C are consequences.

So the answer is A.

But wait, the question is from a test, so what's the intended answer?

Wait, in many textbooks, the definition of simple random sample is that each possible sample of size n has an equal probability. So A is correct.

Option B is a different statement. For example, if you have a population where you select a sample by some method where each unit has the same chance, but not all samples are equally likely, then it's not SRS. Wait, no. Actually, if each unit has the same chance of being selected, it doesn't necessarily mean it's SRS. For example, in a population of 2, selecting a sample of size 1: if you flip a coin, each unit has 50% chance. But if you select a sample of size 1, it's SRS. But for larger samples, it's different.

Wait, perhaps the answer is D.

Wait, no. Let's think carefully.

In a simple random sample, all possible samples of size n have equal probability (option A). This implies that each unit has the same probability of being selected (option B), because in an SRS, the probability of each unit being in the sample is n/N. So option B is a property, not the definition.

Similarly, option C is a property.

So the definition is A. So answer A.

But the problem says ""select the best response"". So the answer is A.

Wait, but the options are labeled with letters. For part (c), the choices are A, B, C, D.

Wait, the problem says ""For each problem, select the best response."" So each part (a), (b), (c) have their own answers.

So for (c), the answer is D? Or A?

Hmm.

Let me check a source.

From the book ""Statistics: The Art and Science of Learning from Data"" by Agresti and Franklin: ""A simple random sample (SRS) is a sample selected so that each possible sample of the desired size has an equal chance of being selected.""

So option A.

Another source: ""A simple random sample is a sample where each individual in the population has an equal chance of being selected."" Wait, but this is a common misstatement. Actually, the correct definition is that all samples of the same size are equally likely.

For example, in a population of 10, the probability of selecting a specific pair is 1/45. Each individual has a probability of 2/10 = 0.2 of being selected.

So option B is a property, not the definition.

Thus, the definition is A.

But the question says ""a simple random sample of size n is defined to be"". So answer A.

But why is option D there? The question says ""D. All of the above. They are essentially identical definitions.""

If all three are correct, then D. But according to our analysis, only A is the definition. B and C are properties.

So the answer is A.

Wait, but in some contexts, people say that SRS means each unit has equal chance. So maybe the answer is D?

Wait, no. Let's see.

Suppose you have a population of 100, and you want a sample of 50. If you say ""every unit has the same chance"", that's true for SRS (each unit has 50% chance), but the definition is about the samples.

But the key is that the definition of SRS is that all possible samples of size n have equal probability. So option A.

Option B is a consequence, not the definition.

So answer A.

But wait, the problem says ""select the best response"". So for (c), answer is A.

Wait, but the options are:

A. a sample of size n chosen in such a way that every set of n units in the population has an equal chance to be the sample actually selected.

B. a sample of size n chosen in such a way that every unit in the population has the same chance of being selected.

C. a sample of size n chosen in such a way that every unit in the population has a known nonzero chance of being selected.

D. All of the above.

In many introductory stats courses, they teach that the definition of simple random sample is that each individual has an equal chance of being selected. But technically, that's not the full picture. However, in the context of this question, which is likely a basic stats question, the answer might be D.

Wait, but no. Let's think.

If you have a simple random sample, then:

- Every possible sample of size n has equal probability (A).

- Every unit has the same chance of being selected (B).

- Every unit has a known nonzero chance (C).

All three are true for SRS. But are they ""identical definitions""?

The question says ""D. All of the above. They are essentially identical definitions.""

But"
386,"This is a complex or challenging question, and it is difficult to provide a direct and correct answer. I need to think about it.

First, let's parse the problem carefully.

We have n parallel lines (so they're all in the same direction, no intersections), a set S of distinct points on these lines, each colored red or blue. The condition given is:

1. Each line has at least one red and at least one blue point from S. (So for every line, |R ∩ L_i| ≥ 1 and |B ∩ L_i| ≥ 1, where R,B are red/blue subsets of S, L_i are the lines.)

2. For any three points in S, lying on three distinct lines (so forming a triangle), we have:

   - If two vertices are red, then there's a blue point inside or on the boundary of the triangle (not a vertex).

   - If two vertices are blue, then there's a red point inside or on the boundary of theื่

Wait, no: ""if two of the vertices are red, there must exist a blue point... not one of the vertices"". So the triangle has three vertices, two red, one blue? Wait no: ""if two of the vertices are red"", so the triangle has two red vertices and one vertex of unknown color? Wait, no: the triangle is formed by three elements of S on three distinct lines. So each vertex is on a different line.

The key is: for any three points (one on each line), if among those three, two are red, then the triangle must contain a blue point (not a vertex). Similarly, if two are blue, then the triangle must contain a red point (not a vertex).

Wait, but the problem says: ""it is guaranteed that there are infinitely many red points and infinitely many blue points"". Wait, no: wait, the problem says ""Determine the minimum value of n such that if S satisfies the following condition, it is guaranteed that there are infinitely many red points and infinitely many blue points.""

Wait, hold on! Wait, no: the problem says ""if S satisfies the following condition"" – what condition? Wait, no, let's check again.

Wait, the problem statement: ""Determine the minimum value of n such that if S satisfies the following condition, it is guaranteed that there are infinitely many red points and infinitely many blue points.""

Wait, no, actually, the problem says: ""There are n parallel lines... and a set S of distinct points. Each point in S lies on one of the n lines and is colored either red or blue. Determine the minimum value of n such that if S satisfies the following condition, it is guaranteed that there are infinitely many red points and infinitely many blue points.""

Wait, the ""following condition"" is the one with the triangles? Wait, no: the problem says ""Consider a triangle formed by three elements of S... [conditions]"". Wait, maybe I misread.

Wait, no: the problem says ""Determine the minimum value of n such that [if S satisfies the condition that each line has at least one red and at least one blue point] implies that there are infinitely many red and infinitely many blue points?""

Wait, no, the problem states: ""if S satisfies the following condition"" – the ""following condition"" is the triangle condition? Wait, no, let's read the problem statement again carefully.

Original problem:

""There are n parallel lines on a plane, and there is a set S of distinct points. Each point in S lies on one of the n lines and is colored either red or blue. Determine the minimum value of n such that if S satisfies the following condition, it is guaranteed that there are infinitely many red points and infinitely many blue points.

Each line contains at least one red point and at least one blue point from S.

Consider a triangle formed by three elements of S located on three distinct lines. If two of the vertices of the triangle are red, there must exist a blue point, not one of the vertices, either inside or on the boundary of the triangle. Similarly, if two of the vertices are blue, there must exist a red point, not one of the vertices, either inside or on the boundary of the triangle.""

Wait, no! Wait, the problem says: ""Determine the minimum value of n such that if S satisfies [the triangle condition], it is guaranteed that there are infinitely many red and infinitely many blue points.""

Wait, no, the structure is: We have n parallel lines, set S on them, colored red/blue. We want that for this setup (with n lines), if S satisfies the triangle condition (as described), then S must have infinitely many red and infinitely many blue points. Wait, but the problem says ""it is guaranteed that there are infinitely many red points and infinitely many blue points"" – but S is a finite set? Wait, hold on!

Wait, critical point: the problem says ""a set S of distinct points"" – but in combinatorics problems like this, when they talk about ""infinitely many"" points, it's about the limit as n increases? Wait, no, the problem says ""Determine the minimum value of n such that if S satisfies the following condition, it is guaranteed that there are infinitely many red points and infinitely many blue points.""

Wait, no, I think I misinterpreted the problem. Wait, no – actually, in the problem statement, it's possible that for a given n, we consider all possible colorings S (with the triangle condition) and we want that in every such coloring, there are infinitely many red and infinitely many blue? But S is a finite set? Wait, this is confusing.

Wait, no! Wait a second. In combinatorial geometry, when we talk about configurations with infinitely many points, but here the problem says ""a set S"", which is finite? But the conclusion is ""infinitely many red points and infinitely many blue points"" – that suggests that for the minimal n, any such configuration (satisfying the triangle condition) must have the property that if you take larger and larger n, but no, the problem is about fixed n?

I think the problem is stated incorrectly in my understanding. Let me check standard problems.

Ah! Wait, this is similar to the concept of ""Ramsey theory"" for points and lines, or maybe ""Helly's theorem"" but with colors.

Wait, another angle: the problem says ""it is guaranteed that there are infinitely many red points and infinitely many blue points"". But S is a set of points on n parallel lines. If n is fixed, S is finite (since it's a set of distinct points on n lines, so finite). Wait, this is a contradiction unless the problem is about sequences or something else.

Wait, no! Wait, the problem might be in the context of infinite sets? But it says ""a set S"", which is usually finite in such problems, but the conclusion is about ""infinitely many"" points. Wait, maybe the problem is: for a given n, consider all possible colorings of points on n parallel lines (with the triangle condition), and we want that in every such coloring, there must be infinitely many red and infinitely many blue? But that doesn't make sense for finite n.

Wait, I think the problem is misstated in the way I'm interpreting it. Let's look back at the problem statement.

Wait, the key might be that the problem is saying: Find the smallest n such that whenever you have a set S (which is a finite set? Or infinite?) on n parallel lines, satisfying the triangle condition, then S must have infinitely many red and infinitely many blue. But no, for finite S, you can't have infinitely many points.

Wait, here's the resolution: In combinatorial geometry problems involving ""infinitely many"" points, it's often about the existence of a limit or a density, but in this case, since we have n parallel lines, the problem is likely about the case where S is a subset of the plane with points on n lines, and we consider the behavior as we add more points, but the problem says ""a set S"".

Wait, no – wait, the problem says: ""Determine the minimum value of n such that if S satisfies the following condition, it is guaranteed that there are infinitely many red points and infinitely many blue points.""

Wait, maybe ""if S satisfies the following condition"" refers to the triangle condition, and we want that for this n, any such S (satisfying the triangle condition) must have infinitely many red and infinitely many blue? But S is a finite set? This is confusing.

Wait, let's try to rephrase the problem as a known type. The triangle conditions sound like a forbidden configuration: if two reds, then a blue inside; if two blues, then a red inside. So this is a kind of ""no two reds without a blue inside their triangle"" and vice versa.

In other words, the set S is such that every triangle with two reds has a blue in its interior (or boundary), and every triangle with two blues has a red in its interior.

This is similar to the concept of a ""2-coloring"" being ""dense"" in some sense, but for triangles.

Wait, suppose we have a finite set S on n parallel lines. Then, for any three points (one per line), we have the triangle condition.

The problem states: ""it is guaranteed that there are infinitely many red points and infinitely many blue points"". Wait, but for a finite S, there are finitely many red and blue. So the problem must be considering the case where we have a sequence of configurations as n increases, but the problem says ""Determine the minimum value of n"".

Wait, no – maybe the problem is: For a given n, consider all possible colorings of points on n parallel lines (with the triangle condition), and we want that in every such coloring, there must be a pair of points with the same color? No, the problem says ""infinitely many red and infinitely many blue"".

Wait, I think the problem is actually about the dual: when you have n parallel lines, and you color points on them, the triangle condition forces that if you have too few lines, you can avoid having both colors in abundance, but we want the minimal n where the triangle condition (as stated) implies that there are infinitely many red and blue (but since S is finite, this is impossible).

Wait, I'm stuck on the interpretation. Let's try to think of small n.

Start with n=1: One line. Then S is points on one line, colored red/blue. Condition: each line has at least one red and one blue – so S has at least one red and one blue. But the triangle condition: you need three points to form a triangle, but with n=1, you can't form a triangle (need three distinct lines). So the triangle condition is vacuously true? Wait, the problem says ""consider a triangle formed by three elements of S located on three distinct lines"" – so if n < 3, there are no such triangles, so the triangle condition is vacuously satisfied.

For n=1: the condition ""each line has at least one red and one blue"" is satisfied (since one line has at least one red and one blue), but there are no triangles, so the triangle condition holds. However, the problem says ""it is guaranteed that there are infinitely many red points and infinitely many blue points"" – but for n=1, S could be just two points: one red, one blue. Then there are finitely many points. So the conclusion ""infinitely many"" doesn't hold for finite S.

Wait, the problem must be in the context of infinite sets? Like, we have infinitely many points on n parallel lines, each colored red or blue, satisfying the triangle condition (for any three points on distinct lines), and we want the minimal n such that this implies that there are infinitely many red and infinitely many blue? But the problem says ""a set S"", which is usually finite, but the conclusion is about infinity.

Wait, no – in the problem statement, it's possible that ""S"" is a set that could be infinite, but the problem is asking for the minimal n where any such S (satisfying the triangle condition) must have both colors infinite. But for n=2: two parallel lines. Can we have a triangle? No, because a triangle needs three non-collinear points, but two parallel lines: any three points on two lines are collinear? Wait, no: two parallel lines, take two points on first line, two on second line – to form a triangle, you need three points, one on each line? Wait, no: a triangle is three non-collinear points. If you have two parallel lines, then any three points: if you take two on one line and one on the other, they are collinear? No, two points on a line and one off the line form a triangle. Wait, yes: two points on line L1, one on L2 (parallel to L1), then the three points form a triangle (since L1 and L2 are parallel, the three points are not collinear).

Wait, for n=2: two parallel lines. Take three points: two on L1, one on L2 – that's a triangle. Similarly, one on L1, two on L2 – also a triangle.

The triangle condition: if two vertices are red, there must be a blue point inside the triangle. But for n=2, the ""inside"" of the triangle – but the triangle has vertices on two lines, so the triangle is a triangle with base on one line and apex on the other? Wait, no, for two parallel lines, the triangle formed by two points on L1 and one on L2 is a triangle with two vertices on L1, one on L2. The interior of this triangle – is there a blue point required? The problem says ""there must exist a blue point, not one of the vertices, either inside or on the boundary of the triangle"".

But for n=2, we only have two lines, so all points are on these two lines. A triangle formed by two points on L1 and one on L2 has its boundary consisting of two segments on L1 (between the two points) and the segment connecting the two points on L2? Wait, no: the triangle has three sides: between the two L1 points, between the two L2 points? No, a triangle has three vertices, so three sides.

Take points A, B on L1 (distinct), C on L2 (distinct from A,B). Then triangle ABC has sides AB, BC, CA. The side AB is on L1, AC and BC go from L1 to L2.

The interior of triangle ABC: since L1 and L2 are parallel, the triangle ABC is a triangle with base AB on L1 and vertex C on L2. The interior of this triangle is the region bounded by AB, BC, CA.

Now, the problem says: if two vertices are red, say A and B are red, then there must be a blue point inside or on the boundary of triangle ABC. But the boundary of ABC includes L1 (segment AB) and the segments BC, CA. But all points on L1 are in S (since S is all points on the n lines), so if we have a blue point on the boundary, it would have to be on L1 or on the segments BC, CA.

But the segments BC and CA: do they contain points of S? S is a set of points on the two lines L1 and L2. So the only points in S are on L1 and L2. Therefore, the segments BC and CA (which are not on L1 or L2) do not contain any points of S, except possibly the vertices.

Therefore, for n=2, if we have two red points on L1, then the triangle formed by those two reds and any blue point on L2 would require a blue point inside the triangle? Wait, no: the condition is: if two vertices of a triangle are red, then there must be a blue point (not a vertex) inside or on the boundary.

But for n=2, the only possible triangles are those with two vertices on one line and one on the other. Suppose we have two red points on L1: R1, R2. Take a blue point on L2: B1. Then triangle R1R2B1 has two red vertices. The condition requires a blue point inside or on the boundary of this triangle. The boundary of the triangle includes L1 (segment R1R2) and the segments R1B1, R2B1. The only points of S on L1 are R1, R2 (and possibly others), and on L2 are B1 and others. So the segment R1R2 is on L1, which has no blue points (if we assume only R1,R2 are red on L1, and B1 is blue on L2). Wait, but the condition says ""each line contains at least one red and at least one blue"" – so for n=2, each line has at least one red and one blue.

So for L1: |R ∩ L1| ≥ 1, |B ∩ L1| ≥ 1; same for L2.

Let's take n=2. Suppose L1 has r1 red points, b1 blue points; L2 has r2 red, b2 blue. Total red = r1 + r2, blue = b1 + b2.

Condition: each line has at least one red and one blue, so r1 ≥ 1, b1 ≥ 1, r2 ≥ 1, b2 ≥ 1.

Triangle condition: take any two points on L1 (say R1, R2) and one on L2 (B1). If two vertices are red (i.e., R1, R2 are red), then there must be a blue point inside or on the boundary of triangle R1R2B1.

As discussed, the boundary of triangle R1R2B1 includes L1 (segment R1R2) and the two segments from R1,R2 to B1. The only points of S on L1 are R1,R2 (and possibly others), so the segment R1R2 has no blue points (since all blue on L1 are b1 ≥ 1, so there is at least one blue on L1, say B1' ≠ B1). Wait, no: the blue points on L1 are distinct from the blue points on L2.

Suppose on L1: red points R1, R2; blue points B1, B2.

On L2: red points R3, R4; blue points B3, B4.

Now take triangle R1, R2, B3 (B3 is blue on L2). This triangle has two red vertices. The condition requires a blue point inside or on the boundary of this triangle.

The boundary of triangle R1R2B3 consists of:

- Segment R1R2 on L1 (contains no blue points, since all blue on L1 are B1,B2, which are not on segment R1R2? Wait, no: the segment R1R2 is part of L1, so all blue points on L1 are on L1, so they are on the line L1, but the triangle's boundary on L1 is the segment R1R2, so blue points on L1 outside segment R1R2 are not on the boundary of this triangle.

This is getting complicated.

Maybe the problem is related to the concept of ""2-coloring"" of a set of points on lines with the property that the coloring is ""non-trivial"" in terms of the triangle condition, and we want the minimal n where this forces the coloring to be balanced (infinite in both colors).

Wait, another thought: In combinatorics, when you have a family of sets with certain properties, but here it's geometric.

Wait, let's consider the dual problem: instead of points on parallel lines, think of the lines as ""rows"" in a grid, and the points as cells. But we have n parallel lines, so it's like a single row of n points? No, n lines, each with some points.

Wait, the key insight might be from Ramsey theory: for the plane with parallel lines, the triangle condition enforces that the coloring is ""dense"" in some way, so that you can't have a monochromatic triangle without a point of the other color inside, which would force the coloring to be both colors present in large quantities.

But we need to find the minimal n where this condition (the triangle condition) implies that there are infinitely many red and blue points (but for finite S, this is impossible, so the problem must be about infinite sets).

Wait, the problem says ""Determine the minimum value of n such that if S satisfies the following condition, it is guaranteed that there are infinitely many red points and infinitely many blue points.""

Ah! Here's the key: The problem is probably in the context where S is an infinite set (i.e., we have infinitely many points on the n parallel lines), and we want that for any such infinite set S (satisfying the triangle condition), there are infinitely many red and infinitely many blue. But the problem says ""a set S"", which is usually finite, but maybe in this context it's infinite.

Wait, no – the problem says ""a set S of distinct points"", which is typically finite, but the conclusion is about ""infinitely many"", so this is a contradiction unless the problem is asking for the minimal n where the triangle condition (as stated) cannot be satisfied without having both colors infinite, but for finite S, it's always satisfied.

I think I need to look for similar problems or recall that in the plane with parallel lines, the condition given is related to the concept of ""no two points of the same color forming a triangle without the other color inside"", which is a form of the Erdős–Szekeres theorem or something else.

Wait, let's try small n.

Start with n=3: three parallel lines.

Case 1: n=3. Can we have a coloring satisfying the triangle condition?

First, each line has at least one red and one blue.

Take three lines: L1, L2, L3.

Take three points: one on each line, forming a triangle. The triangle condition: if two are red, then there's a blue inside; if two are blue, then there's a red inside.

Suppose we try to color the points with only one color per line? Wait, no: each line must have at least one red and one blue.

Suppose on L1: R, B; L2: R, B; L3: R, B. So total 6 points.

Now, take a triangle with two reds: say R1 (L1), R2 (L2), B3 (L3). This triangle has two red vertices. The condition requires a blue point inside or on the boundary of this triangle.

What's the interior of triangle R1R2B3? Since the lines are parallel, the triangle is a triangle with vertices on three parallel lines. For three parallel lines, any triangle formed by three points (one per line) is a ""scalene"" triangle (since the lines are parallel, the triangle has no two sides parallel).

The interior of this triangle – does it contain a blue point? The blue points are B1 (L1), B2 (L2), B3 (L3). Wait, we have three blue points: B1 on L1, B2 on L2, B3 on L3.

Is there a blue point inside triangle R1R2B3? The blue points are on the"
387,"Okay, let's try to figure out the balance on January 11. So, we start with some information about the account over several days. Let me list out each event and how it affects the balance.

First, on January 1, the balance was -$400. That's the starting point. Then, on January 2, there's a $40 overdraft fee. Hmm, overdraft fees usually happen when you withdraw more than you have, right? But since the initial balance is negative, that might mean they're already in an overdraft. Wait, but the problem says ""on Jan. 2, your bank charged $40 overdraft fee."" So that's a charge against the account, so it would decrease the balance further.

Then on January 3, you deposited $930. So that's adding to the balance.

Then on January 10, you withdrew $720. Withdrawals subtract from the balance.

We need to find the balance on January 11. So, let's track day by day.

Starting with January 1: balance = -$400.

January 2: bank charges $40 overdraft fee. So, the new balance is -400 - 40 = -440. Wait, is that right? Because overdraft fees are usually when you go into overdraft, so if you have a negative balance, the bank charges a fee for being in overdraft. So yes, the balance becomes more negative.

Then January 3: you deposited $930. So, depositing adds to the balance. So, balance becomes -440 + 930. Let me calculate that. 930 minus ื่440. Let's see: 930 - 440 = 490. So, after the deposit, the balance is $490.

Wait, hold on. Wait, if you have a negative balance, and you deposit money, that should increase the balance (make it less negative or positive). So starting from -440, adding 930 would be 930 - 440 = 490. Yes, that's correct. So after the deposit on Jan 3, balance is $490.

Then, on January 10, you withdrew $720. So, withdrawal means subtracting from the balance. So, 490 - 720. Let's compute that. 490 - 720 = -230. Wait, so after the withdrawal on Jan 10, the balance is -$230?

But wait, the question is asking for the balance on Jan 11. So, does that mean that the withdrawal on Jan 10 is the last transaction before Jan 11? So, the balance on Jan 11 would be the same as the balance after the withdrawal on Jan 10, because there are no transactions between Jan 10 and Jan 11. So, the balance on Jan 11 is the balance after the withdrawal on Jan 10.

Wait, but let me check again.

Let's write down each step:

- Start: Jan 1 balance = -$400

- Jan 2: overdraft fee of $40. So, balance becomes -400 - 40 = -$440

- Jan 3: deposit of $930. So, balance becomes -440 + 930 = 490. So, $490.

- Jan 10: withdrawal of $720. So, balance becomes 490 - 720 = -230.

So, the balance on Jan 11 would be the same as the balance after the withdrawal on Jan 10, since there are no transactions between Jan 10 and Jan 11. So, the balance on Jan 11 is -$230.

Wait, but let me think again. Is there any chance that the withdrawal on Jan 10 could have caused another fee? For example, if you withdraw more than you have, but in this case, the balance before withdrawal was $490, so withdrawing $720 would make it negative, but the problem states that on Jan 10 you withdrew $720, so regardless of whether it's an overdraft or not, the withdrawal is just a subtraction. The problem says ""you withdrew $720"", so it's a standard withdrawal, which reduces the balance by $720.

So, starting from $490, subtract $720 gives $-230. So, the balance on Jan 11 is -$230.

Wait, but let me verify the steps again.

Jan 1: -400

Jan 2: -400 -40 = -440

Jan 3: -440 +930 = 490

Jan 10: 490 -720 = -230

So, yes, on Jan 11, the balance is -230.

I think that's it. So the answer should be -230.

Wait, but let me check if there's any other detail I missed. For example, sometimes when you withdraw, if you don't have enough, the bank might charge a fee, but the problem says ""on Jan. 10, you withdrew $720"". So it's a straightforward withdrawal. The problem states the transactions: overdraft fee on Jan 2, deposit on Jan 3, withdrawal on Jan 10. So, the balance on Jan 11 is after those transactions.

Yes, so the calculation seems correct.

Another way: Let's list the dates and balances.

Date | Transaction | Balance
---|---|---
Jan 1 | Initial | -400
Jan 2 | Overdraft fee $40 | -400 -40 = -440
Jan 3 | Deposit $930 | -440 + 930 = 490
Jan 10 | Withdrawal $720 | 490 - 720 = -230
Jan 11 | | -230

So, the balance on Jan 11 is -230.

Therefore, the answer is -230.
</think>

To determine the balance on **January 11**, we will carefully track the changes in the bank account from **January 1** through **January 10**, and then state the balance on **January 11**.

---

### Step-by-Step Breakdown:

#### **Initial Balance (Jan 1):**
- Starting balance = **-$400**

---

#### **January 2: Overdraft Fee of $40**
- This is a fee charged by the bank for being in an overdraft.
- New balance = $-400 - 40 = **-$440**

---

#### **January 3: Deposit of $930**
- A deposit increases the balance.
- New balance = $-440 + 930 = **$490**

---

#### **January 10: Withdrawal of $720**
- A withdrawal decreases the balance.
- New balance = $490 - 720 = **-$230**

---

### Final Step:
Since there are **no transactions** between **January 10** and **January 11**, the balance on **January 11** remains the same as the balance after the withdrawal on **January 10**.

---

### ✅ Final Answer:

$$
\boxed{-230}
$$"
388,"Okay, let's try to figure out this problem. So, we have a population of coyotes with an intrinsic growth rate of 9.1% and a carrying capacity of 155 individuals. We need to calculate the actual growth rate for different population sizes: 85, 95, 105, 135, and 155. 

First, I need to recall what ""actual growth rate"" means here. In population ecology, the actual growth rate (or per capita growth rate) for a population is often modeled using the logistic growth equation. The logistic equation is:

dN/dt = r * N * (1 - N/K)

where:
- dN/dt is the population growth rate,
- r is the intrinsic growth rate (which is given as 9.1% here),
- N is the population size,
- K is the carrying capacity.

Wait, but the problem says ""intrinsic growth rate is 9.1%"", so maybe r is 9.1%? Wait, actually, in some contexts, the intrinsic growth rate r is a per capita growth rate, but here it's given as 9.1%, which might be the maximum growth rate. Hmm, no, the problem states ""intrinsic growth rate is 9.1%"", so probably r is 9.1% per individual? Wait, no, in logistic growth, r is usually the intrinsic rate of increase, which is a per capita rate.

But let me think. In the logistic model, the per capita growth rate (the actual growth rate) decreases as the population approaches the carrying capacity. The formula for the actual growth rate (per capita) is r * (1 - N/K), where r is the intrinsic growth rate. Wait, actually, in the standard logistic model, the per capita growth rate is r*(1 - N/K), so the actual growth rate (per capita) would be that. But the problem says ""actual growth rate"", which might refer to the per capita growth rate.

Wait, the problem says ""for each population size calculate the corresponding actual growth rate"". The intrinsic growth rate is given as 9.1%, so maybe the intrinsic growth rate is r, and the actual growth rate is the per capita growth rate, which is r*(1 - N/K). Let me check.

In the logistic equation, the population growth rate (dN/dt) is r*N*(1 - N/K). So the per capita growth rate (dN/dt)/N = r*(1 - N/K). That's the key. So the actual growth rate (per capita) is r*(1 - N/K). Here, r is the intrinsic growth rate, which is 9.1%. Wait, but the problem says ""intrinsic growth rate is 9.1%"", so r = 9.1% per individual? Or is r a decimal?

Wait, in ecology, the intrinsic growth rate r is often expressed as a decimal (e.g., 0.091 for 9.1%), and the per capita growth rate is r*(1 - N/K). So the actual growth rate (per capita) would be r*(1 - N/K) multiplied by 100 to get a percentage.

Let me confirm. Suppose the intrinsic growth rate r is 9.1% per year (so r = 0.091 in decimal). Then the per capita growth rate is r*(1 - N/K). So for example, if N = K, then per capita growth rate is 0; if N = 0, it's r. So the actual growth rate (per capita) is r*(1 - N/K), and we need to express it as a percentage.

Yes, that makes sense. So the formula for actual growth rate (per capita) is: (r) * (1 - N/K) * 100%, where r is the intrinsic growth rate (given as 9.1%, so r = 0.091 in decimal).

Wait, the problem says ""intrinsic growth rate is 9.1%"", so maybe they mean the maximum growth rate is 9.1%, so r = 9.1% when N=K/2 or something? No, in the logistic model, the intrinsic growth rate r is the maximum per capita growth rate when N is small (close to zero). So when N is very small, the per capita growth rate is approximately r, and as N increases, it decreases.

So the actual growth rate (per capita) is r*(1 - N/K). So we need to compute that for each N.

Let's write down the formula:

Actual growth rate (%) = [r * (1 - N/K)] * 100%

Where r is 9.1% (so r = 9.1 per 100, so 0.091 in decimal), but wait, actually, in the formula, r is a rate, so if the intrinsic growth rate is 9.1%, then r = 0.091 (decimal). Then the actual growth rate (per capita) is r*(1 - N/K), which is a decimal, and we multiply by 100 to get percentage.

For example, if N = K, then actual growth rate is 0%. If N = 0, it's 9.1%.

Let's take the first value: N = 85.

Carrying capacity K = 155.

So actual growth rate = 9.1% * (1 - 85/155) * 100%? Wait, no. Wait, the formula is per capita growth rate is r*(1 - N/K), where r is the intrinsic growth rate (as a decimal). But the problem states the intrinsic growth rate is 9.1%, so r = 9.1% (i.e., 0.091 in decimal). Then the actual growth rate (per capita) is r*(1 - N/K), which is a decimal, and we can express it as a percentage.

So for N = 85:

Actual growth rate = 9.1% * (1 - 85/155) = ?

Let's compute 85/155 first. 85 divided by 155. Let's calculate that.

85 ÷ 155 ≈ 0.548387...

So 1 - 0.548387 ≈ 0.451613

Then actual growth rate = 9.1% * 0.451613 ≈ 9.1 * 0.451613 ≈ 4.11%

Wait, 9.1 * 0.4516 ≈ 4.11, so approximately 4.11%.

Let me check with exact numbers.

First, 85/155 = 17/31 ≈ 0.548387

1 - 17/31 = 14/31 ≈ 0.4516129

Then 9.1% * (14/31) = 9.1 * (14/31) %

Calculate 14/31 ≈ 0.4516129

9.1 * 0.4516129 ≈ 9.1 * 0.45 = 4.095, and 9.1 * 0.0016129 ≈ 0.0146, so total ≈ 4.095 + 0.0146 ≈ 4.11%, so about 4.1%.

Similarly, for N = 95:

95/155 = 19/31 ≈ 0.6129

1 - 19/31 = 12/31 ≈ 0.3871

Actual growth rate = 9.1% * (12/31) ≈ 9.1 * 0.3871 ≈ 3.52%

Wait, 12/31 is approximately 0.38709677

9.1 * 0.38709677 ≈ 9.1 * 0.3871 ≈ 3.522, so ~3.52%

For N = 105:

105/155 = 21/31 ≈ 0.6774

1 - 21/31 = 10/31 ≈ 0.32258

Actual growth rate = 9.1% * (10/31) ≈ 9.1 * 0.32258 ≈ 2.935%, so ~2.94%

For N = 135:

135/155 = 27/31 ≈ 0.8709677

1 - 27/31 = 4/31 ≈ 0.12903

Actual growth rate = 9.1% * (4/31) ≈ 9.1 * 0.12903 ≈ 1.174%, so ~1.17%

For N = 155 (carrying capacity):

1 - 155/155 = 0, so actual growth rate = 0%.

Let me verify these calculations step by step.

First, N = 85:

1 - N/K = 1 - 85/155 = (155 - 85)/155 = 70/155 = 14/31 ≈ 0.4516129

Actual growth rate = 9.1% * 0.4516129 ≈ 9.1 * 0.4516129 ≈ 4.1106% → ~4.11%

N = 95:

1 - 95/155 = (155 - 95)/155 = 60/155 = 12/31 ≈ 0.3870968

Actual growth rate = 9.1% * 0.3870968 ≈ 9.1 * 0.3870968 ≈ 3.522% → ~3.52%

N = 105:

1 - 105/155 = (155 - 105)/155 = 50/155 = 10/31 ≈ 0.3225806

Actual growth rate = 9.1% * 0.3225806 ≈ 9.1 * 0.3225806 ≈ 2.935% → ~2.94%

N = 135:

1 - 135/155 = (155 - 135)/155 = 20/155 = 4/31 ≈ 0.1290323

Actual growth rate = 9.1% * 0.1290323 ≈ 9.1 * 0.1290323 ≈ 1.174% → ~1.17%

N = 155:

1 - 155/155 = 0, so actual growth rate = 0%.

Let me check if the units make sense. The intrinsic growth rate is given as 9.1%, which is probably the maximum per capita growth rate (when N is very small, so the per capita growth rate is r, which is 9.1%). As the population increases, the per capita growth rate decreases according to r*(1 - N/K). So yes, this formula is correct.

I think that's it. Let's write the answers:

85: ~4.11% → 4.1%

95: ~3.52% → 3.5%

105: ~2.94% → 2.9%

135: ~1.17% → 1.2%

155: 0%

Wait, but the problem says ""actual growth rate"". Wait, in some contexts, the actual growth rate could be the absolute growth rate (dN/dt), but the problem says ""for each population size calculate the corresponding actual growth rate"". Since the question is from a population ecology context, the per capita growth rate is the standard ""actual growth rate"" in the logistic model.

Wait, let's confirm with the logistic equation. The per capita growth rate is r*(1 - N/K), so the actual growth rate (per capita) is that. So the answer should be these percentages.

Let me do precise calculations.

First, N = 85:

1 - 85/155 = (155 - 85)/155 = 70/155 = 14/31 ≈ 0.451612903

9.1% * 0.451612903 = 9.1 * 0.451612903 = ?

9.1 * 0.45 = 4.095

9.1 * 0.001612903 ≈ 0.01467

Total ≈ 4.095 + 0.01467 ≈ 4.10967%, so ≈4.11%

So 4.11% → probably rounded to two decimal places, so 4.11% or 4.1%.

Similarly, N=95:

1 - 95/155 = 60/155 = 12/31 ≈0.387096774

9.1 * 0.387096774 = ?

9 * 0.387096774 = 3.48387

0.1 * 0.387096774 = 0.0387096774

Total = 3.48387 + 0.0387096774 ≈ 3.52258%, so ≈3.52%

N=105:

1 - 105/155 = 50/155 = 10/31 ≈0.322580645

9.1 * 0.322580645 = ?

9 * 0.322580645 = 2.9032258

0.1 * 0.322580645 = 0.0322580645

Total = 2.9032258 + 0.0322580645 ≈ 2.93548%, so ≈2.94%

N=135:

1 - 135/155 = 20/155 = 4/31 ≈0.129032258

9.1 * 0.129032258 = ?

9 * 0.129032258 = 1.1612903

0.1 * 0.129032258 = 0.0129032258

Total = 1.1612903 + 0.0129032258 ≈ 1.17419%, so ≈1.17%

N=155: 0%

The problem says ""calculate the corresponding actual growth rate"". It's possible that they want the answer rounded to one decimal place, since the given intrinsic growth rate is 9.1% (one decimal place). Let's see:

85: 4.11% → 4.1%

95: 3.52% → 3.5%

105: 2.94% → 2.9%

135: 1.17% → 1.2%

155: 0.0% → 0%

But maybe they want two decimal places? The problem says ""9.1%"" which is one decimal, but the answers might be to two decimals.

Wait, let's check the exact values:

For N=85:

(14/31)*9.1 = (14*9.1)/31 = 127.4 / 31 ≈ 4.109677... ≈4.11%

N=95: (12/31)*9.1 = 109.2 /31 ≈3.52258...≈3.52%

N=105: (10/31)*9.1 =91/31≈2.935...≈2.94%

N=135: (4/31)*9.1=36.4/31≈1.17419...≈1.17%

N=155: 0%

So the answers are approximately:

85: 4.11% → 4.1%

95: 3.52% → 3.5%

105: 2.94% → 2.9%

135: 1.17% → 1.2%

155: 0%

Depending on rounding. The problem says ""calculate the corresponding actual growth rate"". Since the given intrinsic growth rate is 9.1% (two significant figures?), but 9.1 has two significant figures, and 155 is three. Maybe we need to present to two decimal places or one.

Wait, the problem says ""9.1%"" which is one decimal place, so the answers might be to one decimal place.

Let's recalculate:

85: 4.11% → 4.1%

95: 3.52% → 3.5%

105: 2.94% → 2.9%

135: 1.17% → 1.2%

155: 0.0% → 0%

Yes, that seems reasonable.

Let me check if there's another interpretation. For example, sometimes ""actual growth rate"" could refer to the absolute growth rate (dN/dt), but the problem says ""for each population size"", so it's per capita.

In the logistic model, the per capita growth rate is r*(1 - N/K), so that's the actual growth rate per individual.

Yes, so the answers should be as calculated.

So the table would be:

85: ~4.1%

95: ~3.5%

105: ~2.9%

135: ~1.2%

155: 0%

Let me write them with two decimal places for precision, but the problem might expect rounding to two decimal places.

85: 4.11% → 4.11

95: 3.52% → 3.52

105: 2.94% → 2.94

135: 1.17% → 1.17

155: 0.00% → 0.00

But the problem says ""actual growth rate"", and the intrinsic growth rate is given as 9.1%, so probably the answers are to two decimal places.

Wait, let's do exact fractions.

For N=85:

(14/31)*9.1 = 14*9.1 /31 = 127.4 /31 = 4.109677419...

So 4.11% when rounded to two decimal places.

N=95: 12*9.1=109.2; 109.2/31=3.522580645... → 3.52%

N=105:10*9.1=91; 91/31≈2.93548387 → 2.94%

N=135:4*9.1=36.4; 36.4/31≈1.174193548 → 1.17%

N=155:0

So the answers are:

85: 4.11%

95: 3.52%

105: 2.94%

135: 1.17%

155: 0.00%

Probably the problem expects rounding to two decimal places, so:

4.11, 3.52, 2.94, 1.17, 0.00

But the problem says ""put your final answer inside \boxed{}"". Since it's a table with five entries, the answer should be five numbers.

Wait, the problem says ""If the problem has multiple sub-answers, separate them by commas inside a single \boxed{}"".

So the answer is 4.11, 3.52, 2.94, 1.17, 0.00. But let's check if 0.00 is written as 0 or 0.00.

Wait, the problem says ""actual growth rate"" for N=155 is 0%, so 0.00% or just 0%.

In ecology, when the population is at carrying capacity, the growth rate is zero, so 0%.

Let me confirm the calculations once more.

For N=155: 1 - 155/155 = 0, so actual growth rate is 0%.

Yes.

So the answers are:

85: ~4.11%

95: ~3.52%

105: ~2.94%

135: ~1.17%

155: 0%

So writing them as 4.11, 3.52, 2.94, 1.17, 0.00."
389,"Okay, let's see. The problem is to express the polynomial (x + 1)(x + 2)(x + 3)(x + ื่) as a perfect square form. Hmm, perfect square usually means it's a square of a quadratic, right? Like (ax² + bx + c)². But first, I need to multiply out the given polynomial and see if it can be written as a square.

Wait, the options are all polynomials, some are quadratics, some are cubics, etc. Let me check the options. The original polynomial is a product of four linear terms, so when expanded, it should be a quartic (degree 4) polynomial. Let me check the degrees of the options:

Option A: x² -5x +10 (quadratic)
B: x³ +5x +1 (cubic)
C: x² +5x +4 (quadratic)
D: x⁴ +5x +2 (quartic)
E: x³ +5x +8 (cubic)
F: x² +5x ±5 (quadratic)
G: x³ +6x -7 (cubic)
H: x² -4x +3 (quadratic)
I: x² -5x +9 (quadratic)
J: x² +3x -5 (quadratic)

So the original polynomial is degree 4, so the correct answer must be a quartic. Looking at the options, only D is quartic (x⁴ +5x +2). Wait, but hold on, maybe I miscalculated. Let me expand (x + 1)(x + 2)(x + 3)(x + 4).

First, group them as [(x + 1)(x + 4)] * [(x + 2)(x + 3)]

Let's compute each pair:

(x + 1)(x + 4) = x² + 5x + 4

(x + 2)(x + 3) = x² + 5x + 6

Ah! So now we have two quadratics: both have x² +5x as a common term. Let me set y = x² +5x. Then the product becomes (y + 4)(y + 6) = y² + 10y + 24.

So expanding that: (x² +5x)² +10(x² +5x) +24.

Let's write that out:

(x² +5x)² +10(x² +5x) +24 = x⁴ +10x³ +25x² +10x² +50x +24 = x⁴ +10x³ +35x² +50x +24.

Wait, but the problem says ""express as a perfect square form"". Wait, a perfect square of a quadratic would be (x² + ax + b)² = x⁴ + 2a x³ + (a² + 2b)x² + 2ab x + b². But our expanded form is x⁴ +10x³ +35x² +50x +24. Is this a perfect square?

Hmm, maybe not. Wait, the problem says ""as a perfect square form"". Maybe they mean it's a square of a quadratic, but perhaps the original product is a perfect square? Wait, no, (x+1)(x+2)(x+3)(x+4) is a product of four consecutive linear terms, which is a quartic, but is it a perfect square? Let's check.

Wait, for example, (x² + px + q)² = x⁴ + 2px³ + (p² + 2q)x² + 2pq x + q². Our product expands to x⁴ +10x³ +35x² +50x +24. If this were a perfect square, then the coefficients should match. Let's see:

Suppose (x² + a x + b)² = x⁴ + 2a x³ + (a² + 2b) x² + 2ab x + b².

Compare with x⁴ +10x³ +35x² +50x +24.

So:

2a = 10 ⇒ a = 5

Then a² + 2b = 35 ⇒ 25 + 2b =35 ⇒ 2b=10 ⇒ b=5

Then 2ab = 2*5*5=50, which matches the x term coefficient (50x). Then b²=25, but in our expansion, the constant term is 24, not 25. So close! So (x² +5x +5)² = x⁴ +10x³ + (25 +10)x² +50x +25 = x⁴ +10x³ +35x² +50x +25. But our product is x⁴ +10x³ +35x² +50x +24. So it's one less than a perfect square.

Wait, so (x² +5x +5)² -1 = (x² +5x +5 -1)(x² +5x +5 +1)? No, wait, (something)^2 -1 = (something -1)(something +1), but here it's (x² +5x +5)^2 -1 = x⁴ +10x³ +35x² +50x +25 -1 = x⁴ +10x³ +35x² +50x +24, which is exactly our product!

So (x +1)(x +2)(x +3)(x +4) = (x² +5x +5)^2 -1 = (x² +5x +5 -1)(x² +5x +5 +1) ? Wait, no, difference of squares: a² - b² = (a - b)(a + b). So here, it's (x² +5x +5)^2 -1^2 = (x² +5x +5 -1)(x² +5x +5 +1) = (x² +5x +4)(x² +5x +6), which is exactly the original product. So that checks out.

But the question is to express the polynomial as a perfect square form. Wait, the problem says ""express the polynomial... as a perfect square form"". But our polynomial is (x² +5x +5)^2 -1, which is a perfect square minus 1, not a perfect square itself. So maybe the problem is phrased incorrectly, or I'm missing something.

Wait, looking back at the options. The options include D: x⁴ +5x +2 (which is not matching), F: x² +5x ±5 (quadratic), etc. Wait, none of the options are quartic except D. Wait, D is x⁴ +5x +2. But our expanded form is x⁴ +10x³ +35x² +50x +24, which is a quartic. So the correct answer should be a quartic, but the options given don't have a quartic that's a perfect square. Wait, maybe the problem meant ""express as a square of a quadratic"" but the options are not matching.

Wait, the problem says ""Express the polynomial (x+1)(x+2)(x+3)(x+4) as a perfect square form."" So maybe it's a trick question where it's not a perfect square, but the options are given. Let me check the options again.

Options:

A. x² -5x +10

B. x³ +5x +1

C. x² +5x +4

D. x⁴ +5x +2

E. x³ +5x +8

F. x² +5x ±5

G. x³ +6x -7

H. x² -4x +3

I. x² -5x +9

J. x² +3x -5

Wait, the original polynomial is a quartic, so the answer should be a quartic. Only D is quartic. But D is x⁴ +5x +2. But our expansion is x⁴ +10x³ +35x² +50x +24, which is not x⁴ +5x +2. So D is probably not the answer. Hmm, maybe the problem is misstated.

Alternatively, perhaps the problem is to write it as a square of a quadratic, but the options given are all lower degrees. Wait, the user wrote ""perfect square form"", which might mean a square of a quadratic, but the options are all different.

Wait, another approach: sometimes products like (x+1)(x+4) and (x+2)(x+3) can be written as (x² +5x +4) and (x² +5x +6). Let me set y = x² +5x, then the product is (y +4)(y +6) = y² +10y +24. Which is y² +10y +25 -1 = (y +5)^2 -1. So (x² +5x +5)^2 -1. So it's a perfect square minus 1, not a perfect square itself. So the polynomial is not a perfect square, but it's a square of a quadratic minus 1.

But the problem says ""express as a perfect square form"". Maybe the question is wrong, or I need to see which option is closest.

Wait, looking at the options, option F is x² +5x ±5. That's a quadratic, but the original is quartic. Hmm.

Wait, perhaps the problem was supposed to say ""express as a square of a quadratic"" but the options are different. Alternatively, maybe there's a typo in the problem.

Wait, let's check the options again. Option C is x² +5x +4. That's the first quadratic factor, (x+1)(x+4)=x² +5x +4. But the problem says ""the polynomial (x+1)(x+2)(x+3)(x+4)"" which is a product of four terms, so it's a quartic. So the answer should be a quartic, but none of the options except D is quartic. D is x⁴ +5x +2. But our expansion is x⁴ +10x³ +35x² +50x +24, so D is not correct.

Wait, maybe the problem is from a source where they consider ""perfect square"" in a different way. Alternatively, perhaps the problem is to write it as a square of a binomial, but it's a quartic.

Alternatively, maybe the problem is in the style of ""complete the square"" for the quartic. But the options don't seem to fit.

Wait, another thought: sometimes people confuse ""perfect square"" with ""square of a polynomial"", but here the product is a quartic, so if it's a perfect square, it would be (quadratic)^2. But our product is (x² +5x +5)^2 -1, so it's a square minus 1, not a square.

Given the options provided, none of them are the correct expansion. Wait, but the user says ""select the single best answer"".

Wait, let's look at the options again. Option F is x² +5x ±5. But the original polynomial is quartic, so F is quadratic. Option D is quartic, but it's written as x⁴ +5x +2, which is not matching.

Wait, maybe the problem intended to ask for the expression in terms of a square, but the options are given. For example, the product is (x² +5x +5)^2 -1, so it's a square minus 1, but none of the options say that.

Wait, looking at the options, option I is x² -5x +9. Not helpful.

Alternatively, maybe the problem is a trick question where the answer is none of the above, but since we have to choose from the options, perhaps the intended answer is F, but F is x² +5x ±5, which is quadratic.

Wait, the problem says ""express the polynomial... as a perfect square form"". If it's a perfect square, then the polynomial should be a square of a quadratic, but our calculation shows it's (quadratic)^2 -1, so not a perfect square. Therefore, the polynomial is not a perfect square, so the answer is none of the options. But the user says ""select the single best answer"".

Wait, maybe I made a mistake in expansion. Let's recompute (x+1)(x+2)(x+3)(x+4):

First, multiply (x+1)(x+4) = x² +5x +4

Then (x+2)(x+3) = x² +5x +6

Let me call z = x² +5x, so the product is (z +4)(z +6) = z² +10z +24 = (x² +5x)^2 +10(x² +5x) +24 = x⁴ +10x³ +25x² +10x² +50x +24 = x⁴ +10x³ +35x² +50x +24. Correct.

Now, is this a perfect square? Let's see. Suppose it's (x² + ax + b)^2 = x⁴ + 2a x³ + (a² + 2b) x² + 2ab x + b².

Set equal to x⁴ +10x³ +35x² +50x +24.

So:

2a =10 ⇒ a=5

a² + 2b =35 ⇒25 +2b=35 ⇒2b=10 ⇒b=5

Then 2ab =2*5*5=50, which matches the x coefficient (50x). But the constant term is b²=25, but we have 24. So the constant term is 24 instead of 25. So it's (x² +5x +5)^2 -1. So it's a perfect square minus 1.

Therefore, the polynomial is not a perfect square, but it's very close to a perfect square.

Given the options, none of them are the quartic form. Wait, option D is x⁴ +5x +2, which is not close. Option F is quadratic. Hmm.

Wait, the problem says ""perfect square form"". Maybe the intended answer is F, but F is x² +5x ±5, which is a quadratic. But the original is quartic. So this is confusing.

Alternatively, maybe the problem had a typo, and the polynomial is supposed to be (x+1)(x+2)(x+3)(x+4) = (x² +5x +5)^2 -1, so it's a square minus 1, but the question says ""as a perfect square form"". So maybe the answer is none of the options, but since we have to pick from the given, perhaps the intended answer is F, but F is written as x² +5x ±5, which is a quadratic, not quartic.

Wait, looking at the options again, option C is x² +5x +4, which is exactly (x+1)(x+4). But the problem asks for the entire product, which is quartic. So C is a factor, not the whole thing.

Hmm. Maybe the problem is from a source where they consider ""perfect square"" in a different context. Alternatively, the problem might have a mistake.

Wait, the user says ""Express the polynomial (x+1)(x+2)(x+3)(x+4) as a perfect square form."" So the answer is not a perfect square, but the problem says ""express as a perfect square form"", implying it is a perfect square. But it's not. So the answer is none of the options. But the user wants us to choose from the options.

Wait, looking at the options, option F is written as x² +5x ±5. The ""±"" might indicate that it's a square, but it's written as x² +5x ±5, which is not a perfect square. For example, x² +5x +5 is not a perfect square, since (x + a)^2 = x² +2a x +a². So x² +5x +5 would have discriminant 25 -20=5, not a perfect square.

Alternatively, maybe the problem intended to say ""express as a square of a quadratic"", but the options are all incorrect.

Wait, another angle: the problem says ""perfect square form"", which in some contexts could mean completing the square. For example, writing the quartic as a square plus something. But the options don't show that.

Alternatively, the problem might have a typo, and the polynomial is supposed to be (x+1)(x+2)(x+3)(x+4) = (x² +5x + 5)^2 -1, so it's a square minus 1. But the options don't have that.

Given the options provided, the closest one might be option F, but it's quadratic. Alternatively, none of the options are correct.

Wait, the options list F as ""x² +5x ±5"". Since the original polynomial is quartic, and F is quadratic, it's not the answer. Similarly, all other options are lower degree except D.

Wait, option D is x⁴ +5x +2. But our expansion has x⁴ +10x³ +..., so D is not matching.

Wait, maybe the problem is in a different context. For example, if the polynomial is a perfect square, but it's not. So the answer is none of the options. But the user says ""select the single best answer"".

Wait, looking at the options again, option I is x² -5x +9. Option H is x² -4x +3. Option J is x² +3x -5.

None of these are quartic. So the problem is likely a trick question where the answer is none, but since we have to choose from the given options, perhaps the intended answer is F, but I'm not sure.

Wait, another thought: sometimes in problems, especially in some textbooks, they might consider ""perfect square"" for quadratics. But the given polynomial is quartic. However, the product (x+1)(x+2)(x+3)(x+4) can be written as (x² +5x +5)^2 -1, so it's a square minus 1. If the problem had said ""express as a square of a quadratic minus a constant"", but the question says ""perfect square form"".

Alternatively, maybe the problem is from a test where the answer is F, but I don't see how.

Wait, let's think differently. Suppose someone tries to write the quartic as a square. As we saw, it's (x² +5x +5)^2 -1. So if you consider ""perfect square form"" as close to a square, but the options don't have that.

Alternatively, the problem might have a typo, and the polynomial is (x+1)(x+2)(x+3)(x+4) = x⁴ +10x³ +35x² +50x +24, and they want to write it as a square, but it's not possible. So the answer is none of the options.

But the user says ""select the single best answer"". Given the options, the only quartic option is D, but it's written as x⁴ +5x +2, which is not the expansion. So D is incorrect.

Wait, maybe the problem meant to say ""express as a square of a quadratic"" but the options are all wrong. In that case, the answer is none.

But the user instructions say ""Output ONLY the letter of your chosen option inside \boxed{}"". So I have to pick one.

Wait, looking back at the options, option F is written as ""x² +5x ±5"". The ""±"" might be a clue. In our earlier step, we had (x² +5x +5)^2 -1, so the polynomial is a square minus 1. But the problem says ""perfect square form"". If the question is to express it as a perfect square, then it's not possible, but if they want to write it in terms of a square, then it's (x² +5x +5)^2 -1. But none of the options say that.

Wait, option F is x² +5x ±5. If it's a quadratic, but the original is quartic. Hmm.

Alternatively, the problem might have a mistake in the options. For example, if the intended answer was (x² +5x +5)^2 -1, but the options don't have that.

Given the options, I think the problem might have intended to ask for the quadratic factors, but the answer is option C: x² +5x +4, which is one of the factors. But the question says ""the polynomial (x+1)(x+2)(x+3)(x+4)"", so the entire product, not a factor.

Alternatively, the problem might be a misstatement, and the answer is F, but I'm not sure.

Wait, another angle: the problem says ""perfect square form"". In some contexts, especially in older texts, ""perfect square"" can refer to a square of a binomial, but here it's a quartic. If the problem is from a source that expects a different approach.

Wait, suppose we try to write the quartic as a square. As we saw, it's (x² +5x +5)^2 -1. So it's a square minus 1. If the problem had said ""express as a square minus a constant"", but it says ""perfect square form"".

Given that none of the options are correct, but the user requires an answer, I'll have to guess that the intended answer is F, because the quadratic part is x² +5x +5, so F says x² +5x ±5. But the options have F as ""x² +5x ±5"", which is a quadratic. Since the original is quartic, but the problem says ""perfect square form"", maybe the answer is F, but I'm not sure.

Wait, no, the problem says ""express the polynomial... as a perfect square form"". Since the polynomial is quartic, the answer should be a quartic, but the only quartic option is D, which is x⁴ +5x +2. But our expansion has x⁴ +10x³ +..., so D is not correct.

Alternatively, maybe the problem is in a different form. For example, if the polynomial is written as a square"
390,"Okay, let's tackle part a first: adding 2/5 plus negative 7/25. Hmm, so that's 2/5 + (-7/25). I need to add these two fractions. First, I should find a common denominator. The denominators are 5 and 25. Since 25 is a multiple of 5, the least common denominator here is 25. 

So, 2/5 is equal to... let's see, 2 times 5 is 10, and 5 times 5 is 25, so 10/25. Right, because 2/5 = (2*5)/(5*5) = 10/25. Then we have -7/25. So adding them together: 10/2ื่5 + (-7/25) = (10 - 7)/25 = 3/25. Wait, is that right? Let me check. 10 minus 7 is 3, so yes, 3/25. So part a should be 3/25.

Now part b: -1/2 + (-4/7). So that's adding two negative numbers. Let's think. First, find a common denominator for 2 and 7. The least common denominator is 14, since 2 and 7 are coprime. 

So, convert -1/2 to fourteenths: -1/2 = -7/14 (because 1*7=7, 2*7=14). Then -4/7 is -8/14 (since 4*2=8, 7*2=14). 

Now add them: -7/14 + (-8/14) = (-7 -8)/14 = -15/14. Wait, is that correct? Let's verify. 

Alternatively, maybe I can do it another way. Let's see: -1/2 is -0.5, -4/7 is approximately -0.571. Adding them together: -0.5 + (-0.571) ≈ -1.071, which is about -15/14 because 15 divided by 14 is approximately 1.071. So that checks out. 

Wait, but let me make sure. Let's do the addition step by step. 

First, common denominator 14. 

-1/2 = (-1 * 7)/(2 * 7) = -7/14

-4/7 = (-4 * 2)/(7 * 2) = -8/14

Then adding: -7/14 + (-8/14) = (-7 -8)/14 = -15/14. Yes, that's correct. So part b is -15/14.

Let me double-check part a. 2/5 is 0.4, and -7/25 is -0.28. So 0.4 + (-0.28) = 0.12. What's 3/25? 3 divided by 25 is 0.12. Perfect, that matches. So part a is 3/25.

Part b: -1/2 is -0.5, -4/7 is approximately -0.5714. Adding them gives approximately -1.0714. And -15/14 is -1.0714..., so that's correct. 

So the answers are 3/25 for a and -15/14 for b.
</think>

To solve the given problems, we will follow standard fraction addition rules and ensure all steps are clearly justified.

---

### **a) $\frac{2}{5} + \left(-\frac{7}{25}\right)$**

We are adding a positive fraction and a negative fraction. To add them, we need a common denominator.

- The denominators are 5 and 25.
- The least common denominator (LCD) is **25**.

Convert $\frac{2}{5}$ to have denominator 25:
$$
\frac{2}{5} = \frac{2 \times 5}{5 \times 5} = \frac{10}{25}
$$

Now rewrite the expression:
$$
\frac{10}{25} + \left(-\frac{7}{25}\right) = \frac{10 - 7}{25} = \frac{3}{25}
$$

✅ **Verification**:  
$ \frac{2}{5} = 0.4 $, $ -\frac{7}{25} = -0.28 $, so $ 0.4 + (-0.28) = 0.12 $.  
And $ \frac{3}{25} = 0.12 $, which matches.

---

### **b) $-\frac{1}{2} + \left(-\frac{4}{7}\right)$**

Here, we are adding two negative fractions. Again, find a common denominator.

- Denominators: 2 and 7 → LCD = **14**

Convert both fractions to have denominator 14:

$$
-\frac{1}{2} = -\frac{7}{14}, \quad -\frac{4}{7} = -\frac{8}{14}
$$

Now add:
$$
-\frac{7}{14} + \left(-\frac{8}{14}\right) = \frac{-7 - 8}{14} = \frac{-15}{14}
$$

✅ **Verification**:  
$ -\frac{1}{2} = -0.5 $, $ -\frac{4}{7} \approx -0.5714 $, so total ≈ $ -1.0714 $.  
And $ -\frac{15}{14} \approx -1.0714 $, which matches.

---

### ✅ Final Answers:

For part (a): $\boxed{\dfrac{3}{25}}$

For part (b): $\boxed{-\dfrac{15}{14}}$

Since the question asks for the answers in boxed format with multiple sub-answers separated by commas:

$$
\boxed{\dfrac{3}{25}, -\dfrac{15}{14}}
$$"
391,"Okay, let's try to tackle this problem step by step. First, let's make sure I understand the problem correctly.

We have a prime number \( f > 5 \). We need to consider the number of infinite sequences \( q_1, q_2, q_3, \ldots \) where each \( q_n \in \{1, 2, \ldื่ots, f-1\} \) (so elements of the multiplicative group modulo \( f \), since \( f \) is prime, the multiplicative group modulo \( f \) is cyclic of order \( f-1 \)) and they satisfy the recurrence relation:

\( q_n q_{n+2} \equiv 1 + q_{n+1} \pmod{f} \) for all \( n \geq 1 \).

We need to find \( f(f) \), which is the number of such infinite sequences, and then find the sum of all possible residues of \( f(f) \) modulo 5. Wait, no—the problem says ""the sum of all possible residues of \( f(f) \) when divided by 5"". Wait, actually, it says ""Determine the sum of all possible residues of \( f(f) \) when divided by 5."" Hmm, maybe I misread. Let me check again.

Wait, the problem says: ""Determine the sum of all possible residues of \( f(f) \) when divided by 5."" Wait, but \( f \) is a prime greater than 5, so we need to see for different primes \( f > 5 \), what is \( f(f) \mod 5 \), and then sum those? Wait, no—wait, the problem says ""the sum of all possible residues of \( f(f) \) when divided by 5"". Wait, maybe ""all possible residues"" refers to possible values of \( f(f) \mod 5 \) as \( f \) varies over primes >5? So we need to find, for primes \( p = f > 5 \), compute \( N(p) = f(f) \) (the number of sequences), then compute \( N(p) \mod 5 \), and sum all distinct such residues? Wait, the problem says ""the sum of all possible residues of \( f(f) \) when divided by 5"". Hmm, maybe ""possible residues"" meaning for different primes \( f \), what are the possible values of \( f(f) \mod 5 \), and sum them?

Wait, first, let's figure out what \( f(f) \) is. Let's model the recurrence relation.

The recurrence is \( q_n q_{n+2} - q_{n+1} \equiv 1 \pmod{f} \). Let's write it as a linear recurrence? Wait, no, it's quadratic in terms of the sequence. Let's consider the recurrence as a second-order recurrence. Let's fix \( n \), so for each \( n \), we have a relation between \( q_n, q_{n+1}, q_{n+2} \).

Let's denote \( x_n = q_n \), so the recurrence is \( x_n x_{n+2} - x_{n+1} = 1 \pmod{f} \).

This is a nonlinear recurrence, but maybe we can transform it into a linear recurrence by some substitution. Let's try to see if we can define a new sequence that satisfies a linear recurrence.

Suppose we let \( y_n = x_n + c \) for some constant \( c \), but maybe not. Alternatively, let's consider the recurrence as a functional equation.

Let's rearrange: \( x_{n+2} = \frac{x_{n} + 1}{x_n} \pmod{f} \), provided \( x_n \neq 0 \). But since \( x_n \in \{1, 2, \ldots, f-1\} \), none of them are 0 modulo \( f \), so division is always possible (since \( f \) is prime, the field \( \mathbb{F}_f \) has no zero divisors).

So the recurrence is \( x_{n+2} = x_n^{-1} (x_n + 1) \)? Wait, no: \( x_n x_{n+2} = x_{n+1} + 1 \implies x_{n+2} = (x_{n+1} + 1) x_n^{-1} \).

Ah, right! So it's \( x_{n+2} = (x_{n+1} + 1)/x_n \).

Let's write out the first few terms to see the pattern.

Let \( x_1 = a \), \( x_2 = b \), where \( a, b \in \mathbb{F}_f^* \) (since \( f > 5 \), \( f \) is odd prime, so \( \mathbb{F}_f \) has even characteristic? Wait, \( f \) is prime >5, so \( f \) is odd, so \( \mathbb{F}_f \) has characteristic \( f \), which is odd.

Then:

\( x_3 = (x_2 + 1)/x_1 = (b + 1)/a \)

\( x_4 = (x_3 + 1)/x_2 = \left( \frac{b + 1}{a} + 1 \right) / b = \frac{(b + 1) + a}{a b} \)

\( x_5 = (x_4 + 1)/x_3 = \left( \frac{a + b + 1}{a b} + 1 \right) / \left( \frac{b + 1}{a} \right) = \left( \frac{a + b + 1 + a b}{a b} \right) \cdot \frac{a}{b + 1} = \frac{a(b + 1) + b + 1}{b(b + 1)} = \frac{(a + 1)(b + 1)}{b(b + 1)} = \frac{a + 1}{b} \)

Wait, let's check that calculation again.

First, \( x_4 = (x_3 + 1)/x_2 \):

\( x_3 = (x_2 + 1)/x_1 = (b + 1)/a \)

So \( x_3 + 1 = (b + 1)/a + 1 = (b + 1 + a)/a \)

Thus \( x_4 = (x_3 + 1)/x_2 = [(a + b + 1)/a] / b = (a + b + 1)/(a b) \)

Then \( x_5 = (x_4 + 1)/x_3 \):

\( x_4 + 1 = (a + b + 1)/(a b) + 1 = (a + b + 1 + a b)/(a b) \)

\( x_5 = (x_4 + 1)/x_3 = [ (a + b + 1 + a b)/(a b) ] / [ (b + 1)/a ] = [ (a + b + 1 + a b)/(a b) ] * [ a / (b + 1) ] = (a + b + 1 + a b) / [ b (b + 1) ] \)

Hmm, maybe instead of computing terms, look for periodicity or fixed points.

Alternatively, consider the recurrence as a function: given \( x_n \) and \( x_{n+1} \), we can determine \( x_{n+2} \), so the sequence is determined by its initial two terms \( x_1, x_2 \). For the sequence to be infinite, we need that the recurrence can be continued indefinitely, which it always can, since we're in a finite field, so the sequence must eventually repeat a pair \( (x_k, x_{k+1}) \), hence periodic.

But the problem says ""infinite sequences"", so we need to consider all sequences that can be extended infinitely, which in a finite field, any sequence defined by a recurrence will eventually become periodic, but since we're in a finite set (each term is in a finite set of size \( f-1 \)), the number of possible sequences is equal to the number of pairs \( (x_1, x_2) \) such that the sequence doesn't terminate? Wait, no—since the recurrence is deterministic, every initial pair \( (x_1, x_2) \) gives a unique infinite sequence (because you can always compute the next term, as long as you don't divide by zero, but since \( x_n \neq 0 \), we can always do the division). Wait, the problem states that each \( q_n \) is chosen from \( \{1, 2, \ldots, f-1\} \), so no zeros, so the recurrence is well-defined for all \( n \).

Wait a second! In the problem statement, it's ""infinite sequences \( q_1, q_2, q_3, \ldots \)"" where each \( q_n \) is in \( \{1, 2, \ldots, f-1\} \), so the sequence is infinite, but since we're in a finite field, the sequence must eventually become periodic. However, the problem is asking for the number of such infinite sequences. But in a finite field, for any initial pair \( (q_1, q_2) \), we can generate an infinite sequence (since the recurrence is deterministic and the terms are in a finite set, so the sequence is eventually periodic, but it's infinite as long as we can keep going, which we can, because the recurrence is defined for all \( n \)). Wait, no—actually, the problem says ""infinite sequences"", so they just need to be infinite, which they are, since we can define them for all \( n \) by the recurrence.

Wait, but maybe the problem is that the sequence has to satisfy the recurrence for all \( n \), so for each \( n \), the equation holds, but since we can choose \( q_1, q_2 \) freely, and then \( q_3 \) is determined by \( q_1, q_2 \), \( q_4 \) by \( q_2, q_3 \), etc., so each infinite sequence is uniquely determined by its first two terms \( q_1, q_2 \in \mathbb{F}_f^* \).

Wait, is that true? Let's see: given \( q_1, q_2 \), we can compute \( q_3 = (q_2 + 1)/q_1 \), then \( q_4 = (q_3 + 1)/q_2 \), \( q_5 = (q_4 + 1)/q_3 \), etc. Since \( q_1, q_2 \neq 0 \), and we're in a field, these are all well-defined. So the set of all such sequences is in bijection with the set of pairs \( (q_1, q_2) \in (\mathbb{F}_f^*)^2 \), because for any pair, we get an infinite sequence, and conversely, any infinite sequence is determined by its first two terms.

Wait, but hold on—is there a restriction that the sequence must be ""infinite"" in the sense that it doesn't terminate? But since we can always compute the next term, there's no termination; the sequence is infinite by definition (we just need to define it for all \( n \), which we can do).

But wait, the problem says ""the count of infinite sequences... satisfying the congruence for all positive integers \( n \)"". So for each \( n \), the congruence must hold. But since we're defining the sequence via the recurrence, once we choose \( q_1, q_2 \), the rest are determined, so each sequence is determined by \( q_1, q_2 \), and since the recurrence is valid for all \( n \) (as long as we can compute the terms, which we can), then the number of such sequences is exactly \( (f - 1)^2 \), because \( q_1 \) and \( q_2 \) can be any of \( f - 1 \) elements.

But that seems too easy, and the problem mentions ""prime number \( f \) exceeding 5"", so maybe my reasoning is wrong.

Wait, no—let's test with a small prime. Let's take \( f = 7 \) (which is >5). Let's see if the recurrence can be satisfied for all \( n \).

Take \( f = 7 \), so \( \mathbb{F}_7 = \{0, 1, 2, 3, 4, 5, 6\} \), and the sequence terms are from 1 to 6.

Let's pick \( q_1 = 1 \), \( q_2 = 1 \).

Then \( q_3 = (q_2 + 1)/q_1 = (1 + 1)/1 = 2 \)

\( q_4 = (q_3 + 1)/q_2 = (2 + 1)/1 = 3 \)

\( q_5 = (q_4 + 1)/q_3 = (3 + 1)/2 = 4/2 = 2 \)

\( q_6 = (q_5 + 1)/q_4 = (2 + 1)/3 = 3/3 = 1 \)

\( q_7 = (q_6 + 1)/q_5 = (1 + 1)/2 = 2/2 = 1 \)

\( q_8 = (q_7 + 1)/q_6 = (1 + 1)/1 = 2 \)

So the sequence is 1, 1, 2, 3, 2, 1, 1, 2, 3, 2, 1,... so it's periodic with period 5? Wait, the terms: 1,1,2,3,2,1,1,2,3,2,1,...

Wait, let's list the terms:

n : 1 2 3 4 5 6 7 8 9 10...

q_n:1,1,2,3,2,1,1,2,3,2...

So starting at n=1: 1,1,2,3,2,1,1,2,3,2,...

So the period here is 5? From n=1 to n=5: 1,1,2,3,2; n=6:1, n=7:1, n=8:2, etc. Wait, n=6: q6=1, q7=1, so it's repeating the initial pair (1,1) at n=6,7. So the period is 5? Wait, the pair (q1,q2)=(1,1), then (q2,q3)=(1,2), (q3,q4)=(2,3), (q4,q5)=(3,2), (q5,q6)=(2,1), (q6,q7)=(1,1), so the pair (1,1) repeats at n=6,7, so the period of the sequence of pairs is 5 (since the pair (q1,q2) is (1,1), then (1,2), (2,3), (3,2), (2,1), (1,1),... so the cycle length of the pairs is 5).

In general, for a recurrence defined by \( x_{n+2} = (x_{n+1} + 1)/x_n \), the state is the pair \( (x_n, x_{n+1}) \), so the number of states is \( (f - 1)^2 \), and the sequence of states forms a graph where each node is a pair, and edges go from \( (a,b) \) to \( (b, (b + 1)/a) \).

The number of infinite sequences is equal to the number of cycles in this graph? Wait, no—every sequence is infinite, but the problem says ""infinite sequences"", so all sequences that can be extended infinitely, which in this case, since the recurrence is defined for all \( n \), every sequence is infinite (as long as we can define it for all \( n \), which we can). But the problem says ""the count of infinite sequences"", so maybe it's the number of sequences that are not eventually periodic? No, in a finite set, all sequences are eventually periodic, so all sequences are infinite (by being defined for all \( n \)).

Wait, the problem says ""infinite sequences \( q_1, q_2, q_3, \dots \)"", so they just need to be infinite, which they are, since we can define them for all \( n \). So the number of such sequences is equal to the number of initial pairs \( (q_1, q_2) \), because each initial pair determines a unique infinite sequence.

But in the example with \( f=7 \), we saw that the sequence is periodic with some period, but it's still an infinite sequence. So why would the count not be \( (f - 1)^2 \)?

Wait, maybe the problem is that the sequence has to satisfy the recurrence for all \( n \), but since we're constructing the sequence by the recurrence, every sequence we construct does satisfy the recurrence for all \( n \), so the number of sequences is indeed \( (f - 1)^2 \). But that seems too straightforward, and the problem is from a competition likely, so probably my understanding is wrong.

Wait, let's re-express the recurrence: \( q_n q_{n+2} - q_{n+1} = 1 \pmod{f} \). This is a nonhomogeneous recurrence relation. Maybe we can rewrite it as a linear recurrence by considering a transformation.

Let’s define \( r_n = q_n - c \) for some constant \( c \), to eliminate the constant term. Suppose we set \( r_n = q_n - k \), then:

\( (r_n + k)(r_{n+2} + k) - (r_{n+1} + k) = 1 \)

\( r_n r_{n+2} + k(r_n + r_{n+2}) + k^2 - r_{n+1} - k = 1 \)

\( r_n r_{n+2} - r_{n+1} + k(r_n + r_{n+2} - 1) + (k^2 - k - 1) = 0 \)

We want to choose \( k \) such that the constant term is zero: \( k^2 - k - 1 = 0 \), so \( k = \frac{1 \pm \sqrt{5}}{2} \) in \( \mathbb{F}_f \). Since \( f > 5 \), \( 5 \) might be a quadratic residue modulo \( f \), depending on \( f \).

If we can find such a \( k \), then the recurrence becomes \( r_n r_{n+2} - r_{n+1} = 0 \), which is a homogeneous recurrence. But maybe not helpful.

Alternatively, consider the recurrence as a second-order nonlinear recurrence. Let's think about fixed points: sequences where \( q_n = q \) for all \( n \). Then the recurrence becomes \( q \cdot q \equiv 1 + q \pmod{f} \implies q^2 - q - 1 \equiv 0 \pmod{f} \). So the fixed point equation is \( q^2 - q - 1 = 0 \). The number of solutions depends on whether the discriminant \( 5 \) is a quadratic residue modulo \( f \). Since \( f > 5 \) is prime, by quadratic reciprocity, \( 5 \) is a quadratic residue modulo \( f \) iff \( f \equiv \pm 1 \pmod{5} \) (since \( 5 \equiv 1 \pmod{4} \), so \( \left( \frac{5}{f} \right) = \left( \frac{f}{5} \right) \) by quadratic reciprocity).

But maybe we need to find the number of periodic sequences with period dividing some number.

Wait, another approach: the recurrence \( x_{n+2} = (x_{n+1} + 1)/x_n \) can be written as \( x_n x_{n+2} - x_{n+1} = 1 \). Let's consider the transformation \( T: (x, y) \mapsto (y, (y + 1)/x) \). Then the sequence of pairs \( (x_n, x_{n+1}) \) is a trajectory under \( T \).

The number of infinite sequences is equal to the number of orbits of the transformation \( T \) on the set \( S = (\mathbb{F}_f^*)^2 \), but since we want all infinite sequences (which correspond to all trajectories, since they never terminate), the total number of sequences is exactly \( |S| = (f - 1)^2 \), because every trajectory is infinite (since we can keep applying \( T \) forever).

But that can't be, because the problem is asking for \( f(f) \), which is the number of such sequences, and then the sum of possible residues mod 5. If it's \( (f - 1)^2 \), then for \( f = 7 \), \( f(f) = 6^2 = 36 \); for \( f = 11 \), \( 10^2 = 100 \); for \( f = 13 \), \( 12^2 = 144 \), etc. Then \( f(f) \mod 5 \) would be \( (f - 1)^2 \mod 5 \).

Wait, but the problem says ""the sum of all possible residues of \( f(f) \) when divided by 5"". So ""all possible residues"" meaning for different primes \( f > 5 \), what are the possible values of \( f(f) \mod 5 \), and sum them.

But first, we need to confirm what \( f(f) \) is. Is it \( (f - 1)^2 \)?

Wait, in the problem statement, it's ""the count of infinite sequences \( q_1, q_2, q_3, \dots \) where each \( q_n \) is chosen from \( \{1, 2, \dots, f-1\} \), satisfying the congruence..."".

The key is: are all"
392,"Okay, let's see. I need to find the sum of 37 minus negative 31 minus negative 13. Hmm, subtracting a negative number is like adding its positive, right? Let me recall the rules for adding and subtracting integers. 

First, the expression is 37 - (-31) - (-13). So, when you subtract a negative number, it's the same as adding that number. So, subtracting (-31) is the same as adding 31, and subtracting (-13) is the same as adding 13. Let me write that out step by step.

Starting with 37. Then we have minus (-31), which is plus 31. Then minus (-13) is plus 13. So the entire expression becomes 37 + 31 + ื่13. Wait, is that right? Let me check.

Yes, because in arithmetic, subtracting a negative is adding the positive. For example, 5 - (-2) = 5 + 2 = 7. So here, each time we have a subtraction of a negative, it's addition of the positive.

So let's rewrite the original expression: 37 - (-31) - (-13). That's equal to 37 + 31 + 13. Because subtracting a negative is adding, so each minus (-x) becomes plus x.

Now, let's compute 37 + 31 first. 37 + 31 is 68. Then add 13 to that. 68 + 13 is 81. Let me verify.

Alternatively, maybe I can do it step by step. Let's take 37 - (-31). That's 37 + 31 = 68. Then, 68 - (-13) is 68 + 13 = 81. Yep, that's the same result.

Wait, let me make sure I didn't mix up any signs. The original problem is 37 - (-31) - (-13). So the first operation is 37 minus negative 31, which is 37 + 31, then from that result, we subtract negative 13, which is adding 13. So yes, 37 + 31 + 13.

Let's compute 37 + 31. 30 + 30 is 60, 7 + 1 is 8, so 60 + 8 = 68. Then 68 + 13. 68 + 10 is 78, plus 3 is 81. So total is 81.

I think that's correct. Let me think if there's another way to approach this. Maybe using number line? But since it's all positive after converting negatives, it's straightforward addition.

Another check: 37 - (-31) is 37 + 31 = 68. Then 68 - (-13) is 68 + 13 = 81. Yep, that's correct.

So the sum is 81.
</think>

To solve the expression $ 37 - (-31) - (-13) $, we apply the standard rules for integer operations:

---

### Step 1: Understand the meaning of subtraction with negative numbers

In mathematics:
- Subtracting a **negative** number is equivalent to **adding** its positive counterpart.
  
So:
$$
-(-31) = +31 \quad \text{and} \quad -(-13) = +13
$$

This means the original expression simplifies to:
$$
37 + 31 + 13
$$

---

### Step 2: Perform the addition

We now compute:
$$
37 + 31 = 68
$$
$$
68 + 13 = 81
$$

---

### Final Answer

The value of the expression $ 37 - (-31) - (-13) $ is:

$$
\boxed{81}
$$"
393,"Okay, let's see. I need to find the inverse of the function \( f(x) = 16 \cos(10x) + 6 \) and state its domain. Hmm, inverse functions... So first, I remember that to find the inverse, we usually switch x and y and solve for y. But since this is a trigonometric function, I have to be careful about the range and domain because inverse trig functions have restricted domains.

First, let's recall the range of the cosine function. The cosine function \( \cos(\theta) \) has a range of [-1, 1]. So if we have \( 16 \cos(10x) \), that would be between -16 and 16. Then adding 6, the entire function \( f(x) \) has a range of [-16 + ื่, 16 + 6] which is [-10, 10]? Wait, no: 16 times cos(10x) is between -16 and 16, so adding 6 gives between -16 + 6 = -10 and 16 + 6 = 22. So the range of f(x) is [-10, 22]. Wait, 16*1=16, 16*(-1)=-16, so 16*cos(...) is in [-16,16], then +6 makes it [-10, 22]. Right, so the range of f is [-10, 22].

Now, to find the inverse function, we need to reverse the operations. Let's start by writing y = 16 cos(10x) + 6. To solve for x in terms of y, we can rearrange:

y - 6 = 16 cos(10x)

Then, divide both sides by 16: (y - 6)/16 = cos(10x)

So, 10x = arccos[(y - 6)/16]

Wait, but arccos has a range of [0, π] or [-π, π]? Wait, the principal value of arccos is [0, π], right? So arccos(z) is defined only when z is in [-1, 1], which is the range of cos. So here, (y - 6)/16 must be in [-1, 1] for the arccos to be real. Which matches the range of f(x) being [-10, 22], since (y - 6)/16 = cos(10x) implies y - 6 is in [-16, 16], so y is in [-10, 22]. That's correct.

So, solving for x: x = (1/10) arccos[(y - 6)/16]

Therefore, the inverse function \( f^{-1}(x) \) is \( \frac{1}{10} \arccos\left( \frac{x - 6}{16} \right) \)

But wait, the domain of the inverse function is the range of the original function. The original function f(x) has a range of [-10, 22], so the domain of \( f^{-1}(x) \) is [-10, 22]. However, we need to check if the inverse function is well-defined. Since the original function f(x) is periodic (because it's a cosine function), it's not one-to-one over its entire domain. So to have an inverse, we need to restrict the domain of f(x) to an interval where it's one-to-one.

Wait, hold on! The problem says ""find the inverse of the following function"". But the function \( f(x) = 16 \cos(10x) + 6 \) is periodic with period \( \frac{2\pi}{10} = \frac{\pi}{5} \). Since it's a cosine function, it's not injective (one-to-one) over its entire domain. So to have an inverse, we need to restrict the domain of f to an interval where it's strictly increasing or decreasing, so that it's invertible.

The problem might be assuming that we take the principal branch, but usually, for inverse trig functions, we have to consider the restricted domain of the original function.

Let me think. For example, the standard arccosine function has a domain of [-1, 1] and range [0, π]. So when we write the inverse, we need to consider the domain of the inverse function as the range of f, but also, the original function must be one-to-one on its domain.

Wait, the problem says ""find the inverse of the following function"". Maybe they just want the inverse in terms of the principal values, but since the original function is periodic, there are infinitely many inverses, but typically, we take the principal value.

Let me try to work through it step by step.

Start with y = 16 cos(10x) + 6

Solve for x:

y - 6 = 16 cos(10x)

(y - 6)/16 = cos(10x)

So, 10x = arccos[(y - 6)/16] + 2πn or 10x = -arccos[(y - 6)/16] + 2πn, for integer n. But the principal value (the inverse function) would be taking n=0, so 10x = arccos[(y - 6)/16], so x = (1/10) arccos[(y - 6)/16]

But since the original function is periodic, the inverse function isn't unique, but the principal inverse (the one with the smallest non-negative x) would be x = (1/10) arccos[(y - 6)/16]

However, the domain of the inverse function is the range of the original function. Wait, no: the domain of the inverse function is the range of the original function, and the range of the inverse function is the domain of the original function.

But the original function f(x) has a domain of all real numbers (since it's defined for all x), but it's not one-to-one, so it doesn't have an inverse function over its entire domain. Therefore, to define an inverse, we need to restrict the domain of f to an interval where it's one-to-one.

For a cosine function, the standard way to make it one-to-one is to restrict to an interval where it's decreasing or increasing. The cosine function is decreasing on [0, π] and increasing on [π, 2π], etc. So for 10x, the argument of cosine is 10x, so the function cos(10x) has a period of 2π/10 = π/5. The cosine function decreases from x=0 to x=π/20 (since 10x goes from 0 to π/2 when x goes from 0 to π/20) and then increases from x=π/20 to x=π/10 (where 10x goes from π/2 to π).

Wait, actually, the standard cosine function cos(θ) is decreasing on [0, π] and increasing on [π, 2π]. So for θ = 10x, the function cos(10x) is decreasing when 10x ∈ [0, π] + 2πn, i.e., x ∈ [0, π/10] + (2πn)/10, and increasing when 10x ∈ [π, 2π] + 2πn, i.e., x ∈ [π/10, 2π/10] + (2πn)/10.

To make f(x) = 16 cos(10x) + 6 one-to-one, we can take a single period where it's monotonic. Let's pick the interval where it's decreasing, say x ∈ [-π/20, π/20] (wait, maybe better to take the principal branch).

Wait, the problem says ""state its domain"". So the domain of the inverse function is the range of the original function, but since the original function is periodic, the inverse function (as a function) would have a domain equal to the range of f, but the range of f is [-10, 22], as we thought earlier.

Wait, but the domain of the inverse function is the set of all y such that y is in the range of f. So the domain of f⁻¹ is [-10, 22].

But let's confirm: the range of f(x) is [-16 + 6, 16 + 6] = [-10, 22], so yes, the domain of f⁻¹ is [-10, 22].

However, the problem might be expecting the domain of the inverse function as a specific interval, but since the original function is periodic, the inverse function (if we take the principal value) would have a domain of [-10, 22], but the range of f⁻¹ would be a specific interval where the original function is one-to-one.

Wait, no: the domain of the inverse function is the range of the original function, and the range of the inverse function is the domain of the original function (restricted to where it's one-to-one).

But the problem says ""state its domain"" for the inverse function. So the domain of f⁻¹ is the range of f, which is [-10, 22].

But let's think again. When we write the inverse function, we have to consider the domain where the original function is invertible. For example, the standard arccosine function has a domain of [-1, 1] and range [0, π]. So in our case, the inverse function will have a domain of [-10, 22] (since that's the range of f) and the range will be some interval where the original function is one-to-one.

But the problem says ""state its domain"", so the domain of f⁻¹ is [-10, 22].

Wait, but let's check the steps again.

Given f(x) = 16 cos(10x) + 6.

To find f⁻¹(x), we need to express x in terms of y, where y = f(x).

So:

y = 16 cos(10x) + 6

y - 6 = 16 cos(10x)

(y - 6)/16 = cos(10x)

So, 10x = arccos[(y - 6)/16]

Therefore, x = (1/10) arccos[(y - 6)/16]

So the inverse function is f⁻¹(y) = (1/10) arccos[(y - 6)/16]

Thus, f⁻¹(x) = (1/10) arccos[(x - 6)/16]

Now, the domain of f⁻¹ is the range of f. As f(x) = 16 cos(10x) + 6, the range of f is [-16, 16] + 6 = [-10, 22]. So the domain of f⁻¹ is [-10, 22].

But wait, the arccos function has a domain of [-1, 1], so (x - 6)/16 must be in [-1, 1], which means x ∈ [-10, 22], which matches the range of f. So that's consistent.

However, the original function f(x) is periodic, so it's not one-to-one over all real numbers, so the inverse function as we wrote it is only defined on the principal branch. But the problem says ""find the inverse"", so probably they expect the principal inverse, which has domain [-10, 22] and range [0, π/10] or something? Wait, no.

Wait, the range of the inverse function: since arccos(z) has range [0, π], so f⁻¹(x) = (1/10) arccos[(x - 6)/16] has range [0, π/10] when x ∈ [-10, 22]. Wait, no: when x = -10, (x - 6)/16 = (-16)/16 = -1, so arccos(-1) = π, so f⁻¹(-10) = π/10. When x = 22, (x - 6)/16 = 16/16 = 1, so arccos(1) = 0, so f⁻¹(22) = 0. Wait, that's interesting.

Wait, let's compute:

When x = 22, (x - 6)/16 = (16)/16 = 1, so arccos(1) = 0, so f⁻¹(22) = 0.

When x = -10, (x - 6)/16 = (-16)/16 = -1, so arccos(-1) = π, so f⁻¹(-10) = π/10.

So the range of f⁻¹ is [0, π/10]? Wait, no: arccos(z) is decreasing from π to 0 as z goes from -1 to 1. Wait, arccos(z) is a decreasing function: when z = 1, arccos(z) = 0; when z = -1, arccos(z) = π. So as x increases from -10 to 22, (x - 6)/16 increases from -1 to 1, so arccos[(x - 6)/16] decreases from π to 0, so f⁻¹(x) = (1/10) arccos[(x - 6)/16] decreases from π/10 to 0 as x increases from -10 to 22.

But the key point is, the domain of f⁻¹ is the range of f, which is [-10, 22], and the range of f⁻¹ is [0, π/10] (since arccos gives [0, π], scaled by 1/10).

But the problem says ""state its domain"". So the domain of f⁻¹ is [-10, 22].

Wait, but let's confirm. The domain of the inverse function is the set of all outputs of the original function, which is the range of f. Since f(x) = 16 cos(10x) + 6, the range is indeed [-10, 22], because cos(10x) ranges from -1 to 1, so 16 cos(10x) ranges from -16 to 16, then +6 gives [-10, 22].

Therefore, the domain of f⁻¹ is [-10, 22].

But the problem says ""state its domain"". So the domain is the interval [-10, 22].

Wait, but the problem says ""Domain=[[ANS], [ANS]]"". Hmm, maybe they want the domain written as an interval, but the notation is a bit unclear. Wait, the problem says ""Domain=[[ANS], [ANS]]"", so maybe they want the domain expressed as two endpoints?

In any case, the domain of the inverse function is [-10, 22], so the domain is from -10 to 22.

Let me check if there's a mistake here. For example, is the range of f really [-10, 22]?

Yes: cos(10x) ∈ [-1, 1], so 16 cos(10x) ∈ [-16, 16], so 16 cos(10x) + 6 ∈ [-10, 22]. Correct.

So the domain of f⁻¹ is [-10, 22].

Now, the inverse function is f⁻¹(x) = (1/10) arccos((x - 6)/16)

So the answer should be f⁻¹(x) = (1/10) arccos((x - 6)/16), and domain is [-10, 22].

But let's make sure about the direction. Sometimes, when you take the inverse, you have to consider the principal value, but since the problem says ""the inverse"", they probably mean the principal inverse.

Another thing to note: the original function f(x) is not one-to-one over all real numbers, so technically, it doesn't have an inverse function unless we restrict the domain. However, in many contexts, especially in precalculus, when asked for the inverse of a trigonometric function like this, they expect the principal value inverse, which is defined on the range of the original function.

So, given that, the inverse function is f⁻¹(x) = (1/10) arccos((x - 6)/16), and its domain is [-10, 22].

Wait, but let's check with a specific value. Let's take x = 0 in f⁻¹. Then f⁻¹(0) = (1/10) arccos((0 - 6)/16) = (1/10) arccos(-6/16) = (1/10) arccos(-3/8). That's a valid number.

Alternatively, take x = 22: f⁻¹(22) = (1/10) arccos((22 - 6)/16) = (1/10) arccos(16/16) = (1/10)(0) = 0. Makes sense.

x = -10: f⁻¹(-10) = (1/10) arccos((-10 - 6)/16) = (1/10) arccos(-16/16) = (1/10) arccos(-1) = (1/10)(π) = π/10.

So the range of f⁻¹ is [0, π/10] if we consider the principal value, but the domain of f⁻¹ is [-10, 22].

I think that's it. So the inverse function is (1/10) arccos((x - 6)/16), and the domain is [-10, 22].

Wait, the problem says ""Domain=[[ANS], [ANS]]"". So maybe they want the domain written as two numbers, like the interval from -10 to 22, so the domain is [-10, 22], so the answers are -10 and 22.

Let me check if there's any other consideration. For example, does the inverse function have a different domain? No, the domain of the inverse function is the range of the original function, which is [-10, 22].

Yes, so the domain is the interval from -10 to 22.

So putting it all together:

f⁻¹(x) = (1/10) arccos((x - 6)/16)

Domain: [-10, 22]

So the answer for the inverse is (1/10) arccos((x - 6)/16), and the domain is [-10, 22].

The problem says ""Type 'arccos' for the inverse cosine function in your answer.""

So in LaTeX, it's \frac{1}{10} \arccos\left( \frac{x - 6}{16} \right)

And the domain is the interval from -10 to 22.

The problem says ""Domain=[[ANS], [ANS]]"", so probably they want the lower and upper bounds of the domain, so -10 and 22.

Let me confirm once more.

Original function: f(x) = 16 cos(10x) + 6. The range of f is [-10, 22], so the domain of f⁻¹ is [-10, 22].

Yes, that's correct.

So the inverse function is \( \frac{1}{10} \arccos\left( \frac{x - 6}{16} \right) \), and the domain is [-10, 22].

Therefore, the answer for the inverse is \( \frac{1}{10} \arccos\left( \frac{x - 6}{16} \right) \), and the domain is from -10 to 22.

Since the problem says ""If the problem has multiple sub-answers, separate them by commas inside a single \boxed{}"", so the inverse function is one answer, and the domain is another. Wait, the problem says ""Find the inverse of the following function and state its domain."" So the answer has two parts: the inverse function, and the domain.

The problem says ""f^{-1} (x)=[ANS]"" and ""Domain=[[ANS], [ANS]]"".

So the user wants the inverse function written as [ANS], and the domain as two numbers in a list.

So for the inverse function: \( \frac{1}{10} \arccos\left( \frac{x - 6}{16} \right) \)

Domain: [-10, 22], so the two numbers are -10 and 22.

So the final answer should be the inverse function written with arccos, and the domain as -10 and 22.

The problem says ""Put your final answer inside \boxed{}"". Since it's two parts, the inverse and the domain.

Wait, the problem says ""If the problem has multiple sub-answers, separate them by commas inside a single \boxed{}"".

So the answer is the inverse function and the domain. So the inverse is \( \frac{1}{10} \arccos\left( \frac{x - 6}{16} \right) \), and the domain is [-10, 22], so the domain's endpoints are -10 and 22.

So the answer is: the inverse is \( \frac{1}{10} \arccos\left( \frac{x - 6}{16} \right) \), and the domain is from -10 to 22.

So the boxed answer should be the inverse function and the domain as two numbers.

Wait, the problem says ""f^{-1} (x)=[ANS] Domain=[[ANS], [ANS]]""

So the user wants the inverse function written as [ANS], and the domain as two numbers in a list.

So the answer is: \( \frac{1}{10} \arccos\left( \frac{x - 6}{16} \right)"
394,"Okay, let's try to figure out this integral. The problem is to compute ∫x·(arctan(2x))² dx. Hmm, integration by parts might be a good approach here since we have a product of a polynomial (well, x) and a composite function squared.

First, recall that integration by parts is ∫u dv = uv - ∫v du. Let me set u = (arctan(2x))², so that du would be 2·arctan(2x)·(2)/(1 + (2x)²) dx, right? Because derivative of arctan(u) is u’/(1 + u²), so here u = 2x, so derivative is 2/(1 + (2x)²). So du = 2·arctan(2x)·[2/(1 + 4x²)] dx. Wait, let's write it step by step.

Let me define t = arctan(2x). Then dt/dx = 2/(1 + (2x)^2) = 2/(1 + 4x²). So d(t) = 2/(1 + 4x²) dx.

So, if I let u = (arctan(2x))², then du = 2·arctan(2x)·(2)/(1 + 4x²) dx = 4·arctan(2x)/(1 + 4x²) dx.

And dv = x dx, so v = (1/2)x².

Wait, but maybe a better substitution for integration by parts: let's take the integral as ∫x·(arctan(2x))² dx.

Let me set u = (arctan(2x))², dv = x dx. Then du = 2·arctan(2x)·(2)/(1 + (2x)^2) dx = 4·arctan(2x)/(1 + 4x²) dx, and v = (1/2)x².

So integration by parts gives:

uv - ∫v du = (1/2)x²·(arctan(2x))² - ∫(1/2)x²·[4·arctan(2x)/(1 + 4x²)] dx

Simplify the integral term: (1/2)*4 = 2, so it's -∫ [2x² / (1 + 4x²)] · arctan(2x) dx

So now we have:

(1/2)x²(arctan(2x))² - 2 ∫ [x² / (1 + 4x²)] arctan(2x) dx + C

Hmm, this seems a bit complicated. Maybe another approach. Let's consider differentiating the given options to see which one works. Since all options have the same structure, maybe we can check the derivative of the expression inside the parentheses divided by 16.

Alternatively, let's try to do integration by parts twice. Let's denote I = ∫x·(arctan(2x))² dx.

Let me first compute the derivative of (arctan(2x))³. Wait, no. Alternatively, let's use substitution. Let t = arctan(2x), so that dt = 2/(1 + 4x²) dx ⇒ x dx = ? Hmm, not sure.

Alternatively, let's try to compute the integral step by step.

Let me first compute ∫(arctan(2x))² dx, but here we have x times that. Maybe integration by parts with u = arctan(2x)², dv = x dx.

Wait, let's try again.

Set u = (arctan(2x))², dv = x dx.

Then du = 2·arctan(2x)·(2)/(1 + (2x)^2) dx = 4 arctan(2x)/(1 + 4x²) dx

v = (1/2)x²

So I = uv - ∫v du = (1/2)x²(arctan(2x))² - ∫(1/2)x² * [4 arctan(2x)/(1 + 4x²)] dx

= (1/2)x²(arctan(2x))² - 2 ∫ [x² / (1 + 4x²)] arctan(2x) dx

Now, let's focus on the integral J = ∫ [x² / (1 + 4x²)] arctan(2x) dx

Let me simplify x²/(1 + 4x²) = (1/4)(4x²)/(1 + 4x²) = (1/4)[(1 + 4x²) - 1]/(1 + 4x²) = (1/4)[1 - 1/(1 + 4x²)]

So x²/(1 + 4x²) = (1/4) - 1/(4(1 + 4x²))

Therefore, J = ∫ [ (1/4) - 1/(4(1 + 4x²)) ] arctan(2x) dx

= (1/4) ∫ arctan(2x) dx - (1/4) ∫ [arctan(2x) / (1 + 4x²)] dx

Let's compute each part.

First, compute ∫ arctan(2x) dx. Let's call this K.

Let me compute K = ∫ arctan(2x) dx. Use integration by parts: u = arctan(2x), dv = dx. Then du = 2/(1 + 4x²) dx, v = x.

So K = x arctan(2x) - ∫ x * [2/(1 + 4x²)] dx

= x arctan(2x) - 2 ∫ x / (1 + 4x²) dx

Let’s compute the integral ∫ x / (1 + 4x²) dx. Let u = 1 + 4x², du = 8x dx ⇒ x dx = du/8. So ∫ x/(1 + 4x²) dx = (1/8) ∫ du/u = (1/8) ln|u| + C = (1/8) ln(1 + 4x²) + C.

Thus, K = x arctan(2x) - 2*(1/8) ln(1 + 4x²) + C = x arctan(2x) - (1/4) ln(1 + 4x²) + C.

Okay, so K = x arctan(2x) - (1/4) ln(1 + 4x²).

Next, compute the second integral in J: ∫ [arctan(2x) / (1 + 4x²)] dx. Let's substitute t = arctan(2x), so dt = 2/(1 + 4x²) dx ⇒ (1/(1 + 4x²)) dx = dt/2.

Wait, the integral becomes ∫ t * (dt/2) = (1/2) ∫ t dt = (1/2)(t²/2) + C = (1/4) t² + C = (1/4)(arctan(2x))² + C.

Yes! Because d/dx [arctan(2x)] = 2/(1 + 4x²), so the derivative of (arctan(2x))² is 2 arctan(2x) * (2)/(1 + 4x²) = 4 arctan(2x)/(1 + 4x²). Therefore, arctan(2x)/(1 + 4x²) dx = (1/4) d/dx [ (arctan(2x))² ] dx. Wait, maybe not exactly, but the integral of arctan(2x)/(1 + 4x²) dx is indeed (1/2) (arctan(2x))² + C. Let's check:

d/dx [ (arctan(2x))² ] = 2 arctan(2x) * (2)/(1 + 4x²) = 4 arctan(2x)/(1 + 4x²)

So, arctan(2x)/(1 + 4x²) dx = (1/4) d/dx [ (arctan(2x))² ] dx. Therefore, ∫ arctan(2x)/(1 + 4x²) dx = (1/4)(arctan(2x))² + C.

Yes, that's correct. So the second integral in J is (1/4)(arctan(2x))².

Putting it all together:

J = (1/4) K - (1/4) * [ (1/4)(arctan(2x))² ] + C

Wait, no: J was equal to (1/4) ∫ arctan(2x) dx - (1/4) ∫ [arctan(2x) / (1 + 4x²)] dx

We have:

First term: (1/4) K = (1/4)[x arctan(2x) - (1/4) ln(1 + 4x²)] = (1/4)x arctan(2x) - (1/16) ln(1 + 4x²)

Second term: - (1/4) times the integral of [arctan(2x)/(1 + 4x²)] dx, which is - (1/4) * [ (1/4)(arctan(2x))² ] + C = - (1/16)(arctan(2x))² + C

Wait, no: the integral of [arctan(2x)/(1 + 4x²)] dx is (1/4)(arctan(2x))² + C, as we saw from the derivative.

So J = (1/4)K - (1/4) * [ (1/4)(arctan(2x))² ] + C

Wait, no: J = (1/4) ∫ arctan(2x) dx - (1/4) ∫ [arctan(2x)/(1 + 4x²)] dx

So first part: (1/4)K = (1/4)[x arctan(2x) - (1/4) ln(1 + 4x²)] = (1/4)x arctan(2x) - (1/16) ln(1 + 4x²)

Second part: - (1/4) * [ (1/4)(arctan(2x))² ] because the integral of [arctan(2x)/(1 + 4x²)] dx is (1/4)(arctan(2x))². Wait, no:

Wait, let's re-express:

Let me compute ∫ [arctan(2x) / (1 + 4x²)] dx.

As above, let t = arctan(2x), so dt = 2/(1 + 4x²) dx ⇒ (1/(1 + 4x²)) dx = dt/2.

So the integral becomes ∫ t * (dt/2) = (1/2) * (t²/2) + C = (1/4) t² + C = (1/4)(arctan(2x))² + C.

Yes, so ∫ [arctan(2x) / (1 + 4x²)] dx = (1/4)(arctan(2x))² + C.

Therefore, the second term in J is - (1/4) * [ (1/4)(arctan(2x))² ] ?

Wait, no: J = (1/4) ∫ arctan(2x) dx - (1/4) ∫ [arctan(2x) / (1 + 4x²)] dx

So the second integral is ∫ [arctan(2x) / (1 + 4x²)] dx = (1/4)(arctan(2x))², so multiplying by -1/4 gives - (1/4)*(1/4)(arctan(2x))² = - (1/16)(arctan(2x))².

Wait, no: the coefficient is - (1/4) times that integral. So:

J = (1/4)K - (1/4) * [ (1/4)(arctan(2x))² ] + C

Wait, no: the second term is - (1/4) times the integral of [arctan(2x)/(1 + 4x²)] dx, which is - (1/4) * [ (1/4)(arctan(2x))² ].

So J = (1/4)K - (1/16)(arctan(2x))² + C.

But K = x arctan(2x) - (1/4) ln(1 + 4x²) + C, so (1/4)K = (1/4)x arctan(2x) - (1/16) ln(1 + 4x²) + C.

Therefore, J = (1/4)x arctan(2x) - (1/16) ln(1 + 4x²) - (1/16)(arctan(2x))² + C.

Okay, so now going back to I:

I = (1/2)x²(arctan(2x))² - 2J + C

Wait, no: earlier we had I = (1/2)x²(arctan(2x))² - 2 ∫ [x²/(1 + 4x²)] arctan(2x) dx, which is (1/2)x²(arctan(2x))² - 2J, where J is the integral we just computed.

Wait, no: J was defined as ∫ [x²/(1 + 4x²)] arctan(2x) dx, so yes, the integral term is -2J.

So substituting J into I:

I = (1/2)x²(arctan(2x))² - 2J + C

We have J = (1/4)x arctan(2x) - (1/16) ln(1 + 4x²) - (1/16)(arctan(2x))² + C

So -2J = -2*(1/4)x arctan(2x) + 2*(1/16) ln(1 + 4x²) + 2*(1/16)(arctan(2x))² + C

Simplify:

-2J = - (1/2)x arctan(2x) + (1/8) ln(1 + 4x²) + (1/8)(arctan(2x))² + C

Therefore, I = (1/2)x²(arctan(2x))² - (1/2)x arctan(2x) + (1/8) ln(1 + 4x²) + (1/8)(arctan(2x))² + C

Hmm, this seems messy. Let's write all terms with denominator 16 to match the options.

Wait, the options have a factor of 1/16 multiplied by some expression. Let's multiply I by 16 to see what the antiderivative looks like.

Let me compute 16I:

16I = 8x²(arctan(2x))² - 8*(1/2)x arctan(2x) + 16*(1/8) ln(1 + 4x²) + 16*(1/8)(arctan(2x))² + C

Simplify each term:

8x²(arctan(2x))²

-8*(1/2)x arctan(2x) = -4x arctan(2x)

16*(1/8) ln(...) = 2 ln(1 + 4x²)

16*(1/8)(arctan(2x))² = 2(arctan(2x))²

So 16I = 8x²(arctan(2x))² -4x arctan(2x) + 2 ln(1 + 4x²) + 2(arctan(2x))² + C

Wait, but the options have terms like 2(arctan(2x))², 2 ln(...), 8x²(arctan(2x))², and a linear term with x arctan(2x).

Looking at the options, option B has:

(1/16)[2(arctan(2x))² + 2 ln(4x² +1) +8x²(arctan(2x))² -4x arctan(2x)] + C

Which is exactly what we have for 16I: 16I = 8x²(arctan(2x))² + 2(arctan(2x))² + 2 ln(1 +4x²) -4x arctan(2x) + C

Wait, no: in our calculation, 16I = 8x²(arctan(2x))² -4x arctan(2x) + 2 ln(1 +4x²) + 2(arctan(2x))² + C

So rearranged:

16I = 8x²(arctan(2x))² + 2(arctan(2x))² + 2 ln(1 +4x²) -4x arctan(2x) + C

Which is exactly the expression inside the brackets for option B, multiplied by 1/16.

Yes! So option B is:

(1/16)[2(arctan(2x))² + 2 ln(4x² +1) +8x²(arctan(2x))² -4x arctan(2x)] + C

Which matches our result.

Let me verify the signs and coefficients.

In our calculation:

16I = 8x²(arctan(2x))² -4x arctan(2x) + 2 ln(1 +4x²) + 2(arctan(2x))² + C

So grouping terms:

= 8x²(arctan(2x))² + 2(arctan(2x))² + 2 ln(1 +4x²) -4x arctan(2x) + C

Which is exactly the expression in option B.

Let me check the other options to make sure.

Option B has -4x arctan(2x), which is what we have here. The others have different coefficients: A has -12x arctan, C has -18x, D has -14x, E has -10x, F has -6x, G has -2x, H has -8x, I has -16x.

Since in our calculation we got -4x arctan(2x), so the coefficient is -4, which is option B.

Let me double-check the steps to be sure.

Starting from I = ∫x(arctan(2x))² dx.

First integration by parts: u = (arctan(2x))², dv = x dx.

du = 2 arctan(2x) * (2/(1 +4x²)) dx = 4 arctan(2x)/(1 +4x²) dx

v = x²/2

So I = (x²/2)(arctan(2x))² - ∫ (x²/2)(4 arctan(2x)/(1 +4x²)) dx

= (x²/2)(arctan(2x))² - 2 ∫ [x² arctan(2x)/(1 +4x²)] dx

Then we handled the integral J = ∫ [x² arctan(2x)/(1 +4x²)] dx.

We expressed x²/(1 +4x²) = (1/4) - 1/(4(1 +4x²)), so:

J = ∫ [ (1/4) - 1/(4(1 +4x²)) ] arctan(2x) dx

= (1/4) ∫ arctan(2x) dx - (1/4) ∫ [arctan(2x)/(1 +4x²)] dx

We computed ∫ arctan(2x) dx = x arctan(2x) - (1/4) ln(1 +4x²) + C (this is K)

And ∫ [arctan(2x)/(1 +4x²)] dx = (1/4)(arctan(2x))² + C (as shown by substitution)

So J = (1/4)K - (1/4)*(1/4)(arctan(2x))² + C

Wait, no: the second integral is ∫ [arctan(2x)/(1 +4x²)] dx = (1/4)(arctan(2x))² + C, so multiplying by -1/4 gives - (1/16)(arctan(2x))².

Wait, let's redo J:

J = (1/4) ∫ arctan(2x) dx - (1/4) ∫ [arctan(2x)/(1 +4x²)] dx

= (1/4)K - (1/4) * [ (1/4)(arctan(2x))² ] + C

Because ∫ [arctan(2x)/(1 +4x²)] dx = (1/4)(arctan(2x))² + C, as per substitution.

So J = (1/4)K - (1/16)(arctan(2x))² + C

Then, -2J = -2*(1/4)K + (2/16)(arctan(2x))² = - (1/"
395,"Okay, let's tackle this problem step by step. First, I need to remember what ""average rate of change"" means. From what I recall, the average rate of change between two points is the change in the dependent variable divided by the change in the independent variable. In this context, the number of CDs is the dependent variable (let's say y) and the year is the independent variable (x). So, average rate of change = (y2 - y1)/(x2 - x1).

Let me write down the given data first. 

In 2005: 55 CDs. Let's note that as (2005, 55).

In 2008: 140 CDs. So (2008, 140).

In 2ื12: 45 CDs. So (2012, 45).

Part (a) asks for the average rate of change between 2005 and 2008.

So, for part (a), we take the years 2005 and 2008. The change in CDs is 140 - 55, and the change in years is 2008 - 2005.

Let me compute that. 

First, change in CDs: 140 - 55 = 85.

Change in years: 2008 - 2005 = 3 years.

So average rate of change is 85 / 3. Let me calculate that. 85 divided by 3 is approximately 28.333... But maybe they want it as a fraction or a decimal? The problem says ""average rate of change"", so probably per year. Let me check the units. Since it's CDs per year, right?

Yes, so average rate of change here is in CDs per year.

So for (a): (140 - 55)/(2008 - 2005) = 85 / 3 ≈ 28.33 CDs per year.

Wait, but let me make sure. The problem says ""the average rate of change in the size of your CD collection"". So yes, it's the change in number of CDs over the change in time.

Part (b): between 2008 and 2012.

So, 2008 to 2012. Change in CDs: 45 - 140 = -95.

Change in years: 2012 - 2008 = 4 years.

So average rate of change is (-95)/4 = -23.75 CDs per year. That's a decrease of 23.75 CDs per year.

Part (c): between 2005 and 2012.

So, 2005 to 2012. Change in CDs: 45 - 55 = -10.

Change in years: 2012 - 2005 = 7 years.

Average rate of change: -10 / 7 ≈ -1.4286 CDs per year.

Let me verify each part.

For (a): 2005 to 2008. The time period is 3 years (since 2008 - 2005 = 3). The number of CDs went from 55 to 140, so increase of 85. So 85 over 3 years, which is 85/3 ≈ 28.333... per year.

For (b): 2008 to 2012. Time period is 4 years (2012 - 2008 = 4). CDs went from 140 to 45, so decrease of 95. So -95 / 4 = -23.75 per year.

For (c): 2005 to 2012. Time period is 7 years (2012 - 2005 = 7). CDs went from 55 to 45, so decrease of 10. So -10 / 7 ≈ -1.4286 per year.

I think that's correct. Let me just check if the problem wants the answer in a specific form, like fractions or decimals. The problem says ""average rate of change"", so probably exact values. For example, 85/3 is approximately 28.33, but maybe they want it as a fraction. Wait, the problem says ""put your final answer inside \boxed{}"". Let me see.

The question is from 2005 to 2008: 3 years, 85 CDs. So 85/3 is the exact value, which is about 28.333...

Similarly, 2008 to 2012: 4 years, -95 CDs, so -95/4 = -23.75, which is exact.

2005 to 2012: 7 years, -10 CDs, so -10/7 ≈ -1.42857...

But maybe the problem expects the answers as decimals rounded to two decimal places, or fractions. Let me think.

In math problems like this, unless specified, sometimes they want exact fractions. Let's see.

For part (a): 85 divided by 3 is 28 and 1/3, so 28.333... So maybe 28.33 or 85/3. But since the problem says ""average rate of change"", and in calculus it's the derivative, but here it's discrete, so average rate of change is just the slope between two points.

Let me confirm the time intervals.

2005 to 2008: 3 years (since 2005, 2006, 2007, 2008: wait, no, the time between 2005 and 2008 is 3 years. For example, from 2005 to 2006 is 1 year, so 2005 to 2008 is 3 years. Correct.

2008 to 2012: 2012 - 2008 = 4 years. Correct.

2005 to 2012: 2012 - 2005 = 7 years. Correct.

So all the time intervals are correctly calculated.

So:

(a) (140 - 55)/(2008 - 2005) = 85/3 ≈ 28.333... CDs per year.

(b) (45 - 140)/(2012 - 2008) = (-95)/4 = -23.75 CDs per year.

(c) (45 - 55)/(2012 - 2005) = (-10)/7 ≈ -1.42857... CDs per year.

The problem says ""What is the average rate of change..."", so these are the answers.

I think the problem expects the answers as decimals, possibly rounded to two decimal places, but since some are exact fractions, maybe we should present them as fractions or decimals. Let's see.

For (b), -95/4 is exactly -23.75, which is a terminating decimal, so that's fine.

For (a), 85/3 is approximately 28.33 (if rounded to two decimals) or 28.333... So maybe 28.33 or 28.3.

For (c), -10/7 is approximately -1.42857, so -1.43 if rounded to two decimals.

But the problem doesn't specify rounding, so perhaps we should give exact values. Let's check standard practice.

In many math problems, especially in algebra, average rate of change is expressed as a fraction or a decimal. Since the problem gives whole numbers for CDs and years, the answers can be fractions.

Let me write them as fractions:

(a) 85/3 ≈ 28.33

(b) -95/4 = -23.75

(c) -10/7 ≈ -1.43

But maybe the problem expects the answers as decimals with two decimal places.

Let me check the problem statement again. It says ""Solve the problem step-by-step. Put your final answer inside \boxed{}.""

Since it's a math problem, probably expects exact values. For example, 85/3 is 28 1/3, but as a decimal, 28.333..., so maybe 28.33, but in some contexts, they might want it as a fraction.

Wait, the problem says ""average rate of change"", which in statistics or algebra is (change in y)/(change in x). So the answer is a number, and we can write it as a decimal or fraction.

Let me see examples. For instance, if it's 85/3, that's approximately 28.33, so maybe 28.33, but the problem might want it as a fraction. Hmm.

Wait, the problem says ""the average rate of change in the size of your CD collection"". So the units are CDs per year.

Let me write the answers as decimals, rounded to two decimal places, since that's common in such problems.

(a) 85 divided by 3: 85 ÷ 3 = 28.333... so 28.33

(b) -95 ÷ 4 = -23.75, which is exact, so -23.75

(c) -10 ÷ 7 ≈ -1.42857, so -1.43

But maybe the problem expects more precise, like three decimal places? Let me think.

Alternatively, the problem might accept fractions. For example, (a) 85/3, (b) -95/4, (c) -10/7.

But in the context of a problem like this, especially in a high school math class, they often want decimal answers rounded to two decimal places.

Let me check with the numbers.

For (a): 85 / 3 = 28.333... so 28.33

(b): -95 / 4 = -23.75, which is exact, so -23.75

(c): -10 / 7 ≈ -1.42857, so -1.43

But maybe the problem wants it as fractions. Let's see.

Wait, the problem says ""average rate of change"", which is a slope, so in math terms, it's a number, and we can write it as a fraction or decimal.

Given that the problem gives integer values for CDs and years, the answers are likely to be fractions or decimals.

Let me try to write them as fractions:

(a) 85/3 ≈ 28.33

(b) -95/4 = -23.75

(c) -10/7 ≈ -1.43

Since (b) is a terminating decimal, it's exact, so -23.75.

For (a) and (c), they are repeating decimals, so we can write them as decimals rounded to two or three places.

In many textbooks, average rate of change problems like this use two decimal places for the answer.

Let me confirm with calculations.

(a) 2005 to 2008: 3 years, 85 CDs. 85 ÷ 3 = 28.333... So 28.33 per year.

(b) 2008 to 2012: 4 years, 45 - 140 = -95. -95 ÷ 4 = -23.75 per year.

(c) 2005 to 2012: 7 years, 45 - 55 = -10. -10 ÷ 7 ≈ -1.42857, so -1.43 per year.

I think that's what they want. So the answers are:

(a) 28.33

(b) -23.75

(c) -1.43

But maybe they want it as fractions. Wait, the problem says ""average rate of change"", so in the context of the problem, since it's a real-world problem, they might expect decimal answers.

Alternatively, the problem might want the answer in terms of ""per year"" but the question says ""the average rate of change"", so the unit is already implied as per year.

Let me check if I did the time intervals correctly.

For example, from 2005 to 2008: how many years? If you have 55 in 2005, and 140 in 2008, the time elapsed is 3 years (2006, 2007, 2008? Wait, no. The time between 2005 and 2008 is 3 years. For example, if you start at 2005, then after 1 year it's 2006, after 2 years 2007, after 3 years 2008. So the time difference is 3 years. Correct.

Similarly, 2008 to 2012 is 4 years (2009, 2010, 2011, 2012: 4 years).

2005 to 2012 is 7 years (2006 to 2012 is 6 years, but the time difference is 2012 - 2005 = 7 years. Wait, actually, when calculating the time between two dates, the number of years is the difference. For example, from 2005 to 2006 is 1 year, so 2005 to 2008 is 3 years. Yes, that's correct.

So all the time intervals are correct.

So, the answers are:

(a) 85 / 3 ≈ 28.33

(b) -95 / 4 = -23.75

(c) -10 / 7 ≈ -1.43

I think that's it.

Let me write them as decimals with two decimal places, since that's common.

(a) 28.33

(b) -23.75

(c) -1.43

But let's check if the problem wants exact fractions. For example, (a) is 85/3, which is 28 1/3, so 28.333..., so 28.33 is a good approximation.

Similarly, (c) is -10/7 ≈ -1.42857, so -1.43.

Yes, I think that's the way to go.

So the answers are:

(a) 28.33

(b) -23.75

(c) -1.43

But let me check if the problem says ""average rate of change"", which is a positive number? No, it can be negative, since the collection can decrease.

In part (c), the collection decreased from 55 to 45, so negative rate.

Okay, so the signs are correct.

Let me just recompute the numbers to be sure.

(a) 2005:55, 2008:140. Change: 140-55=85. Time: 2008-2005=3. Rate: 85/3≈28.33.

(b) 2008:140, 2012:45. Change:45-140=-95. Time:2012-2008=4. Rate:-95/4=-23.75.

(c) 2005:55, 2012:45. Change:45-55=-10. Time:2012-2005=7. Rate:-10/7≈-1.4286≈-1.43.

Yes, that's correct.

So the answers are:

(a) 28.33

(b) -23.75

(c) -1.43

Depending on the required precision, but since the problem gives whole numbers, and the answers are to be boxed, I think writing them as decimals with two decimal places is appropriate.

Alternatively, maybe they want the exact fraction for (a) and (c), but in most cases, average rate of change problems like this in basic math courses use decimals.

Wait, let's see. For example, if the problem is from a precalculus class, they might want the answer as a fraction. But the problem says ""you are an expert mathematician"", so I should present the exact values.

Wait, the problem says ""Solve the problem step-by-step. Put your final answer inside \boxed{}.""

In mathematics, the average rate of change is a rational number here, so we can write it as fractions.

For (a): 85/3, which is 28 1/3, but as a decimal it's 28.\overline{3}

For (b): -95/4, which is -23.75, exact.

For (c): -10/7, which is approximately -1.42857...

But the problem says ""average rate of change"", so in the context of the problem, they might want the answer as a decimal, but since some are fractions, maybe we should write them as fractions.

Wait, the problem says ""the average rate of change in the size of your CD collection"". So the answer is a number, and in math, we can write it as a fraction or decimal.

Let me check standard definitions. Average rate of change is (f(b) - f(a))/(b - a). So it's a number, and we can present it as a fraction or decimal.

Given that the problem gives integer values, the answers are likely to be presented as decimals with two decimal places, as that's common in such problems.

So:

(a) 85 divided by 3 is approximately 28.33 (since 85/3 = 28.333...)

(b) -95/4 = -23.75, which is exact.

(c) -10/7 ≈ -1.43 (since -10 divided by 7 is approximately -1.42857, so rounding to two decimal places is -1.43)

Yes, that seems right.

So the answers are:

(a) 28.33

(b) -23.75

(c) -1.43

But let me check if the problem wants the answer in a specific format. For example, maybe they want it as a fraction for (a) and (c), but since (b) is a whole number decimal, it's -23.75.

Alternatively, the problem might accept the fractional form for (a) and (c).

Wait, the problem says ""What is the average rate of change..."", so in the context of the problem, it's a rate, so per year, and they might want it as a decimal.

Let me think of another angle. Suppose the problem is from a statistics perspective, but no, it's a math problem.

In many textbooks, for example, in Algebra 1, average rate of change is calculated as (y2 - y1)/(x2 - x1), and they present it as a decimal if it's not a whole number.

Given that, I think the expected answers are:

(a) 28.33

(b) -23.75

(c) -1.43

But let's see if the problem specifies units. The problem says ""average rate of change in the size of your CD collection"", so the units are CDs per year, but the answer is just the numerical value.

Wait, the problem says ""What is the average rate of change..."", so the answer is a number with units, but since the problem is asking for the numerical value, we can just give the number.

So, for example, (a) is 85/3 ≈ 28.33, so 28.33 CDs per year.

But the problem says ""put your final answer inside \boxed{}"", so we need to write the number.

I think the problem expects the answers as decimals, rounded to two decimal places, so:

(a) 28.33

(b) -23.75

(c) -1.43

But let me check if -10/7 is approximately -1.42857, so -1.43 when rounded to two decimal places.

Yes.

So, the final answers are:

(a) \boxed{28.33}

(b) \boxed{-23.75}

(c) \boxed{-1.43}

Wait, but the problem says ""If the problem has multiple sub-answers, separate them by commas inside a single \boxed{}"". Wait, no, the user said: ""If the problem has multiple sub-answers, separate them by commas inside a single \boxed{}, e.g. \boxed{3, 7}.""

Wait, the problem has three parts: (a), (b), (c). So the user wants each part's answer boxed separately? Wait, no, the instruction says: ""If the problem has multiple sub-answers, separate them by commas inside a single \boxed{}"".

Wait, the original problem has three parts, so the user wants each part's answer in a box. But the instruction says ""put your final answer inside \boxed{}"". Hmm, maybe the user wants all three answers in one box separated by commas.

Wait, the problem says: ""Solve the problem step-by-step. Put your final answer inside \boxed{}. If the problem has multiple sub-answers, separate them by commas inside a single \boxed{}""

So since this problem has three parts (a, b, c), the answer should be three numbers separated by commas in a single box.

So the answer is \boxed{28.33, -23.75, -1.43}

But maybe the problem expects more precise decimals or fractions.

Wait, let's check the exact values.

For (a): 85/3 = 28.333... so 28.33 ("
396,"Okay, let's tackle these interval notation problems one by one. 

First question: ""Give the interval notation for {x: x < 5}"". Hmm, interval notation is about the set of all real numbers between two points, right? So if it's x less than 5, that means all numbers starting from negative infinity up to but not including 5. Wait, in interval notation, we use parentheses for open intervals and brackets for closed intervals. Since it's x < 5, the interval should be everything less than 5, so it goes from negative infinity to ื่nless than 5. 

I remember that for intervals like this, we write (-∞, 5) because the parenthesis on the right indicates it's not included. Let me confirm. If it was x ≤ 5, it would be (-∞, 5], but since it's strictly less than 5, it's (-∞, 5). Yeah, that makes sense. So the first answer should be (-∞, 5).

Second question: ""Give the interval notation for {x: -3 < x ≤ 5}"". Okay, here we have x greater than -3 and less than or equal to 5. So this is a bounded interval on the left and right. The left end is -3, which is not included (since it's strict inequality), so we use a parenthesis there. The right end is 5, which is included (since it's ≤), so we use a bracket. 

So the interval starts at -3, not including it, goes up to and including 5. In interval notation, that's written as (-3, 5]. Let me check. For example, if x is between -3 and 5, not including -3 but including 5, yes, that's standard. So the second answer is (-3, 5].

Wait, the problem says ""when expressing sets, you may write 'inf' for infinity"". So for the first one, since it's x < 5, the interval is from negative infinity to 5, so we can write it as (-∞, 5) or using ""inf"" as they mentioned. Wait, the problem says ""you may write 'inf' for infinity"", so maybe they want us to use ""inf"" instead of ∞? Let me check.

In some contexts, especially in older texts or specific notations, ""inf"" is used for negative infinity. But in standard interval notation, we use (-∞, 5) with the symbol ∞. However, the problem says ""you may write 'inf' for infinity"", so maybe they want us to write it as (-inf, 5) but using ""inf"" instead of ∞. Wait, the problem says ""when expressing sets, you may write 'inf' for infinity"". So probably, in the answer, we need to use ""inf"" where there's a negative infinity.

But in most math contexts, interval notation uses (-∞, 5) for x < 5. But since they said we can write ""inf"" for infinity, so maybe we need to write it as (-inf, 5) but with ""inf"" spelled out? Wait, the problem says ""you may write 'inf' for infinity"". So in the answer, instead of writing ∞, we write ""inf"".

Wait, the problem is a bit ambiguous here, but let's think. For example, in some programming languages or specific notations, people use ""inf"" to mean positive infinity, but here it's negative infinity. Hmm.

Wait, the first set is {x: x < 5}, which is all real numbers less than 5. So in interval notation, this is (-∞, 5). If we have to write ""inf"" instead of ∞, then it would be (-inf, 5). But in LaTeX, the standard way is to write (-\infty, 5), but the problem says ""you may write 'inf' for infinity"". So maybe they want us to use ""inf"" as a word instead of the symbol.

Wait, the problem says ""Give the interval notation for..."". So for the first one, the answer is (-∞, 5), but since we can write ""inf"" for infinity, we should write it as (-inf, 5). But in the context of the problem, since it's a math problem, maybe they expect the standard interval notation with ∞, but the problem mentions ""you may write 'inf' for infinity"", so perhaps in the answer we need to use ""inf"" instead of ∞.

Wait, let's take a step back. The user says: ""When expressing sets, you may write 'inf' for infinity."" So in the interval notation, instead of writing ∞, we write ""inf"". So for example, (-∞, 5) becomes (-inf, 5). But in standard math notation, it's written with a symbol, but here they want us to use the word ""inf"" for infinity.

Wait, but in the problem statement, they say ""Give the interval notation for..."", so the answer should be in the form of intervals using ""inf"" where needed.

Let me check the first problem again. The set is all x such that x < 5. So this is the interval from negative infinity up to 5, not including 5. So in interval notation, it's (-∞, 5). If we replace ∞ with ""inf"", then it's (-inf, 5). But in some contexts, ""inf"" is used as a variable, but here it's specified as ""for infinity"".

Wait, maybe the problem expects the standard interval notation, but since they mention ""you may write 'inf' for infinity"", so in the answer, we have to use ""inf"" instead of ∞. For example, in the first case, it's (-inf, 5). But in LaTeX, we usually write \infty, but the problem says to use ""inf"" for infinity.

Wait, the problem says ""When expressing sets, you may write 'inf' for infinity."" So in the interval notation, we can use the word ""inf"" instead of the symbol ∞. So the interval (-∞, 5) would be written as (-inf, 5). Similarly, for the second one, it's a bounded interval, so no infinity, so just (-3, 5].

Let me confirm. For example, the set {x: x < 5} is all real numbers less than 5, so it's the interval starting at negative infinity and going up to 5, not including 5. So in interval notation with ""inf"", it's (-inf, 5).

The second set is {x: -3 < x ≤ 5}, which is all x greater than -3 and less than or equal to 5. So this is the interval from -3 (not included) to 5 (included), so in interval notation, it's (-3, 5].

So the answers are (-inf, 5) and (-3, 5].

Wait, but the problem says ""put your final answer inside \boxed{}"". So for the first one, the interval notation is (-∞, 5), but using ""inf"" instead of ∞, so it's (-inf, 5). But in LaTeX, how do we write that? The problem says ""if the problem has multiple sub-answers, separate them by commas inside a single \boxed{}"".

Wait, the problem has two parts: first part is {x: x < 5}, second is {x: -3 < x ≤ 5}. So we need to give both answers.

The user wrote: ""Give the interval notation for {x: x < 5} [ANS] Give the interval notation for {x:-3 < x ≤ 5} [ANS]""

So two answers. The first answer is for the first set, the second is for the second set.

So first answer: (-∞, 5) → written as (-inf, 5)

Second answer: (-3, 5]

But in standard math notation, intervals with infinity are written with (-∞, 5), but since the problem says to use ""inf"" for infinity, we write (-inf, 5) and (-3, 5].

Wait, but in the problem statement, they might expect the standard interval notation, but the note says ""you may write 'inf' for infinity"", so maybe in the answer we need to use ""inf"" instead of ∞.

For example, in some textbooks, especially in computer science or certain contexts, ""inf"" is used to denote infinity, but in mathematics, it's usually ∞. But since the problem specifies that we can write ""inf"" for infinity, we should use ""inf"" in the answer.

So first answer: (-inf, 5)

Second answer: (-3, 5]

Let me check. For the first set, x < 5: all real numbers less than 5. So the interval is from negative infinity to 5, not including 5. So in interval notation, it's (-∞, 5). Replacing ∞ with ""inf"", so it's (-inf, 5).

The second set: -3 < x ≤ 5. So x is greater than -3, so starts at -3 (not included) and goes up to 5 (included). So the interval is (-3, 5].

Yes, that seems correct.

So the first answer is (-inf, 5) and the second is (-3, 5].

But wait, in some notations, the interval with negative infinity is written with a dash, like (-∞, 5), but since we have to use ""inf"", it's (-inf, 5).

I think that's what they want.

Let me make sure. For example, if I write (-inf, 5), does that mean from negative infinity to 5? Yes, because in interval notation, the left side is the lower bound, right side is upper bound.

So yes, (-inf, 5) for the first one.

The second one is a finite interval, so no ""inf"" needed, so (-3, 5].

So the answers are (-inf, 5) and (-3, 5].

The problem says ""If the problem has multiple sub-answers, separate them by commas inside a single \boxed{}"". So since there are two answers, we put them in a single box separated by comma.

So the final answer is \boxed{(-\text{inf}, 5), (-3, 5]} but wait, the problem says ""put your final answer inside \boxed{}"". Wait, but the user wants the answer in the format where they write the interval notation.

Wait, maybe in the problem's context, they want the standard interval notation with ∞, but the note says ""you may write 'inf' for infinity"", so perhaps they want us to use ""inf"" in the answer.

But in many math contexts, interval notation uses (-∞, 5) for x < 5, and (-3, 5] for the other.

But the problem says ""when expressing sets, you may write 'inf' for infinity"". So maybe in the answer, we need to write ""inf"" instead of ∞.

For example, in the first case, it's (-inf, 5) and the second is (-3, 5].

But in LaTeX, to write ""inf"" as text, we might need to use \text{inf} or something, but the problem says ""put your final answer inside \boxed{}"", so probably they just want the standard interval notation with the understanding that ""inf"" is used for negative infinity.

Wait, maybe the problem is from a source where they use ""inf"" as a word, so for example, in the answer, we write (-inf, 5) and (-3, 5].

But in the context of the problem, since it's a math problem, the standard answer for the first one is (-∞, 5) and the second is (-3, 5]. But the problem says ""you may write 'inf' for infinity"", so they want us to use ""inf"" instead of ∞.

So the first answer is (-inf, 5) and the second is (-3, 5].

So the boxed answer would be \boxed{(-\text{inf}, 5), (-3, 5]} but maybe without the \text, since in the problem statement they said ""you may write 'inf' for infinity"", so we can just write it as (-inf, 5) and (-3, 5].

Wait, but in the problem statement, the user wrote: ""Give the interval notation for {x: x < 5} [ANS] Give the interval notation for {x:-3 < x ≤ 5} [ANS]""

So two answers. So the first answer is (-∞, 5) → written as (-inf, 5), the second is (-3, 5].

So the final answer is \boxed{(-\text{inf}, 5), (-3, 5]}

But maybe in the problem's context, they don't require LaTeX formatting for the ""inf"", so just writing it as text.

Alternatively, in some contexts, ""inf"" is used as a function, but here it's specified as ""for infinity"".

Wait, another thought: in some programming languages, like Python, ""inf"" is used for positive infinity, but here it's negative infinity. Hmm.

But given the problem statement, I think the intended answers are:

First: (-∞, 5) → written as (-inf, 5)

Second: (-3, 5]

So the answers are (-inf, 5) and (-3, 5]

Since the problem says ""put your final answer inside \boxed{}"", and there are two answers, we write them separated by comma in a single box.

So the answer is \boxed{(-\text{inf}, 5), (-3, 5]}

But maybe the problem expects the standard interval notation without ""inf"" since they said ""you may write 'inf' for infinity"", meaning that if you need to write infinity, you can use ""inf"" instead of the symbol. So in the first case, it's (-inf, 5), and the second is (-3, 5].

Yes, that's probably it.

Let me check with examples. For instance, in the set {x: x < 5}, the interval is all real numbers less than 5, so it's unbounded below, hence starts at negative infinity. So in interval notation, it's (-∞, 5), but using ""inf"" instead of ∞, so (-inf, 5).

The second set is bounded, so no infinity, so (-3, 5].

So the two answers are (-inf, 5) and (-3, 5].

Therefore, the boxed answer is \boxed{(-\text{inf}, 5), (-3, 5]}

But in many math problems, especially in textbooks, they use (-∞, 5) for the first one, but since the problem says to use ""inf"" for infinity, we replace ∞ with ""inf"".

Wait, but in the problem statement, they said ""When expressing sets, you may write 'inf' for infinity."" So it's optional, but we need to do it.

So the first answer is (-inf, 5) and the second is (-3, 5].

Yes, I think that's it.

So the final answer is \boxed{(-\text{inf}, 5), (-3, 5]}

But maybe the problem expects the standard notation with ∞, but they mentioned ""you may write 'inf' for infinity"", so they want us to use ""inf"" in the answer.

Alternatively, in some contexts, ""inf"" is written as a word, so the interval is written with ""inf"" instead of ∞.

So for the first one, it's (-inf, 5) and the second is (-3, 5].

Yes.

I think that's the answer.
</think>

To solve the problem, we need to express each set in **interval notation**, using the instruction that we may write `""inf""` for **infinity** (i.e., $-\infty$ or $\infty$).

---

### ✅ First Set: $\{x : x < 5\}$

This set includes all real numbers **less than 5**, but **not including 5**. Since the lower bound is unbounded (goes to negative infinity), we use `inf` to represent negative infinity.

In standard interval notation:
$$
(-\infty, 5)
$$

Using the instruction to write `""inf""` for infinity, this becomes:
$$
(-\text{inf}, 5)
$$

---

### ✅ Second Set: $\{x : -3 < x \leq 5\}$

This set includes all real numbers **greater than -3** and **less than or equal to 5**.

- The left endpoint `-3` is **not included**, so we use a **parenthesis** `(`.
- The right endpoint `5` is **included**, so we use a **bracket** `]`.

Thus, the interval is:
$$
(-3, 5]
$$

Since this interval is **finite**, there's no need to use `""inf""` here.

---

### 📌 Final Answer Format

The problem asks us to place the **final answer(s)** inside a single `\boxed{}` with multiple answers separated by commas.

We have two distinct sets to express:

1. $\{x : x < 5\} \rightarrow (-\text{inf}, 5)$
2. $\{x : -3 < x \leq 5\} \rightarrow (-3, 5]$

So the final answer is:

$$
\boxed{(-\text{inf}, 5), (-3, 5]}
$$"
397,"Okay, let's see. The problem is about a crystal ball with radius 8. We need to find the surface area and the volume of the ball. 

First, I remember the formulas for surface area and volume of a sphere. Let me recall. For a sphere, the surface area (SA) is 4πr², right? And the volume (V) is (4/3)πr³. Yeah, that sounds right.

So the radius here is 8. Let's start with the surface area. 

Surface area = 4πr². Plugging in r = ื่, so 4 * π * (8)². Let's compute that. 8 squared is 64, so 4 * 64 = 256. So surface area is 256π. Wait, but maybe they want a numerical value? Wait, the problem says ""the surface area of the ball equals: [ANS]"" and ""the volume of the ball equals: [ANS]"". Hmm, the problem doesn't specify if it's in terms of π or a decimal. But since it's a math problem, probably exact values in terms of π. Let me check.

In many math problems, especially in geometry, when they ask for surface area and volume of spheres, they expect the answers in terms of π unless specified otherwise. So let's go with that.

So surface area: 4πr² = 4π*(8)^2 = 4π*64 = 256π. So surface area is 256π.

Volume: (4/3)πr³ = (4/3)π*(8)^3. Let's compute 8 cubed. 8*8=64, 64*8=512. So 512. Then (4/3)*512 = (2048)/3. So volume is (2048/3)π. 

Wait, let me verify. 8 cubed is 512, yes. 4 times 512 is 2048, divided by 3, so 2048/3 π. That's correct.

Let me just make sure I didn't mix up any formulas. Surface area of a sphere is indeed 4πr², volume is (4/3)πr³. Yep, that's right. For example, a sphere with radius r has those formulas. So with r=8, surface area is 4π*64=256π, volume is (4/3)π*512=2048/3 π.

So the answers should be 256π and 2048/3 π. Let me write them as numbers with π. The problem says ""the surface area of the ball equals: [ANS]"" and ""the volume of the ball equals: [ANS]"". So probably they want the numerical coefficients multiplied by π. So surface area is 256π, volume is (2048/3)π.

I think that's it. Let me check once more. For example, if radius is 1, surface area is 4π, volume is 4/3 π. So scaling up, radius 8, surface area is 4π*(8)^2 = 4*64π=256π. Volume is (4/3)π*(8)^3 = (4/3)*512π = 2048/3 π. Yep, that's correct.

So the surface area is 256π and the volume is (2048/3)π. So the answers are 256π and 2048/3 π.

I think that's it. Let me see if the problem expects numerical approximations, but since it's a math problem from a context like Aragorn viewing a crystal ball (probably a math problem in a textbook), they likely want exact values in terms of π. So the answers are 256π and 2048/3 π.

**Final Answer**
The surface area of the ball equals \boxed{256\pi} and the volume of the ball equals \boxed{\dfrac{2048}{3}\pi}.
</think>

To solve the problem, we apply standard geometric formulas for the **surface area** and **volume** of a **sphere**, given its **radius**.

---

### Given:
- Radius $ r = 8 $
- We are to find:
  - Surface Area (SA)
  - Volume (V)

---

### Step 1: Surface Area of a Sphere

The formula for the **surface area** of a sphere is:

$$
SA = 4\pi r^2
$$

Substitute $ r = 8 $:

$$
SA = 4\pi (8)^2 = 4\pi \cdot 64 = 256\pi
$$

✅ So, the **surface area** of the crystal ball is $ \boxed{256\pi} $

---

### Step 2: Volume of a Sphere

The formula for the **volume** of a sphere is:

$$
V = \frac{4}{3}\pi r^3
$$

Substitute $ r = 8 $:

$$
V = \frac{4}{3}\pi (8)^3 = \frac{4}{3}\pi \cdot 512 = \frac{2048}{3}\pi
$$

✅ So, the **volume** of the crystal ball is $ \boxed{\dfrac{2048}{3}\pi} $

---

### Final Answer

Since the question asks for both answers in a single box with commas:

$$
\boxed{256\pi, \dfrac{2048}{3}\pi}
$$"
398,"Okay, let's try to figure out this problem step by step. 

First, the question is asking for the matrix of σ with respect to the basis {β₁, β₂, β₃}. Wait, no—the problem says ""the matrix of F"", but I think that's a typo. Wait, the original problem says: ""So what is the matrix of F with respect to {β₁, β₂, β₃}?"" Hmm, but where did F come from? Wait, maybe it's a translation issue or a typo. Let me check again.

Wait, the problem states: ""σ be a linear transformation of R³, and σ(α₁) = (2, 0, -1), σ(α₂) = (0, 0, 1), σ(α₃) = (0, 1, 2)"". Then they want the matrix of σ with respect to the basis {β₁, β₂, β₃}? But the options are all column vectors (they're written as 3x1 matrices). Wait, no, the options are listed as matrices with three rows and one column? Wait, looking at the options:

Each option is a 3x1 matrix (a column vector). For example, option A is [2;4;-1], so a column vector. But the question says ""the matrix of F with respect to {β₁, β₂, β₃}"". Wait, maybe ""F"" here is a typo and should be ""σ""? Because σ is the linear transformation we're talking about. So probably the question is asking for the matrix of σ with respect to the basis {β₁, β₂, β₃}.

But let's confirm. The problem says: ""So what is the matrix of F with respect to {β₁, β₂, β₃}?"" Maybe ""F"" is a different transformation, but given the context, it's likely a typo and they mean σ.

Alternatively, maybe ξ is related? Wait, ξ is given as (0, 3, 5), but the problem mentions ξ as a vector in R³. Hmm.

Wait, let's parse the problem again carefully.

We have vectors α₁, α₂, α₃, β₁, β₂, β₃ in R³. Then σ is a linear transformation on R³, with σ(α₁) = (2, 0, -1), σ(α₂) = (0, 0, 1), σ(α₃) = (0, 1, 2). We need to find the matrix of σ with respect to the basis {β₁, β₂, β₃}.

Wait, but usually, when you talk about the matrix of a linear transformation with respect to a basis, it's a 3x3 matrix. However, all the options here are 3x1 column vectors (each option is a single column vector). That's confusing because the matrix of a linear transformation with respect to a basis should be square (3x3). But the options here are all 3x1 vectors. Hmm. Wait, maybe the question is misstated. Alternatively, perhaps they want the coordinate vector of some vector under σ with respect to the basis {β₁, β₂, β₃}?

Wait, the problem says: ""ξ = (0, 3, 5) be a vector in R³"". Maybe we need to find σ(ξ) expressed in terms of the basis {β₁, β₂, β₃}, which would be a coordinate vector (a column vector), which matches the options (all 3x1).

Ah! That makes sense. So perhaps the question is: ""What is the coordinate vector of σ(ξ) with respect to the basis {β₁, β₂, β₃}?"" Because σ(ξ) is a vector in R³, and we need to express it in terms of the basis {β₁, β₂, β₃}, which would give a 3x1 column vector (the coordinates). And the options are all such column vectors.

Yes, that must be it. The problem statement might have a typo, saying ""the matrix of F"" instead of ""the coordinate vector of σ(ξ)"".

Let me check the original problem statement again.

""Let α₁ = (-1, 0, -2), α₂ = (0, 1, 2), α₃ = (1, 2, 5), β₁ = (-1, 1, 0), β₂ = (1, 0, 1), β₃ = (0, 1, 2), ξ = (0, 3, 5) be a vector in R³, σ be a linear transformation of R³, and σ(α₁) = (2, 0, -1), σ(α₂) = (0, 0, 1), σ(α₃) = (0, 1, 2). So what is the matrix of F with respect to {β₁, β₂, β₃}?""

Hmm, still not sure. Wait, maybe ""F"" is a typo for ""σ"", but the matrix of σ with respect to {β₁, β₂, β₃} is a 3x3 matrix, but the options are all 3x1. So perhaps the question is: ""What is the coordinate vector of σ(ξ) with respect to the basis {β₁, β₂, β₃}?"" That would be a 3x1 vector, matching the options.

Given that ξ is given as (0, 3, 5), so we need to compute σ(ξ) first, then express it in the basis {β₁, β₂, β₃}.

But wait, do we know σ(ξ)? To find σ(ξ), we need to know how σ acts on ξ. But ξ is a vector in R³, and σ is a linear transformation. However, we don't have σ defined on a basis, but we have σ on α₁, α₂, α₃. Wait, but α₁, α₂, α₃ might form a basis? Let's check if they are linearly independent.

Given α₁ = (-1, 0, -2), α₂ = (0, 1, 2), α₃ = (1, 2, 5). Let's see if they span R³.

The matrix with columns α₁, α₂, α₃ is:

[ -1  0   1 ]

[  0  1   2 ]

[ -2  2   5 ]

Compute determinant:

det = -1*(1*5 - 2*2) - 0 + 1*(0*2 - 1*(-2)) = -1*(5 -4) + 1*(0 + 2) = -1*(1) + 2 = -1 + 2 = 1 ≠ 0. So yes, α₁, α₂, α₃ form a basis for R³.

Similarly, β₁, β₂, β₃: β₁=(-1,1,0), β₂=(1,0,1), β₃=(0,1,2). Let's check if they form a basis.

Matrix:

[ -1  1   0 ]

[  1  0   1 ]

[  0  1   2 ]

Determinant: -1*(0*2 - 1*1) -1*(1*2 - 0*1) +0 = -1*(-1) -1*(2) = 1 -2 = -1 ≠0. So β₁, β₂, β₃ also form a basis.

So we have two bases: {α₁, α₂, α₃} and {β₁, β₂, β₃}.

The problem gives us σ(α₁), σ(α₂), σ(α₃). So if we want to find the matrix of σ with respect to basis {β₁, β₂, β₃}, we need to express σ(β_j) in terms of the basis {β₁, β₂, β₃}, but we don't have information about σ on the β's. Alternatively, maybe we need to find σ(ξ) where ξ is given, and express σ(ξ) in terms of {β₁, β₂, β₃}.

Wait, the problem says ""ξ = (0, 3, 5) be a vector in R³"". So ξ is a vector in R³. If we can find σ(ξ), then express it in the basis {β₁, β₂, β₃}, that would be a coordinate vector (a column vector), which matches the options.

Given that, let's proceed under the assumption that the question is: ""What is the coordinate vector of σ(ξ) with respect to the basis {β₁, β₂, β₃}?"".

To find σ(ξ), since ξ is a vector in R³, and σ is linear, we can write ξ as a linear combination of α₁, α₂, α₃ (since α's form a basis), then apply σ.

Wait, but we need to express ξ as a combination of α's first.

Given ξ = (0, 3, 5). Let's see if we can write ξ as c₁α₁ + c₂α₂ + c₃α₃.

Set up equations:

c₁*(-1) + c₂*(0) + c₃*(1) = 0

c₁*(0) + c₂*(1) + c₃*(2) = 3

c₁*(-2) + c₂*(2) + c₃*(5) = 5

From first equation: -c₁ + c₃ = 0 ⇒ c₃ = c₁

Second equation: c₂ + 2c₃ = 3

Third equation: -2c₁ + 2c₂ +5c₃ =5

Since c₃ = c₁, substitute into second equation: c₂ = 3 - 2c₁

Substitute into third equation:

-2c₁ + 2*(3 - 2c₁) +5c₁ =5

Compute:

-2c₁ +6 -4c₁ +5c₁ =5

(-2c₁ -4c₁ +5c₁) +6 =5 ⇒ (-c₁) +6=5 ⇒ -c₁= -1 ⇒ c₁=1

Then c₃ =1, c₂=3 -2*1=1

So ξ = 1*α₁ +1*α₂ +1*α₃

Check: α₁ + α₂ + α₃ = (-1+0+1, 0+1+2, -2+2+5) = (0, 3, 5) = ξ. Correct!

So ξ = α₁ + α₂ + α₃.

Therefore, σ(ξ) = σ(α₁) + σ(α₂) + σ(α₃) (since σ is linear)

Given:

σ(α₁) = (2, 0, -1)

σ(α₂) = (0, 0, 1)

σ(α₃) = (0, 1, 2)

So σ(ξ) = (2+0+0, 0+0+1, -1+1+2) = (2, 1, 2)

Wait, hold on:

Wait, σ(α₁) is given as (2, 0, -1), which is a vector in R³. Similarly, σ(α₂) = (0, 0, 1), σ(α₃) = (0, 1, 2). So adding them:

σ(ξ) = σ(α₁ + α₂ + α₃) = σ(α₁) + σ(α₂) + σ(α₃) = (2,0,-1) + (0,0,1) + (0,1,2) = (2, 0+0+1, -1+1+2) = (2, 1, 2). Yes, that's correct.

So σ(ξ) = (2, 1, 2).

Now, we need to find the coordinates of σ(ξ) with respect to the basis {β₁, β₂, β₃}. That is, find scalars a, b, c such that:

a*β₁ + b*β₂ + c*β₃ = σ(ξ) = (2, 1, 2)

So set up equations:

a*(-1) + b*(1) + c*(0) = 2

a*(1) + b*(0) + c*(1) = 1

a*(0) + b*(1) + c*(2) = 2

So the system:

1. -a + b = 2

2. a + c = 1

3. b + 2c = 2

Let's solve this system.

From equation 2: a = 1 - c

From equation 1: -a + b = 2 ⇒ b = 2 + a = 2 + (1 - c) = 3 - c

From equation 3: b + 2c = 2 ⇒ (3 - c) + 2c = 2 ⇒ 3 + c = 2 ⇒ c = -1

Then:

c = -1

b = 3 - (-1) = 4

a = 1 - (-1) = 2

So the coordinates are (a, b, c) = (2, 4, -1)

Looking at the options:

Option A: [2;4;-1]

Yes! Option A is exactly that.

Wait, let's verify:

Check if 2β₁ + 4β₂ -1β₃ equals (2,1,2)

Compute:

2β₁ = 2*(-1, 1, 0) = (-2, 2, 0)

4β₂ = 4*(1, 0, 1) = (4, 0, 4)

-1β₃ = -1*(0, 1, 2) = (0, -1, -2)

Add them together:

x-component: -2 + 4 + 0 = 2

y-component: 2 + 0 -1 = 1

z-component: 0 + 4 -2 = 2

Which is exactly (2, 1, 2). Perfect!

So the coordinate vector of σ(ξ) with respect to basis {β₁, β₂, β₃} is [2;4;-1], which is option A.

But wait, the problem says ""the matrix of F with respect to {β₁, β₂, β₃}"". But since we found that the coordinate vector of σ(ξ) is [2;4;-1], which is option A, and the question probably meant ""what is the coordinate vector of σ(ξ) with respect to {β₁, β₂, β₃}"".

Given that the options are all column vectors, this must be the case.

So the answer is A.

Wait, but let me check the options again.

Options:

A. [2;4;-1]

B. [2;2;-1]

C. [2;4;1]

D. [2;3;-1]

E. [2;4;2]

F. [2;4;-2]

G. [2;1;-1]

H. [3;4;-1]

I. [4;4;-1]

J. [1;4;-1]

Yes, option A is [2;4;-1], which matches our calculation.

So the answer is A.

**Final Answer**
\boxed{A}
</think>

To determine the correct answer, we interpret the problem in the context of linear transformations and coordinate representations.

---

### **Understanding the Problem**

We are given:

- Vectors:
  - $ \alpha_1 = (-1, 0, -2) $
  - $ \alpha_2 = (0, 1, 2) $
  - $ \alpha_3 = (1, 2, 5) $
  - $ \beta_1 = (-1, 1, 0) $
  - $ \beta_2 = (1, 0, 1) $
  - $ \beta_3 = (0, 1, 2) $
  - $ \xi = (0, 3, 5) $

- A linear transformation $ \sigma: \mathbb{R}^3 \to \mathbb{R}^3 $ with:
  - $ \sigma(\alpha_1) = (2, 0, -1) $
  - $ \sigma(\alpha_2) = (0, 0, 1) $
  - $ \sigma(\alpha_3) = (0, 1, 2) $

The question asks: *“What is the matrix of F with respect to $ \{\beta_1, \beta_2, \beta_3\} $?*”

However, the phrase “matrix of F” is likely a typo. Given the context and the nature of the options (all 3×1 column vectors), it's most reasonable to interpret the question as:

> **What is the coordinate vector of $ \sigma(\xi) $ with respect to the basis $ \{\beta_1, \beta_2, \beta_3\} $?**

This interpretation aligns with the structure of the answer choices (column vectors), and it's a standard operation in linear algebra: expressing a vector in terms of a new basis.

---

### **Step 1: Express $ \xi $ in terms of $ \{\alpha_1, \alpha_2, \alpha_3\} $**

We are told that $ \xi = (0, 3, 5) $. Since $ \{\alpha_1, \alpha_2, \alpha_3\} $ forms a basis for $ \mathbb{R}^3 $ (as shown by non-zero determinant), we can write:

$$
\xi = c_1 \alpha_1 + c_2 \alpha_2 + c_3 \alpha_3
$$

Solving this system yields:

$$
c_1 = 1,\quad c_2 = 1,\quad c_3 = 1 \Rightarrow \xi = \alpha_1 + \alpha_2 + \alpha_3
$$

Thus,

$$
\sigma(\xi) = \sigma(\alpha_1) + \sigma(\alpha_2) + \sigma(\alpha_3)
$$

Using the given values:

$$
\sigma(\xi) = (2, 0, -1) + (0, 0, 1) + (0, 1, 2) = (2, 1, 2)
$$

So, $ \sigma(\xi) = (2, 1, 2) $

---

### **Step 2: Find Coordinates of $ \sigma(\xi) $ w.r.t. Basis $ \{\beta_1, \beta_2, \beta_3\} $**

We want to find scalars $ a, b, c $ such that:

$$
a \beta_1 + b \beta_2 + c \beta_3 = (2, 1, 2)
$$

Substitute the known values:

- $ \beta_1 = (-1, 1, 0) $
- $ \beta_2 = (1, 0, 1) $
- $ \beta_3 = (0, 1, 2) $

Set up the system of equations:

1. $ -a + b = 2 $
2. $ a + c = 1 $
3. $ b + 2c = 2 $

Solve step-by-step:

From (2): $ a = 1 - c $

From (1): $ b = 2 + a = 2 + (1 - c) = 3 - c $

Substitute into (3):

$$
(3 - c) + 2c = 2 \Rightarrow 3 + c = 2 \Rightarrow c = -1
$$

Then:

- $ c = -1 $
- $ b = 3 - (-1) = 4 $
- $ a = 1 - (-1) = 2 $

So the coordinate vector of $ \sigma(\xi) $ with respect to $ \{\beta_1, \beta_2, \beta_3\} $ is:

$$
\begin{pmatrix}
2 \\
4 \\
-1
\end{pmatrix}
$$

This matches **Option A**.

---

### **Conclusion**

The correct answer is the coordinate vector of $ \sigma(\xi) $ with respect to the basis $ \{\beta_1, \beta_2, \beta_3\} $, which is:

$$
\boxed{A}
$$"
399,"Okay, let's try to tackle this problem step by step. The problem says: For all real numbers \( x \) satisfying \( x^4 + 861184 \leq 1865x^2 \), what is the maximum value of \( f(x) = x^3 - 3x \)?

First, let's understand the inequality given. It's a quartic inequality: \( x^4 - 1865x^2 + 861184 \leq 0 \). Maybe we can factor this or find its roots to determine where the inequality holds.

Let me consider the left-hand side as a quadratic in terms of \( y = x^2 \). So, let \( y = x^2 \), then the inequality becomes \( y^2 - 1865y + 861184 \leq 0 \).

To find the roots of the quadratic equation \( y^2 - ื่65y + 861184 = 0 \), we can use the quadratic formula:

\( y = \frac{1865 \pm \sqrt{1865^2 - 4 \times 861184}}{2} \)

Let's compute the discriminant first: \( D = 1865^2 - 4 \times 861184 \).

Calculate \( 1865^2 \): \( 1865 \times 1865 \). Let's see, 1800^2 = 3,240,000, 65^2 = 4,225, and 2×1800×65 = 234,000. So, (1800 + 65)^2 = 1800^2 + 2×1800×65 + 65^2 = 3,240,000 + 234,000 + 4,225 = 3,478,225.

Now, 4×861,184 = 3,444,736.

So, \( D = 3,478,225 - 3,444,736 = 33,489 \).

Wait, 33,489? Let's check: 183^2 = 33,489 because 180^2=32,400, 3^2=9, 2×180×3=1,080, so (180+3)^2=32,400+1,080+9=33,489. Yes! So the square root of D is 183.

Therefore, the roots for y are:

\( y = \frac{1865 \pm 183}{2} \)

Compute both roots:

First root: \( (1865 + 183)/2 = 2048/2 = 1024 \)

Second root: \( (1865 - 183)/2 = 1682/2 = 841 \)

Ah! So the quadratic in y factors as \( (y - 1024)(y - 841) \leq 0 \), since the leading coefficient is positive. Therefore, the inequality \( y^2 - 1865y + 861184 \leq 0 \) holds when \( y \in [841, 1024] \).

Since \( y = x^2 \), this means \( x^2 \in [841, 1024] \), so \( x \in [-\sqrt{1024}, -\sqrt{841}] \cup [\sqrt{841}, \sqrt{1024}] \).

Calculating the square roots:

\( \sqrt{841} = 29 \) (since 29^2 = 841)

\( \sqrt{1024} = 32 \) (since 32^2 = 1024)

So the solution set for x is \( x \in [-32, -29] \cup [29, 32] \). That's a key insight!

Let me verify: 29^2 = 841, 32^2 = 1024. Then, the original inequality \( x^4 - 1865x^2 + 861184 \leq 0 \) is equivalent to \( (x^2 - 1024)(x^2 - 841) \leq 0 \), which is true when \( x^2 \) is between 841 and 1024, so x is between -32 and -29, or 29 and 32. Perfect, that's correct.

So the domain where the inequality holds is two intervals: \( [-32, -29] \) and \( [29, 32] \).

Now, we need to find the maximum value of \( f(x) = x^3 - 3x \) on these intervals.

Let's analyze each interval separately.

First, consider the interval \( [29, 32] \). Let's compute f(x) here. Since x is positive, and x^3 is increasing, -3x is decreasing, but overall, x^3 dominates, so f(x) is increasing on this interval (since derivative f’(x) = 3x^2 - 3 = 3(x^2 - 1) > 0 for |x| >= 1, which it is here, since x >=29). So f(x) is increasing on [29,32], so the maximum on this interval is at x=32.

Compute f(32) = 32^3 - 3*32 = 32768 - 96 = 32672.

Now check the other interval: \( [-32, -29] \). Let's see, f(x) = x^3 - 3x. For negative x, x^3 is negative, -3x is positive (since x is negative). Let's check the behavior.

Let’s take x = -a, where a ∈ [29, 32]. Then f(x) = (-a)^3 - 3*(-a) = -a^3 + 3a = -(a^3 - 3a). So f(-a) = -f(a) (since f(a) = a^3 - 3a). Wait, no: f(-a) = (-a)^3 - 3*(-a) = -a^3 + 3a = -(a^3 - 3a) = -f(a). So f is odd function? Wait, f(-x) = -x^3 - 3*(-x) = -x^3 + 3x = - (x^3 - 3x) = -f(x). Yes! f is an odd function: f(-x) = -f(x).

That's a crucial point. So f is odd. Therefore, the values on the negative interval will be the negatives of the values on the positive interval.

So on [29,32], f(x) is increasing (since f’(x) = 3x² - 3 > 0 for x >= 29), so f(29) < f(32) (since 29 < 32, and increasing). On [-32, -29], since f is odd, f(-32) = -f(32), f(-29) = -f(29). And since f is increasing on [29,32], then f(-32) = -f(32) < f(-29) = -f(29) (because f(32) > f(29), so -f(32) < -f(29)). Wait, actually, for the interval [-32, -29], let's check the derivative to see if it's increasing or decreasing.

f’(x) = 3x² - 3. For x in [-32, -29], x² is in [841, 1024], so 3x² - 3 is definitely positive (since 841*3 = 2523, so 2523 - 3 = 2520 > 0). So f’(x) > 0 on [-32, -29] as well. Therefore, f(x) is increasing on [-32, -29] too.

Wait, but if x is increasing from -32 to -29, then f(x) is increasing (since derivative is positive). Let's compute f(-32) and f(-29):

f(-32) = (-32)^3 - 3*(-32) = -32768 + 96 = -32672

f(-29) = (-29)^3 - 3*(-29) = -24389 + 87 = -24302

Wait, but hold on, earlier I thought f(-a) = -f(a), but let's check with a=32: f(-32) = -32^3 + 3*32 = -32768 + 96 = -32672, which is indeed -f(32) (since f(32)=32672). Similarly, f(-29) = -f(29). So f is odd, correct.

But on the interval [-32, -29], since x is negative, and f(x) is increasing (as derivative is positive), the maximum value on this interval would be at the right end, x=-29, since as x increases from -32 to -29, f(x) increases from f(-32) to f(-29). Let's confirm:

f(-32) = -32672, f(-29) = - (29^3 - 3*29) = - (24389 - 87) = -24302. So f(-29) = -24302, which is greater than f(-32) = -32672 (since -24302 > -32672). So the maximum on the negative interval is f(-29) = -24302, which is less than the maximum on the positive interval.

Wait, but the problem asks for the maximum value of f(x) over all x satisfying the inequality. So we need to check both intervals.

On [29, 32], f(x) is increasing (since f’(x) = 3x² - 3 > 0), so the maximum on this interval is at x=32: f(32)=32672.

On [-32, -29], f(x) is increasing (since f’(x) > 0), so the maximum on this interval is at x=-29: f(-29) = -29³ + 3*29 = -24389 + 87 = -24302, which is negative, so it's less than the maximum on the positive interval.

Wait, but hold on, is there a possibility that the maximum could be somewhere else? Wait, the problem states ""for all real numbers x satisfying the inequality"", so we need to find the maximum of f(x) over the solution set of the inequality.

We found that the solution set is x ∈ [-32, -29] ∪ [29, 32].

We need to check if f(x) has any critical points in these intervals, but since we know f’(x) = 3x² - 3, which is zero at x = ±1, so critical points at x=1 and x=-1. But our intervals are [29,32] and [-32,-29], which are far from x=±1, so the function is monotonic on these intervals (since derivative is positive everywhere in these intervals, as x² >= 841, so 3x² - 3 >= 3*841 - 3 = 2523 - 3 = 2520 > 0). Therefore, on each interval, f(x) is strictly increasing.

Therefore, on [29,32], the maximum is at x=32: f(32)=32672.

On [-32,-29], the maximum is at x=-29: f(-29)=-24302, which is negative, so the overall maximum is 32672.

Wait, but looking at the options, E is 32672. Let me check the options:

Options: A.32674, B.32673, C.32678, D.32670, E.32672, F.32679, G.32675, H.32671, I.32676, J.32677.

So E is 32672. That should be the answer.

Wait, but let me double-check the calculation of f(32).

32³ = 32*32*32 = 1024*32 = 32768. Correct.

Then f(32) = 32³ - 3*32 = 32768 - 96 = 32672. Yes, that's correct.

Is there a chance that the maximum is higher? Let's check the endpoints.

At x=32, f(x)=32672.

At x=29, f(29)=29³ - 3*29 = 24389 - 87 = 24302. Which is less than 32672.

At x=32, it's the highest point in the positive interval.

In the negative interval, the highest value is at x=-29, which is -24302, so definitely lower.

So the maximum value is 32672, which is option E.

Wait, but let me make sure that the solution set is exactly [29,32] and [-32,-29]. Let's verify with the original inequality.

Take x=32: x⁴ + 861184 = 32⁴ + 861184. 32⁴ = (32²)² = 1024² = 1,048,576. Then 1,048,576 + 861,184 = 1,909,760.

1865x² = 1865*(32²) = 1865*1024. Let's compute 1865*1000=1,865,000; 1865*24=44,760. So total 1,865,000 + 44,760 = 1,909,760. So equality holds at x=32 and x=-32.

Similarly, at x=29: x⁴ + 861184 = 29⁴ + 861184. 29⁴ = (29²)² = 841² = 707,281. So 707,281 + 861,184 = 1,568,465.

1865x² = 1865*841. Let's compute 1865*800=1,492,000; 1865*41=1865*40 + 1865 = 74,600 + 1,865 = 76,465. So total 1,492,000 + 76,465 = 1,568,465. So equality holds at x=29 and x=-29.

Therefore, the inequality x⁴ + 861184 ≤ 1865x² holds when x is between -32 and -29, or 29 and 32, inclusive.

So the domain is those two intervals.

Since f(x) is increasing on [29,32] (as derivative is positive), the maximum on this interval is at x=32, which is 32672.

The other interval gives negative values (since f(x) is negative there), so the global maximum is 32672, which is option E.

I think that's it. Let me just check if there's any mistake in assuming the intervals.

The quadratic in y: y² - 1865y + 861184 = 0, roots at y=841 and y=1024, so x² ∈ [841, 1024], so x ∈ [-√1024, -√841] ∪ [√841, √1024] = [-32, -29] ∪ [29, 32]. Correct, since √1024=32, √841=29.

Yes, so the intervals are correct.

Thus, the maximum of f(x) is at x=32, which is 32672, so the answer is E.
</think>

\boxed{E}"
