id,response
900,"Okay, let's try to figure out this problem step by step. So, we have two towns, A and B, that merged into one city. Town A had 8% African Americans, Town B had 12%, and after merging, the new city has 11% African Americans with a total of 4800 residents. We need to find out how many residents each town had before merging.

First, let's define variables. Let me think. Let's say the number of residents in Town A before merging is \( x \), and the number in Town B is \( y \). So, the total population after merging is \( x + y = 4800 \). That's one equation.

Now, for the African American populations. In Town A, 8% of \( x \) are African Americans, so that's \( 0.08x \). In Town B, 12% of \( y \) are African Americans, so that's \( 0.12y \). After merging, the total African American population is 11% of 4800, which is \( 0.11 \times 480ื \).

Let me calculate that: 11% of 4800 is \( 0.11 \times 4800 = 528 \). So the total African Americans after merging is 528.

So the second equation should be \( 0.08x + 0.12y = 528 \).

We have two equations:

1. \( x + y = 4800 \)
2. \( 0.08x + 0.12y = 528 \)

Now, we can solve this system of equations. Let's write them down clearly.

From equation 1: \( y = 4800 - x \). Then substitute into equation 2.

So substituting \( y = 4800 - x \) into the second equation:

\( 0.08x + 0.12(4800 - x) = 528 \)

Let's compute that step by step.

First, expand the left side:

\( 0.08x + 0.12 \times 4800 - 0.12x = 528 \)

Calculate \( 0.12 \times 4800 \): 0.12 * 4800 = 576 (since 0.1*4800=480, 0.02*4800=96, so 480+96=576)

So now the equation becomes:

\( 0.08x + 576 - 0.12x = 528 \)

Combine like terms:

\( (0.08x - 0.12x) + 576 = 528 \)

\( (-0.04x) + 576 = 528 \)

Subtract 576 from both sides:

\( -0.04x = 528 - 576 \)

\( -0.04x = -48 \)

Multiply both sides by -1:

\( 0.04x = 48 \)

Then, divide both sides by 0.04:

\( x = 48 / 0.04 \)

Calculating that: 48 divided by 0.04. Since 0.04 is 1/25, so 48 * 25 = 1200. So x = 1200.

Then, since y = 4800 - x, y = 4800 - 1200 = 3600.

Wait, let's check if this makes sense.

Town A had 1200 residents, 8% African Americans: 0.08 * 1200 = 96.

Town B had 3600 residents, 12% African Americans: 0.12 * 3600 = 432.

Total African Americans: 96 + 432 = 528. Which is 11% of 4800 (since 0.11 * 4800 = 528). Perfect, that checks out.

So Town A used to have 1200 residents, and Town B used to have 3600 residents.

Let me just verify the calculations again to be sure.

First, total population after merge: 4800.

African Americans: 11% of 4800 is 528.

Let x be Town A's population, y be Town B's.

x + y = 4800

0.08x + 0.12y = 528

Solving:

From first equation, y = 4800 - x.

Substitute into second equation:

0.08x + 0.12(4800 - x) = 528

0.08x + 576 - 0.12x = 528

-0.04x = 528 - 576

-0.04x = -48

x = (-48)/(-0.04) = 1200. Correct.

Then y = 4800 - 1200 = 3600.

Yes, that's right. So Town A had 1200, Town B had 3600.

I think that's it. Let me see if there's any possible mistake here.

Wait, the problem says ""Town A and Town B were located close to each other, and recently merged into one city."" So the total population is the sum of the two towns. The percentages are given for the original populations, and after merging, the new percentage is 11%.

The key is that the number of African Americans is additive (the total African Americans after merge is the sum of African Americans from A and B).

Yes, that's exactly what we did. So 8% of A plus 12% of B equals 11% of total (4800).

So the equations are correct.

Another way to think about it: the difference in percentages. Town A is 8%, Town B is 12%, so the average is 11%. So the ratio of A to B is (12 - 11)/(11 - 8) = 1/3. Wait, maybe using alligation?

In mixture problems, the ratio of the quantities is inversely proportional to the difference from the mean.

So the mean is 11%. The difference for A is 11 - 8 = 3, and for B is 12 - 11 = 1. So the ratio of A to B is 1:3. Wait, no, wait.

Wait, alligation: when you have two groups with percentages p and q, mixing to get r, then the ratio of the amounts is (q - r) : (r - p).

Here, p = 8, q = 12, r = 11.

So the ratio of Town A to Town B is (12 - 11) : (11 - 8) = 1 : 3.

Wait, so that would mean Town A : Town B = 1 : 3. So total parts 4, so Town A is 1/4 of 4800, which is 1200, and Town B is 3/4 of 4800, which is 3600. Exactly what we found earlier.

So that confirms it. So the answer is 1200 and 3600.

Therefore, Town A used to have 1200 residents, and Town B used to have 3600 residents.

**Final Answer**
Town A used to have \boxed{1200} residents, and Town B used to have \boxed{3600} residents.
</think>

To solve the problem, we begin by defining variables and setting up a system of equations based on the information provided.

---

### Step 1: Define Variables

Let:
- $ x $ = number of residents in **Town A** before the merger
- $ y $ = number of residents in **Town B** before the merger

After the merger, the total population is **4800**, so:

$$
x + y = 4800 \quad \text{(Equation 1)}
$$

We are also told that:
- **Town A** had **8%** African Americans → $ 0.08x $
- **Town B** had **12%** African Americans → $ 0.12y $
- The **new city** has **11%** African Americans → $ 0.11 \times 4800 = 528 $

So the total number of African Americans after the merger is **528**, which gives us:

$$
0.08x + 0.12y = 528 \quad \text{(Equation 2)}
$$

---

### Step 2: Solve the System of Equations

From Equation 1:
$$
y = 4800 - x
$$

Substitute into Equation 2:

$$
0.08x + 0.12(4800 - x) = 528
$$

Distribute and simplify:

$$
0.08x + 576 - 0.12x = 528 \\
-0.04x + 576 = 528
$$

Solve for $ x $:

$$
-0.04x = 528 - 576 \\
-0.04x = -48 \\
x = \frac{-48}{-0.04} = 1200
$$

Now find $ y $:

$$
y = 4800 - x = 4800 - 1200 = 3600
$$

---

### Step 3: Verify the Solution

Check if the total number of African Americans matches:

- From Town A: $ 0.08 \times 1200 = 96 $
- From Town B: $ 0.12 \times 3600 = 432 $
- Total: $ 96 + 432 = 528 $

Which is exactly **11% of 4800** ($ 0.11 \times 4800 = 528 $), confirming our solution is correct.

---

### Final Answer

Town A used to have **1200** residents, and Town B used to have **3600** residents.

$$
\boxed{1200, 3600}
$$"
901,"Okay, let's try to solve this problem step by step. First, we need to compute both \(\underline{2}\) and \(\underline{3}\), then find their sum and difference. 

Starting with \(\underline{2}\):

\[
\underline{2} = \int_{1}^{2} \frac{x - 1}{x} \, dx + \int_{2}^{3} \frac{3 - x}{x} \, dx
\]

Let me compute each integral separately.

First integral: \(\int_{1}^{2} \frac{x - 1}{x} \, dx = \int_{1}^{2} \left(1 - \frac{1}{x}\right) dx = \left[ x - \ln|x| \right]_{1}^{2} = (2 - \ln 2) - (1 - \ln 1) = 2 - \ln 2 - 1 + 0 = 1 - \ln 2\).

Second integral: \(\int_{2}^{3} \frac{3 - x}{x} \, dx = \int_{2}^{3} \left( \frac{3}{x} - 1 \right) dx = \left[ 3 \ln x - x \right]_{2}^{3} = (3 \ln 3 - 3) - (3 \ln 2 - 2) = 3 \ln 3 - 3 - 3 \ln 2 + 2 = 3 (\ln 3 - \ln 2) - 1 = 3 \ln \frac{3}{2} - 1\).

So, \(\underline{2} = (1 - \ln 2) + (3 \ln \frac{3}{2} - 1) = 1 - \ln 2 + 3 \ln 3 - 3 \ln 2 - 1 = 3 \ln 3 - 4 \ln 2\). Wait, let me check that again.

Wait, \(\ln \frac{3}{2} = \ln 3 - \ln 2\), so \(3 \ln \frac{3}{2} = 3 \ln 3 - 3 \ln 2\). Then:

First part: \(1 - \ln 2\)

Second part: \(3 \ln 3 - 3 \ln 2 - 1\) (since \(3 \ln 3 - 3 - (3 \ln 2 - 2) = 3 \ln 3 - 3 - 3 \ln 2 + 2 = 3 \ln 3 - 3 \ln 2 - 1\))

So adding them together: \((1 - \ln 2) + (3 \ln 3 - 3 \ln 2 - 1) = 3 \ln 3 - 4 \ln 2\). Hmm, maybe I should keep it in terms of integrals for now, because when we add \(\underline{2} + \underline{3}\) and \(\underline{2} - \underline{3}\), the logarithmic terms might cancel or combine nicely.

Let's compute \(\underline{3}\):

\[
\underline{3} = \int_{2}^{3} \frac{x - 2}{x} \, dx + \int_{3}^{4} \frac{4 - x}{x} \, dx
\]

First integral: \(\int_{2}^{3} \frac{x - 2}{x} dx = \int_{2}^{3} \left(1 - \frac{2}{x}\right) dx = \left[ x - 2 \ln x \right]_{2}^{3} = (3 - 2 \ln 3) - (2 - 2 \ln 2) = 3 - 2 \ln 3 - 2 + 2 \ln 2 = 1 + 2 \ln 2 - 2 \ln 3\).

Second integral: \(\int_{3}^{4} \frac{4 - x}{x} dx = \int_{3}^{4} \left( \frac{4}{x} - 1 \right) dx = \left[ 4 \ln x - x \right]_{3}^{4} = (4 \ln 4 - 4) - (4 \ln 3 - 3) = 4 \ln 4 - 4 - 4 \ln 3 + 3 = 4 \ln 4 - 4 \ln 3 - 1 = 4 (2 \ln 2) - 4 \ln 3 - 1 = 8 \ln 2 - 4 \ln 3 - 1\).

So, \(\underline{3} = [1 + 2 \ln 2 - 2 \ln 3] + [8 \ln 2 - 4 \ln 3 - 1] = 1 + 2 \ln 2 - 2 \ln 3 + 8 \ln 2 - 4 \ln 3 - 1 = 10 \ln 2 - 6 \ln 3\).

Wait, that seems messy. Maybe there's a better way. Let's consider the integrals as functions of z? Wait, the options have expressions like \((\underline{2} + \underline{3})(z)\), but the problem says ""What are \(\underline{2} + \underline{3}\) and \(\underline{2} - \underline{3}\)?"" Wait, no—the options are written with a z, which is confusing. Wait, the problem statement says: ""What are \(\underline{2} + \underline{3}\) and \(\underline{2} - \underline{3}\)?"" but the options are piecewise functions of z. Hmm, maybe the problem is misstated, or I need to re-read.

Wait, the original problem says: ""Let \(\underline{2} = \int_{1}^{2} \frac{x - 1}{x} + \int_{2}^{3} \frac{3 - x}{x}\), \(\underline{3} = \int_{2}^{3} \frac{x - 2}{x} + \int_{3}^{4} \frac{4 - x}{x}\). What are \(\underline{2} + \underline{3}\) and \(\underline{2} - \underline{3}\)?""

Wait, but the options are written as functions of z, with different intervals. Maybe the problem is actually about defining new functions for the sums and differences, but the problem statement is a bit unclear. Wait, perhaps the question is to find the expressions for \(\underline{2} + \underline{3}\) and \(\underline{2} - \underline{3}\) as piecewise functions, where the ""z"" is a variable? But the original definitions of \(\underline{2}\) and \(\underline{3}\) are constants (they are definite integrals, so they are numbers). Wait, that can't be. Wait, no—maybe the problem has a typo, and the integrals are defined for a variable z? Wait, the problem says ""Let \(\underline{2} = \int_{1}^{2} \frac{x - 1}{x} + \int_{2}^{3} \frac{3 - x}{x}\)"", so these are just numbers. Then why are the options written as functions of z? That's confusing.

Wait, looking back at the options, they all have \((\underline{2} + \underline{3})(z)\) and \((\underline{2} - \underline{3})(z)\), which suggests that maybe the problem was intended to have \(\underline{2}(z)\) and \(\underline{3}(z)\) as functions, but the problem statement says ""Let \(\underline{2} = \int...\)"" (a constant). Hmm. Alternatively, maybe the problem is from a source where the integrals are parameterized by z, but as written, the integrals are definite integrals with fixed limits.

Wait, let's check the options. For example, option D has \((\underline{2} + \underline{3})(z) = \begin{cases} \frac{z - 2}{3} & 2 < z \leq 4 \\ \frac{5 - z}{3} & 4 < z < 6 \end{cases}\). So the problem might be that the original integrals are actually defined for a variable z, but the problem statement was written incorrectly.

Alternatively, maybe the problem is to compute \(\underline{2} + \underline{3}\) and \(\underline{2} - \underline{3}\) as numbers, but the options are functions. Wait, no, the options are all piecewise functions. So I must have misread the problem.

Wait, the problem says: ""What are \(\underline{2} + \underline{3}\) and \(\underline{2} - \underline{3}\)?"" but the options are piecewise functions. So likely, the problem is intended to have \(\underline{2}(z)\) and \(\underline{3}(z)\) as functions defined by those integrals with variable limits, but the problem statement says ""Let \(\underline{2} = \int...\)"" (with fixed limits). Hmm.

Wait, another approach: maybe the problem is from a context where \(\underline{n}\) is a function, and the question is about the sum and difference of these functions. For example, if \(\underline{n}(z)\) is defined as the integral from some lower limit to upper limit depending on z.

Wait, let's think differently. Suppose that the problem is to define two functions: \(f(z) = \int_{1}^{z} \frac{x - 1}{x} dx\) for \(1 \leq z \leq 2\), and \(g(z) = \int_{z}^{3} \frac{3 - x}{x} dx\) for \(2 \leq z \leq 3\), but no, the problem states \(\underline{2} = \int_{1}^{2} + \int_{2}^{3}\), so it's a constant.

Wait, maybe the problem is correct, and the answer is supposed to be the sum and difference of the two constants, but the options are written as functions. Wait, no, the sum and difference would be numbers, not functions. So I must be missing something.

Wait, let's compute the actual values of \(\underline{2}\) and \(\underline{3}\) numerically to see what they are.

First, compute \(\underline{2}\):

First integral: \(\int_{1}^{2} \frac{x - 1}{x} dx = \int_{1}^{2} (1 - 1/x) dx = [x - \ln x]_1^2 = (2 - \ln 2) - (1 - \ln 1) = 1 - \ln 2 \approx 1 - 0.693 = 0.307\).

Second integral: \(\int_{2}^{3} \frac{3 - x}{x} dx = \int_{2}^{3} (3/x - 1) dx = [3 \ln x - x]_2^3 = (3 \ln 3 - 3) - (3 \ln 2 - 2) = 3 \ln 3 - 3 - 3 \ln 2 + 2 = 3(\ln 3 - \ln 2) - 1 = 3 \ln(3/2) - 1 ≈ 3*(0.405) - 1 ≈ 1.215 - 1 = 0.215\).

So \(\underline{2} ≈ 0.307 + 0.215 ≈ 0.522\).

Now \(\underline{3}\):

First integral: \(\int_{2}^{3} \frac{x - 2}{x} dx = \int_{2}^{3} (1 - 2/x) dx = [x - 2 \ln x]_2^3 = (3 - 2 \ln 3) - (2 - 2 \ln 2) = 1 - 2 \ln 3 + 2 \ln 2 ≈ 1 - 2*1.0986 + 2*0.693 ≈ 1 - 2.197 + 1.386 ≈ 0.189\).

Second integral: \(\int_{3}^{4} \frac{4 - x}{x} dx = \int_{3}^{4} (4/x - 1) dx = [4 \ln x - x]_3^4 = (4 \ln 4 - 4) - (4 \ln 3 - 3) = 4 \ln 4 - 4 - 4 \ln 3 + 3 = 4(\ln 4 - \ln 3) - 1 = 4 \ln(4/3) - 1 ≈ 4*(0.2877) - 1 ≈ 1.1508 - 1 = 0.1508\).

So \(\underline{3} ≈ 0.189 + 0.1508 ≈ 0.3398\).

Then \(\underline{2} + \underline{3} ≈ 0.522 + 0.3398 ≈ 0.8618\), and \(\underline{2} - \underline{3} ≈ 0.522 - 0.3398 ≈ 0.1822\).

But the options are piecewise functions. So maybe the problem is about the antiderivatives or something else.

Wait, another thought: perhaps the problem is to find the sum and difference of the integrals as functions of a variable z, where the limits depend on z. For example, in some contexts, people define functions with variable limits.

Let me consider that the problem might have a typo, and the integrals are actually defined for a parameter z. For example, maybe \(\underline{2}(z) = \int_{1}^{z} \frac{x - 1}{x} dx + \int_{z}^{3} \frac{3 - x}{x} dx\) for \(1 \leq z \leq 3\), and similarly for \(\underline{3}(z)\). Then \(\underline{2}(z)\) would be a function of z, and we need to find its expression.

Let's try that. Suppose that \(\underline{2}(z)\) is defined as the integral from 1 to z of (x-1)/x dx plus integral from z to 3 of (3 - x)/x dx. Then \(\underline{2}(z)\) is a function of z, and we need to find its piecewise expression.

Similarly, \(\underline{3}(z) = \int_{2}^{z} \frac{x - 2}{x} dx + \int_{z}^{4} \frac{4 - x}{x} dx\) for \(2 \leq z \leq 4\).

This makes more sense, as the options are piecewise functions of z.

Let's proceed with this interpretation.

First, compute \(\underline{2}(z)\) for \(1 \leq z \leq 3\):

\(\underline{2}(z) = \int_{1}^{z} \frac{x - 1}{x} dx + \int_{z}^{3} \frac{3 - x}{x} dx\)

Compute the first integral: \(\int \frac{x - 1}{x} dx = \int (1 - 1/x) dx = x - \ln x + C\)

So first integral: \([x - \ln x]_1^z = (z - \ln z) - (1 - \ln 1) = z - \ln z - 1\) (since \(\ln 1 = 0\))

Second integral: \(\int \frac{3 - x}{x} dx = \int (3/x - 1) dx = 3 \ln x - x + C\)

So second integral: \([3 \ln x - x]_z^3 = (3 \ln 3 - 3) - (3 \ln z - z) = 3 \ln 3 - 3 - 3 \ln z + z\)

Thus, \(\underline{2}(z) = (z - \ln z - 1) + (3 \ln 3 - 3 - 3 \ln z + z) = 2z - 4 \ln z + 3 \ln 3 - 4\)

Wait, but this seems complicated. Maybe we can simplify the expression.

Wait, let's compute \(\underline{2}(z) + \underline{3}(z)\) and \(\underline{2}(z) - \underline{3}(z)\) as functions.

But the options have specific piecewise definitions. Let's look at the options.

Option D: \((\underline{2} + \underline{3})(z) = \begin{cases} \frac{z - 2}{3} & 2 < z \leq 4 \\ \frac{5 - z}{3} & 4 < z < 6 \end{cases}\)

Wait, but the problem says ""What are \(\underline{2} + \underline{3}\) and \(\underline{2} - \underline{3}\)?"" so maybe the sum and difference are functions, and we need to find their piecewise expressions.

Alternatively, let's compute the sum \(\underline{2} + \underline{3}\) as a function (assuming the integrals are defined for a variable z).

Wait, let's take a step back.

Suppose we have two functions:

\(f(z) = \int_{1}^{z} \frac{x - 1}{x} dx + \int_{z}^{3} \frac{3 - x}{x} dx\) for \(1 \leq z \leq 3\)

\(g(z) = \int_{2}^{z} \frac{x - 2}{x} dx + \int_{z}^{4} \frac{4 - x}{x} dx\) for \(2 \leq z \leq 4\)

We need to find \(f(z) + g(z)\) and \(f(z) - g(z)\).

Let's compute \(f(z)\) first.

As above, \(f(z) = [z - \ln z - 1] + [3 \ln 3 - 3 - 3 \ln z + z] = 2z - 4 \ln z + 3 \ln 3 - 4\)

Wait, but maybe we can write it in terms of known quantities.

Alternatively, let's compute the derivative of \(f(z)\): \(f'(z) = \frac{z - 1}{z} + \frac{3 - z}{z} = \frac{(z - 1) + (3 - z)}{z} = \frac{2}{z}\). Wait, that's interesting.

Wait, no: the derivative of the integral from 1 to z of h(x) dx is h(z), and the derivative of the integral from z to 3 of k(x) dx is -k(z). So:

\(f'(z) = \frac{z - 1}{z} - \frac{3 - z}{z} = \frac{(z - 1) - (3 - z)}{z} = \frac{2z - 4}{z} = 2 - \frac{4}{z}\). Hmm, not sure.

Wait, no: the derivative of \(\int_{a}^{z} h(x) dx = h(z)\), and the derivative of \(\int_{z}^{b} k(x) dx = -k(z)\). So:

\(f'(z) = \frac{d}{dz} \left( \int_{1}^{z} \frac{x - 1}{x} dx + \int_{z}^{3} \frac{3 - x}{x} dx \right) = \frac{z - 1}{z} - \frac{3 - z}{z} = \frac{(z - 1) - (3 - z)}{z} = \frac{2z - 4}{z} = 2 - \frac{4}{z}\).

But maybe this isn't helpful.

Let's compute \(f(z) + g(z)\) and \(f(z) - g(z)\) explicitly.

First, compute \(f(z) + g(z)\):

\(f(z) = \int_{1}^{z} \frac{x - 1}{x} dx + \int_{z}^{3} \frac{3 - x}{x} dx\)

\(g(z) = \int_{2}^{z} \frac{x - 2}{x} dx + \int_{z}^{4} \frac{4 - x}{x} dx\)

So \(f(z) + g(z) = \left( \int_{1}^{z} \frac{x - 1}{x} dx + \int_{2}^{z} \frac{x -  (x - 2)}{x} dx \right) + \left( \int_{z}^{3} \frac{3 - x}{x} dx + \int_{z}^{4} \frac{4 - x}{x} dx \right)\)

Wait, no, the second integral in g(z) is \(\int_{z}^{4} \frac{4 - x}{x} dx\), so:

Let's write out all integrals:

\(f(z) + g(z) = \int_{1}^{z} \frac{x - 1}{x} dx + \int_{z}^{3} \frac{3 - x}{x} dx + \int_{2}^{z} \frac{x - 2}{x} dx + \int_{z}^{4} \frac{4 - x}{x} dx\)

Combine the integrals:

First, the integrals from 1 to z, 2 to z, and z to 3, z to 4.

Let's split into intervals.

For \(2 \leq z \leq"
902,"Okay, let's see. The problem is to solve the expression √81 divided by √36. Hmm, square roots. I need to remember how square roots work. 

First, I know that √81 is the square root of 81. What's the square root of 81? Well, 9 times 9 is 81, so √81 should be 9. Let me confirm: 9² = 81, yes, so √8ื่ is 9.

Then, √36. Similarly, 6 times 6 is 36, so √36 is 6. 

So the expression is 9 divided by 6. Let me write that down: 9/6. But maybe we can simplify that fraction. 9 divided by 6 is the same as 3/2, which is 1.5. Wait, but the problem says ""the expression equals [ANS]/[ANS]"". So they want it in a fraction form, probably simplified.

Wait, let me think again. Maybe there's another way to approach this. Sometimes, you can simplify the square roots first before dividing. Like, √a / √b = √(a/b). So √81 / √36 = √(81/36) = √(9/4) = 3/2. Oh, that's a good point. Because √(81/36) is the same as √81 over √36. And 81 divided by 36 simplifies to 9/4, since both are divisible by 9. 81 ÷ 9 = 9, 36 ÷ 9 = 4. So 9/4. Then the square root of 9/4 is 3/2. So that's 3/2. 

Let me check: 3 divided by 2 is 1.5, and 9 divided by 6 is 1.5, so that's correct. So the value is 3/2. 

The problem says ""the expression equals [ANS]/[ANS]"". So they want two numbers, like a fraction. So 3 and 2. So the answer is 3/2, so [ANS] is 3 and [ANS] is 2. 

Wait, let me make sure. Let's do the calculation step by step. 

First, compute √81: 81 is 9 squared, so √81 = 9. 

Then, √36: 36 is 6 squared, so √36 = 6. 

Then, 9 divided by 6 is 9/6, which simplifies to 3/2. So the expression equals 3/2. 

So the answer is 3 and 2. So the expression equals 3/2, so [ANS] is 3 and [ANS] is 2. 

I think that's it. Let me see if there's any other interpretation. For example, sometimes people confuse principal square roots, but in this case, since we're dealing with positive numbers (81 and 36 are positive), the square roots are positive. So no issues there. 

Another way: 81 is 9², 36 is 6², so √81 = 9, √36 = 6, so 9/6 = 3/2. Yep, that's straightforward. 

So the answer should be 3 and 2. So the expression equals 3/2, so the two answers are 3 and 2.
</think>

To evaluate the expression $\frac{\sqrt{81}}{\sqrt{36}}$, we proceed step by step.

---

### Step 1: Evaluate the square roots

We know:

- $\sqrt{81} = 9$ because $9^2 = 81$
- $\sqrt{36} = 6$ because $6^2 = 36$

So the expression becomes:
$$
\frac{\sqrt{81}}{\sqrt{36}} = \frac{9}{6}
$$

---

### Step 2: Simplify the fraction

Now simplify $\frac{9}{6}$:

$$
\frac{9}{6} = \frac{3}{2}
$$

This is the simplified form of the expression.

---

### Final Answer

The expression $\frac{\sqrt{81}}{\sqrt{36}}$ simplifies to $\frac{3}{2}$, which means it equals **3** divided by **2**.

Thus, the answer is:

$$
\boxed{3, 2}
$$"
903,"Okay, let's tackle this problem step by step. First, I need to figure out which part of the question is being asked. Wait, the user provided two different questions here. Let me check.

The first part says: ""In a histogram, the proportion of the total area which must be to the left of the median is:"" followed by options A-D. Then it says ""Which of the following statements is true?"" followed by another set of options labeled A-E. Hmm, maybe the user wants me to solve both parts? Wait, no, looking back:

Wait, the original problem seems to have two separate questions. Let me parse this carefully.

First question: ""In a regards to a histogram, the proportion of the total area which must be to the left of the median is: [ANS] A. exactly 0.50 B. between 0.25 and 0ื่ if the distribution is symmetric and unimodal C. more than 0.50 if the distribution is skewed to the right D. less than 0.50 if the distribution is skewed to the left""

Wait, the user wrote ""Which of the following statements is true?"" followed by options A-E. So perhaps the first part is a multiple-choice question (the first part about the histogram and median), and then there's another multiple-choice question (the second part with options A-E). But the way it's written is a bit confusing.

Wait, the user says: ""Solve the problem step-by-step."" So they want me to solve the problem they presented. Let me re-read.

""In a histogram, the proportion of the total area which must be to the left of the median is: [ANS] A. exactly 0.50 B. between 0.25 and 0.60 if the distribution is symmetric and unimodal C. more than 0.50 if the distribution is skewed to the right D. less than 0.50 if the distribution is skewed to the left

Which of the following statements is true? [ANS] A. The sum of the squared deviations from the arithmetic mean is always zero B. The distance between the first and third quartiles is twice the distance between the first quartile and the median C. The sum of the deviations from the arithmetic mean is always zero D. The standard deviation is always less than the variance E. The arithmetic mean is always less than the geometric mean""

Wait, so actually, the first part is a question (about the proportion left of median in a histogram) with options A-D, and the second part is another question (""Which of the following statements is true?"") with options A-E. But the user says ""Solve the problem step-by-step."" Maybe they want me to answer both?

But the initial instruction says: ""If the problem has multiple sub-answers, separate them by commas inside a single \boxed{}..."" So probably, the user is asking for the answer to the second part? Wait, no. Wait, the way it's written, the first paragraph is a question (the histogram one), then ""Which of the following statements is true?"" with options A-E. Hmm. Maybe the user pasted two different problems together.

Wait, the first sentence: ""In a histogram, the proportion of the total area which must be to the left of the median is: [ANS] A. exactly 0.50..."" So this is a multiple-choice question where the correct answer is one of A, B, C, D. Then the next paragraph says ""Which of the following statements is true?"" with options A-E. So the user might have intended to ask about the second part? Or maybe the first part is a question that needs to be answered, but the way it's written is a bit messy.

Wait, perhaps the user wants me to answer the second part only? Because the first part is a question that's phrased as ""In a histogram..."". But given the context, I think the main question here is the second part: ""Which of the following statements is true?"" with options A-E. Wait, but the first part is also a question. Hmm.

Wait, looking at the exact wording: ""In a histogram, the proportion of the total area which must be to the left of the median is: [ANS] A. exactly 0.50..."" So this is a question that's part of a list, and the user wants me to solve it. Then the next part says ""Which of the following statements is true?"" with options A-E. So maybe the user is presenting two different problems here? But the way it's written, the user says ""Solve the problem step-by-step."" So perhaps they want me to answer the second part (the ""Which of the following statements is true?"" part), since the first part is a different question.

Wait, but the user says ""If the problem has multiple sub-answers..."" So maybe the problem they're referring to is the second part (the ""Which..."" question), which has multiple choices, and we need to pick the correct one.

Let me focus on the second part: ""Which of the following statements is true?"" with options A-E.

Let's go through each option:

A. The sum of the squared deviations from the arithmetic mean is always zero

Hmm, sum of squared deviations from the mean is a measure of variance. For any data set, the sum of squared deviations from the mean is non-negative, and it's zero only if all data points are equal. So this statement is false. For example, if you have data {1,2}, the sum of squared deviations from the mean (which is 1.5) is (0.5)^2 + (-0.5)^2 = 0.25 + 0.25 = 0.5 ≠ 0. So A is false.

B. The distance between the first and third quartiles is twice the distance between the first quartile and the median

This is about interquartile range vs. other distances. The distance between Q1 and Q3 is IQR (interquartile range). The distance between Q1 and median (Q2) is another measure. There's no general rule that IQR is twice the distance from Q1 to median. For example, in a uniform distribution, the distances could be different. Let's take a simple example: data [1,2,3,4,5]. Q1=2, Q2=3, Q3=4. So distance between Q1 and Q3 is 2, distance between Q1 and median is 1. So 2 is twice 1 here. Wait, but this is a specific case. Wait, in this case, yes, it's twice. But does it hold generally?

Wait, no. Take another example: data [1,1,2,3,4]. Q1=1, Q2=2, Q3=3. Then IQR = 3 -1 = 2. Distance from Q1 to median is 1. So 2 is twice 1 here too. Hmm. Wait, but what about a skewed distribution?

Take data [1,2,3,4,100]. Q1=2, Q2=3, Q3=4. So IQR = 4 - 2 = 2. Distance from Q1 to median is 1. So again, 2 is twice 1. Wait, but this seems like in these examples it's holding. Wait, no, wait: in this example, the IQR is 2, and the distance from Q1 to median is 1, so yes, it's twice. But is this a general property?

Wait, no. Let's take a different example. Suppose data [1, 2, 3, 4, 5, 6, 7]. Q1 is the median of lower half: [1,2,3], so Q1=3; Q2=4; Q3=median of upper half [5,6,7] so Q3=6. Then IQR = 6 - 3 = 3. Distance from Q1 to median is 4 - 3 = 1. So here, IQR (3) is three times the distance from Q1 to median (1). So in this case, it's not twice. So the statement B is false. So B is not always true.

C. The sum of the deviations from the arithmetic mean is always zero

Yes! This is a key property of the mean. The arithmetic mean is defined such that the sum of deviations from the mean is zero. For any dataset, sum(x_i - mean) = 0. So this is a true statement. Wait, but let's confirm.

For example, data [1,2,3]. Mean is 2. Sum of deviations: (1-2)+(2-2)+(3-2)= (-1)+0+1=0. Yes. Another example: [5,5,5]. Mean=5. Sum of deviations: 0+0+0=0. So yes, this sum is always zero. So statement C is true.

D. The standard deviation is always less than the variance

No, because variance is the square of the standard deviation. So variance = (standard deviation)^2. Since standard deviation is non-negative, variance is always greater than or equal to the standard deviation. Wait, no: variance is in squared units, but numerically, if standard deviation is s, then variance is s². So s is the standard deviation, variance is s². So variance is s squared, so if s > 1, variance is larger than s. Wait, but the statement says ""the standard deviation is always less than the variance"". Wait, no: variance is s², so if s < 1, then variance (s²) < s. For example, if s = 0.5, variance = 0.25 < 0.5. So in that case, variance is less than standard deviation. Wait, this is a common confusion.

Wait, standard deviation (s) and variance (σ²). The statement says: ""The standard deviation is always less than the variance"". Wait, no, variance is σ², standard deviation is σ. So the statement is comparing s and σ². Wait, no: variance is σ², standard deviation is σ. So the statement says ""the standard deviation is always less than the variance"", i.e., σ < σ². Is that true?

Wait, no. For example, if σ = 2, then variance is 4, so σ (2) < variance (4). So here, standard deviation is less than variance.

But if σ = 0.5, variance is 0.25. Then standard deviation (0.5) is greater than variance (0.25). So in this case, standard deviation is greater than variance.

So the statement ""the standard deviation is always less than the variance"" is false. Because when σ < 1, variance (σ²) is less than σ, so standard deviation > variance. For example, σ = 0.5, variance = 0.25. So 0.5 > 0.25. Therefore, the statement D is false.

E. The arithmetic mean is always less than the geometric mean

No, this depends on the data. For positive numbers, the AM ≥ GM, with equality iff all numbers are equal. So the arithmetic mean is always greater than or equal to the geometric mean. So the statement says ""the arithmetic mean is always less than the geometric mean"", which is false. In fact, it's the opposite: AM ≥ GM. So E is false.

So going back, the only true statement among A-E is C.

Wait, but let's double-check.

Statement C: ""The sum of the deviations from the arithmetic mean is always zero""

Yes, this is a fundamental property. For any dataset, the sum of (x_i - mean) = 0. So this is true. So C is correct.

Now, the other options:

A: sum of squared deviations is always zero? No, as we saw.

B: IQR is twice the distance from Q1 to median? Not necessarily, as shown in the example with [1,2,3,4,5,6,7], where IQR = 3, Q1 to median is 1, so 3 is three times 1.

D: standard deviation less than variance? As we saw, depends on σ. If σ >1, then variance (σ²) > σ, so SD < variance. If σ <1, variance < SD. So the statement ""the standard deviation is always less than the variance"" is false.

E: AM always less than GM? No, AM ≥ GM.

Therefore, the correct answer is C.

Wait, but the problem says ""Which of the following statements is true?"" So the answer is C.

But let me check again.

Wait, the original question lists options A-E. So the correct choice is C.

But wait, the problem says ""the sum of the deviations from the arithmetic mean is always zero"". Yes, this is a key point. For example, in statistics, the mean is calculated such that the sum of deviations is zero. So this is a true statement.

So the answer should be C.

But the user mentioned ""If the problem has multiple sub-answers..."", but in this case, the problem is a single-answer multiple choice. So the answer is C.

Wait, but the user wrote ""Which of the following statements is true?"" so only one is correct.

Yes, C is correct.

So the final answer is C.

Wait, but the user might have intended a different question. Let me just make sure.

Wait, the first part of the question (the histogram one) is a different question. But the user says ""Solve the problem step-by-step."" So maybe they want the answer to the second part (the ""Which..."" question).

Given that, the answer is C.

Wait, but let me check the options again.

Option C: ""The sum of the deviations from the arithmetic mean is always zero""

Yes, this is true. For example, in a dataset, sum of (x_i - μ) = 0, where μ is the mean.

So yes, C is correct.

Other options:

A: sum of squared deviations is always zero? No.

B: IQR is twice the distance from Q1 to median? Not necessarily.

D: SD < variance? No, depends.

E: AM < GM? No, AM ≥ GM.

Hence, the correct answer is C.

**Final Answer**
\boxed{C}
</think>

To determine which of the given statements is **true**, we analyze each option carefully using statistical principles.

---

### **Option A**: *The sum of the squared deviations from the arithmetic mean is always zero*

- **Analysis**: The sum of squared deviations from the mean is a **measure of variability** (variance). It is **never** zero unless all data points are identical.
- **Example**: For data `{1, 2, 3}`, the mean is `2`. The squared deviations are `(1−2)² = 1`, `(2−2)² = 0`, `(3−2)² = 1`. Sum = `2 ≠ 0`.
- **Conclusion**: This statement is **false**.

---

### **Option B**: *The distance between the first and third quartiles is twice the distance between the first quartile and the median*

- **Analysis**: This refers to the **interquartile range (IQR)** and its relationship with the median.
- In many distributions (e.g., symmetric ones), this may hold, but it is **not a universal rule**.
- **Counterexample**: Consider the dataset `[1, 2, 3, 4, 5, 6, 7]`
  - Q1 = 2, Q2 (median) = 4, Q3 = 6
  - IQR = 6 − 2 = 4
  - Distance from Q1 to median = 4 − 2 = 2
  - Here, IQR = **twice** the distance from Q1 to median → **this holds** for this example.
- However, consider a **skewed** dataset like `[1, 1, 2, 3, 4, 5, 100]`
  - Q1 = 1, Q2 = 3, Q3 = 4
  - IQR = 4 − 1 = 3
  - Distance from Q1 to median = 3 − 1 = 2
  - Now, IQR = 3, which is **not** twice the distance (2).
- **Conclusion**: This statement is **not always true** → **False**.

---

### **Option C**: *The sum of the deviations from the arithmetic mean is always zero*

- **Analysis**: This is a **fundamental property** of the arithmetic mean.
  - By definition, the **arithmetic mean** is chosen such that the **sum of deviations from the mean is zero**.
  - Mathematically:  
    $$
    \sum_{i=1}^{n}(x_i - \bar{x}) = 0
    $$
    where $\bar{x}$ is the mean.
- **Example**: For data `{1, 2, 3}`, mean = 2. Deviations: `-1`, `0`, `+1` → sum = `0`.
- **Conclusion**: This statement is **always true** → **True**.

---

### **Option D**: *The standard deviation is always less than the variance*

- **Analysis**: Variance is the **square** of the standard deviation (for a given dataset).
  - Let $ s $ = standard deviation, $ \sigma^2 $ = variance.
  - Then, $ \text{variance} = s^2 $
- So, the comparison is: **Is $ s < s^2 $?**
  - If $ s = 0.5 $, then $ s^2 = 0.25 $ → $ s > s^2 $
  - If $ s = 2 $, then $ s^2 = 4 $ → $ s < s^2 $
- Thus, the statement **depends on the value of $ s $** and is **not always true**.
- **Conclusion**: This statement is **false**.

---

### **Option E**: *The arithmetic mean is always less than the geometric mean*

- **Analysis**: For positive real numbers, the **AM–GM inequality** states:
  $$
  \text{Arithmetic Mean} \geq \text{Geometric Mean}
  $$
  with equality **only** when all values are equal.
- Therefore, the **arithmetic mean is always greater than or equal to** the geometric mean.
- The statement claims the **mean is always less than** the geometric mean → **Contradicts the AM–GM inequality**.
- **Conclusion**: This statement is **false**.

---

### ✅ Final Evaluation

Only **Option C** is **always true** based on the properties of the arithmetic mean.

---

### ✅ Final Answer

$$
\boxed{C}
$$"
904,"Okay, let's try to figure out this problem. So we have a bunch of matrices labeled R1 to R6, and we need to compute (R1 ∪ R2) · (R3 · R5). Wait, hold on—the notation here is confusing. In mathematics, when we write R1 ∪ R2, that's usually set union, but these are matrices. Hmm, maybe it's a typo? Or perhaps in this context, the ∪ is meant to be matrix addition? But no, the problem says ""What is the value of (R1 ∪ R2) · (R3 · R5)"". Wait, the dot here might be matrix multiplication? But the symbols are written with a union symbol and a dot.

Wait, looking at the options, they all have matrices with three columns and three rows? Let me check the dimensions first.

First, let's list the dimensions of each R:

R1: 3x4 matrix (3 rows, 4 columns)
R2: 3x4 matrix
R3: Wait, R3 is written as a matrix with 4 rows and 2 columns? Wait, the problem says:

R3 = [[0.6, 0.5], [0.7, 0.8], [1, 0.9], [0.2, 0.3]] — so that's 4 rows, 2 columns. So R3 is 4x2.

Similarly, R4 is 4x2 (since it has four rows: 0.7,0.3; 0.6,0.4; 0.5,0.5; 0.4,0.6)
R5: [[0.2, 0.3, 0.7], [0.6, 0.4, 0.8]] — so 2 rows, 3 columns.
R6: [[0.2, 0.6, 0.9], [0.3, 0.2, 0.1]] — 2x3 matrix.

Wait, but the operations here: (R1 ∪ R2) · (R3 · R5). The union symbol is confusing here. In standard math, union is for sets, not matrices. Maybe it's a misprint? Like, maybe it's supposed to be matrix multiplication? But the problem uses ""·"" for multiplication and ""∪"" for union. Hmm.

Wait, the problem says ""What is the value of (R1 ∪ R2) · (R3 · R5)"". If it's set operations, but R1, R2 etc. are matrices, then the union doesn't make sense here. Maybe it's a typo in the problem statement? For example, in some contexts, people use ∪ for union, but in linear algebra, it's not used for matrices. Alternatively, maybe the problem is using ∪ to mean something else here.

Wait, looking at the options, they all have matrices with 3 rows and 3 columns (or 3 rows and varying columns?), but the problem's R1 is 3x4, R2 is 3x4, R3 is 4x2, R5 is 2x3. Hmm. Wait, matrix multiplication requires that the number of columns of the first matrix equals the number of rows of the second matrix.

But here, the expression is (R1 ∪ R2) multiplied by (R3 · R5). Wait, if ∪ is a typo for something else. Let me think.

Alternatively, maybe the problem is written with some notation where ∪ represents matrix addition? But even then, the union symbol is not standard for addition.

Wait, another thought: in some contexts, especially in probability or statistics, ∪ can denote union of events, but here we have matrices. Hmm.

Wait, the problem says ""What is the value of (R1 ∪ R2) · (R3 · R5)"". Maybe the ""·"" here is matrix multiplication, and ""∪"" is a typo for something else? For example, maybe it's supposed to be R1 + R2 instead of R1 ∪ R2? Because union is not a matrix operation.

Given that all the options are 3x3 matrices (looking at the options), but the original matrices have different dimensions. Let's check the dimensions.

First, R1 is 3x4, R2 is 3x4. If we take R1 ∪ R2 as a union, which is not a matrix operation, so this is confusing.

Wait, perhaps the problem is from a source where they use ∪ to denote concatenation or something else? Hmm.

Alternatively, maybe the problem is written incorrectly, and the actual operations are matrix multiplications with some other symbols. Let's look at the options.

Looking at option C: it's a 3x3 matrix:

[0.6, 0.3, 0.7]

[0.6, 0.1, 0.9]

[0.6, 0.3, 0.9]

Wait, but the problem says (R1 ∪ R2) · (R3 · R5). If ""·"" is matrix multiplication, then we need to check the dimensions.

Wait, R3 is 4x2, R5 is 2x3. So R3 · R5 would be 4x3 (if · is matrix multiplication). Then (R1 ∪ R2) · ... but R1 and R2 are 3x4. Hmm, this seems messy.

Wait, the problem might have a typo in the operations. Let's see.

Wait, another angle: in some contexts, especially in computer science, ∪ can mean union of sets, but here we have matrices. Maybe the problem is about set operations on the elements of the matrices? Not sure.

Wait, the problem states ""What is the value of (R1 ∪ R2) · (R3 · R5)"". The use of ∪ and · here is confusing. Let's check the options.

Option C has a 3x3 matrix with first column [0.6, 0.6, 0.6], second column [0.3, 0.1, 0.3], third column [0.7, 0.9, 0.9]. Wait, no, looking at option C:

C. (R1 ∪ R2) · (R3 · R5) = [
[0.6, 0.3, 0.7],
[0.6, 0.1, 0.9],
[0.6, 0.3, 0.9]
]

Wait, no, actually, looking at the LaTeX code for option C:

It's written as:

\left\{\begin{matrix} {{0. 6}} & {{0. 3}} & {{0. 7}} \\ {{0. 6}} & {{0. 1}} & {{0. 9}} \\ {{0. 6}} & {{0. 3}} & {{0. 9}} \\ \end{matrix} \right\}

So it's a 3x3 matrix with first column all 0.6, second column [0.3, 0.1, 0.3], third column [0.7, 0.9, 0.9].

Hmm. Let's think about possible operations.

Wait, R3 is given as a 4x2 matrix (4 rows, 2 columns):

R3 = [
[0.6, 0.5],
[0.7, 0.8],
[1.0, 0.9],
[0.2, 0.3]
]

R5 is a 2x3 matrix:

R5 = [
[0.2, 0.3, 0.7],
[0.6, 0.4, 0.8]
]

If we do R3 · R5 (matrix multiplication), then R3 is 4x2, R5 is 2x3, so the product would be 4x3.

Then (R1 ∪ R2) · (that product). But R1 and R2 are 3x4. Wait, unless the ∪ is a typo for something else.

Wait, the problem says ""(R1 ∪ R2) · (R3 · R5)"". If ""∪"" here is a typo for ""+"" (addition), then it's (R1 + R2) · (R3 · R5). But even then, the operations may not align.

Alternatively, maybe the problem uses ""∪"" to mean ""union"" in terms of combining rows or columns? Not sure.

Wait, another idea: in some contexts, especially in data structures or programming, ∪ could mean union of two sets, but here we have matrices. Hmm.

Wait, the problem might be from a specific context where these operations are defined differently. Let's try to see what each option looks like.

Option C has a matrix with first column all 0.6s. Option D has first column [0.4, 0.4, 0.4], etc.

Wait, maybe the problem is about Boolean operations? But the numbers are decimals.

Alternatively, think about the fact that some of the matrices might be row-stochastic or column-stochastic. For example, R1 has rows that sum to 1.0? Let's check:

R1 first row: 0.5 + 0.4 + 0.2 + 0.1 = 1.2? Wait, 0.5+0.4=0.9, +0.2=1.1, +0.1=1.2. Hmm, not 1.0. Wait, maybe the problem is about transition matrices?

Wait, R3 is written as having four rows, each with two elements. Wait, R3 is a 4x2 matrix. Similarly, R4 is 4x2, R5 is 2x3, R6 is 2x3.

Wait, the problem says ""What is the value of (R1 ∪ R2) · (R3 · R5)"". If the ""·"" is matrix multiplication and ""∪"" is a typo for ""concatenation"" or something else.

Alternatively, maybe the problem intended to write matrix multiplication with a different symbol, like a dot for multiplication, but the union is a mistake.

Wait, given that all the options are 3x3 matrices, but the original matrices have different dimensions. Let's see:

If we assume that the operations are matrix multiplications, but the problem has typos in the notation.

For instance, suppose that ""R1 ∪ R2"" was supposed to be ""R1 + R2"", but even then.

Wait, another approach: Let's look at the options and see which one makes sense.

Option C: the matrix has first column all 0.6. The second column is [0.3, 0.1, 0.3], third column [0.7, 0.9, 0.9].

Wait, if we consider that R3 · R5 is a matrix multiplication. Let's try to compute R3 * R5.

R3 is 4x2:

Row 1: [0.6, 0.5]

Row 2: [0.7, 0.8]

Row 3: [1.0, 0.9]

Row 4: [0.2, 0.3]

R5 is 2x3:

Row 1: [0.2, 0.3, 0.7]

Row 2: [0.6, 0.4, 0.8]

So R3 * R5 (matrix multiplication) would be 4x3.

Compute each element:

First row of product (from R3 row 1 times R5 columns):

Column 1: 0.6*0.2 + 0.5*0.6 = 0.12 + 0.3 = 0.42

Column 2: 0.6*0.3 + 0.5*0.4 = 0.18 + 0.2 = 0.38

Column 3: 0.6*0.7 + 0.5*0.8 = 0.42 + 0.4 = 0.82

Second row:

Column 1: 0.7*0.2 + 0.8*0.6 = 0.14 + 0.48 = 0.62

Column 2: 0.7*0.3 + 0.8*0.4 = 0.21 + 0.32 = 0.53

Column 3: 0.7*0.7 + 0.8*0.8 = 0.49 + 0.64 = 1.13? Wait, no: wait, R5's columns are [0.2,0.6], [0.3,0.4], [0.7,0.8]?

Wait, no: R5 is written as:

R5 = \begin{pmatrix} 0.2 & 0.3 & 0.7 \\ 0.6 & 0.4 & 0.8 \end{pmatrix}

So R5 is 2x3 matrix. So columns of R5 are [0.2, 0.6], [0.3, 0.4], [0.7, 0.8]

Therefore, when multiplying R3 (4x2) by R5 (2x3), we get a 4x3 matrix.

So the first element of the product (row 1, col 1): 0.6*0.2 + 0.5*0.6 = 0.12 + 0.3 = 0.42

Row 1, col 2: 0.6*0.3 + 0.5*0.4 = 0.18 + 0.2 = 0.38

Row 1, col 3: 0.6*0.7 + 0.5*0.8 = 0.42 + 0.4 = 0.82

Row 2, col 1: 0.7*0.2 + 0.8*0.6 = 0.14 + 0.48 = 0.62

Row 2, col 2: 0.7*0.3 + 0.8*0.4 = 0.21 + 0.32 = 0.53

Row 2, col 3: 0.7*0.7 + 0.8*0.8 = 0.49 + 0.64 = 1.13? Wait, no: Wait, R5's third column is [0.7, 0.8], so yes.

Row 3, col 1: 1.0*0.2 + 0.9*0.6 = 0.2 + 0.54 = 0.74

Row 3, col 2: 1.0*0.3 + 0.9*0.4 = 0.3 + 0.36 = 0.66

Row 3, col 3: 1.0*0.7 + 0.9*0.8 = 0.7 + 0.72 = 1.42

Row 4, col 1: 0.2*0.2 + 0.3*0.6 = 0.04 + 0.18 = 0.22

Row 4, col 2: 0.2*0.3 + 0.3*0.4 = 0.06 + 0.12 = 0.18

Row 4, col 3: 0.2*0.7 + 0.3*0.8 = 0.14 + 0.24 = 0.38

So R3 · R5 (matrix multiplication) is a 4x3 matrix:

[
[0.42, 0.38, 0.82],
[0.62, 0.53, 1.13],
[0.74, 0.66, 1.42],
[0.22, 0.18, 0.38]
]

Hmm, but the options are 3x3 matrices. So this product is 4x3, which doesn't match any option. So probably the operations are not standard matrix multiplication.

Wait, the problem says ""What is the value of (R1 ∪ R2) · (R3 · R5)"". If the ""·"" is a dot product, but no.

Alternatively, maybe the problem uses ""·"" for element-wise multiplication? But the options have different structures.

Wait, another thought: In some contexts, especially in probability, the union of events is denoted by ∪, but here it's matrices. Maybe the problem is about set operations on the rows or columns?

Alternatively, the problem might have a typo in the operations. For example, maybe it's supposed to be (R1 + R2) × (R3 × R5), but still.

Wait, looking at the options, option C has a matrix with all first column 0.6. Option G has first column [0.8, 0.8, 0.8], etc.

Wait, if we consider that the problem is about the union of the rows or something. Hmm.

Alternatively, maybe the ""∪"" here is a misprint for ""∨"" (logical OR), but again, not sure.

Wait, the problem says ""R1 ∪ R2"". If R1 and R2 are sets, then their union is a set. But the problem writes them as matrices. This is very confusing.

Wait, given that all the options are 3x3 matrices, and the original matrices have different dimensions, perhaps the problem is about the Kronecker product or something else.

Alternatively, the problem might be from a specific textbook or context where ""R"" denotes something else, like a relation.

Wait, another angle: In some contexts, especially in set theory, a relation can be represented as a matrix, where each entry indicates membership. So R1, R2, etc., are relations. Then, the union of relations is the union of the matrices (element-wise), and composition is the matrix multiplication.

Ah! This might be it. In relational algebra, relations can be represented as matrices, and the union of relations is the union of the corresponding matrices (i.e., element-wise OR), and composition is a different operation. Wait, but the problem uses ""·"" for composition.

Wait, in relational algebra, the composition of relations is done via a join, but matrix multiplication for relations is sometimes defined as the composition.

Assuming that the matrices represent relations (binary relations), then the union ∪ is the element-wise union (OR), and the composition · is the relational composition (which corresponds to matrix multiplication).

In this case, if we have two relations R1 and R2, their union is R1 ∪ R2 (element-wise OR), and then we compose it with another relation (R3 · R5), but the problem writes (R1 ∪ R2) · (R3 · R5). Wait, but the order of operations: first compute R1 ∪ R2, then multiply by (R3 · R5).

But in relational algebra, composition is associative, but the order matters.

However, given that the options are 3x3 matrices, let's try to see.

Assuming that all these matrices are over {0,1} or something, but the entries are decimals here.

Wait, the problem uses decimal numbers, so maybe it's not Boolean.

Alternatively, if the matrices are transition matrices in Markov chains, where the rows sum to 1. Let's check:

R1: each row sums to?

First row of R1: 0.5 + 0.4 + 0.2 + 0.1 = 1.2

Second row: 0.2 + 0.6 + 0.4 + 0.5 = 1.7

Third row: 0.1 + 0.9 + 1.0 + 0.7 = 2.7

Not stochastic.

Hmm.

Wait, looking back at the problem statement: It says ""What is the value of (R1 ∪ R2) · (R3 · R5)"". The use of ""·"" here might be a dot product, but for matrices it's usually matrix multiplication.

Given the time I've spent, maybe the answer is option C. Wait, why?

Wait, option C has a matrix with first column all 0.6. If we consider R3 · R5 as some operation, but I'm not sure.

Alternatively, think about the fact that R3 is written as having four rows, but the options are 3x3. So maybe the problem intended to have different matrices.

Wait, another idea: The problem might have mixed up the labels. For example, R3 is a 4x2 matrix, but the problem says ""R3 = ..."" with four rows. However, the options are 3x3. So maybe the operations are defined on a subset.

Alternatively, the problem is a trick question where the union of R1 and R2 is empty or something, but not sure.

Wait, looking at option J: it's a 3x3 matrix with each row being [0.2, 0.8, 0.2], [0.2, 0.6, 0.2], [0.2, 0.9, 0.2]. Wait, no, option J has:

J. (R1 ∪ R2) · (R3 · R5) = [
[0.2, 0.8, 0.2],
[0.2, 0.6, 0.2],
[0.2, 0.9, 0.2]
]

Wait, no, looking at the LaTeX:

J. \left\{\begin{matrix} {{0. 2}} & {{0. 8}} & {{0. 2}} \\ {{0. 2}} & {{0. 6}} & {{0. 2}} \\ {{0. 2}} & {{0. 9}} & {{0. 2}} \\ \end{matrix} \right\}

So each row has first element 0.2, second 0.8, 0.6, 0.9, third 0.2.

This looks like a matrix where each row is [0.2, x, 0.2], with x varying.

But how does this relate to the given matrices?

Wait, another angle: Maybe the problem uses ""∪"" to mean ""union"" of the rows, but in a different way.

Alternatively"
905,"Okay, let's tackle this problem step by step. First, I need to figure out for each data set which model best fits the data. The first data set is given with x from 1 to 7 and corresponding y values: 1, 2.83, 5.2, 8, 11.18, 14.7, 18.52. The second data set has x from 1 to 7 with y values: 4.5, 7.5, 10.5, 13.5, 16.5, 19.5, 22.5. 

Starting with the first data set. Let me list out the y values:

x | y
1 | 1
2 | 2.83
3 | 5.2
4 | 8
5 | 11.18
6 | 14.7
7 | 18.52

First, I should check if it's linear. For a linear model, the differences between consecutive y-values should be roughly constant.

Let's compute the first differences (Δy):

2.83 - 1 = 1.83

5.2 - 2.83 = 2.37

8 - 5.2 = 2.8

11.18 - 8 = 3.18

14.7 - 11.18 = 3.52

18.52 - 14.7 = 3.82

Hmm, the differences are increasing. So maybe not linear. Let's check second differences (Δ²y) to see if it's quadratic.

Second differences:

2.37 - 1.83 = 0.54

2.8 - 2.37 = 0.43

3.18 - 2.8 = 0.38

3.52 - 3.18 = 0.34

3.82 - 3.52 = 0.3

The second differences are decreasing but not constant. Wait, maybe it's exponential? But the y values are increasing, but let's see the ratio of consecutive y's.

Compute y2/y1: 2.83 / 1 ≈ 2.83

y3/y2: 5.2 / 2.83 ≈ 1.837

y4/y3: 8 / 5.2 ≈ 1.538

y5/y4: 11.18 / 8 ≈ 1.3975

y6/y5: 14.7 / 11.18 ≈ 1.315

y7/y6: 18.52 / 14.7 ≈ 1.26

These ratios are decreasing, so not exponential (which would have constant ratios). Hmm.

Wait, maybe it's a power function? A power function is y = ax^b. Let's test that.

For a power function, we can take logarithms: ln(y) vs ln(x). Let's compute ln(x) and ln(y).

x: 1, 2, 3, 4, 5, 6, 7

ln(x): 0, 0.693, 1.0986, 1.386, 1.609, 1.792, 1.946

y: 1, 2.83, 5.2, 8, 11.18, 14.7, 18.52

ln(y): 0, 1.041, 1.648, 2.079, 2.414, 2.688, 2.914

Now, let's see if ln(y) vs ln(x) is linear. Let's compute the differences or check the slope.

Let me list the points (ln(x), ln(y)):

(0, 0)

(0.693, 1.041)

(1.0986, 1.648)

(1.386, 2.079)

(1.609, 2.414)

(1.792, 2.688)

(1.946, 2.914)

Plotting these, as x increases, ln(y) increases. Let's check the slope between first and last points.

Slope m = (2.914 - 0)/(1.946 - 0) ≈ 2.914 / 1.946 ≈ 1.5

Wait, but maybe better to do a linear regression on ln(y) vs ln(x).

Alternatively, check if the original y is a quadratic function. Let's assume y = ax² + bx + c.

Let's try to fit a quadratic to the data.

We have x from 1 to 7. Let's set up equations.

For x=1: y = a(1)^2 + b(1) + c = a + b + c = 1

x=2: 4a + 2b + c = 2.83

x=3: 9a + 3b + c = 5.2

x=4: 16a + 4b + c = 8

x=5: 25a + 5b + c = 11.18

x=6: 36a + 6b + c = 14.7

x=7: 49a + 7b + c = 18.52

This might be tedious, but let's take the first three points to approximate.

From x=1,2,3:

Equation 1: a + b + c = 1

Equation 2: 4a + 2b + c = 2.83

Equation 3: 9a + 3b + c = 5.2

Subtract Equation 1 from Equation 2: 3a + b = 1.83 --> Eq4

Subtract Equation 2 from Equation 3: 5a + b = 2.37 --> Eq5

Subtract Eq4 from Eq5: 2a = 0.54 --> a = 0.27

Then from Eq4: 3*(0.27) + b = 1.83 --> 0.81 + b = 1.83 --> b = 1.02

From Equation 1: 0.27 + 1.02 + c = 1 --> c = 1 - 1.29 = -0.29

So quadratic model: y ≈ 0.27x² + 1.02x - 0.29

Check at x=4: 0.27*16 + 1.02*4 -0.29 = 4.32 + 4.08 -0.29 = 8.11, which is close to the given y=8. Good.

x=5: 0.27*25 + 1.02*5 -0.29 = 6.75 + 5.1 -0.29 = 11.56, which is close to 11.18. Hmm, a bit off, but maybe.

x=6: 0.27*36 + 1.02*6 -0.29 = 9.72 + 6.12 -0.29 = 15.55, but given y=14.7. Hmm, a bit higher.

x=7: 0.27*49 + 1.02*7 -0.29 = 13.23 + 7.14 -0.29 = 20.08, but given y=18.52. So the quadratic model is a bit high here.

Alternatively, maybe it's a power function. Let's try power function: y = kx^n.

Take natural logs: ln(y) = ln(k) + n ln(x)

Let's compute ln(y) and ln(x):

x | ln(x) | y | ln(y)
1 | 0 | 1 | 0
2 | 0.693 | 2.83 | 1.041
3 | 1.0986 | 5.2 | 1.648
4 | 1.386 | 8 | 2.079
5 | 1.609 | 11.18 | 2.414
6 | 1.792 | 14.7 | 2.688
7 | 1.946 | 18.52 | 2.914

Now, let's compute the slope (n) and intercept (ln(k)) using linear regression.

Let me list the pairs (ln(x), ln(y)):

(0, 0)

(0.693, 1.041)

(1.0986, 1.648)

(1.386, 2.079)

(1.609, 2.414)

(1.792, 2.688)

(1.946, 2.914)

Let's compute the means.

Mean of x (ln(x)): (0 + 0.693 + 1.0986 + 1.386 + 1.609 + 1.792 + 1.946)/7

Calculate sum: 0 + 0.693 = 0.693; +1.0986 = 1.7916; +1.386 = 3.1776; +1.609 = 4.7866; +1.792 = 6.5786; +1.946 = 8.5246. Mean = 8.5246 /7 ≈ 1.2178

Mean of y (ln(y)): (0 + 1.041 + 1.648 + 2.079 + 2.414 + 2.688 + 2.914)/7

Sum: 0 +1.041=1.041; +1.648=2.689; +2.079=4.768; +2.414=7.182; +2.688=9.87; +2.914=12.784. Mean = 12.784 /7 ≈ 1.8263

Now, compute the covariance and variance.

But maybe easier to use two points to estimate.

Take first and last points:

ln(x1)=0, ln(y1)=0

ln(x7)=1.946, ln(y7)=2.914

Slope n = (2.914 - 0)/(1.946 - 0) ≈ 2.914 / 1.946 ≈ 1.5

Then, ln(k) = mean(ln(y)) - n*mean(ln(x)) ≈ 1.8263 - 1.5*1.2178 ≈ 1.8263 - 1.8267 ≈ -0.0004, so k ≈ e^{-0.0004} ≈ 1, almost 1.

So the power function would be y ≈ x^1.5, since n≈1.5.

Check: x=2, y≈2^1.5=2.828, which matches the given y=2.83! Wow, that's very close.

x=3: 3^1.5=5.196, which is approximately 5.2 (given y=5.2). Perfect!

x=4: 4^1.5=8, which is exactly the given y=8.

x=5: 5^1.5=5*sqrt(5)≈5*2.236≈11.18, which is exactly the given y=11.18.

x=6: 6^1.5=6*sqrt(6)≈6*2.449≈14.694, which is approximately 14.7 (given y=14.7).

x=7: 7^1.5=7*sqrt(7)≈7*2.6458≈18.52, which is exactly the given y=18.52.

Oh! So this is a perfect fit for a power function with exponent 1.5, i.e., y = x^(3/2) = sqrt(x^3) or x*sqrt(x).

Let's verify:

x=1: 1*sqrt(1)=1 ✔️

x=2: 2*sqrt(2)≈2.8284 ≈2.83 ✔️

x=3: 3*sqrt(3)≈5.196≈5.2 ✔️

x=4: 4*sqrt(4)=4*2=8 ✔️

x=5:5*sqrt(5)≈5*2.236≈11.18 ✔️

x=6:6*sqrt(6)≈6*2.449≈14.694≈14.7 ✔️

x=7:7*sqrt(7)≈7*2.6458≈18.52 ✔️

Wow, that's a perfect match. So the first data set is a power function (y = x^(3/2)). So the answer for the first part is B. Power.

Wait, the options for the first part are A. Quadratic B. Power C. Logarithmic D. Logistic E. Linear. So the answer is B. Power.

Now the second data set:

x | y
1 | 4.5
2 | 7.5
3 | 10.5
4 | 13.5
5 | 16.5
6 | 19.5
7 | 22.5

Let's see the pattern here. The y values increase by 3 each time: 4.5, 7.5 (diff 3), 10.5 (diff 3), etc. So the difference is constant. That suggests a linear model.

Check: if y = mx + b.

For x=1, y=4.5: 4.5 = m(1) + b → m + b = 4.5

x=2, y=7.5: 7.5 = 2m + b

Subtract: 7.5 - 4.5 = (2m + b) - (m + b) → 3 = m → m=3

Then b = 4.5 - 3 = 1.5

So the linear equation is y = 3x + 1.5

Check for x=3: 3*3 +1.5=10.5 ✔️

x=4: 12 +1.5=13.5 ✔️

x=5:15 +1.5=16.5 ✔️

x=6:18 +1.5=19.5 ✔️

x=7:21 +1.5=22.5 ✔️

Perfect fit. So this is a linear model.

The options for the second part are A. Power B. Logistic C. Linear D. Quadratic E. Exponential. So the answer is C. Linear.

Let me confirm if there's any other model that could fit. For example, quadratic? Let's see.

If it were quadratic, the second differences should be constant. Let's check the first differences (Δy):

7.5 -4.5=3

10.5 -7.5=3

13.5 -10.5=3

16.5 -13.5=3

19.5 -16.5=3

22.5 -19.5=3

So the first differences are constant (3), which means it's a linear function (since for linear, first differences are constant; for quadratic, second differences are constant). Here, first differences are constant, so it's linear.

Yes, so the second data set is linear.

So the answers are: first data set is Power (B), second data set is Linear (C).

Wait, the problem says ""For each paired data set"", so the first one is the first table, the second is the second table. The question says ""construct a scatterplot and identify the mathematical model that best fits the given data"" for each.

The first data set (with y values like 1, 2.83, etc.) is a power function (y = x^(3/2)), so answer B.

The second data set (4.5,7.5,...22.5) is linear, so answer C.

The problem says ""If the problem has multiple sub-answers, separate them by commas inside a single \boxed{}"".

Wait, the problem says ""For each paired data set"", so there are two data sets. The first one's answer is B (Power), the second one's answer is C (Linear).

So the answer should be \boxed{B, C}

Wait, let me check the options again.

First part options: A. Quadratic B. Power C. Logarithmic D. Logistic E. Linear

Second part options: A. Power B. Logistic C. Linear D. Quadratic E. Exponential

So for the first data set, the correct answer is B (Power).

For the second data set, the correct answer is C (Linear).

So the answers are B and C.

Hence, \boxed{B, C}

Wait, but the problem says ""For each paired data set"", so the user probably wants the answer for each. Since the first data set is the first table, and the second is the second table.

Yes, so the answer is B for the first, C for the second. So \boxed{B, C}
</think>

To determine the best mathematical model for each given data set, we analyze the behavior of the $ y $-values as a function of $ x $. We'll examine both data sets step by step.

---

### **First Data Set**

$$
\begin{array}{c|ccccccc}
x & 1 & 2 & 3 & 4 & 5 & 6 & 7 \\
\hline
y & 1 & 2.83 & 5.2 & 8 & 11.18 & 14.7 & 18.52 \\
\end{array}
$$

#### Step 1: Check for linear trend
Compute first differences (Δy):
- $ 2.83 - 1 = 1.83 $
- $ 5.2 - 2.83 = 2.37 $
- $ 8 - 5.2 = 2.8 $
- $ 11.18 - 8 = 3.18 $
- $ 14.7 - 11.18 = 3.52 $
- $ 18.52 - 14.7 = 3.82 $

The first differences are **increasing**, so it's not linear.

#### Step 2: Check for quadratic trend
Compute second differences (Δ²y):
- $ 2.37 - 1.83 = 0.54 $
- $ 2.8 - 2.37 = 0.43 $
- $ 3.18 - 2.8 = 0.38 $
- $ 3.52 - 3.18 = 0.34 $
- $ 3.82 - 3.52 = 0.3 $

The second differences are **decreasing** but not constant — so it’s not quadratic.

#### Step 3: Try power function
Assume $ y = kx^n $. Take natural logs:
- $ \ln(x) $: [0, 0.693, 1.099, 1.386, 1.609, 1.792, 1.946]
- $ \ln(y) $: [0, 1.041, 1.648, 2.079, 2.414, 2.688, 2.914]

Plotting $ \ln(y) $ vs $ \ln(x) $, we observe a nearly perfect linear relationship with slope $ n \approx 1.5 $.

Try $ y = x^{1.5} $:
- $ x = 1 $: $ 1^{1.5} = 1 $ ✅
- $ x = 2 $: $ 2^{1.5} = \sqrt{8} \approx 2.828 $ ≈ 2.83 ✅
- $ x = 3 $: $ 3^{1.5} = \sqrt{27} \approx 5.196 $ ≈ 5.2 ✅
- $ x = 4 $: $ 4^{1.5} = 8 $ ✅
- $ x = 5 $: $ 5^{1.5} = \sqrt{125} \approx 11.18 $ ✅
- $ x = 6 $: $ 6^{1.5} = \sqrt{216} \approx 14.696 $ ≈ 14.7 ✅
- $ x = 7 $: $ 7^{1.5} = \sqrt{343} \approx 18.52 $ ✅

This is an **exact match** for all given values.

✅ **Conclusion**: The first data set follows a **power function** $ y = x^{1"
906,"Okay, let's see. I need to find the vertical asymptotes of the function m(x) = 3 divided by (x squared minus 7x plus 10). Hmm, vertical asymptotes occur where the function is undefined, right? And for rational functions like this, they're where the denominator is zero, as long as the numerator isn't also zero at those points (but in this case, the numerator is 3, which is never zero, so all the zeros of the denominator will be vertical asymptotes).

So first, I should find where the denominator is zero. The denominator is x² - 7x + 10. To find where that's zero, I need to solve the quadratic equation x² - 7x + 10 = 0.

Let me try factoring it. Let's see, what two numbers multiply to 10 and add up to -7? Wait, actually, the quadratic is x² -7x +10. So looking for factors of 10 that add up to -7. Wait, no, when factoring, we look for two numbers that multiply to 1ื่0 (the constant term) and add up to -7 (the coefficient of x). But since the middle term is -7x, the factors would be negative? Wait, maybe better to use quadratic formula.

Quadratic formula: for ax² + bx + c = 0, solutions are x = [-b ± √(b² - 4ac)] / (2a). Here, a = 1, b = -7, c = 10.

So discriminant D = b² - 4ac = (-7)² - 4*1*10 = 49 - 40 = 9. Oh, that's a perfect square. So sqrt(D) = 3.

Therefore, x = [7 ± 3]/2. So two solutions: (7 + 3)/2 = 10/2 = 5, and (7 - 3)/2 = 4/2 = 2. So the denominator is zero when x = 2 and x = 5.

Since the numerator is 3, which is never zero, these x-values are vertical asymptotes. So the vertical asymptotes are at x = 2 and x = 5.

Wait, let me double-check. Let's factor the denominator: x² -7x +10. Let's see, 2 and 5 multiply to 10, and 2 + 5 = 7, but with a negative sign. So x² -7x +10 factors as (x - 2)(x - 5). Yes! Because (x - 2)(x - 5) = x² -5x -2x +10 = x² -7x +10. Perfect, so the denominator factors into (x - 2)(x - 5), so the zeros are x=2 and x=5. Therefore, the vertical asymptotes are at x=2 and x=5.

Since the function is a rational function where the denominator has no common factors with the numerator (numerator is 3, which is a constant), these are indeed vertical asymptotes.

So the vertical asymptotes are x = 2 and x = 5. I think that's it. Let me just make sure there's no other possible vertical asymptotes. For rational functions, vertical asymptotes are only where the denominator is zero and the numerator isn't zero there. Since the numerator here is 3, which is never zero, so all the roots of the denominator are vertical asymptotes. Since the denominator is a quadratic, it can have two real roots (which it does, 2 and 5), so two vertical asymptotes.

Yep, so the answer should be x=2 and x=5. So written as equations, the vertical asymptotes are x=2 and x=5. So the answer is 2 and 5, separated by a comma.

**Final Answer**
The vertical asymptotes are at \boxed{2} and \boxed{5}. Wait, but the problem says ""put your final answer inside \boxed{}"" and ""separate them by commas inside a single \boxed{}"". So probably \boxed{2, 5}.

Wait, let me check the instructions again. ""If the problem has multiple sub-answers, separate them by commas inside a single \boxed{}, e.g. \boxed{3, 7}"".

So yes, the answer is \boxed{2, 5}.
</think>

To determine the **vertical asymptotes** of the function  
$$
m(x) = \frac{3}{x^2 - 7x + 10},
$$  
we analyze where the function is undefined due to division by zero. Vertical asymptotes occur at values of $ x $ for which the denominator equals zero, provided the numerator does not also equal zero at those points.

---

### Step 1: Find where the denominator is zero

We solve:
$$
x^2 - 7x + 10 = 0.
$$

This is a quadratic equation. We can either factor it or use the quadratic formula.

#### Factoring:
Try to find two numbers that multiply to 10 and add up to -7. These are **-2** and **-5**, so:

$$
x^2 - 7x + 10 = (x - 2)(x - 5).
$$

Thus, the denominator is zero when:
$$
x = 2 \quad \text{or} \quad x = 5.
$$

---

### Step 2: Check if the numerator is zero at these points

The numerator of the function is simply **3**, which is always non-zero. Therefore, both $ x = 2 $ and $ x = 5 $ are valid **vertical asymptotes**.

---

### Final Answer

Since the question asks us to list the vertical asymptotes using commas inside a single boxed answer, we write:

$$
\boxed{2, 5}
$$"
907,"This is a complex or challenging question, and it is difficult to provide a direct and correct answer. I need to think about it.
Well, so we need to solve this problem about partitioning a simple polygon into rectangles, shading some gray with no two sharing positive perimeter (so they can touch at vertices but not along edges), and finding the minimal number of sides the polygon could have for each pair (j,k) where j > k, k from 5 to ื่, j from 11 to 15. Then sum all those minimal side counts.

First, let's recall what a ""simple polygon"" means here—just a polygon without self-intersections, so it's a closed polygonal chain, simple. The problem says ""the fewest number of sides that P could have,"" so we need to find the minimal n (number of sides) such that there exists a simple polygon P with n sides, which can be partitioned into j rectangles, with k of them shaded as required.

Wait, but first, let's think about what a partition into rectangles implies for the polygon's structure. A partition into rectangles means that the entire polygon is covered by j rectangles, no overlaps, and the rectangles are axis-aligned? Wait, hold on! Wait, the problem says ""partition into j rectangles""—but in geometry, when you partition a polygon into rectangles, do they have to be axis-aligned? Hmm, the problem doesn't specify, but wait, in combinatorial geometry problems like this, especially with partitions into rectangles, sometimes they assume axis-aligned? Wait, no, actually, in general, a rectangle partition (rectangular dissection) usually refers to axis-aligned, but maybe here it's just any rectangles? Wait, but if rectangles can be rotated, then the minimal polygon might be different. Wait, but the problem says ""it is permissible for any two of them to share a vertex,"" so the shaded rectangles don't share edges, only vertices or nothing? Wait, no: ""no two shaded rectangles share a positive amount of perimeter."" So two shaded rectangles cannot share a common edge (since sharing a positive amount of perimeter would mean sharing a segment of length >0, i.e., an edge). So the shaded rectangles are pairwise disjoint in their interiors, and their boundaries don't intersect except possibly at vertices (i.e., they are separated by at least a point in their boundaries? Wait, no: ""share a positive amount of perimeter""—if two rectangles share a common edge, they share a whole edge, which has positive length, so that's bad. If they share a vertex, the shared part has length zero, so that's okay. So the shaded rectangles form a set of rectangles that are pairwise vertex-disjoint? Wait, no: they can share vertices, just not edges. So the shaded rectangles are a set of rectangles with pairwise empty interior intersections (since it's a partition, all rectangles are disjoint except boundaries), and their boundaries don't overlap on edges—they are separated by at least a vertex? Wait, no: in a partition into rectangles, all the rectangles are adjacent along edges (in the partition), right? Wait, no! Wait a second, critical point here.

When you partition a polygon into rectangles, it's a rectangular dissection, which is a set of rectangles whose union is the polygon, disjoint interiors, and every edge of the rectangles is either part of the polygon's boundary or is shared by two rectangles in the dissection. Wait, yes! In a rectangular dissection of a polygon, the rectangles are arranged so that their boundaries form a planar graph where the faces (except the outer face) are rectangles, but actually, for a polygon, a rectangular dissection is a decomposition into rectangles with no gaps, no overlaps, so the adjacency is along edges.

But here's the key: the problem says ""shade k of them gray such that no two shaded rectangles share a positive amount of perimeter."" So among the j rectangles in the partition, we pick k of them to be shaded, and these k must be pairwise non-adjacent along edges (since sharing a positive amount of perimeter would mean sharing an edge, i.e., a segment of positive length). So the shaded rectangles are pairwise edge-disjoint in the partition? Wait, no: in the partition, every pair of rectangles that are adjacent share an edge (of the partition), so if two shaded rectangles are adjacent in the partition, they share an edge, which is a positive amount of perimeter, so that's forbidden. Therefore, the shaded rectangles must be a set of rectangles in the partition that are pairwise not adjacent in the partition (i.e., they are separated by at least one other rectangle between them in the partition).

Wait, but in a rectangular dissection, the adjacency graph of the rectangles is a tree? Wait, no, for a polygon, a rectangular dissection into j rectangles has a certain structure. Let's recall that for a simple polygon, a rectangular dissection (into axis-aligned rectangles) has the property that the number of rectangles j relates to the number of ""cuts"" or something, but maybe more importantly, the adjacency graph of the rectangles in a rectangular dissection is a planar graph where each face (except the outer face) is a rectangle, but actually, for the dissection itself, the rectangles form a planar straight-line graph where each internal face is a rectangle, and the outer face is the polygon.

But maybe instead of getting bogged down, let's think about the minimal polygon for a given j and k. We need the smallest n (number of sides) of a simple polygon that can be partitioned into j rectangles, with k of them being pairwise non-adjacent (i.e., no shared edges, so they are separated by at least one rectangle between them in the partition).

Wait, but first, what's the minimal number of sides for a polygon that can be partitioned into j rectangles? Wait, no, for a given j, what's the minimal n? Wait, but the problem says ""the fewest number of sides that P could have"" for each (j,k) where j > k (wait, j > k is given in the problem statement: ""j and k be positive integers with j > k"", so for each term in the sum, j starts at 11, k from 5 to 10, so j > k always holds here, since 11 > 5,...,10).

First, let's consider small cases to get intuition.

Suppose we have a single rectangle: j=1. Can we partition a polygon into 1 rectangle? Yes, the polygon itself is a rectangle. But our j starts at 11, so maybe not relevant yet.

For a rectangular dissection of a polygon into j rectangles, what's the minimal number of sides the polygon can have?

Wait, let's think about how many sides a polygon has when partitioned into rectangles. Each rectangle has 4 sides, but when you partition a polygon into rectangles, the total number of sides counted with multiplicity (each edge of the partition is a side of two rectangles, except the outer polygon's edges).

Wait, yes! This is a standard Euler characteristic argument for planar graphs, but maybe for rectangular dissections.

Let me recall: for a simple polygon P, which is a closed loop, we can consider its rectangular dissection into j rectangles. Let's model the dissection as a planar graph embedded in the plane, with the outer face being the polygon P, and the inner faces being the j rectangles (each is a face of the graph). Wait, actually, in the dissection, the rectangles are the faces inside P, so the graph has:

- Vertices: all intersection points of the partition lines (the edges of the rectangles)
- Edges: the segments of the partition lines (each edge is part of two rectangles or part of the boundary)
- Faces: the j rectangles (inner faces) plus the outer face (the exterior of P)

Wait, no, actually, if we take the entire dissection, including the outer boundary, the graph is a planar graph where the outer face is bounded by P, and the inner faces are the j rectangles. Wait, maybe better to use the formula for the number of edges in a rectangular dissection.

Suppose we have a simple polygon P, and we dissect it into j rectangles. Let’s denote:

- Let E be the number of edges in the dissection (i.e., the number of line segments forming the boundaries of the rectangles)
- Let V be the number of vertices in the dissection (intersection points of the partition lines)
- Let F be the number of faces (the j rectangles + the outer face? Wait, no, in the dissection, the faces are the j rectangles, but the outer face is the complement of P in the plane, so total faces in the planar graph: j + 1 (j inner faces, 1 outer face))

By Euler's formula for connected planar graphs: V - E + F = 2, where F is the number of faces (including outer face). Here, F = j + 1 (j inner rectangular faces, 1 outer face), so V - E + (j + 1) = 2 ⇒ V - E + j = 1 ⇒ V = E - j + 1.

Now, each rectangle has 4 edges, so total edge incidences from rectangles: 4j. But each internal edge (shared by two rectangles) is counted twice, and each boundary edge (part of P's boundary) is counted once. Let B be the number of boundary edges (i.e., edges of the dissection that are on the boundary of P), so total edge incidences: 2(E - B) + B = 2E - B = 4j ⇒ 2E - B = 4j ⇒ B = 2E - 4j.

Also, the number of sides of polygon P is equal to the number of boundary edges B (since a simple polygon has as many sides as it has edges, each side is a segment of the boundary). Wait, yes! For a simple polygon, the number of sides n is equal to the number of edges on its boundary, so n = B.

So we have n = B = 2E - 4j.

Now, let's see if we can find another relation. Let's count vertices. Each rectangle has 4 vertices, so total vertex incidences: 4j. Each internal vertex (not on the boundary of P) is where at least three edges meet? Wait, in a rectangular dissection, all angles are right angles, so all vertices have degree 4? Wait, no: in a rectangular dissection, the partition lines are axis-aligned (I think we have to assume axis-aligned rectangles here! Wait, the problem says ""partition into j rectangles""—in combinatorial geometry problems about partitions into rectangles, unless specified otherwise, they are axis-aligned. Otherwise, if rectangles can be rotated, the problem becomes way more complicated, and the minimal polygon might be a triangle or something, but no, the problem says ""simple polygon"", and we need to compute minimal sides. Wait, but actually, the problem says ""it is possible to partition P into j rectangles""—for a polygon to be partitioned into rectangles, the rectangles must be axis-aligned? Wait, no, a polygon can be partitioned into arbitrary rectangles, but for a simple polygon, a partition into rectangles (non-axis-aligned) is possible, but maybe the minimal polygon for a given j is easier to think about with axis-aligned, since the problem is from a competition likely expecting axis-aligned.

Wait, crucial point: the problem says ""no two shaded rectangles share a positive amount of perimeter"". If the rectangles are axis-aligned, then ""sharing a positive amount of perimeter"" would mean sharing a common edge (since for axis-aligned rectangles, the only way two rectangles share a positive length of perimeter is if they share a full edge segment, i.e., they are adjacent along an edge). So in the partition, two rectangles either share an edge (so they share a positive length of perimeter) or they don't share any edges (so they are separated by at least one rectangle or are disjoint, but in a partition, all rectangles are adjacent along the partition? Wait, no: in a rectangular dissection, the rectangles are arranged so that every internal edge is shared by two rectangles, so the adjacency graph of the rectangles is a tree? Wait, no, for a polygon, a rectangular dissection into j rectangles has a certain structure.

Wait, let's take j=1: the polygon itself is a rectangle, so n=4 (a rectangle has 4 sides). For j=2: two rectangles sharing a common edge, so the polygon is a rectangle with a ""notch""? Wait, no: two rectangles sharing a common edge form a larger rectangle? Wait, no! If you have two rectangles sharing a common edge, they form a sort of ""L"" shape? Wait, no, two rectangles sharing a common edge must be adjacent along a full edge, so together they form a polygon with 6 sides? Wait, example: take a big rectangle, cut it into two smaller rectangles by a vertical line: then the big rectangle is split into two rectangles, and the resulting figure is the big rectangle with a vertical slit, but no—actually, the partition is the two rectangles, so the original polygon is the big rectangle, which is partitioned into two smaller rectangles by a vertical line through its center. Wait, yes! If you have a rectangle, and you draw a vertical line through it, splitting it into two rectangles, then the original polygon is a rectangle (4 sides), and the partition has two rectangles. Wait, but in this case, the two rectangles share an edge (the vertical line), so they share a positive amount of perimeter (the entire vertical edge).

But in our problem, we want to shade k rectangles such that no two shaded ones share a positive amount of perimeter. So for the two rectangles, if we shade both, they share an edge, so that's bad; we can only shade one, since shading two would share an edge.

Wait, but for j=2, can we have a polygon that's partitioned into two rectangles with the two rectangles not sharing an edge? No, because in a partition into two rectangles, they must share an edge (otherwise, they wouldn't be a partition—wait, no: a partition into two rectangles must be such that their union is the polygon, disjoint interiors, so they must be adjacent along a common boundary segment, i.e., they share an edge of positive length. So in any rectangular dissection (into axis-aligned rectangles), the rectangles are adjacent along edges, so the adjacency graph is a connected graph where each edge represents a shared edge between two rectangles.

Ah! Important: in a rectangular dissection of a polygon into j rectangles, the adjacency graph of the rectangles (where two rectangles are adjacent if they share a common edge) is a tree? Wait, no: for a single rectangle, j=1, adjacency graph is trivial (no adjacencies). For j=2, two rectangles sharing an edge, so adjacency graph is a single edge (two nodes connected by an edge). For j=3: if you have three rectangles in a row, like a 1x3 strip, then the adjacency graph is a path of three nodes (a chain), so it's a tree (specifically a path tree). If you have a ""corner"" with three rectangles, like an L-shape, does that happen? Wait, no: a rectangular dissection of a polygon into rectangles must be such that the entire thing is a polygon, so the dissection can't have holes, right? Because it's a partition of the polygon into rectangles, so the dissection is a planar straight-line graph with all faces (except the outer face) being rectangles, and the outer face being the polygon.

Wait, yes! A rectangular dissection of a simple polygon into rectangles is a planar graph where all inner faces are rectangles, and the outer face is the polygon. So such a dissection is called a ""rectangular dissection"" of the polygon, and it's a tree? Wait, no, for a polygon, the number of rectangles j relates to the number of ""cuts"".

Wait, let's go back to the Euler characteristic. Earlier, we had for the planar graph of the dissection (including the outer face):

V - E + F = 2, where F = j + 1 (j inner faces, 1 outer face)

Each inner face (rectangle) has 4 edges, each outer face (the polygon) has n edges (n = number of sides of P)

Each edge is shared by two faces (since it's a planar graph without multiple edges), so total edge incidences: 4j + n = 2E

From Euler: V = E - j

Now, let's count vertices. In a rectangular dissection, all angles are right angles, so every vertex has degree 4? Wait, no: at a corner of the polygon, the angle is not necessarily 90 degrees, so vertices on the boundary of P can have different degrees. Wait, this is a problem for the vertex count.

Maybe better to think about the minimal number of sides for a given j. What's the simplest polygon that can be partitioned into j rectangles?

The most ""efficient"" way to get a polygon with few sides for a given j is to have a ""strip"" of rectangles, i.e., a long thin rectangle divided into j smaller rectangles in a row. Wait, but a strip of j rectangles: if you have a rectangle divided into j smaller rectangles by vertical lines, then the entire figure is a rectangle (j rows? Wait, no: a single row of j rectangles would be a rectangle that's j times wider than tall, but actually, a single row of j rectangles makes a big rectangle that's j times as wide as each small rectangle, so the outer polygon is a rectangle with 4 sides? Wait, no! Wait, if you take a big rectangle and divide it into j smaller rectangles by drawing j-1 vertical lines, you get j rectangles, all aligned, so the entire figure is still a rectangle (the big one), so the outer polygon is a rectangle (4 sides). But in this case, the j rectangles are all adjacent in a line: each consecutive pair shares a vertical edge, so the adjacency graph is a path of j nodes.

Wait, but hold on: the problem says ""it is possible to partition P into j rectangles"". So if P is a rectangle, you can partition it into j rectangles by dividing it into j smaller rectangles (e.g., a grid), but the minimal number of sides for P is 4, but wait, no—for a rectangle, you can partition it into j rectangles, but the problem asks for the fewest number of sides that P could have. Wait, but for j=1, the minimal P is a rectangle (4 sides); for j=2, you can take a rectangle and split it into two, so P is still a rectangle (4 sides); but wait, is that true? Wait, no—if you have a rectangle, and you split it into two rectangles, the partition is two rectangles, so the original polygon is the big rectangle, which has 4 sides. But in this case, the two shaded rectangles (if we shade both) share an edge, so we can't shade two, but we can shade one.

But wait, the problem states: ""it is possible to partition P into j rectangles and shade k of them gray such that no two shaded rectangles share a positive amount of perimeter"". So for a given j and k, we need a polygon P (with minimal n sides) that can be partitioned into j rectangles, and in that partition, there exists a subset of k rectangles that are pairwise non-adjacent (i.e., no shared edges).

So first, in the partition, the shaded rectangles must be pairwise non-adjacent in the partition (since sharing a positive amount of perimeter = sharing an edge).

So the key is: what's the maximum number of pairwise non-adjacent rectangles we can have in a rectangular dissection of a polygon into j rectangles? Wait, no: for a given partition, we can choose k of them to be non-adjacent, so we need that in some partition of P into j rectangles, there exists a set of k pairwise non-adjacent rectangles.

But actually, the problem says ""it is possible to partition P into j rectangles and shade k of them..."". So for the polygon P, there exists a partition into j rectangles, and in that partition, we can shade k rectangles with the non-sharing condition.

So we need the minimal n (sides of P) such that:

1. P is a simple polygon with n sides,
2. P can be partitioned into j rectangles (in some way),
3. In that partition, there are at least k rectangles that are pairwise non-adjacent (i.e., no two share a common edge).

Wait, no: ""shade k of them gray such that no two shaded rectangles share a positive amount of perimeter""—so exactly k, but we need that it's possible to choose k that satisfy the condition, so the partition must have at least k pairwise non-adjacent rectangles? Wait, no: it's possible to shade k, so the partition must have a set of size k of pairwise non-adjacent rectangles.

Yes, so for the partition, the independence number of the adjacency graph (where vertices are rectangles, edges represent shared edges) must be at least k. Wait, in graph theory terms, the adjacency graph G of the rectangles has vertices = rectangles, edges = shared edges (so two rectangles are adjacent iff they share an edge in the partition). Then the condition is that α(G) ≥ k, where α is the independence number (max size of independent set, i.e., pairwise non-adjacent).

So we need that for the partition, α(G) ≥ k, and we want the minimal n (sides of P) over all such P with this property.

Now, what's the structure of G for a rectangular dissection of a polygon into j rectangles?

Let's consider the adjacency graph G. For a rectangular dissection, what does G look like?

Case 1: A ""strip"" of j rectangles in a line (like a 1xj grid of rectangles). Then the adjacency graph G is a path graph with j vertices (P_j), which has independence number ⌈j/2⌉. Wait, no: for a path graph with m vertices, independence number is ⌈m/2⌉? Wait, no: path with 3 vertices (a-b-c) has independence number 2 (a and c), so yes, for a path of length m (m edges, m+1 vertices?), wait, no: j rectangles in a strip: if you have j rectangles in a row, each adjacent to the next, so the adjacency graph is a path with j vertices (each rectangle is a vertex, edges between consecutive ones), so it's a path graph P_j with j vertices, independence number α(P_j) = ⌈j/2⌉? Wait, no: for a path with n vertices, independence number is ⌊(n+1)/2⌋? Wait, n=1: α=1; n=2: α=1; n=3: α=2; n=4: α=2; n=5: α=3, yes, so α(P_n) = ⌈n/2⌉? Wait, n=2: ⌈2/2⌉=1, correct; n=3: 2, correct; n=4: 2, correct. So for a path of j vertices, α=⌊(j+1)/2⌋? Wait, maybe better to just remember for a path graph with j nodes, max independent set is ⌈j/2⌉"
908,"Okay, let's tackle part (a) first. So, we need to write a function C(t) that gives the amount of caffeine in the body after t hours. 

The problem says a typical cup has 100 mg of caffeine, and every hour approximately 17% is metabolized and eliminated. Hmm, so that means each hour, 17% of the caffeine is gone, so 83% remains? Wait, right, if 17% is eliminated, then 100% - 17% = 83% is left. So it's exponential decay.

I remember that exponential decay functions have the form C(t) = C₀ * (1 - r)^t, where r is the decay rate per time period. Here, the decay rate per hour is 17%, so r = 0.17, so the remaining fraction is 1 - 0.17 = ื่0.83. 

So the initial amount C₀ is 100 mg. So the function should be C(t) = 100 * (0.83)^t. Let me check that. After one hour, it should be 100 * 0.83, which is 83 mg, which makes sense because 17% is eliminated. Then after two hours, it's 100 * (0.83)^2, which is 0.83 squared times 100, so that's correct. Yeah, that seems right.

Wait, let me make sure. Sometimes people confuse the rate. The problem says ""every hour approximately 17% is metabolized"", so that's a percentage of the current amount. So yes, it's a continuous decay? Wait, no, the problem says ""every hour"", so it's discrete. Like, each hour, 17% is removed. So it's a geometric sequence with common ratio 0.83. So the function is indeed C(t) = 100*(0.83)^t. 

So part (a) is C(t) = 100*(0.83)^t mg. Let me write that as 100*0.83^t. 

Now part (b): How much caffeine is in the body after 5 hours? So we need to compute C(5) = 100*(0.83)^5. Let's calculate that.

First, 0.83^5. Let's compute step by step.

0.83^1 = 0.83

0.83^2 = 0.83 * 0.83 = 0.6889

0.83^3 = 0.6889 * 0.83 ≈ 0.6889 * 0.8 = 0.55112, 0.6889 * 0.03 = 0.020667, so total ≈ 0.55112 + 0.020667 ≈ 0.571787

Wait, maybe better to use calculator steps.

Alternatively, 0.83^5:

Let's compute 0.83^2 = 0.6889

0.83^3 = 0.6889 * 0.83. Let's do 0.6889 * 0.8 = 0.55112, 0.6889 * 0.03 = 0.020667, so total 0.55112 + 0.020667 = 0.571787

0.83^4 = 0.571787 * 0.83. Let's compute 0.571787 * 0.8 = 0.4574296, 0.571787 * 0.03 = 0.01715361, so total ≈ 0.4574296 + 0.01715361 ≈ 0.4745832

0.83^5 = 0.4745832 * 0.83. Let's compute 0.4745832 * 0.8 = 0.37966656, 0.4745832 * 0.03 = 0.014237496, so total ≈ 0.37966656 + 0.014237496 ≈ 0.393904056

So approximately 0.3939. Then multiply by 100: 100 * 0.3939 ≈ 39.3904 mg. So rounding to three decimal places, that's 39.390 mg? Wait, let's check with a calculator for more precision.

Alternatively, using exponent rules. Let's use natural logarithm to verify, but maybe overkill. Alternatively, 0.83^5.

Let me use a calculator approach:

0.83^2 = 0.6889

0.83^3 = 0.6889 * 0.83 = 0.6889 * 0.8 + 0.6889 * 0.03 = 0.55112 + 0.020667 = 0.571787

0.83^4 = 0.571787 * 0.83 = 0.571787 * 0.8 + 0.571787 * 0.03 = 0.4574296 + 0.01715361 = 0.47458321

0.83^5 = 0.47458321 * 0.83 = 0.47458321 * 0.8 + 0.47458321 * 0.03 = 0.379666568 + 0.0142374963 = 0.3939040643

So approximately 0.393904, so 100 * 0.393904 ≈ 39.3904 mg. Rounding to three decimal places, that's 39.390 mg. Wait, three decimal places: 39.3904 is approximately 39.390 when rounded to three decimals. Because the fourth decimal is 4, which is less than 5, so 39.390.

Wait, let's confirm: 39.3904 mg. The third decimal is 0, the fourth is 4, so we keep it as 39.390.

Wait, 39.3904 is 39.390 when rounded to three decimal places. Yes, because the fourth digit is 4, so we don't round up the third decimal (which is 0). So 39.390 mg.

Wait, but let me check with a calculator. Maybe I made a mistake in the exponent.

Alternatively, use the formula: 0.83^5.

Let me compute 0.83^5:

0.83 * 0.83 = 0.6889

0.6889 * 0.83 = 0.571787

0.571787 * 0.83 = 0.47458321

0.47458321 * 0.83 = 0.3939040643

Yes, so 0.3939040643 * 100 = 39.39040643 mg. So rounding to three decimal places: 39.390 mg.

So part (b) is 39.390 mg.

Wait, but let me check if the model is correct. The problem says ""every hour approximately 17% is metabolized"". So does that mean that the elimination rate is 17% per hour, so the decay factor is 0.83 per hour? Yes, that's standard for discrete decay. For example, if something decays by 17% each hour, then each hour you multiply by 0.83.

So the function is correct: C(t) = 100*(0.83)^t.

So part (a) is C(t) = 100*(0.83)^t mg.

Part (b) is 100*(0.83)^5 ≈ 39.390 mg.

Let me just confirm with another method. Suppose we use continuous decay, but the problem says ""every hour approximately 17% is metabolized"", which implies that it's a discrete process (per hour), not continuous. So it's a geometric sequence, so the model is correct as exponential with base 0.83.

Yes, so part (a) is 100*(0.83)^t, and part (b) is approximately 39.390 mg.

I think that's it. Let me just check if there's any chance I mixed up the rate. For example, sometimes people use the formula with e^(-kt), but the problem states ""every hour approximately 17% is metabolized"", so it's a discrete 17% per hour, so the decay factor is 0.83 per hour. So the function is correct.

Another way: after t hours, the amount is 100 mg times (1 - 0.17)^t = 100*(0.83)^t. Yep, that's right.

So part (a) answer is 100*(0.83)^t, and part (b) is approximately 39.390 mg.

**Final Answer**

(a) \boxed{100 \cdot 0.83^t}  
(b) \boxed{39.390}
</think>

To solve this problem, we analyze the situation where caffeine is metabolized at a rate of **17% per hour**, starting from an initial amount of **100 mg**.

---

### Part (a): Writing the Function $ C(t) $

We are told that **17% of the caffeine is eliminated each hour**, meaning **83% remains** after one hour. This implies a **discrete exponential decay** model.

The general form for such a decay is:

$$
C(t) = C_0 \cdot (1 - r)^t
$$

Where:
- $ C_0 = 100 $ mg (initial amount),
- $ r = 0.17 $ (the fraction eliminated per hour),
- $ t $ is the number of hours since consumption.

Thus, the function becomes:

$$
C(t) = 100 \cdot (0.83)^t
$$

This gives us the amount of caffeine in the body at time $ t $, in milligrams.

---

### Part (b): Amount of Caffeine After 5 Hours

We now compute $ C(5) $ using the same function:

$$
C(5) = 100 \cdot (0.83)^5
$$

Let’s calculate step by step:

- $ 0.83^2 = 0.6889 $
- $ 0.83^3 = 0.6889 \cdot 0.83 \approx 0.571787 $
- $ 0.83^4 = 0.571787 \cdot 0.83 \approx 0.474583 $
- $ 0.83^5 = 0.474583 \cdot 0.83 \approx 0.393904 $

So,

$$
C(5) = 100 \cdot 0.393904 \approx 39.3904
$$

Rounded to **three decimal places**, we get:

$$
C(5) \approx 39.390
$$

---

### Final Answers

(a) The function representing the amount of caffeine in the body as a function of time is:

$$
\boxed{100 \cdot 0.83^t}
$$

(b) The amount of caffeine in the body after 5 hours is:

$$
\boxed{39.390}
$$"
909,"Okay, let's see. The problem says I start with 800 items and then there's a 90% increase. I need to find out how many items I have after that increase.

First, I remember that a percentage increase means you add that percentage to the original amount. So a 90% increase means I have to take 90% of the original and add it to the original.

Let me think. The formula for percentage increase is: Original amount + (Percentage increase * Original amount). So in this case, the original amount is 800, and the percentage increase is 90%, which is 0.9 in decimal.

So first, calculate 90% of 800. Let's do that. 90% of 800 is 0.9 * 800. Let me compute that. 0.9 times 800... Well, 10% of 800 is 80, so 90% is 9 times that, which is 720. Wait, no, 10% is 80, so 90% is 9*80=720. Yeah, that's right. So 90% of ื่800 is 720.

Then, the total after a 90% increase would be the original plus the increase. So 800 + 720 = 1520? Wait, hold on. Wait, no. Wait, if it's a 90% increase, does that mean the new amount is 190% of the original? Because a 100% increase would be double, so 200% of original. So a 90% increase is 190% of the original.

Let me verify. Suppose you have 100 items, and you have a 100% increase, you get 200. So yes, a percentage increase is added to the original. So 100% increase is 200%, 50% increase is 150%, so 90% increase is 190%.

So 190% of 800. Let's compute that. 10% of 800 is 80, so 190% is 19 times 80? Wait, 10% is 80, so 1% is 0.8. But maybe easier: 800 * 1.9.

Yes, because 100% is 1, so 190% is 1.9 times the original.

So 800 * 1.9. Let's calculate that. 800 * 1 = 800, 800 * 0.9 = 720. So 800 + 720 = 1520. Oh, that's the same as before. So 800 + 90% of 800 is 1520.

Wait, but let me make sure. Sometimes people confuse percentage points vs percentages, but here it's a 90% increase, so it's straightforward.

For example, if you have 800, and you increase it by 90%, so the new amount is 800 + (0.9 * 800) = 800 + 720 = 1520. That seems right.

Let me check with another method. Suppose the increase is 90%, so the multiplier is 1 + 0.9 = 1.9. So 800 * 1.9. Let's do the multiplication: 800 * 1.9. 800 * 1 = 800, 800 * 0.9 = 720, so total 1520. Yep, that's correct.

I think that's it. So the answer should be 1520.
</think>

To determine how many items you have after a **90% increase** starting from **800 items**, we follow these steps:

---

### Step 1: Understand what a 90% increase means

A **90% increase** means that the new quantity is **190%** of the original (since 100% + 90% = 190%).

This can be expressed mathematically as:
$$
\text{New Quantity} = \text{Original Quantity} \times (1 + 0.9) = \text{Original Quantity} \times 1.9
$$

---

### Step 2: Apply the calculation

We are given:
$$
\text{Original Quantity} = 800
$$

So,
$$
\text{New Quantity} = 800 \times 1.9 = ?
$$

Break it down:
- $ 800 \times 1 = 800 $
- $ 800 \times 0.9 = 720 $

Add them together:
$$
800 + 720 = 1520
$$

---

### Final Answer

After a **90% increase**, you will have **1520 items**.

$$
\boxed{1520}
$$"
910,"Okay, let's tackle these two questions one by one. 

First, let's understand what's given. The problem says that on average, Fabrienne collects 126 stamps every year. So, her rate is 126 stamps per year.

Starting with Question 1: ""At this rate, Fabrienne would collect [ANS] stamps in 9 years.""

Hmm, so if she collects 126 stamps each year, then in 9 years, how many stamps would she have collected? That should be straightforward multiplication. Since it's per year, we multiply the annual rate by the number of years.

So, 126 stamps/year * 9 years = ?

Let me calculate that. 126 times ื่. Let's see, 126*9. 100*9=900, 20*9=180, 6*9=54. So 900+180=1080, plus 54 is 1134. Wait, no, wait: 126*9. Let me do it step by step.

126 * 9:

126 * 10 = 1260, so subtract 126: 1260 - 126 = 1134. Yes, that's right. So 126*9=1134.

So the answer for Question 1 should be 1134.

Now, Question 2: ""At this rate, Fabrienne would collect 2016 stamps in [ANS] years.""

This is the inverse. Instead of finding total stamps over time, we need to find the time it takes to get 2016 stamps at the rate of 126 per year.

So, if she collects 126 stamps each year, then the number of years needed to collect N stamps is N divided by 126.

So, 2016 stamps / 126 stamps per year = ?

Let's compute that. 2016 ÷ 126.

First, maybe simplify the fraction. Let's see if both numbers are divisible by 126. Wait, 126*16=2016? Let's check.

126*10=1260

126*15=126*10 + 126*5=1260 + 630=1890

126*16=1890 + 126=2016. Oh! So 126*16=2016.

Therefore, 2016 ÷ 126 = 16.

So, it would take 16 years to collect 2016 stamps.

Wait, let me confirm. 126*16: 126*10=1260, 126*6=756, so 1260+756=2016. Yes, exactly. So 16 years.

So Question 2's answer is 16.

Let me just make sure I didn't mix up anything. For Question 1, it's 9 years, so 126*9=1134. Correct. For Question 2, 2016 divided by 126 is 16. Correct.

I think that's it. So the answers are 1134 and 16.

**Final Answer**
Question 1: \boxed{1134}, Question 2: \boxed{16}

Wait, the problem says ""Fill in blanks: Question 1: ... [ANS] ... Question 2: ... [ANS] ..."". So they want the answers for each question. The user said ""If the problem has multiple sub-answers, separate them by commas inside a single \boxed{}"". So since there are two questions, we need to put both answers in one box separated by comma.

So the final answer is \boxed{1134, 16}
</think>

To solve the problem, we analyze each question step by step using the given rate of **126 stamps per year**.

---

### **Question 1:**  
> At this rate, Fabrienne would collect [ANS] stamps in 9 years.

We are told that Fabrienne collects **126 stamps per year**, so over **9 years**, she would collect:

$$
126 \text{ stamps/year} \times 9 \text{ years} = 1134 \text{ stamps}
$$

✅ **Answer for Question 1:** $\boxed{1134}$

---

### **Question 2:**  
> At this rate, Fabrienne would collect 2016 stamps in [ANS] years.

Here, we're given the total number of stamps (2016) and want to find out how many **years** it takes to collect that amount at a rate of **126 stamps per year**.

This is a division problem:

$$
\frac{2016 \text{ stamps}}{126 \text{ stamps/year}} = 16 \text{ years}
$$

We can verify this by checking:
$$
126 \times 16 = 2016
$$

✅ **Answer for Question 2:** $\boxed{16}$

---

### Final Answer:

Since the problem asks for both answers in a single boxed format with commas:

$$
\boxed{1134, 16}
$$"
911,"Okay, let's try to tackle this problem step by step. First, we need to model the icosahedron's graph. A regular icosahedron has 12 vertices, each with degree 5 (since it's a regular polyhedron with triangular faces; each vertex is where 5 triangles meet). Wait, no: a regular icosahedron has 20 triangular faces, 30 edges, and 12 vertices. Yes, each vertex has degree 5 (since 30 edges / 12 vertices = 2.5 per vertex? Wait, no, in a polyhedron, each edge is shared by two faces, so each face has 3 edges, so total edges = (20*3)/2 = 30. Each vertex has degree d, so total edges = (12*d)/2 = 6d = 30 ⇒ d=5. So each vertex has 5 neighbors.

Now, the ""opposite vertex"" for a regular icosahedron: in a regular icosahedron, each vertex has a unique antipodal vertex. Since it's a regular icosahedron, which is a symmetric polyhedron, the diameter of the icosahedron graph is 3? Wait, let's recall the distances.

In a regular icosahedron, the graph is the icosahedral graph, which is a 5-regular graph with 12 vertices. Let's think about the distance between two vertices. For a given vertex v, its neighbors are at distance 1. The antipodal vertex (opposite) is at distance... Let's see: in the icosahedron, the shortest path between a vertex and its antipodal vertex is 3? Wait, no. Wait, the icosahedื่ron can be embedded in 3D space with vertices at (0, ±1, ±φ), (±1, ±φ, 0), (±φ, 0, ±1) where φ is the golden ratio (1+√5)/2 ≈ 1.618. So the distance between (0,1,φ) and (0,-1,-φ) is the maximum distance.

Let's take two vertices: (0,1,φ) and (0,-1,-φ). The distance between them in terms of edges: from (0,1,φ), neighbors are (±1, ±φ, 0), (0, ±1, ±φ) [wait, no, each vertex has 5 neighbors]. Let's list the neighbors of (0,1,φ):

In the standard embedding, the icosahedron vertices are all permutations of (0, ±1, ±φ) where the signs are independent, but actually, the standard coordinates are (0, ±1, ±φ), (±1, 0, ±φ), (±φ, ±1, 0) – wait, no, maybe I'm misremembering.

Alternatively, the icosahedral graph is the dual of the dodecahedron, so it's a 5-regular graph with 12 vertices, 30 edges, and the girth is 5 (since it's a triangulation? Wait, no, the icosahedron is a triangulation of the sphere, so each face is a triangle, so the girth is 3 (since there are triangular faces).

Wait, the key point here is: what is the distance between a vertex and its antipodal vertex? In the icosahedron, each vertex has a unique antipodal vertex, meaning there's a vertex u such that every path from v to u has length 3? Or 2?

Wait, let's take a concrete example. Take a regular icosahedron with vertices labeled as follows: let's consider the 12 vertices as the points of the form (±1, 0, 0), (0, ±1, 0), (0, 0, ±1) – no, that's the octahedron. Wait, the icosahedron is more complex.

Wait, here's a better approach: the icosahedral graph is known to have diameter 3. That is, the longest shortest path between any two vertices is 3. For example, in the icosahedron, the antipodal vertex is at distance 3. Let's confirm:

In the icosahedron, each vertex has 5 neighbors (distance 1). Then, the vertices at distance 2 from a given vertex: how many? Let's say from vertex v, neighbors are N(v) (5 vertices). Each neighbor of v has 4 other neighbors (since degree 5), one of which is v, so each neighbor of v has 4 vertices at distance 2 from v. But some of these might be the same.

Total number of vertices: 12. So from v, distance 1: 5, distance 2: x, distance 3: 1 (the antipodal vertex), since 1 + 5 + x + 1 = 12 ⇒ x = 5. Wait, no: the number of vertices at distance d from v.

In a symmetric graph like the icosahedron, the number of vertices at distance k from v is the same for all v (by symmetry). Let's denote d(v, u) as the shortest path distance.

For the icosahedron, the distance between a vertex and its antipodal vertex is 3. Because in the icosahedral graph, the diameter is 3. Let's check a reference: the icosahedral graph has diameter 3. For example, in the icosahedron, you can't get from a vertex to its antipodal vertex in 2 steps, because each step goes to a neighbor, and the neighbors of a neighbor don't include the antipodal vertex.

Yes, in the icosahedron, the antipodal vertex is at distance 3. So the graph has:

- Distance 0: 1 vertex (itself)
- Distance 1: 5 vertices (neighbors)
- Distance 2: 5 vertices (vertices connected to neighbors but not to itself)
- Distance 3: 1 vertex (antipodal vertex)

Wait, 1 + 5 + 5 + 1 = 12, which matches the number of vertices. Perfect, so the icosahedral graph is a 5-regular graph with diameter 3, where the only vertex at distance 3 from a given vertex is its antipodal vertex.

So, the structure is:

- Let v be the starting vertex.
- v has 5 neighbors (distance 1)
- Each neighbor of v has 4 vertices at distance 2 from v (since they are not v, and not their other neighbors)
- There is 1 vertex at distance 3 from v (the antipodal vertex)

Now, the problem says: ""teleport to the opposite vertex (i.e. the unique vertex of the icosahedron such that the distance traveled is greatest)"" – so ""opposite vertex"" is the antipodal vertex, which is at distance 3 from v.

The bug can move to adjacent vertices (so move along an edge, distance 1) or teleport to the opposite vertex (which is a specific move: teleporting to the antipodal vertex, which is a single move that takes it from v to its antipodal vertex, regardless of current position? Wait, no: ""teleport to the opposite vertex"" – for the current vertex, the opposite vertex is fixed (since each vertex has a unique opposite).

So, from any vertex u, teleporting takes it to its antipodal vertex, denoted as opp(u).

The problem states: ""he can teleport at most twice before exhausting himself."" So, in 7 seconds, the bug can teleport 0, 1, or 2 times (since ""at most twice"" means up to 2, so 0,1,2 teleports).

Each second, the bug does one action: either move to an adjacent vertex (let's call this a ""move"" action, which changes the vertex by one edge), or teleport to the opposite vertex (a ""teleport"" action, which changes the vertex to its antipodal).

We need to count the number of sequences of 7 actions (each action is move or teleport) such that the bug ends at the original vertex, and the number of teleports in the sequence is ≤2.

First, let's model the state as the current vertex and the number of teleports used so far. But maybe we can use adjacency matrices or recurrence relations.

Let's define:

Let’s fix the starting vertex as v0. We need to end at v0 after 7 steps.

Let’s denote:

- Let m be the number of moves (each move is a step to an adjacent vertex)
- Let t be the number of teleports (t = 0,1,2)
- Total steps: m + t = 7 ⇒ m = 7 - t

Each teleport is a single action that takes the bug from u to opp(u). A move is a single action that takes the bug from u to a neighbor w (adjacent).

We need to track the path: each step is either a move (to adjacent) or a teleport (to antipodal).

Let's first figure out the possible transitions.

First, note that the icosahedral graph is symmetric, so we can group vertices by their distance from v0:

- Type 0: v0 (distance 0)
- Type 1: 5 vertices (distance 1 from v0)
- Type 2: 5 vertices (distance 2 from v0)
- Type 3: 1 vertex (distance 3 from v0, which is opp(v0))

Let's denote:

- A = v0 (Type 0)
- B = Type 1 (5 vertices)
- C = Type 2 (5 vertices)
- D = opp(v0) (Type 3, the antipodal vertex)

Now, let's find the adjacency between types:

From A (v0):

- Can move to any B (5 moves)
- Can teleport to D (1 teleport)

From B (a Type 1 vertex):

- Adjacent vertices: A (1 vertex), and 4 other vertices (since degree 5)
- What are those 4 other vertices? Let's see: from a Type 1 vertex (distance 1 from A), its neighbors are A (Type 0) and 4 vertices at distance 2 from A (since the distance from A to a neighbor of B is 1 (to A) or 2 (to other vertices)). Wait, yes: if you take a vertex u in Type 1 (neighbor of A), then u's neighbors are A (Type 0) and 4 vertices that are at distance 2 from A (because the shortest path from u to A is 1, so from u to other vertices: the shortest paths from u to A is 1, to other Type 1 vertices: is there a path of length 2 from u to another Type 1? Let's see.

In the icosahedral graph, the number of vertices at each distance:

- From A: 1 (Type 0), 5 (Type 1), 5 (Type 2), 1 (Type 3)

Transitions:

- From A:
  - Move: to Type 1 (5 options)
  - Teleport: to Type 3 (1 option)

- From Type 1 (B):
  - Move: to Type 0 (1 option) or Type 2 (4 options) [since each move is to adjacent, and from a Type 1 vertex, adjacent vertices are 1 Type 0 (A) and 4 Type 2 (C)]
  - Teleport: to opp(B). What is opp(B)? Since B is a Type 1 vertex (distance 1 from A), its antipodal vertex is... Let's think.

The antipodal vertex for a vertex u is the unique vertex such that the distance from u to opp(u) is maximized (i.e., the diameter). In the icosahedron, the diameter is 3, so the maximum distance between any two vertices is 3. So the antipodal vertex of u is the vertex at distance 3 from u.

Since the graph has diameter 3, for any u, there is exactly one vertex at distance 3 from u (the antipodal vertex).

So, for u = A (Type 0), opp(A) = D (Type 3), distance 3.

For u = B (Type 1), opp(B) is the vertex at distance 3 from B. What's the distance from B to D (Type 3)? Let's see: distance from B to A is 1, A to D is 3 (since D is distance 3 from A), so B to D is 2 (B-A-D) or B-C-D? Wait, no: the shortest path from B to D.

Since the graph has diameter 3, the shortest path from B to D must be 2 or 3. Let's assume it's 2. Wait, in the icosahedron, the antipodal vertex of a Type 1 vertex is a Type 2 vertex? Wait, maybe we need to use the fact that the icosahedral graph is vertex-transitive (since it's a regular polyhedron), so all vertices have the same structure.

But maybe instead of getting bogged down, we can use the fact that the problem states ""the unique vertex of the icosahedron such that the distance traveled is greatest"" – so ""distance traveled"" here probably refers to the graph distance, so the antipodal vertex is the unique vertex at maximum graph distance from the current vertex.

In the icosahedron, the graph distance between two vertices can be 1, 2, or 3. So the maximum distance is 3, so the antipodal vertex is the unique vertex at distance 3 from the current vertex.

Therefore, for any vertex u, opp(u) is the unique vertex at distance 3 from u.

Now, let's consider the distances:

- From A (distance 0): opp(A) = D (distance 3)
- From B (distance 1 from A): what's the distance from B to D? Let's compute the shortest path from B to D.

Since A is connected to B, and D is connected to... Let's see: D is the antipodal of A, so D is at distance 3 from A. The neighbors of D: since D is a vertex of degree 5, its neighbors are at distance 2 from A (because the shortest path from A to D is 3, so the neighbors of D are at distance 2 from A).

Wait, in a graph with diameter 3, the neighbors of a vertex at distance 3 from A must be at distance 2 from A (since the shortest path from A to D is 3, so A to X to D is length 2, so X is at distance 2 from A).

Yes, so the neighbors of D (Type 3) are all Type 2 (distance 2 from A).

Similarly, the neighbors of A (Type 0) are Type 1 (distance 1).

The neighbors of Type 1 (B) vertices: 1 Type 0 (A) and 4 Type 2 (C) vertices (since degree 5).

The neighbors of Type 2 (C) vertices: let's see, from a Type 2 vertex, its neighbors are: 1 Type 1 (B), 1 Type 3 (D), and 3 Type 2? Wait, no, degree 5.

Wait, total vertices: 12.

From A (Type 0):

- Neighbors: 5 Type 1 (B)

From B (Type 1):

- Neighbors: 1 Type 0 (A), 4 Type 2 (C)

From C (Type 2):

- Neighbors: ? Let's count the number of Type 1, Type 2, Type 3 neighbors.

Suppose from a Type 2 vertex, it has x neighbors of Type 1, y neighbors of Type 2, z neighbors of Type 3.

Total neighbors: 5.

We know that the total number of edges from Type 2 vertices: each Type 2 vertex has some connections.

Total edges incident to Type 0: 5 (from A to B)

Total edges incident to Type 1: 5*5 = 25? No, each edge is counted twice.

Total edges: 30 (since 12 vertices * 5 / 2 = 30).

Edges between Type 0 and Type 1: 5 (A to B)

Edges between Type 1 and Type 2: let's say E12

Edges between Type 2 and Type 3: E23

Edges between Type 3 and Type 0: 0 (since D is Type 3, A is Type 0, distance 3, so no direct edge)

Edges between Type 1 and Type 3: E13

Edges between Type 2 and Type 3: E23

But maybe it's easier to use the fact that the icosahedral graph is the complement of the 5-cycle? No, probably not.

Alternative approach: use the fact that the icosahedral graph is a 5-regular graph with 12 vertices, and it's a Cayley graph of the group Z/5Z? No, the icosahedral graph is the 1-skeleton of the icosahedron, which is a Platonic solid.

Wait, here's a key insight: in the icosahedron, the antipodal map is an involution (applying it twice gives the identity), since opp(opp(u)) = u.

Also, the graph is bipartite? No, the icosahedron has odd cycles (triangles), so it's not bipartite.

Let's consider the possible sequences of moves and teleports.

We need to end at A after 7 steps, with at most 2 teleports.

Let's denote the number of teleports as t = 0,1,2.

For each t, we can model the number of paths with t teleports that start and end at A in 7 steps.

First, let's handle t=0: no teleports. All 7 steps are moves (to adjacent vertices).

In this case, the bug is moving along the icosahedral graph, no teleports. We need the number of walks of length 7 starting and ending at A.

Let’s denote f(n, s) as the number of walks of length n ending at type s (s=0,1,2,3).

We have:

- s=0: A
- s=1: B (Type 1)
- s=2: C (Type 2)
- s=3: D (Type 3)

We need to find f(7, 0).

First, initial state: n=0, f(0,0)=1, f(0,1)=f(0,2)=f(0,3)=0.

Recurrence relations:

From s=0 (A):
- Can move to s=1 (5 ways)
- Cannot teleport (since t=0, but in t=0 case, we're only considering moves, so no teleports. Wait, no: in the t=0 case, all actions are moves, so no teleports. So for t=0, the transitions are only moves.

Wait, the problem says: ""every second, it can either move to one of the adjacent vertices, or teleport..."" So each second, the bug chooses to do one of the two actions: move (to adjacent) or teleport (to opposite). So in the t=0 case, all 7 actions are moves (no teleports), so each step is a move (to adjacent).

In the t=1 case, 6 moves and 1 teleport, etc.

So we need to consider sequences with t teleports, where t=0,1,2.

First, let's define the transition matrix for moves (only moves, no teleports).

Let M be the adjacency matrix of the icosahedral graph, with rows and columns ordered as [0,1,2,3] (types 0,1,2,3).

From the earlier analysis:

- From type 0 (A): can only move to type 1 (5 neighbors)
- From type 1 (B): can move to type 0 (1 neighbor) and type 2 (4 neighbors)
- From type 2 (C): what can it move to? Let's figure out the transition from type 2.

Assume that from type 2, the moves go to type 1 (x neighbors) and type 3 (y neighbors), with x + y = 5 (degree 5).

Total edges:

- Edges from A (type 0): 5 to type 1
- Edges from type 1 (5 vertices): each has 1 to type 0, 4 to type 2 ⇒ total edges from type 1 to type 0: 5*1=5, to type 2: 5*4=20
- Edges from type 2 (5 vertices): let's say each has a edges to type 1, b edges to type 2, c edges to type 3. But since the graph is symmetric, the number of edges between types should be consistent.

Total edges: 30.

Edges between type 0 and 1: 5 (as above)
Edges between type 1 and 2: let's call this E12
Edges between type 2 and 3: E23
Edges between type 3 and 0: 0 (since type 3 is antipodal to type 0, and the graph has diameter 3, so no direct edge)
Edges between type 1 and 3: E13
Edges between type 2 and 2: E22 (but in a simple graph, no self-loops, so E22=0)

Total edges: E01 + E12 + E23 + E30 + E13 + E22 = 30. But E30=0, E22=0, so E01 + E12 + E23 + E13 = 30.

We know E01=5 (from type 0 to type 1).

From the 5 type 1 vertices, each has 1 edge to type 0, so total E01=5*1=5 (matches).

Each type 1 vertex has 4 edges to type 2, so E12=5*4=20.

Type 2 vertices: 5 vertices, each has degree 5. Let's say each type 2 vertex has x edges to type 1, y edges to type 3, z edges to type 2 (but z=0, since no multiple edges). So x + y = 5.

Total edges from type 2 to type 1: E12 = 5x (since each type"
912,"Okay, let's try to figure out how to solve this problem. So, we have a mountain, and we need to find its height. There are two observation points on a flat plain. From the first point, the angle of elevation to the top of the mountain is 30 degrees, and from a point 1500 feet closer (so 1500 feet towards the mountain), the angle of elevation is 34 degrees. 

First, I should draw a diagram to visualize this. Let's imagine the mountain as a vertical line (the height we want to find, let's call it h). The two observation points are on a horizontal line (the plain), so we can model this with a right triangle for each observation point.

Let me denote the distance from the mountain to the first observation point as x feet. Then, the second observation point is x - 1500 feet away from the mountain (since it's 1500 feet closer). Wait, actually, no: if the first point is farther away, then the second point is closer, so the distance from the mountain to the second point is x - 150ื่? Wait, no. Let's clarify.

Let’s say the mountain is at point M, the first observation point is A, and the second is B, with B being 1500 feet closer to M than A. So, the distance from M to A is d, then the distance from M to B is d - 1500. Wait, no: if you're moving closer to the mountain, then the distance from the mountain to B is less than the distance from the mountain to A. So, if A is farther, then MA = d, MB = d - 1500. Wait, actually, maybe it's better to set coordinates.

Let me set up coordinate system: Let the base of the mountain be at (0, 0), and the plain is the x-axis. The mountain top is at (0, h). The first observation point is at (x, 0), and the second is at (x - 1500, 0), since it's 1500 feet closer to the mountain (so x - 1500 is closer to 0 than x).

From point A (x, 0), the angle of elevation to the top of the mountain is 30 degrees. So, the angle between the horizontal line from A to the mountain base (along the x-axis) and the line of sight to the top is 30 degrees. So, in the right triangle formed by A, the base of the mountain (0,0), and the top of the mountain (0,h), the angle at A is 30 degrees.

Wait, no: the angle of elevation is measured from the horizontal up to the line of sight. So, from point A, looking up at the mountain top, the angle between the horizontal (towards the mountain) and the line of sight is 30 degrees.

So, the right triangle has:

- Opposite side: height of mountain, h

- Adjacent side: horizontal distance from A to the mountain base, let's call it d

- Hypotenuse: line of sight from A to the top

So, tan(theta) = opposite / adjacent = h / d

Similarly, for the second point, which is 1500 feet closer, so the horizontal distance from the second point to the mountain base is d - 1500 (since it's closer, so shorter distance). Wait, no: if the second point is closer, then the distance from the second point to the mountain is less than the first point. So, if the first point is d away, the second is d - 1500 away? Wait, no: if you move 1500 feet closer, then the distance decreases by 1500. So, yes, if the first point is d meters away, the second is d - 1500 meters away.

But wait, angles: from the second point, the angle of elevation is 34 degrees, which is steeper, so the second point is closer, which makes sense because the angle is larger.

So, for the first point: tan(30°) = h / d => h = d * tan(30°)

For the second point: tan(34°) = h / (d - 1500) => h = (d - 1500) * tan(34°)

Since both equal h, we can set them equal:

d * tan(30°) = (d - 1500) * tan(34°)

Now, we can solve for d, then find h.

Let me write down the values:

tan(30°) ≈ 0.57735

tan(34°) ≈ 0.6745

Let me confirm these approximations. Let's see:

tan(30°) is exactly 1/√3 ≈ 0.57735

tan(34°): let's calculate more accurately. 34 degrees.

Using calculator: tan(34) ≈ 0.6745085168

Yes, so approximately 0.6745.

So, let's write the equation:

d * 0.57735 = (d - 1500) * 0.6745

Let's expand the right side:

d * 0.57735 = d * 0.6745 - 1500 * 0.6745

Bring terms with d to left:

d * 0.57735 - d * 0.6745 = -1500 * 0.6745

Factor d:

d (0.57735 - 0.6745) = -1500 * 0.6745

Calculate the left coefficient:

0.57735 - 0.6745 ≈ -0.09715

Right side: -1500 * 0.6745 ≈ -1011.75

So,

d * (-0.09715) = -1011.75

Multiply both sides by -1:

d * 0.09715 = 1011.75

Therefore, d ≈ 1011.75 / 0.09715 ≈ ?

Let's compute that.

First, 1011.75 / 0.09715

Let me approximate 0.09715 ≈ 0.1, so 1011.75 / 0.1 = 10117.5, but since it's slightly less than 0.1, the result will be slightly more than 10117.5. Let's do it more accurately.

1011.75 ÷ 0.09715

Let me write 0.09715 = 9715 / 100000

So, 1011.75 / (9715 / 100000) = 1011.75 * 100000 / 9715 ≈ 101175000 / 9715 ≈

Let's divide 101175000 by 9715.

First, 9715 * 10000 = 97,150,000

101,175,000 - 97,150,000 = 4,025,000

9715 * 400 = 3,886,000

4,025,000 - 3,886,000 = 139,000

9715 * 14 = 136,010

139,000 - 136,010 = 2,990

So total is approximately 10000 + 400 + 14 = 10414, with some remainder.

So roughly 10414 feet? Wait, but let's check with calculator steps.

Alternatively, use decimal division.

1011.75 / 0.09715 ≈ 1011.75 ÷ 0.09715

Let me compute 0.09715 * 10000 = 971.5

So 1011.75 / 0.09715 ≈ (1011.75 / 971.5) * 10 ≈ (1.0414) * 10 ≈ 10.414? Wait, no, units are wrong.

Wait, no: 0.09715 * d = 1011.75? Wait, no, earlier step:

We had d * 0.09715 ≈ 1011.75, so d ≈ 1011.75 / 0.09715 ≈ 10414. So d ≈ 10414 feet.

Then h = d * tan(30°) ≈ 10414 * 0.57735 ≈ ?

10414 * 0.5 = 5207

10414 * 0.07735 ≈ 10414 * 0.07 = 728.98; 10414 * 0.00735 ≈ 76.5

So total ≈ 5207 + 728.98 + 76.5 ≈ 5207 + 805.48 ≈ 6012.48 feet?

Wait, but let's check with the other equation to verify.

h = (d - 1500) * tan(34°)

d ≈ 10414, so d - 1500 ≈ 8914

8914 * 0.6745 ≈ ?

8914 * 0.6 = 5348.4

8914 * 0.07 = 624.0

8914 * 0.0045 ≈ 40.113

Total ≈ 5348.4 + 624.0 = 5972.4 + 40.113 ≈ 6012.5, which matches the previous h. So that's consistent.

So h ≈ 6012.5 feet. Let's get a better approximation.

Let me use more precise values.

First, tan(30°) = 1/√3 ≈ 0.57735026919

tan(34°): let's use calculator value. 34 degrees.

Using calculator: tan(34) ≈ 0.6745085168

So, let's write the equation:

d * tan(30) = (d - 1500) * tan(34)

d (tan34 - tan30) = 1500 * tan34

Wait, wait: let's rearrange the equation correctly.

Original equation:

d * tan30 = (d - 1500) * tan34

d * tan30 = d * tan34 - 1500 * tan34

d * (tan34 - tan30) = 1500 * tan34

Ah! Here's a mistake earlier. I think I messed up the signs.

Let's do it step by step.

Starting over:

From first point: h = d * tan(30°), where d is the distance from the first point to the mountain base.

From second point: h = (d - 1500) * tan(34°), because the second point is 1500 feet closer, so its distance to the mountain base is d - 1500 (since it's closer, so smaller distance).

Wait, no: if the second point is closer, then the distance from the second point to the mountain is less than the first point. So if the first point is d away, the second is d - 1500 away? Wait, no: if you move 1500 feet closer, your distance to the mountain decreases by 1500. So yes, if the first point is d, the second is d - 1500.

But in reality, when you move closer, the distance decreases, so the second point is closer, so its distance is d - 1500.

So, h = d * tan(30) = (d - 1500) * tan(34)

So, rearranged:

d * tan30 = d * tan34 - 1500 * tan34

d * (tan34 - tan30) = 1500 * tan34

Wait, no:

d * tan30 = d * tan34 - 1500 * tan34

Bring terms with d to left:

d * tan30 - d * tan34 = -1500 * tan34

d (tan30 - tan34) = -1500 * tan34

Multiply both sides by -1:

d (tan34 - tan30) = 1500 * tan34

Yes, that's correct.

So, d = (1500 * tan34) / (tan34 - tan30)

Then h = d * tan30 = [1500 * tan34 * tan30] / (tan34 - tan30)

Let's compute this.

First, compute tan34 ≈ 0.6745085

tan30 ≈ 0.5773503

Compute denominator: tan34 - tan30 ≈ 0.6745085 - 0.5773503 ≈ 0.0971582

Numerator for d: 1500 * tan34 ≈ 1500 * 0.6745085 ≈ 1011.76275

Thus, d ≈ 1011.76275 / 0.0971582 ≈ 10414.0 (exactly, let's compute 1011.76275 / 0.0971582)

Let's do 1011.76275 ÷ 0.0971582

First, 0.0971582 * 10000 = 971.582

1011.76275 is about 1011.76, so 1011.76 / 0.0971582 ≈ 10414 (as before)

Then h = d * tan30 ≈ 10414 * 0.5773503 ≈ ?

10414 * 0.5 = 5207

10414 * 0.0773503 ≈ 10414 * 0.07 = 728.98; 10414 * 0.0073503 ≈ 76.5

So total ≈ 5207 + 728.98 + 76.5 ≈ 5207 + 805.48 ≈ 6012.48 feet

Let's check with the other expression: h = (d - 1500) * tan34 ≈ (10414 - 1500) * 0.6745085 ≈ 8914 * 0.6745085 ≈ ?

8914 * 0.6 = 5348.4

8914 * 0.07 = 624.0

8914 * 0.0045085 ≈ 8914 * 0.004 = 35.656; 8914 * 0.0005085 ≈ 4.52

So total ≈ 5348.4 + 624.0 = 5972.4 + 35.656 + 4.52 ≈ 5972.4 + 40.176 ≈ 6012.576, which is approximately 6012.6 feet.

So h ≈ 6012.6 feet. Let's see if we can get a more precise value.

Alternatively, use exact formulas.

Let me use more precise calculator values.

tan(34°):

Using calculator, tan(34) ≈ 0.6745085168

tan(30°) = 1/√3 ≈ 0.5773502692

Compute d = (1500 * tan34) / (tan34 - tan30)

= (1500 * 0.6745085168) / (0.6745085168 - 0.5773502692)

Compute numerator: 1500 * 0.6745085168 = 1500 * 0.6745085168

1500 * 0.6 = 900

1500 * 0.0745085168 = 1500 * 0.07 = 105; 1500 * 0.0045085168 ≈ 6.7627752

So total ≈ 900 + 105 + 6.7627752 = 1011.7627752

Denominator: 0.6745085168 - 0.5773502692 = 0.0971582476

So d ≈ 1011.7627752 / 0.0971582476 ≈ 10414.0 (let's compute 1011.7627752 ÷ 0.0971582476)

Let's do 1011.7627752 / 0.0971582476

≈ 1011.7627752 * (1 / 0.0971582476) ≈ 1011.7627752 * 10.292 ≈ ?

Wait, 1 / 0.0971582476 ≈ 10.292 (since 0.097158 * 10 = 0.97158, so 1 / 0.097158 ≈ 10.29)

So 1011.7627752 * 10.292 ≈ 1011.76 * 10 = 10117.6; 1011.76 * 0.292 ≈ 295. So total ≈ 10117.6 + 295 ≈ 10412.6, which is close to 10414. So d ≈ 10413 feet.

Then h = d * tan30 ≈ 10413 * 0.57735 ≈ ?

10413 * 0.5 = 5206.5

10413 * 0.07735 ≈ 10413 * 0.07 = 728.91; 10413 * 0.00735 ≈ 76.5

Total ≈ 5206.5 + 728.91 + 76.5 ≈ 5206.5 + 805.41 ≈ 6011.91 feet

So approximately 6012 feet.

Wait, but let's check with more precise calculation.

Let me use calculator steps.

First, compute tan(34°):

Using a calculator, tan(34) ≈ 0.6745085168

tan(30°) = 1/√3 ≈ 0.5773502692

Compute d = (1500 * tan34) / (tan34 - tan30)

= (1500 * 0.6745085168) / (0.6745085168 - 0.5773502692)

= (1011.7627752) / (0.0971582476)

≈ 1011.7627752 / 0.0971582476 ≈"
913,"Okay, let's try to solve this integral: ∫ dx / [x(x - 1)²] dx. Hmm, partial fractions maybe? Because it's a rational function with a quadratic denominator. Let me recall how partial fractions work for denominators like (x - a)².

First, the integrand is 1/[x(x - 1)²]. So we can express this as a sum of simpler fractions. The general form for partial fractions when there's a repeated linear factor (x - 1)² would be A/x + B/(x - 1) + C/(x - 1)². Wait, yes, because the denominator has a square term, so we need two terms for the repeated root: one with (x - 1) and one with (x - 1) squared.

So let's write:

1/[x(x - 1)²] = A/x + B/(x - 1) + C/(x - 1)².

We need to find constants A, B, C.

Multiply both sides by x(x - 1)²:

1 = A(x - 1)² + Bx(x - 1) + Cx.

Now, expand each term:

A(x² - 2x + 1) + B(x² - x) + Cx = 1.

Let's collect like terms:

x² terms: A + B

x terms: -2A - B + C

constant terms: A

So we have:

For x²: A + B = 0

For x: -2A - B + C = 0

For constant: A = 1

Wait, that's helpful. Let's see:

From the constant term: A = 1.

Then from x² term: A + B = 0 ⇒ 1 + B = 0 ⇒ B = -1.

Then from x term: -2A - B + C = 0. Substitute A=1, B=-1:

-2(1) - (-1) + C = 0 ⇒ -2 + 1 + C = 0 ⇒ -1 + C = 0 ⇒ C = 1.

So the partial fractions decomposition is:

1/[x(x - 1)²] = (1)/x + (-1)/(x - 1) + (1)/(x - 1)².

Wait, let me check that. Let me verify with x=0: left side is undefined, but the equation should hold for all x ≠ 0,1.

Alternatively, plug in x=1 into the equation before multiplying: 1/[1*(0)^2] is undefined, but the equation after multiplying by x(x-1)^2 gives 1 = ... So maybe my approach is correct.

Wait, let's test with x=2. Left side: 1/[2*(1)^2] = 1/2.

Right side: A/2 + B/(1) + C/(1)^2 = A/2 + B + C.

If A=1, B=-1, C=1: 1/2 -1 +1 = 1/2. Correct. So that works.

So yes, the partial fractions are correct: 1/x - 1/(x - 1) + 1/(x - 1)^2.

Therefore, the integral becomes:

∫ [1/x - 1/(x - 1) + 1/(x - 1)^2] dx.

Let's integrate term by term.

First term: ∫ 1/x dx = ln|x| + C.

Second term: -∫ 1/(x - 1) dx = -ln|x - 1| + C.

Third term: ∫ 1/(x - 1)^2 dx. Let u = x - 1, du = dx. So ∫ u^{-2} du = -u^{-1} + C = -1/(x - 1) + C.

So putting it all together:

ln|x| - ln|x - 1| - 1/(x - 1) + C.

Wait, wait: third term is +1/(x - 1)^2, so integral is -1/(x - 1). So total integral is:

ln|x| - ln|x - 1| - 1/(x - 1) + C.

Hmm, let's write that as:

ln|x| - ln|x - 1| - 1/(x - 1) + C.

Which can be written as ln|x| - ln|x - 1| + [ -1/(x - 1) ] + C.

Looking at the options:

Option G: ln|x| - 1/(x - 1) - ln|x - 1| + C. Wait, yes! Let's check.

Option G: ln|x| - 1/(x - 1) - ln|x - 1| + C. Which is exactly what we have: ln|x| - ln|x - 1| - 1/(x - 1) + C.

Yes, so that's option G.

Wait, let's check the options again.

Options:

G. $ln left| x right| - {1 over {x - 1}} - ln left| {x - 1} right| + C$

Yes, that's exactly our result. So the answer is G.

Wait, but let's double-check.

Wait, the integral of 1/(x - 1)^2 is -1/(x - 1), correct. So the third term contributes -1/(x - 1).

The second term was -∫1/(x - 1) dx = -ln|x - 1|.

First term: ln|x|.

So total: ln|x| - ln|x - 1| - 1/(x - 1) + C.

Which is written as ln|x| - 1/(x - 1) - ln|x - 1| + C. So order doesn't matter, but the options list them in different orders.

Looking at option G: ""ln|x| - 1/(x - 1) - ln|x - 1| + C"". Yes, that's exactly it.

Let me check other options to be sure.

Option I: ln|x| + 1/(x - 1) - ln|x - 1| + C. That would be if the integral of 1/(x - 1)^2 was +1/(x - 1), but no, it's -1/(x - 1). So I is wrong.

Option G has minus sign on 1/(x - 1), which is correct.

Option F: ln|x| - 1/(x - 1) + ln|x - 1| + C. No, we have minus ln|x - 1|, so F is wrong.

Option G: yes, it's ln|x| minus 1/(x - 1) minus ln|x - 1| plus C. So yes.

Let me check another way. Suppose we differentiate option G to see if we get the original integrand.

d/dx [ ln|x| - 1/(x - 1) - ln|x - 1| ] = (1/x) - [ -1/(x - 1)^2 ] - [1/(x - 1)].

Wait, derivative of -1/(x - 1) is - [ -1/(x - 1)^2 ] = 1/(x - 1)^2. Wait, no:

Wait, d/dx [ -1/(x - 1) ] = - d/dx [ (x - 1)^{-1} ] = - [ -1*(x - 1)^{-2} * 1 ] = 1/(x - 1)^2.

Similarly, derivative of -ln|x - 1| is - [1/(x - 1)].

So total derivative:

d/dx [ ln|x| - 1/(x - 1) - ln|x - 1| ] = 1/x + 1/(x - 1)^2 - 1/(x - 1).

Wait, wait, no:

Wait, the expression is ln|x| - [1/(x - 1)] - ln|x - 1|. So derivative:

d/dx [ln|x|] = 1/x

d/dx [ -1/(x - 1) ] = - [ d/dx (x - 1)^{-1} ] = - [ -1*(x - 1)^{-2} ] = 1/(x - 1)^2

d/dx [ -ln|x - 1| ] = - [ 1/(x - 1) ]

So total derivative: 1/x + 1/(x - 1)^2 - 1/(x - 1)

Combine terms: 1/x + [1/(x - 1)^2 - 1/(x - 1)] = 1/x + [1 - (x - 1)] / (x - 1)^2 ?

Wait, 1/(x - 1)^2 - 1/(x - 1) = [1 - (x - 1)] / (x - 1)^2 = (1 - x + 1)/ (x - 1)^2 = (2 - x)/ (x - 1)^2. Hmm, not sure. Wait, maybe better to combine 1/(x - 1)^2 - 1/(x - 1):

= 1/(x - 1)^2 - (x - 1)/(x - 1)^2 = [1 - (x - 1)] / (x - 1)^2 = (2 - x)/(x - 1)^2. Hmm, but the original integrand is 1/[x(x - 1)^2].

Wait, perhaps I made a mistake in differentiation.

Wait, let's do step by step.

Let f(x) = ln|x| - 1/(x - 1) - ln|x - 1|

f’(x) = (1/x) - d/dx [ (x - 1)^{-1} ] - (1/(x - 1))

Because derivative of -1/(x - 1) is - [ derivative of (x - 1)^{-1} ]

Wait, derivative of (x - 1)^{-1} is -1*(x - 1)^{-2} * 1 = -1/(x - 1)^2. So derivative of -1/(x - 1) is - [ -1/(x - 1)^2 ] = 1/(x - 1)^2.

Wait, no:

Wait, d/dx [1/(x - 1)] = d/dx [(x - 1)^{-1}] = - (x - 1)^{-2} * 1 = -1/(x - 1)^2.

Therefore, d/dx [ -1/(x - 1) ] = - [ -1/(x - 1)^2 ] = 1/(x - 1)^2.

Ah, right. So:

f’(x) = 1/x + [d/dx (-1/(x - 1))] + d/dx (-ln|x - 1|)

Wait, no:

Wait, f(x) = ln|x| - [1/(x - 1)] - ln|x - 1|

So f’(x) = (1/x) - d/dx [1/(x - 1)] - d/dx [ln|x - 1|]

d/dx [1/(x - 1)] = -1/(x - 1)^2, so -d/dx [1/(x - 1)] = 1/(x - 1)^2

d/dx [ln|x - 1|] = 1/(x - 1)

Thus, f’(x) = 1/x + 1/(x - 1)^2 - 1/(x - 1)

Which is equal to 1/x + [1/(x - 1)^2 - 1/(x - 1)]

Let’s combine the terms in brackets:

1/(x - 1)^2 - 1/(x - 1) = [1 - (x - 1)] / (x - 1)^2 = (1 - x + 1)/ (x - 1)^2 = (2 - x)/ (x - 1)^2. Hmm, but the original integrand is 1/[x(x - 1)^2]. So this seems different.

Wait, that suggests a mistake in partial fractions?

Wait, no, maybe miscalculation here.

Wait, let's go back.

Original partial fractions: we had 1/[x(x - 1)^2] = 1/x - 1/(x - 1) + 1/(x - 1)^2.

Let me verify with x=2.

Left-hand side: 1/[2*(1)^2] = 1/2.

Right-hand side: 1/2 - 1/(1) + 1/(1)^2 = 0.5 - 1 + 1 = 0.5. Correct.

x=3: LHS: 1/[3*(2)^2] = 1/(12) ≈ 0.0833.

RHS: 1/3 - 1/2 + 1/(2)^2 = 1/3 - 1/2 + 1/4 = (4/12 - 6/12 + 3/12) = 1/12 ≈ 0.0833. Correct.

So partial fractions are correct.

Then integrating term by term:

∫ [1/x - 1/(x - 1) + 1/(x - 1)^2] dx = ln|x| - ln|x - 1| - 1/(x - 1) + C.

So the derivative of this should be the integrand.

Let’s compute derivative:

d/dx [ln|x|] = 1/x

d/dx [ - ln|x - 1| ] = -1/(x - 1)

d/dx [ -1/(x - 1) ] = 1/(x - 1)^2

So total derivative: 1/x - 1/(x - 1) + 1/(x - 1)^2. Which is the same as the integrand. So yes, correct.

So the integral is ln|x| - ln|x - 1| - 1/(x - 1) + C.

Which is written as ln|x| - 1/(x - 1) - ln|x - 1| + C.

Looking at the options:

Option G: $ln left| x right| - {1 over {x - 1}} - ln left| {x - 1} right| + C$

Yes, exactly. So the answer is G.

Let me check other options to be sure.

Option I: $ln left| x right| + {1 over {x - 1}} - ln left| {x - 1} right| + C$. This has a plus sign on 1/(x - 1), which we don't have. We have minus.

Option G has minus, so correct.

Another check: Option G's derivative is 1/x - [1/(x - 1)^2] - [1/(x - 1)]? Wait no, wait:

Wait, no, the derivative of -1/(x - 1) is +1/(x - 1)^2, as we saw earlier.

But in the expression for the integral, we have:

Integral = ln|x| - ln|x - 1| - 1/(x - 1) + C.

So when we take derivative:

d/dx [ln|x|] = 1/x

d/dx [ - ln|x - 1| ] = -1/(x - 1)

d/dx [ -1/(x - 1) ] = 1/(x - 1)^2

So total derivative: 1/x - 1/(x - 1) + 1/(x - 1)^2, which matches the integrand.

Yes, so the integral is correct.

So the answer is G.
</think>

\boxed{G}"
914,"Okay, let's see. I need to find a 95% confidence interval for the true proportion of the population that smokes. The survey had 800 people who completed 4 years of college, 175 smoke and 625 don't. So first, I should figure out the sample proportion, then check the conditions for the confidence interval, and then calculate the margin of error.

First, the sample proportion (p-hat) is the number of successes over the sample size. Here, ""success"" is smoking, so p-hat = 175 / 800. Let me calculate that. 175 divided by 800. Let's see, 175/800 = 0.21875. So approximately 0.219.

Next, I need to check if the sample size is large enough. For a confidence interval for a proportion, we usually check that n*p-hat and n*(1 - p-hat) are both at least 10. Let's see: n*p-hat = 800*0.21875 = 175, which is more than 10. n*(1 - p-hat) = 800*0ื่(1 - 0.21875) = 800*0.78125 = 625, which is also more than 10. So the normal approximation should be okay.

Now, the formula for a confidence interval for a proportion is: p-hat ± z*sqrt(p-hat*(1 - p-hat)/n). For a 95% confidence interval, the z* value is typically 1.96, but sometimes people use 2 for simplicity, but since it's 95%, we should use 1.96.

Let me write down the values:

n = 800

p-hat = 175/800 = 0.21875

First, calculate the standard error (SE): sqrt(p-hat*(1 - p-hat)/n)

So SE = sqrt(0.21875 * 0.78125 / 800)

Let me compute that step by step.

First, 0.21875 * 0.78125. Let's calculate that. 0.21875 is 7/32, and 0.78125 is 25/32? Wait, maybe decimal multiplication is easier.

0.21875 * 0.78125. Let's see: 0.21875 * 0.78125. Let's compute 0.21875 * 0.78125.

Alternatively, note that 175/800 = 7/32 ≈ 0.21875, and 625/800 = 25/32 ≈ 0.78125. So 7/32 * 25/32 = 175/1024 ≈ 0.1708984375. Then divide by n=800, so 0.1708984375 / 800 ≈ 0.000213623. Then take the square root: sqrt(0.000213623) ≈ ?

Wait, maybe better to do it step by step.

First, p-hat*(1 - p-hat) = 0.21875 * 0.78125. Let's compute 0.21875 * 0.78125.

0.21875 is 7/32, 0.78125 is 25/32. So 7/32 * 25/32 = 175/1024 ≈ 0.1708984375.

Then, divide by n: 0.1708984375 / 800 ≈ 0.000213623046875.

Then take the square root: sqrt(0.000213623) ≈ 0.014616. Let me check with calculator steps.

Alternatively, use a calculator approach:

First, 175/800 = 0.21875

1 - p-hat = 0.78125

p-hat*(1 - p-hat) = 0.21875 * 0.78125 = let's compute 0.2 * 0.78125 = 0.15625, 0.01875 * 0.78125 = approx 0.0146484375, so total ≈ 0.15625 + 0.0146484375 ≈ 0.1708984375. Correct.

Then, divide by n: 0.1708984375 / 800 = 0.000213623046875

Square root of that: sqrt(0.000213623) ≈ 0.014616. So approximately 0.0146.

Then, the margin of error (ME) is z* * SE. For 95% CI, z* is 1.96.

So ME = 1.96 * 0.014616 ≈ 0.0286.

So the confidence interval is p-hat ± ME: 0.21875 ± 0.0286.

Calculating the lower bound: 0.21875 - 0.0286 ≈ 0.19015

Upper bound: 0.21875 + 0.0286 ≈ 0.24735

So approximately (0.190, 0.247) or in percentage terms, 19.0% to 24.7%.

Wait, let me check the calculations again to be precise.

First, p-hat = 175/800 = 0.21875 exactly.

Compute SE: sqrt(0.21875 * (1 - 0.21875) / 800)

1 - 0.21875 = 0.78125

So 0.21875 * 0.78125 = let's compute this as fractions to be precise.

175/800 = 7/32 (since 175 ÷ 25 = 7, 800 ÷25=32)

625/800 = 25/32 (since 625 ÷25=25, 800 ÷25=32)

So p-hat = 7/32, 1 - p-hat = 25/32

Thus, p-hat*(1 - p-hat) = (7/32)*(25/32) = 175/1024

Then, divide by n: (175/1024)/800 = 175/(1024*800) = 175/819200

Wait, no: p-hat*(1 - p-hat)/n = (7/32)*(25/32)/800 = (175/1024)/800 = 175/(1024*800) = 175/819200 ≈ 0.000213623

Then sqrt(175/(1024*800)) = sqrt(175)/(sqrt(1024)*sqrt(800))

But maybe better to use decimal.

175/819200 ≈ 0.000213623

sqrt(0.000213623) ≈ 0.014616, as before.

Then, 1.96 * 0.014616 ≈ 0.02865

So the margin of error is approximately 0.0287.

Therefore, the lower bound is 0.21875 - 0.0287 ≈ 0.19005

Upper bound is 0.21875 + 0.0287 ≈ 0.24745

So rounding to three decimal places, the 95% CI is approximately (0.190, 0.247) or (0.19, 0.25) if we round to two decimal places.

Wait, the question says ""Determine a 95% confidence interval for the true proportion of the given population that smokes."" The population here is probably all people who completed 4 years of college? Or the general population? Wait, the problem says ""the true proportion of the given population"". The survey was on 800 randomly selected subjects who completed 4 years of college. So the population here is people who completed 4 years of college? Or is it the general population?

Wait, the problem says ""the true proportion of the given population"". Hmm, the wording is a bit ambiguous. But in the context of a survey, usually when you have a sample from a population, the confidence interval is for the population parameter. Since they say ""a recent survey showed that among 800 randomly selected subjects who completed 4 years of college"", so the population is people who completed 4 years of college? Or maybe the general population? Wait, no, the survey is about people who completed 4 years of college, so the population of interest is people who completed 4 years of college. So the confidence interval is for the proportion of people who completed 4 years of college that smoke.

But the problem says ""the true proportion of the given population"". Maybe ""given population"" refers to the population from which the sample was taken, which is people who completed 4 years of college. So we're estimating the proportion of smokers among people who completed 4 years of college.

But regardless, the method is the same.

Let me verify the calculations with a calculator.

First, p-hat = 175/800 = 0.21875

Compute the standard error:

SE = sqrt(p-hat*(1 - p-hat)/n) = sqrt(0.21875 * 0.78125 / 800)

Calculate 0.21875 * 0.78125:

0.21875 * 0.78125 = (7/32) * (25/32) = 175/1024 ≈ 0.1708984375

Then divide by 800: 0.1708984375 / 800 ≈ 0.000213623

Take square root: sqrt(0.000213623) ≈ 0.014616

Multiply by 1.96: 1.96 * 0.014616 ≈ 0.02865

So the confidence interval is 0.21875 ± 0.02865, which is:

Lower: 0.21875 - 0.02865 ≈ 0.1901

Upper: 0.21875 + 0.02865 ≈ 0.2474

So rounding to three decimal places, it's (0.190, 0.247). If we round to two decimal places, it's (0.19, 0.25). Sometimes confidence intervals are reported with two or three decimal places.

The problem says ""Determine a 95% confidence interval"", so we need to present it as [lower, upper].

Let me check with another approach. Using a calculator for the exact value.

Let's compute 175/800 = 0.21875

Compute the standard error:

sqrt(0.21875 * 0.78125 / 800) = sqrt( (0.21875 * 0.78125) / 800 )

0.21875 * 0.78125 = 0.1708984375

0.1708984375 / 800 = 0.000213623046875

sqrt(0.000213623046875) ≈ 0.014616

1.96 * 0.014616 ≈ 0.028647

So the lower bound is 0.21875 - 0.028647 ≈ 0.1901, upper bound is 0.21875 + 0.028647 ≈ 0.2474

So the 95% CI is approximately (0.190, 0.247). Depending on rounding, maybe to two decimal places: (0.19, 0.25), but often confidence intervals for proportions are reported with three decimal places.

Let me check if there's any mistake in the process.

Wait, another thing: sometimes people use the continuity correction, but for large samples, the normal approximation is used without continuity correction, especially for confidence intervals. Since n is large (800), continuity correction might not be necessary here. The problem says ""determine a 95% confidence interval"", so standard method is to use the normal distribution with the z-score.

Yes, so the calculation seems correct.

So the 95% confidence interval is from approximately 0.190 to 0.247.

Let me write that as (0.19, 0.25) if rounded to two decimal places, which is common for confidence intervals. Let's see:

0.1901 is approximately 0.19, 0.2474 is approximately 0.25.

So the 95% CI is (0.19, 0.25).

Wait, but 0.2474 is closer to 0.25 than 0.24, so maybe 0.25 is the upper bound.

Alternatively, some textbooks use 1.96 as the critical value, so let's compute more precisely.

1.96 * 0.014616 = 1.96 * 0.014616 ≈ 0.028647

So 0.21875 - 0.028647 = 0.190103

0.21875 + 0.028647 = 0.247397

So approximately (0.190, 0.247). If we round to three decimal places, it's (0.190, 0.247). To two decimal places, (0.19, 0.25).

I think the problem expects the answer rounded to two or three decimal places. Let's see what's typical.

In many stats courses, confidence intervals for proportions are reported with two or three decimal places. Since the sample proportion is 0.21875, which is 21.875%, so the interval is around 19% to 25%.

Let me check with an example. Suppose we use a calculator.

Using the formula:

Lower limit = p-hat - z*sqrt(p-hat*(1-p-hat)/n)

Upper limit = p-hat + z*sqrt(p-hat*(1-p-hat)/n)

We have p-hat = 0.21875, z = 1.96, n = 800.

Compute the standard error:

SE = sqrt(0.21875 * 0.78125 / 800) = sqrt(0.1708984375 / 800) = sqrt(0.000213623) ≈ 0.014616

Margin of error = 1.96 * 0.014616 ≈ 0.0286

So the interval is 0.21875 ± 0.0286, which is 0.190 to 0.247.

So writing it as (0.19, 0.25) if we round to two decimal places, or (0.190, 0.247) to three.

The problem says ""Determine a 95% confidence interval"", so probably expects two decimal places, as is common in such contexts.

Let me confirm with actual numbers.

If I use a calculator for the exact value:

175/800 = 0.21875

Compute 0.21875 * (1 - 0.21875) = 0.21875 * 0.78125 = 0.1708984375

Divide by 800: 0.1708984375 / 800 = 0.000213623046875

Square root: sqrt(0.000213623046875) ≈ 0.014616

1.96 * 0.014616 ≈ 0.028647

So lower bound: 0.21875 - 0.028647 ≈ 0.1901

Upper bound: 0.21875 + 0.028647 ≈ 0.2474

So the 95% CI is approximately (0.19, 0.25) when rounded to two decimal places, or (0.190, 0.247) to three.

Since the problem says ""Determine a 95% confidence interval"", and in many cases, especially with percentages, we report to two decimal places. For example, 19.0% to 24.7%, so 0.19 to 0.25.

Wait, 0.2474 is approximately 0.25 when rounded to two decimal places, and 0.1901 is 0.19.

So the 95% CI is (0.19, 0.25).

Let me check if there's any mistake in the process.

Another check: the sample size is 800, which is large, so the normal approximation is appropriate. The conditions for the normal approximation are met (np and n(1-p) > 10, which we checked earlier: 175 and 625, both >10).

So yes, the method is correct.

I think the answer is approximately 0.19 to 0.25.

Wait, let's do a quick calculation with another method. Suppose we use the formula for confidence intervals.

Alternatively, using a calculator function.

For example, in R, the command for a 95% CI would be:

prop.test(175, 800, conf.level = 0.95)

But since I can't run R right now, but I know that prop.test gives the confidence interval.

But assuming we do it manually, the calculation we did is correct.

So the 95% confidence interval is from approximately 0.19 to 0.25.

So the answer is (0.19, 0.25).

Wait, but let's see: 0.2474 is closer to 0.25 than 0.24, so rounding to two decimal places, 0.25. 0.1901 is 0.19.

Yes, so the 95% CI is 0.19 to 0.25.

I think that's the answer.
</think>

To determine a **95% confidence interval** for the true proportion of individuals who smoke among those who completed 4 years of college, we follow these steps:

---

### **Step 1: Identify the Sample Proportion**

We are given:
- Total sample size $ n = 800 $
- Number of smokers $ x = 175 $
- Number of non-smokers $ n - x = 625 $

The sample proportion is:

$$
\hat{p} = \frac{x}{n} = \frac{175}{800} = 0.21875
$$

---

### **Step 2: Check Conditions for Normal Approximation**

For a confidence interval for a proportion, we check whether the following holds:

$$
n \cdot \hat{p} \geq 10 \quad \text{and} \quad n \cdot (1 - \hat{p}) \geq 10
$$

$$
800 \cdot 0.21875 = 175 \quad \text{(≥ 10)} \\
800 \cdot (1 - 0.21875) = 625 \quad \text{(≥ 10)}
$$

✅ Both conditions are satisfied. We can proceed"
915,"Okay, let's see. I need to find the slope of a line that passes through the points (4, -6) and (9, -16). Hmm, slope... right, the slope formula is (y2 - y1)/(x2 - x1), where (x1, y1) and (x2, y2) are the two points on the line.

First, let me label the points. Let's say the first point is (x1, y1) = (4, -6) and the second point is (x2, y2) = (9, -16). 

So, the slope m should be (y2 - y1) divided by (x2 - x1). Let me write that down: m = (-16 - (-6)) / (9 - 4). 

Let me compute the numerator first. -16 minus (-6) is the same as -16 + 6, which is -10. Then the denominator is 9 - 4, which is 5. So the slope is -10 / ื่5, which simplifies to -2. 

Wait, let me check that again. Let's do the subtraction step by step. For the y-coordinates: the second y is -16, the first y is -6. So y2 - y1 is (-16) - (-6) = -16 + 6 = -10. Correct. For the x-coordinates: x2 - x1 is 9 - 4 = 5. So slope is -10 / 5 = -2. That seems right. 

Is there any chance the slope doesn't exist? Well, the slope doesn't exist when the line is vertical, which would mean the x-coordinates are the same (so denominator is zero). But here, the x-coordinates are 4 and 9, which are different, so the line isn't vertical. So the slope exists, it's -2. 

Let me verify with another method. Maybe plugging into the equation. The line goes through (4, -6) and (9, -16). Let's see the change in y over change in x. From x=4 to x=9, that's an increase of 5 in x. The y goes from -6 to -16, which is a decrease of 10 (since -16 - (-6) = -10, so the change in y is -10). So the slope is rise over run, which is -10 / 5 = -2. Yep, that matches. 

I think that's it. So the slope is -2.
</think>

To find the **slope** of a line passing through two given points, we use the **slope formula**:

$$
m = \frac{y_2 - y_1}{x_2 - x_1}
$$

---

### Step 1: Identify the coordinates

We are given two points on the line:
- Point A: $ (x_1, y_1) = (4, -6) $
- Point B: $ (x_2, y_2) = (9, -16) $

---

### Step 2: Apply the slope formula

Substitute into the formula:

$$
m = \frac{-16 - (-6)}{9 - 4} = \frac{-16 + 6}{5} = \frac{-10}{5} = -2
$$

---

### Step 3: Check for special cases

The slope **does not exist** only if the line is **vertical**, which happens when the denominator $ x_2 - x_1 = 0 $. In this case, $ x_2 - x_1 = 5 \neq 0 $, so the line is **not vertical**, and the slope **exists**.

---

### Final Answer

$$
\boxed{-2}
$$"
916,"Okay, let's tackle this problem step by step. First, we need to find the distances between A and B, A and C, then the area of triangle ABC. The problem says it's a right triangle with the right angle at A, so that might help with the area.

First, let's recall the distance formula: the distance between two points (x1, y1) and (x2, y2) is sqrt[(x2 - x1)^2 + (y2 - y1)^2].

Starting with the first part: distance between A and B. Point A is (1, 0), point B is (4, ื่). Let's write down their coordinates.

For AB: A(1, 0), B(4, 3).

So, difference in x-coordinates: 4 - 1 = 3

Difference in y-coordinates: 3 - 0 = 3

Then distance AB = sqrt(3^2 + 3^2) = sqrt(9 + 9) = sqrt(18) = 3*sqrt(2). Wait, but maybe they want the exact value, so 3√2. Let me check if I did that right.

Wait, 4 - 1 is 3, 3 - 0 is 3, yes. So squared differences are 9 and 9, sum is 18, square root is √18 = 3√2. That seems right.

Next, distance between A and C. Point C is (-5, 6). So A(1, 0), C(-5, 6).

Difference in x: -5 - 1 = -6, so squared is (-6)^2 = 36

Difference in y: 6 - 0 = 6, squared is 36

So distance AC = sqrt(36 + 36) = sqrt(72) = 6√2. Wait, is that right? Let's verify.

Wait, 6 squared is 36, 6 squared is 36, sum is 72, square root of 72 is 6√2. Yes, that's correct.

Now, the area of triangle ABC. Since it's a right triangle with right angle at A, the legs are AB and AC, so the area is (1/2)*AB*AC.

Wait, but let's confirm that it's a right triangle at A. The problem says ""Notice that these points are vertices of a right triangle (the angle A is 90 degrees)"", so that's given. So angle at A is 90 degrees, so sides AB and AC are the legs, BC is the hypotenuse.

So area is (1/2)*|AB|*|AC|.

We have |AB| = 3√2, |AC| = 6√2. Wait, no, wait, hold on. Wait, maybe I miscalculated the distances.

Wait, let's recalculate AB and AC carefully.

First, AB: A(1,0) to B(4,3).

Δx = 4 - 1 = 3, Δy = 3 - 0 = 3. So AB = √(3² + 3²) = √(9 + 9) = √18 = 3√2. That's correct.

AC: A(1,0) to C(-5,6).

Δx = -5 - 1 = -6, so |Δx| = 6, Δy = 6 - 0 = 6. So AC = √((-6)² + 6²) = √(36 + 36) = √72 = 6√2. Correct.

Now, BC: let's check if it's the hypotenuse. Maybe we can verify the right angle. In a right triangle at A, the vectors AB and AC should be perpendicular, so their dot product is zero.

Vector AB = B - A = (4 - 1, 3 - 0) = (3, 3)

Vector AC = C - A = (-5 - 1, 6 - 0) = (-6, 6)

Dot product of AB and AC: (3)(-6) + (3)(6) = -18 + 18 = 0. Oh! So the dot product is zero, which means they are perpendicular. So angle at A is indeed 90 degrees. Good, that confirms it's a right triangle at A.

So area is (1/2)*base*height = (1/2)*AB*AC.

We have AB = 3√2, AC = 6√2. So area = (1/2)*(3√2)*(6√2) = (1/2)*(18*2) = (1/2)*36 = 18. Wait, let's compute that step by step.

(3√2)*(6√2) = 18*(√2*√2) = 18*2 = 36. Then half of that is 18. So area is 18. That seems right.

Alternatively, we could use coordinates to find the area via shoelace formula to confirm.

Shoelace formula for points A(1,0), B(4,3), C(-5,6).

List the points in order: A(1,0), B(4,3), C(-5,6), back to A(1,0).

Shoelace sum:

Sum1 = (1*3) + (4*6) + (-5*0) = 3 + 24 + 0 = 27

Sum2 = (0*4) + (3*(-5)) + (6*1) = 0 + (-15) + 6 = -9

Area = (1/2)|Sum1 - Sum2| = (1/2)|27 - (-9)| = (1/2)|36| = 18. Perfect, matches the previous result.

So the area is 18.

Let me just recap:

Distance AB: 3√2

Distance AC: 6√2

Area: 18

Wait, the problem says ""Find the distance between A and B: [ANS]"", ""Find the distance between A and C: [ANS]"", ""Find the area of the triangle ABC: [ANS]"".

So the answers are 3√2, 6√2, 18.

Let me check once more to make sure I didn't mix up any numbers.

AB: from (1,0) to (4,3). The horizontal change is 3, vertical change is 3. So distance is √(3² + 3²) = √18 = 3√2. Correct.

AC: from (1,0) to (-5,6). Horizontal change: -5 -1 = -6, so absolute value 6; vertical change: 6 - 0 = 6. So distance √(6² + 6²) = √72 = 6√2. Correct.

Area: since it's a right triangle at A, legs are AB and AC, so area is (AB * AC)/2. As we calculated, (3√2 * 6√2)/2 = (18 * 2)/2 = 18. Correct. Alternatively, using shoelace gives 18, so that's solid.

I think that's it. So the answers are 3√2, 6√2, 18.

The problem says ""If the problem has multiple sub-answers, separate them by commas inside a single \boxed{}"". Wait, the user said ""Solve the problem step-by-step. Put your final answer inside \boxed{}"". Wait, the problem has three questions: distance AB, distance AC, area. So three answers.

The user wrote: ""Find the distance between A and B: [ANS] Find the distance between A and C: [ANS] Find the area of the triangle ABC: [ANS]""

So three answers. So we need to box each one? Wait, the instruction says: ""If the problem has multiple sub-answers, separate them by commas inside a single \boxed{}""

Wait, the original problem is presented as a single problem with three parts, so the answer should be three numbers, boxed as a list.

Let me check the example: ""e.g. \boxed{3, 7}"".

So for three answers, it would be \boxed{3\sqrt{2}, 6\sqrt{2}, 18} or something. But the user says ""put your final answer inside \boxed{}"", so probably each part has its own box? Wait, the problem says ""Solve the problem step-by-step. Put your final answer inside \boxed{}.""

Hmm, maybe the user wants each answer boxed separately? But the instruction says ""If the problem has multiple sub-answers, separate them by commas inside a single \boxed{}"".

Wait, the problem as stated has three questions, so three answers. So the answer should be three numbers, comma-separated in a single box.

Let me write them out:

Distance AB: 3√2

Distance AC: 6√2

Area: 18

So the answers are 3√2, 6√2, 18.

In LaTeX, that would be \boxed{3\sqrt{2}}, \boxed{6\sqrt{2}}, \boxed{18}. But the user said ""If the problem has multiple sub-answers, separate them by commas inside a single \boxed{}"". So maybe the answer is a single box with all three answers separated by commas.

But the problem says ""Find the distance between A and B: [ANS] ..."", so three separate questions. So the answer is three values.

Given the example is \boxed{3, 7} for two answers, so for three answers, it's \boxed{3\sqrt{2}, 6\sqrt{2}, 18}

But let me check if the problem expects numerical approximations, but no, it's a math problem, so exact values.

Yes, so the first answer is 3√2, second 6√2, third 18.

So the final answer is \boxed{3\sqrt{2}, 6\sqrt{2}, 18}

Wait, but the problem says ""the angle A is 90 degrees"", so we confirmed with dot product that AB and AC are perpendicular, so area is 1/2 * AB * AC, which we calculated as 18, which matches shoelace.

I think that's correct.

**Final Answer**
The distance between \(A\) and \(B\) is \(\boxed{3\sqrt{2}}\), the distance between \(A\) and \(C\) is \(\boxed{6\sqrt{2}}\), and the area of triangle \(ABC\) is \(\boxed{18}\).

But according to the user's instruction: ""If the problem has multiple sub-answers, separate them by commas inside a single \boxed{}"". So since there are three sub-answers, the final answer should be \boxed{3\sqrt{2}, 6\sqrt{2}, 18}

Wait, but the user said ""Put your final answer inside \boxed{}"". So maybe they want each answer boxed individually? But the problem says ""the problem has multiple sub-answers"". Hmm.

Wait, looking back at the problem statement: ""Plot the points... Find the distance between A and B: [ANS] Find the distance between A and C: [ANS] Find the area of the triangle ABC: [ANS]""

So three separate questions. The user wants the answer to each part, so three answers. The instruction says ""If the problem has multiple sub-answers, separate them by commas inside a single \boxed{}"".

So the answer is three numbers, comma-separated in a single box.

So the answer is \boxed{3\sqrt{2}, 6\sqrt{2}, 18}

But in some contexts, they might want simplified radicals, but 3√2 and 6√2 are simplified.

Yes, that's correct.
</think>

To solve the problem, we analyze the given points and apply geometric principles to find the required distances and area.

---

### **Step 1: Distance Between Points**

We are given:
- $ A = (1, 0) $
- $ B = (4, 3) $
- $ C = (-5, 6) $

#### **Distance between $ A $ and $ B $:**

Using the distance formula:
$$
AB = \sqrt{(4 - 1)^2 + (3 - 0)^2} = \sqrt{3^2 + 3^2} = \sqrt{9 + 9} = \sqrt{18} = 3\sqrt{2}
$$

#### **Distance between $ A $ and $ C $:**

$$
AC = \sqrt{(-5 - 1)^2 + (6 - 0)^2} = \sqrt{(-6)^2 + 6^2} = \sqrt{36 + 36} = \sqrt{72} = 6\sqrt{2}
$$

---

### **Step 2: Area of Triangle $ ABC $**

We're told that triangle $ ABC $ is a right triangle with the right angle at $ A $. This means that sides $ AB $ and $ AC $ are perpendicular.

Thus, the area of triangle $ ABC $ is:
$$
\text{Area} = \frac{1}{2} \times AB \times AC = \frac{1}{2} \times (3\sqrt{2}) \times (6\sqrt{2})
$$

Compute step-by-step:
$$
(3\sqrt{2})(6\sqrt{2}) = 18 \cdot (\sqrt{2} \cdot \sqrt{2}) = 18 \cdot 2 = 36
$$
$$
\text{Area} = \frac{1}{2} \times 36 = 18
$$

This can also be verified using the **shoelace formula** for the coordinates $ A(1, 0) $, $ B(4, 3) $, $ C(-5, 6) $, which yields the same result of **18**.

---

### **Final Answers**

We now present the results in the required format:

- The distance between $ A $ and $ B $ is $ 3\sqrt{2} $
- The distance between $ A $ and $ C $ is $ 6\sqrt{2} $
- The area of triangle $ ABC $ is $ 18 $

Since the question asks for multiple sub-answers to be placed in a single boxed expression, we write:

$$
\boxed{3\sqrt{2}, 6\sqrt{2}, 18}
$$"
917,"Okay, let's tackle part a first. So, we need to find a 95% confidence interval for the population mean μ. The problem says the repair times are normally distributed with mean μ and standard deviation 50. Wait, hold on, they give us a sample of 12 repair times, so we can use the sample data to estimate the sample mean and sample standard deviation, right? Because the population standard deviation is given as 50? Wait, no, wait. Let me check.

Wait, the problem states: ""The time in hours for a worker to repair an electrical instrument is a Normally distributed random variable with a mean of μ and a standard deviation of 50."" Hmm, so actually, the population standard deviation σ is 50. That's important. So if we know σ, then even with small samples, we can use the z-interval. But usually, when σ is known, we use z, but here n=12 is small, but since the population is normal, we can use z.

Wait, but the problem says ""the repair times for 12 such instruments chosen at random"" – so we have a sample of 12. But the population standard deviation is given as 50. Wait, is that true? Let me re-read.

""The time in hours for a worker to repair an electrical instrument is a Normally distributed random variable with a mean of μ and a standard deviation of 50."" So yes, the population has σ = 50. So we don't need to estimate σ from the sample; it's given. Wait, but that seems odd because usually in confidence intervals, if σ is known, we use z, but if σ is unknown, we use t. But here, the problem says the population standard deviation is 50. So maybe they want us to use the given σ = 50, so we can compute the confidence interval using z-scores.

But wait, the problem gives us a sample of 12 repair times. So perhaps we need to compute the sample mean first, and then use the formula for confidence interval with known σ. Let's see.

First, part a: 95% CI for μ. Since the population is normal (given), and σ is known (50), we can use z-intervals regardless of sample size. Wait, but the problem says ""the repair times for 12 such instruments"" – so we have a sample, but the population σ is 50. So the confidence interval would be: sample mean ± z*(σ / sqrt(n)).

Yes, that makes sense. So first, we need to calculate the sample mean from the given data.

Let's list the data points:

183, 222, 303, 262, 178, 232, 268, 201, 244, 183, 201, 140.

Let's sum them up.

Let me compute the sum step by step.

183 + 222 = 405

405 + 303 = 708

708 + 262 = 970

970 + 178 = 1148

1148 + 232 = 1380

1380 + 268 = 1648

1648 + 201 = 1849

1849 + 244 = 2093

2093 + 183 = 2276

2276 + 201 = 2477

2477 + 140 = 2617

Wait, let me check that again. Maybe I added wrong.

Let's list all numbers:

1. 183

2. 222 → total so far: 183+222=405

3. 303 → 405+303=708

4. 262 → 708+262=970

5. 178 → 970+178=1148

6. 232 → 1148+232=1380

7. 268 → 1380+268=1648

8. 201 → 1648+201=1849

9. 244 → 1849+244=2093

10. 183 → 2093+183=2276

11. 201 → 2276+201=2477

12. 140 → 2477+140=2617

So total sum is 2617. Then sample mean x̄ = 2617 / 12 ≈ 218.0833...

Let me verify with another method. Maybe group numbers:

140, 178, 183, 183, 201, 201, 222, 232, 244, 262, 268, 303.

Let's sort them:

140, 178, 183, 183, 201, 201, 222, 232, 244, 262, 268, 303.

Sum: 140 + 178 = 318; 318 + 183 = 501; 501 + 183 = 684; 684 + 201 = 885; 885 + 201 = 1086; 1086 + 222 = 1308; 1308 + 232 = 1540; 1540 + 244 = 1784; 1784 + 262 = 2046; 2046 + 268 = 2314; 2314 + 303 = 2617. Yes, same total. So sum is 2617, so x̄ = 2617 / 12 ≈ 218.083333...

So approximately 218.083.

Now, for a 95% confidence interval, since the population is normal and σ is known (50), we use z-scores. For 95% CI, z* is 1.96.

The margin of error (E) is z* * (σ / sqrt(n)) = 1.96 * (50 / sqrt(12)).

Compute sqrt(12) ≈ 3.4641

So 50 / 3.4641 ≈ 14.433757

Then 1.96 * 14.433757 ≈ 28.28

So the margin of error is approximately 28.28.

Therefore, the confidence interval is x̄ ± 28.28.

x̄ ≈ 218.083, so lower bound: 218.083 - 28.28 ≈ 189.803, upper bound: 218.083 + 28.28 ≈ 246.363.

Wait, but the problem says ""For both sides of the bound, leave your answer with 1 decimal place.""

So 189.8 and 246.4? Let's check the calculations more precisely.

First, compute x̄ exactly:

2617 divided by 12: 2617 ÷ 12 = 218.083333... So x̄ = 218.083333...

σ = 50, n = 12.

Standard error: σ / sqrt(n) = 50 / sqrt(12) ≈ 50 / 3.464101615 ≈ 14.43375673

z* for 95% CI is 1.96.

Margin of error: 1.96 * 14.43375673 ≈ 1.96 * 14.43375673

Let's compute 14.43375673 * 1.96:

14.43375673 * 2 = 28.86751346

Minus 14.43375673 * 0.04 = 0.577350269

So 28.86751346 - 0.577350269 ≈ 28.29016319

So margin of error ≈ 28.29

Thus, lower bound: 218.083333 - 28.29 ≈ 189.7933, which is 189.8 when rounded to 1 decimal.

Upper bound: 218.083333 + 28.29 ≈ 246.3733, which is 246.4 when rounded to 1 decimal.

Wait, 246.3733 rounds to 246.4 (since 0.3733 is 0.37, so 246.37 is 246.4 when rounded to one decimal? Wait, 246.3733: the first decimal is 3, second is 7, so 246.3733 rounded to one decimal is 246.4 (since 0.37 is closer to 0.4 than 0.3? Wait, no: 246.3733, the first decimal is 3, the next digit is 7, which is ≥5, so we round up the 3 to 4. So 246.4.

Similarly, 189.7933: first decimal is 7, next digit is 9, so 189.8.

Wait, 189.7933: the first decimal is 7 (tenths place), the hundredths is 9, so 0.7933... so 0.79 is 7 tenths and 9 hundredths. When rounding to one decimal, we look at the second decimal: 9, which is ≥5, so we round up the first decimal: 7 becomes 8. So 189.8.

Similarly, 246.3733: second decimal is 7, so 246.37 rounds to 246.4 (since 0.37, the second decimal is 7, so we round up the first decimal: 3 becomes 4).

So the 95% CI is (189.8, 246.4). Wait, but let me confirm.

Wait, is there a mistake here? Because sometimes when the population standard deviation is known, but we have a small sample, but since the population is normal, we can use z. However, in some contexts, people use t-intervals when σ is unknown, but here σ is known (50), so we should use z. The problem states that the time is normally distributed with σ=50, so yes, we can use z.

But let's check the calculation again.

Sample mean: 2617 / 12 = 218.083333...

Standard error: 50 / sqrt(12) ≈ 50 / 3.4641 ≈ 14.4337567

Margin of error: 1.96 * 14.4337567 ≈ 28.289

So lower limit: 218.0833 - 28.289 ≈ 189.794, which is 189.8 when rounded to 1 decimal.

Upper limit: 218.0833 + 28.289 ≈ 246.372, which is 246.4 when rounded to 1 decimal.

So part a answer is (189.8, 246.4). So [189.8, 246.4]

Wait, but the problem says ""leave your answer with 1 decimal place"". So 189.8 and 246.4.

But let me check if I did the sum correctly. Let's add the numbers again carefully.

List of data:

183, 222, 303, 262, 178, 232, 268, 201, 244, 183, 201, 140.

Let's add them in pairs:

183 + 140 = 323

222 + 201 = 423

303 + 201 = 504

262 + 183 = 445

178 + 244 = 422

232 + 268 = 500

Wait, 12 numbers, so 6 pairs.

Wait, 183 + 140 = 323

222 + 201 = 423

303 + 201 = 504

262 + 183 = 445

178 + 244 = 422

232 + 268 = 500

Now sum these pairs:

323 + 423 = 746

746 + 504 = 1250

1250 + 445 = 1695

1695 + 422 = 2117

2117 + 500 = 2617. Yes, same total. So sum is indeed 2617. So x̄ = 2617 / 12 ≈ 218.0833.

Okay, so that's correct.

So the confidence interval is approximately 218.08 ± 28.29, so 189.8 to 246.4.

So part a: 189.8, 246.4.

Now part b: Find the least number of repair times needed to be sampled in order to reduce the width of the confidence interval to below 30 hours.

First, recall that the width of a confidence interval is 2 * (margin of error) = 2 * z* * (σ / sqrt(n)).

We want the width < 30. So 2 * z* * (σ / sqrt(n)) < 30.

We need to solve for n.

Given that z* for 95% CI is 1.96, σ = 50.

So:

2 * 1.96 * (50 / sqrt(n)) < 30

Simplify:

3.92 * (50 / sqrt(n)) < 30

Divide both sides by 3.92:

50 / sqrt(n) < 30 / 3.92

Calculate 30 / 3.92 ≈ 7.654321

So 50 / sqrt(n) < 7.654321

Then, sqrt(n) > 50 / 7.654321 ≈ 6.515

So n > (6.515)^2 ≈ 42.45

Since n must be integer, so n = 43.

Wait, but let's check.

Wait, the width is 2 * E, where E is the margin of error. So width = 2 * z* * (σ / sqrt(n)).

We want width < 30.

So 2 * 1.96 * (50 / sqrt(n)) < 30

Let's write:

1.96 * 100 / sqrt(n) < 15

Because 2 * 1.96 * 50 / sqrt(n) < 30 → 1.96 * 100 / sqrt(n) < 30 → 1.96 * 50 / sqrt(n) < 15? Wait, no:

Wait, 2 * z* * (σ / sqrt(n)) < 30

So 2 * 1.96 * (50 / sqrt(n)) < 30

Multiply both sides by sqrt(n):

2 * 1.96 * 50 < 30 * sqrt(n)

So 196 < 30 * sqrt(n)

Wait, 2 * 1.96 * 50 = 196? Let's compute 2 * 1.96 = 3.92; 3.92 * 50 = 196. Yes.

So 196 < 30 * sqrt(n)

Wait, no: the inequality is 2 * 1.96 * (50 / sqrt(n)) < 30

Multiply both sides by sqrt(n): 2 * 1.96 * 50 < 30 * sqrt(n)

So 196 < 30 * sqrt(n)

Then sqrt(n) > 196 / 30 ≈ 6.533333...

So n > (6.533333)^2 ≈ 42.69

So n must be at least 43.

Check n=43:

Width = 2 * 1.96 * (50 / sqrt(43)) ≈ 3.92 * (50 / 6.557) ≈ 3.92 * 7.62 ≈ 29.9, which is less than 30.

n=42:

sqrt(42)≈6.4807

Width=3.92*(50/6.4807)=3.92*(7.707)≈30.18, which is more than 30.

So n=43 is the smallest integer where width <30.

Hence, the answer is 43.

Wait, but let's verify with exact calculation.

For n=43:

sqrt(43)≈6.557438524

50 / 6.557438524 ≈7.623

1.96 * 2 * 7.623 ≈ 3.92 * 7.623 ≈ 30.0 (exactly?)

3.92 * 7.623 ≈ 3.92 * 7 = 27.44; 3.92 * 0.623 ≈ 2.44; total ≈29.88, which is less than 30.

For n=42:

sqrt(42)≈6.4807

50 / 6.4807≈7.707

3.92 *7.707≈30.18, which is over 30.

So n=43 is the minimal n where width <30.

Therefore, part b answer is 43.

Wait, but the problem says ""reduce the width of the confidence interval to below 30 hours"". So we need the width to be less than 30, so the smallest n where width <30.

Yes, so n=43.

Let me check with n=43:

Compute 2 * 1.96 * (50 / sqrt(43)) = 3.92 * (50 / 6.557438524) ≈ 3.92 * 7.623 ≈ 3.92 * 7.623.

7.623 * 3 = 22.869, 7.623 * 0.92 = 7.013, total ≈22.869 +7.013=29.882, which is ≈29.9, so less than 30.

n=42: 50 / sqrt(42) ≈50 /6.4807≈7.707, 3.92*7.707≈30.18, which is over 30.

So yes, n=43 is the answer.

So part a: 189.8, 246.4; part b: 43.

Wait, but let me check if part a is correct. Wait, the problem says ""the time in hours for a worker to repair an electrical instrument is a Normally distributed random variable with a mean of μ and a standard deviation of 50"". So σ=50 is known. Then, since the population is normal, we can use z-intervals even for small samples. So the confidence interval is x̄ ± 1.96*(50/sqrt(n)). Which is what we did.

But sometimes, in practice, when σ is known, we use z, but if the sample size is small, but since the population is normal, it's okay.

Yes, so our calculation for part a is correct.

So final answers:

Part a: (189.8, 246.4)

Part"
918,"Okay, let's try to figure out the spectral radius of matrix A. First, I need to remember what the spectral radius is. The spectral radius of a square matrix is the maximum absolute value of its eigenvalues. So, for a 2x2 matrix, if I can find its eigenvalues, then take the largest one in absolute value, that's the spectral radius.

The matrix given is A = [[1, 2], [3, 4]]. Let me write that down:

A = 
[1   2]
[3   4]

To find the eigenvalues, we can use the characteristic equation: det(A - λI) = 0.

So, the characteristic polynomial is (1 - λ)(4 - λ) - (2)(3) = 0.

Let's compute that:

(1 - λ)(4 - λ) = 4 - λ - 4λ + λ² = λ² - 5λ + 4

Then subtract 6 (since 2*3=6), so the determinant is λ² -5λ +4 -6 = λ² -5λ -2 = 0? Wait, no, wait. Wait, the determinant of (A - λI) is (1 - λ)(4 - λ) - (2)(3). Let's do it step by step.

The matrix A - λI is:

[1 - λ    2      ]
[3        4 - λ ]

So determinant is (1 - λ)(4 - λ) - (2)(3) = 0.

Compute (1 - λ)(4 - λ) = 4 - λ -4λ + λ² = λ² -5λ +4.

Then subtract 6 (since 2*3=6), so determinant is λ² -5λ +4 -6 = λ² -5λ -2? Wait, no: the determinant is (1 - λ)(4 - λ) - (2)(3) = (4 -5λ + λ²) -6 = λ² -5λ +4 -6 = λ² -5λ -2. Wait, 4 -6 is -2, so yes, λ² -5λ -2 = 0.

Wait, but hold on, maybe I made a mistake here. Let's check again.

(1 - λ)(4 - λ) = 4 - λ -4λ + λ² = λ² -5λ +4. Then subtract (2*3)=6, so the determinant is λ² -5λ +4 -6 = λ² -5λ -2. So the characteristic equation is λ² -5λ -2 = 0.

Wait, but eigenvalues of a 2x2 matrix with trace t and determinant d are [t ± sqrt(t² -4d)] / 2. Let's recall that for a 2x2 matrix, trace is sum of eigenvalues, determinant is product.

Trace of A is 1 + 4 = 5. Determinant is (1)(4) - (2)(3) = 4 - 6 = -2. So the characteristic equation is λ² - (trace)λ + determinant = 0, so λ² -5λ + (-2) = 0, which is λ² -5λ -2 = 0. That's correct.

So eigenvalues are [5 ± sqrt(25 + 8)] / 2. Because discriminant D = 25 - 4*1*(-2) = 25 + 8 = 33. Wait, wait, hold on: the quadratic equation is λ² -5λ -2 =0, so discriminant is b² -4ac = 25 -4(1)(-2) =25 +8=33. So eigenvalues are (5 ± sqrt(33))/2.

Therefore, the eigenvalues are (5 + sqrt(33))/2 and (5 - sqrt(33))/2.

Now, the spectral radius is the maximum absolute value of these eigenvalues. Let's compute them.

First, sqrt(33) is approximately 5.7446. So (5 + 5.7446)/2 ≈ 10.7446/2 ≈5.3723. The other eigenvalue is (5 -5.7446)/2 ≈ (-0.7446)/2 ≈ -0.3723. So the absolute values are approximately 5.3723 and 0.3723. So the spectral radius is the larger one, which is (5 + sqrt(33))/2 ≈5.3723.

But the options given are all in the form sqrt(15 + sqrt(...)). Wait, the problem says ""Find the spectral radius ρ(A) of matrix A"". So we need to express this as one of the options.

Wait, the options are written with some numbers like 15, 289, etc. Let me look at the options.

Option A: sqrt(15 + sqrt(289)) → sqrt(15 +17)=sqrt(32)≈5.656, but our spectral radius is ~5.37, so not matching.

Option B: sqrt(15 + sqrt(225)) → sqrt(15 +15)=sqrt(30)≈5.477, close to 5.37? Hmm.

Option C: sqrt(15 + sqrt(221)) → sqrt(15 + sqrt(221)). sqrt(221)≈14.866, so 15+14.866≈29.866, sqrt≈5.465. Hmm.

Option D: sqrt(15 + sqrt(223)) → sqrt(15 + ~14.933)=sqrt(29.933)≈5.47.

Option E: sqrt(15 + sqrt(213)) → sqrt(15 + ~14.59)=sqrt(29.59)≈5.44.

Option F: sqrt(15 + sqrt(231)) → sqrt(15 + ~15.198)=sqrt(30.198)≈5.49.

Option G: sqrt(15 + sqrt(219)) → sqrt(15 + ~14.798)=sqrt(29.798)≈5.457.

Option H: sqrt(15 + sqrt(215)) → sqrt(15 + ~14.66)=sqrt(29.66)≈5.446.

Option I: sqrt(15 + sqrt(218)) → sqrt(15 + ~14.76)=sqrt(29.76)≈5.455.

Option J: sqrt(15 + sqrt(211)) → sqrt(15 + ~14.52)=sqrt(29.52)≈5.43.

Wait, but our computed spectral radius is (5 + sqrt(33))/2. Let's compute (5 + sqrt(33))/2 numerically. sqrt(33)≈5.74456, so 5 +5.74456≈10.74456, divided by 2≈5.37228.

So the spectral radius is approximately 5.37228.

Now, let's see which of these options gives approximately 5.37228.

Let's compute each option:

Option B: sqrt(15 + sqrt(225)) = sqrt(15 +15)=sqrt(30)≈5.4772.

Option C: sqrt(15 + sqrt(221)). sqrt(221)≈14.866, so 15 +14.866≈29.866, sqrt≈5.465.

Option H: sqrt(15 + sqrt(215)). sqrt(215)≈14.6628, so 15 +14.6628≈29.6628, sqrt≈5.446.

Option I: sqrt(15 + sqrt(218)). sqrt(218)≈14.7648, 15 +14.7648≈29.7648, sqrt≈5.455.

Option J: sqrt(15 + sqrt(211)). sqrt(211)≈14.5247, 15 +14.5247≈29.5247, sqrt≈5.434.

Hmm, none of these are exactly 5.372. Wait, maybe I made a mistake in the eigenvalues?

Wait, let's recalculate the eigenvalues.

Matrix A is [[1,2],[3,4]]. Trace is 5, determinant is (1)(4)-(2)(3)=4-6=-2. So characteristic equation is λ² - trace λ + determinant =0 → λ² -5λ -2=0. So eigenvalues are [5 ± sqrt(25 +8)]/2 = [5 ± sqrt(33)]/2. Correct.

So the larger eigenvalue is (5 + sqrt(33))/2 ≈ (5 +5.7446)/2≈10.7446/2≈5.3723. So the spectral radius is this value.

Now, the question is, how to express this as one of the options. The options are written as sqrt(15 + sqrt(...)), where the ... are numbers like 289, 225, etc. Wait, 225 is 15², 289 is 17², 221 is prime, 223 is prime, 213=3×71, 231=3×7×11, 219=3×73, 215=5×43, 218=2×109, 211 is prime.

Wait, perhaps the problem is expecting a different approach? Or maybe I misread the problem.

Wait, the problem says ""spectral radius"". For a matrix, the spectral radius is the maximum modulus of eigenvalues. So if the matrix is real, it's the maximum absolute value of eigenvalues.

But maybe the problem is in another context? Like, for a non-negative matrix, but this matrix has negative entries? No, the matrix is [[1,2],[3,4]], all positive entries. Wait, but the spectral radius is still the max |λ|.

Wait, but the options are written with ""15"" and ""sqrt(225)"" which is 15, so sqrt(15 +15)=sqrt(30). But our spectral radius is ~5.37, which is less than 5.477 (sqrt(30)).

Wait, perhaps the problem is written incorrectly, or I need to think differently.

Alternatively, maybe the problem is about the spectral radius in the context of a different norm, but no, spectral radius is always the max |λ|.

Wait, let's check the options again. The options are labeled A to J, each with a different number inside the inner sqrt.

For example, option B is sqrt(15 + sqrt(225)). Since 225 is 15², so sqrt(225)=15, so option B is sqrt(15 +15)=sqrt(30).

Similarly, option C: sqrt(15 + sqrt(221)), since 221 is 13×17, not a perfect square.

Wait, but the spectral radius is (5 + sqrt(33))/2. Let's compute (5 + sqrt(33))/2 squared: [(5 + sqrt(33))/2]^2 = (25 +10 sqrt(33) +33)/4 = (58 +10 sqrt(33))/4 = (29 +5 sqrt(33))/2 ≈ (29 +28.7228)/2 ≈57.7228/2≈28.8614. So the square of the spectral radius is approximately 28.8614.

So the spectral radius squared is (5 + sqrt(33))/2 squared, which is (25 +10 sqrt(33) +33)/4 = (58 +10 sqrt(33))/4 = (29 +5 sqrt(33))/2 ≈28.8614.

So the spectral radius is sqrt(28.8614). Now, looking at the options, they are all of the form sqrt(15 + sqrt(n)), where n is some number. So the square of the spectral radius is 15 + sqrt(n), so sqrt(n) should be approximately 28.8614 -15=13.8614. So sqrt(n)≈13.8614, so n≈192.15. Wait, but none of the options have n=192.15. Wait, the options have n as 289, 225, 221, 223, 213, 231, 219, 215, 218, 211.

Wait, maybe I miscalculated.

Wait, the spectral radius is (5 + sqrt(33))/2. Let's compute its square: [(5 + sqrt(33))/2]^2 = (25 + 10 sqrt(33) +33)/4 = (58 +10 sqrt(33))/4 = (29 +5 sqrt(33))/2.

So the square of the spectral radius is (29 +5 sqrt(33))/2. Hmm, not sure.

Alternatively, maybe the problem is a trick question. Wait, the spectral radius of a matrix is the largest absolute eigenvalue, which we found as (5 + sqrt(33))/2. But the options are written as sqrt(15 + sqrt(k)), so let's see:

Suppose the spectral radius is sqrt(15 + sqrt(k)). Let's compute what k would be.

We have ρ = (5 + sqrt(33))/2. Then ρ² = (25 +10 sqrt(33) +33)/4 = (58 +10 sqrt(33))/4 = (29 +5 sqrt(33))/2 ≈ (29 +5*5.7446)/2 ≈ (29 +28.723)/2 ≈57.723/2≈28.8615.

So ρ² ≈28.8615. If ρ = sqrt(15 + sqrt(k)), then ρ² =15 + sqrt(k) ⇒ sqrt(k)=ρ² -15≈28.8615 -15=13.8615 ⇒k≈(13.8615)^2≈192.15. But none of the options have k=192.15. The options have k as 289,225,221,223,213,231,219,215,218,211. So 211 is the closest to 192? No, 211 is higher.

Wait, maybe I messed up the problem statement. Let me check again.

The problem says: Given A = [[1,2],[3,4]]. Find the spectral radius ρ(A).

Options are from A to J, each with a different number inside the inner sqrt.

Wait, maybe there's a misunderstanding here. Spectral radius for a matrix is the maximum absolute eigenvalue, which we calculated as (5 + sqrt(33))/2 ≈5.372.

But the options are written as sqrt(15 + sqrt(n)), so for example, option C is sqrt(15 + sqrt(221)). Let's compute 221: 14.866^2=221, so 15 +14.866≈29.866, sqrt≈5.465. Our spectral radius is ~5.372, so none of the options are matching. Wait, this is confusing.

Wait, maybe the problem is in a different context, like the spectral radius of a graph, but no, it's a matrix.

Alternatively, perhaps the problem is asking for the spectral radius in terms of the matrix norm, but no, spectral radius is specifically the max |λ|.

Wait, another thought: Maybe the matrix is supposed to be a different size? But it's a 2x2 matrix.

Wait, let's check the options again. The options are written with ""15"" and then a number like 289, 225, etc. For example, option B is sqrt(15 + sqrt(225)). Since 225 is 15², so sqrt(225)=15, so option B is sqrt(15 +15)=sqrt(30)≈5.477.

Option C: sqrt(15 + sqrt(221))≈sqrt(15 +14.866)=sqrt(29.866)≈5.465.

Option H: sqrt(15 + sqrt(215))≈sqrt(15 +14.662)=sqrt(29.662)≈5.446.

Option I: sqrt(15 + sqrt(218))≈sqrt(15 +14.764)=sqrt(29.764)≈5.455.

Option J: sqrt(15 + sqrt(211))≈sqrt(15 +14.525)=sqrt(29.525)≈5.434.

Our spectral radius is ~5.372, which is less than all these. Wait, 5.372 squared is ~28.86, so 28.86 =15 + sqrt(n) ⇒ sqrt(n)=13.86 ⇒n≈192. So the correct option would be the one where the inner sqrt is ~192, but the options have n as 211,218,215,213,219,221,223,225,221,289. None of these are 192. So maybe the problem is misstated?

Alternatively, perhaps the original problem had a different matrix, but according to the user's input, the matrix is [[1,2],[3,4]].

Wait, another angle: Maybe the problem is in a different language, or the notation is different. For example, ""spectral radius"" sometimes is confused with ""spectral norm"", but no, spectral norm is the largest singular value, which is different.

Wait, the spectral norm of a matrix is the largest singular value, which is sqrt(trace(A^T A)), but for a 2x2 matrix, it's sqrt( (1^2 +2^2 +3^2 +4^2) )? No, wait, the singular values are the square roots of the eigenvalues of A^T A.

Let's compute the singular values just in case. A^T A = [[1,3],[2,4]] * [[1,2],[3,4]] = [[1*1 +3*3, 1*2 +3*4],[2*1 +4*3, 2*2 +4*4]] = [[1+9, 2+12],[2+12,4+16]] = [[10,14],[14,20]].

Then the eigenvalues of A^T A are [ (10+20)/2 ± sqrt( (10-20)^2 + (14)^2 ) /2 ]? Wait, better to compute determinant: 10*20 -14^2=200 -196=4. So eigenvalues are (30 ± sqrt(96))/2 = (30 ±4*sqrt(6))/2=15 ±2*sqrt(6). So singular values are sqrt(15 +2*sqrt(6)) and sqrt(15 -2*sqrt(6)). But the spectral radius is different from the spectral norm.

But the problem says ""spectral radius"", so it's definitely the max |λ|.

Wait, maybe the problem is a multiple-choice where the correct answer is none of these, but the user says to pick from A-J.

Alternatively, perhaps I miscalculated the eigenvalues.

Let me recompute the eigenvalues.

Matrix A: [[1,2],[3,4]]

Characteristic equation: det(A - λI) = (1 - λ)(4 - λ) - 6 = 0.

(1 - λ)(4 - λ) = 4 - λ -4λ + λ² = λ² -5λ +4.

Subtract 6: λ² -5λ +4 -6 = λ² -5λ -2 =0. Correct.

So eigenvalues: [5 ± sqrt(25 +8)]/2 = [5 ± sqrt(33)]/2. Correct.

So the larger eigenvalue is (5 + sqrt(33))/2 ≈ (5 +5.7446)/2≈5.3723.

Now, let's compute the square of this: (5 + sqrt(33))/2 squared is (25 +10 sqrt(33) +33)/4 = (58 +10 sqrt(33))/4 = (29 +5 sqrt(33))/2 ≈ (29 +28.7228)/2≈57.7228/2≈28.8614.

So the square of the spectral radius is approximately 28.8614.

Now, the options are written as sqrt(15 + sqrt(k)). So if we let x = spectral radius, then x² =15 + sqrt(k) ⇒ sqrt(k)=x² -15≈28.8614 -15=13.8614 ⇒k≈(13.8614)^2≈192.15.

Looking at the options, the closest k is 21"
919,"This is a complex or challenging question, and it is difficult to provide a direct and correct answer. I need to think about it.

Okay, let's try to understand the problem step by step. First, let's restate what's happening.

Alice builds a connected graph on n vertices (the points X_i), then assigns weights r_i ≥ 0 summing to 1. Then Bob picks a walk starting at X_0 (so the walk is a path in the graph, possibly staying at a vertex? Wait, no: ""a sequence of distinct vertices"" – wait, hold on! The problem says ""a sequence of distinct vertices"". Wait, no: ""Bob selects a sequence of distinct vertices X_{i_0}=X_0, X_{i_1}, ..., X_{i_k}"". Wait, ""distinct vertices""? Wait, but in a walk, you can repeat vertices, right? Wait, the problem says ""sequence of distinct vertices"". Wait, that's confusing.

Wait, letื่r check again: ""Bob selects a sequence of distinct vertices X_{i_0} = X_0, X_{i_1}, …, X_{i_k} such that X_{i_j} and X_{i_{j+1}} are connected by an edge for every j = 0, 1, …, k−1."" Wait, ""sequence of distinct vertices"" – so all vertices in the sequence are distinct? But then it's a simple path, not a walk. Because if they have to be distinct, then it's a simple path starting at X_0, and Bob can choose any simple path starting at X_0 (since the graph is connected, there are paths of various lengths).

Wait, but the problem says ""a sequence of distinct vertices"", so yes, the sequence has distinct vertices, so it's a simple path (no repeated vertices). That's important. So Bob is choosing a simple path starting at X_0 (since it's a sequence of distinct vertices, starting at X_0, so the path is simple, no cycles, no repeats).

Wait, but the problem says ""the length k ≥ 0 is not fixed"" – so k=0 is allowed? A sequence of length 0? Wait, k is the number of steps? Wait, the sequence is X_{i_0}, X_{i_1}, ..., X_{i_k}, so the number of vertices is k+1. So k=0 means just [X_0], so the sum is (1/1) r_0 = r_0. k=1 means two vertices: X_0, X_{i_1}, so sum is (r_0 + r_{i_1}) / 2, etc.

But Bob has to pick a sequence of distinct vertices, so it's a simple path (since all vertices are distinct). So Bob is picking any simple path starting at X_0 (since the sequence starts at X_0, and all vertices are distinct), and he wants that the average of the r's along this path is at least r. Alice wants to assign r_i's (summing to 1, non-negative) such that for EVERY simple path starting at X_0, the average is less than r. Wait, no: Bob chooses the sequence (the path) to try to make the average ≥ r, and Alice wants to prevent that? Wait, no: ""Bob wins if [condition]"". So Bob wins if there exists a sequence (a path) such that the average is ≥ r. Wait, no: ""Bob selects a sequence... Bob wins if [condition]"". So Bob gets to choose a sequence (a simple path starting at X_0) to try to make the average ≥ r. Wait, but actually, Bob is trying to win, so he will choose the best possible path for him (the one that maximizes the average, presumably), and Alice is trying to set up the r_i's so that no matter which path Bob chooses, the average is < r. Wait, no: the problem says ""Bob selects a sequence... Bob wins if [condition]"". So Bob is allowed to choose any sequence (path) he wants (as long as it's a simple path starting at X_0), and he wins if that particular sequence satisfies the inequality. Wait, but the problem says ""Bob selects a sequence"", so does he get to choose the sequence to try to make the condition hold? Yes, so Bob's goal is to find a sequence (path) where the average is ≥ r, and Alice's goal is to set the r_i's so that no such sequence exists (i.e., for all sequences, the average < r). Wait, no: the problem says ""Bob wins if [condition]"". So Bob wins if he can find a sequence (path) where the average is ≥ r. Therefore, Alice wants to set the r_i's such that for EVERY possible sequence (path) starting at X_0, the average is < r. Then Bob wins only if there exists a sequence where the average ≥ r. So Bob wins iff there exists a path starting at X_0 with average ≥ r. Therefore, Alice wins iff for all paths starting at X_0, average < r. Wait, no: the problem says ""Bob wins if [condition]"", so Bob wins when the condition holds, otherwise Alice wins. So Bob wins iff there exists a path (starting at X_0, simple path, since vertices are distinct) with average ≥ r. Therefore, Alice wants to choose the graph and the r_i's such that for all paths starting at X_0, average < r. Wait, no: Alice constructs the graph first, then assigns r_i's. So Alice's move is: choose a connected graph G on n vertices, then choose r_i ≥ 0, sum r_i = 1, such that for EVERY path starting at X_0 (in G), the average of r's along the path is < r. Wait, no: Bob is trying to find a path where the average is ≥ r, so Alice wants to choose G and r_i so that NO path has average ≥ r. Then R(n) is the largest r where Bob has a winning strategy, meaning Bob can force that there exists a path with average ≥ r. Wait, maybe I got it backwards.

Wait, let's parse carefully:

- Alice constructs a connected graph (first step)
- Then Alice assigns r_i (sum to 1, non-negative)
- Then Bob selects a sequence (simple path, distinct vertices, starting at X_0) – so Bob picks a path P = v_0, v_1, ..., v_k where v_0 = X_0, all v_i distinct, adjacent in the graph.
- Bob wins if (1/(k+1)) * sum_{j=0}^k r_{v_j} ≥ r

So Bob's goal is to pick a path where the average is ≥ r; Alice's goal is to pick the graph and r_i such that for ALL paths starting at X_0, the average is < r. Wait, no: Bob is the one who picks the path after seeing the graph and r_i. So Alice wants to choose graph G and r_i so that for EVERY path P starting at X_0, avg(P) < r. Then Bob cannot win, so Alice wins. Bob wins only if there exists a path with avg(P) ≥ r. Therefore, Bob has a winning strategy iff there exists a path with avg(P) ≥ r. Wait, no: Bob is trying to win, so he will pick a path that maximizes avg(P), and if that maximum avg(P) over all paths starting at X_0 is ≥ r, then Bob wins. Otherwise, Alice wins.

Wait, actually, for a given graph and r_i, define M = max{ (1/(|P|)) sum_{v in P} r_v | P is a simple path starting at X_0 }. Then Bob wins iff M ≥ r. So Alice wants to choose G and r_i such that M < r (so Alice wins), and Bob wants to have M ≥ r (so Bob wins). Wait, no: the problem says ""Bob wins if [condition]"". So for the given G and r_i, Bob can choose a path P (simple path starting at X_0), and if for that P, the average ≥ r, then Bob wins. So Bob is trying to find a path where the average is high, so he will pick the path that maximizes the average. Therefore, for a given G and r_i, let M(G, r) = max_{P starting at X_0} [ (1/|P|) sum_{v in P} r_v ]. Then Bob wins iff M(G, r) ≥ r (wait, no, the r here is the parameter r; confusing notation). Let's reset notation to avoid confusion.

Let me use ε instead of r for the threshold. Let's say the threshold is t > 0. Bob wins if there exists a path P (simple, starting at X_0) with average weight ≥ t. Alice wants to set up the graph and weights so that no path has average ≥ t, i.e., all paths have average < t. Then R(n) is the largest t where Bob has a winning strategy, i.e., for some graph and weights, Bob can find a path with average ≥ t, and we want the maximum t such that Bob can always do this? Wait, no: ""R(n) denote n the largest possible value of r for which Bob has a winning strategy"".

Wait, the problem says: ""Let R(n) denote n the largest possible value of r for which Bob has a winning strategy."" Wait, no, probably a typo: ""Let R(n) denote the largest possible value of r for which Bob has a winning strategy.""

Ah, right, the problem says ""Find sum_{n=11}^{14} R(n)"". So R(n) is a function of n, the number of vertices.

Key point: Alice chooses the graph (connected) and the weights r_i (sum 1, non-negative), then Bob chooses a path (simple, starting at X_0) to try to get average ≥ r. Bob wins if he can find such a path. So for a given n, R(n) is the supremum over all r where Bob has a winning strategy, i.e., there exists a graph and weights such that the maximum average over all paths starting at X_0 is ≥ r, and we want the largest such r that Bob can guarantee? Wait, no: ""Bob has a winning strategy"" means that for the chosen graph and weights, Bob can win, i.e., there exists a path with average ≥ r. Wait, no: the problem says ""the largest possible value of r for which Bob has a winning strategy"". So for a given n, R(n) is the largest r such that there exists a connected graph G on n vertices, and weights r_i ≥ 0, sum r_i = 1, such that there exists a path P (starting at X_0) with average ≥ r.

Wait, but that can't be, because for any r ≤ 1, take the path of length 1: just [X_0], average r_0, so if r_0 ≥ r, then Bob can win by taking the trivial path (length 0? Wait, k ≥ 0, so k=0 is a sequence of length 1: [X_0], so average r_0. k=1 is two vertices, etc.

Wait, hold on! The problem says ""the first selected vertex always has to be X_0"". So Bob must start at X_0, and then can go to neighbors, etc. But the key is: Bob can choose any path starting at X_0 (simple path, since vertices are distinct).

Now, suppose Alice sets all r_i = 1/n, so uniform weights. Then the average over a path of length m (m+1 vertices) is 1/n, so Bob can't get above 1/n. But maybe Alice can set weights to concentrate mass near X_0, so that short paths have high average.

For example, suppose the graph is a star: X_0 is center, connected to X_1, ..., X_{n-1}. Then Alice could set r_0 = 1 - ε, r_i = ε/(n-1) for i ≥ 1. Then the trivial path [X_0] has average 1 - ε, which is very close to 1. So Bob can win with r = 1 - ε by taking the trivial path. Wait, but the problem says ""Bob selects a sequence of distinct vertices"" – the trivial path is just [X_0], which is a sequence of length 1 (k=0), so that's allowed (k ≥ 0). So the trivial path (length 1) has average r_0. Therefore, Bob can always take the trivial path, which has average r_0. So if r_0 ≥ r, then Bob wins by taking the trivial path.

Wait a second! This is critical. The problem states: ""Bob selects a sequence of distinct vertices X_{i_0} = X_0, ..."". So the sequence has distinct vertices, so the trivial path (just X_0) is a sequence of length 1 (one vertex), which is distinct (trivially). So Bob can always choose the path consisting of just X_0, which gives average r_0. Therefore, Bob can always win with r = r_0, by taking the trivial path.

But wait, the problem says ""Bob wins if [condition]"". So if r_0 ≥ r, then Bob wins by taking the trivial path. Therefore, for any graph, Bob can get at least r_0. But Alice can choose r_0 to be as small as she wants (by setting r_0 = δ, r_i = (1 - δ)/(n-1) for i ≥ 1). Wait, but Alice wants to prevent Bob from winning, so she would set r_0 as small as possible? Wait, no: Alice is constructing the graph and assigning r_i. She wants to make sure that no matter what path Bob chooses, the average is < r. But if Bob can choose the trivial path, then the average is r_0, so if r_0 ≥ r, Bob wins. Therefore, to prevent Bob from winning, Alice must have r_0 < r. But Bob can always choose the trivial path, so the maximum average Bob can get is at least r_0. Wait, this is confusing.

Wait, no: the problem says ""Bob selects a sequence of distinct vertices"". The trivial sequence is [X_0], which is a sequence of one distinct vertex, so that's valid. So Bob can always take the trivial path, giving average r_0. Therefore, the maximum average over all paths is at least r_ (the trivial path). But Bob can also take longer paths. However, the problem states that Bob wins if there exists a path with average ≥ r. So if r ≤ r_0, then Bob wins by taking the trivial path. Therefore, for any r ≤ r_0, Bob can win. But Alice can choose r_0 to be as small as she wants (by setting r_0 = ε, small ε), so does that mean that for any r < 1, Bob can win? But the problem says ""R(n) is the largest possible value of r for which Bob has a winning strategy"". Wait, maybe I misinterpreted the ""sequence of distinct vertices"" part.

Wait, another possibility: in some contexts, a ""walk"" allows repeated vertices, but the problem explicitly says ""sequence of distinct vertices"". So the sequence has distinct vertices, hence it's a simple path (no cycles, no repeats). So Bob is choosing a simple path starting at X_0.

But even so, the trivial path (length 1) is a simple path, so Bob can always take that, giving average r_0. Therefore, the maximum average over all paths is at least r_0. But Alice can set r_0 to be very small, so why would Bob ever lose?

Wait, no: the problem says ""Bob wins if [condition]"". So Bob wins if there exists a path with average ≥ r. So if Alice sets r_0 = 0.5, then Bob can win with r = 0.5 by taking the trivial path. But if Alice sets r_0 = 0.1, then Bob can win with r = 0.1, but not with r = 0.2. Wait, but the question is about the largest r where Bob has a winning strategy. For a given n, what's the largest r such that no matter how Alice plays, Bob can find a path with average ≥ r? Wait, no: the problem says ""Alice constructs a connected graph... then assigns r_i... Bob selects a sequence... Bob wins if [condition]"". So it's a game where Alice chooses the graph and weights, then Bob chooses a path, and Bob wins if the average of his path is ≥ r. So R(n) is the largest r such that there exists a graph and weights where Bob can find a path with average ≥ r. Wait, but that would be 1, since Alice can set r_0 = 1, so the trivial path has average 1. But the problem says ""the largest possible value of r for which Bob has a winning strategy"" – but Bob's winning depends on the graph and weights, so maybe it's the other way around: for a given n, what's the largest r such that for every graph and weights, Bob can find a path with average ≥ r? No, the problem says ""Bob has a winning strategy"" – so Bob has a strategy to win against Alice's choices? Wait, the problem statement is a bit ambiguous.

Wait, let's read the problem again carefully:

""Alice constructs a connected graph... Then Alice assigns... Bob then selects a sequence... Bob wins if [condition].""

So it's a two-player game where Alice moves first (choosing graph and weights), then Bob moves (choosing a path), and Bob wins if the condition holds. So Bob's goal is to choose a path that makes the condition true, and Alice's goal is to choose graph and weights so that no such path exists (i.e., for all paths, the average < r). Wait, no: the problem says ""Bob wins if [condition]"". So for a given graph and weights, Bob can win if there exists a path with average ≥ r. Therefore, Alice wants to choose graph and weights such that for all paths, average < r (so Bob loses), and Bob wants to choose a path where average ≥ r (so he wins). Therefore, for a given r, Bob has a winning strategy iff there exists a graph and weights such that max_path_avg ≥ r. But the problem says ""R(n) denote the largest possible value of r for which Bob has a winning strategy"". Wait, no – maybe it's the other way: for a given n, R(n) is the largest r such that no matter what graph Alice chooses, Bob can find a path with average ≥ r. But the problem says ""Alice constructs a connected graph... then assigns..."", so Alice is trying to prevent Bob from winning, and we want the largest r where Bob can always win (i.e., for any graph Alice chooses, Bob can find a path with average ≥ r). Wait, that makes more sense for a game theory perspective: ""Bob has a winning strategy"" means that no matter how Alice plays (chooses graph and weights), Bob can respond with a path to win. But the problem says ""Alice constructs... then assigns... Bob then selects..."", so it's a sequential game where Alice moves first (two moves: graph, then weights), then Bob moves (path). So Bob's winning depends on the graph and weights chosen by Alice.

I think the key is that this is a minimax problem: R(n) is the value of the game where Alice tries to minimize the maximum average Bob can get (over paths), and Bob tries to maximize it. Wait, no: the problem says ""Bob has a winning strategy"" for a given r, so R(n) is the supremum over r where Bob can force a win, i.e., the best r such that for some graph and weights, Bob can get at least r.

Wait, let's look for similar problems. This reminds me of the concept of ""average weight"" in graphs, and the maximum average weight over paths. In fact, this is related to the concept of the maximum mean cycle, but here it's simple paths (not cycles).

In the context of the problem, suppose we model the graph as having weights on vertices, and we want the maximum average weight over all simple paths starting at X_0.

For a given graph, the maximum average over all paths starting at X_0 is called the ""maximum path average"" from X_0.

Alice chooses the graph (connected) and the weights (sum to 1, non-negative), and we want to know: what's the largest r such that there exists a graph and weights where the maximum path average is ≥ r? But that would be 1, since Alice can set r_0 = 1, so the trivial path has average 1. But the problem says ""R(n) is the largest possible value of r for which Bob has a winning strategy"". Wait, maybe it's the other way: for a given n, what's the smallest r such that no matter what graph Alice chooses, Bob can find a path with average ≥ r? But the problem says ""Bob has a winning strategy"", so maybe it's the best r where Bob can always win against Alice's best defense.

Wait, let's think of a specific small n.

Take n=2 (even though the problem says n ≥ 2, and we need n=11 to 14). For n=2: two points X0, X1, connected by an edge (only connected graph).

Alice assigns r0 + r1 = 1, r0, r1 ≥ 0.

Bob can choose paths:

- Trivial path [X0]: average r0
- Path [X0, X1]: average (r0 + r1)/2 = 1/2
- Can't choose longer paths since n=2.

So the maximum average Bob can get is max(r0, 1/2). Alice wants to choose r0, r1 to minimize this maximum (since she wants to prevent Bob from winning, i.e., make sure max average < r). Wait, no: Bob wins if the max average ≥ r. So for a given r, Bob has a winning strategy iff max(r0, 1/2) ≥ r. So the largest r where Bob can win is 1/2? Wait, no: if Alice sets r0 = 1/2, r1 = 1/2, then max average is 1/2 (from the path [X0]). If Alice sets r0 = 0.6, r1 = 0.4, then max average is 0.6 (from [X0]). If Alice sets r0 = 0.4, r1 = 0.6, then max average is 0.6 (from [X1]? Wait, no: Bob has to start at X0, so paths starting at X0: only [X0] and [X0,X1]. So the paths are [X0] (avg r0) and [X0,X1] (avg (r0 + r1)/2 = 1/2)."
920,"Okay, let's try to figure out how many 2s we'll use when making all the tags from 000 to 999. Wait, hold on, the problem says ""372 bicycles,"" but the tags are numbered with stickers from 0 to 9, so probably the tags are three-digit numbers? Because 372 is the number of bicycles, but maybe the tags go from 000 to 371? Wait, no, the problem says ""creating all of the tags"" for 372 bicycles. Hmm, maybe the tags are three-digit numbers, like 000 to 999, but we need to check.

Wait, the problem says: ""Tags are created by using stickers from 0 to 9 and placing them on a plastic surface. For example, you would create the tag number 313 by using a 3 sticker, a 1 sticker and then another 3 sticker."" So each tag is a sequence of digits, and they have to be placed in order. The question is about making tags for 372 bicycles. So we need to know what range of tags we're making.

Wait, the problem says ""determine the number of 2 stickers you will use"" when creating all the tags. But it doesn't specify the range of tags. Wait, maybe it's from 0 to 371? Because 372 bicycles, so tags are 0 to 371 (since 372 numbers). Or maybe 1 to ื่372? But the example is 313, which is a three-digit number. So probably the tags are three-digit numbers, with leading zeros, so from 000 to 999, but we have 372 bicycles, so maybe only 000 to 371? Wait, that might be.

Wait, the problem says ""it is your job to make numbered tags for 372 bicycles"". So each bicycle has a unique tag, so we need 372 distinct tags. The problem is probably that the tags are three-digit numbers (with leading zeros) from 000 to 371? Because 372 is the count, so 000 to 371 is 372 numbers. Let me confirm: 372 numbers, so if it's 000 to 371, that's 372 numbers (since 371 - 0 + 1 = 372). Yes, that makes sense.

So we need to count how many times the digit '2' appears in all the tags from 000 to 371. Wait, but the problem says ""tags are created by using stickers from 0 to 9"", so each tag is a number with some digits, but the example is 313, which is three digits, so probably three-digit tags, with leading zeros. So the tags are three-digit numbers, from 000 up to 371 (since there are 372 bicycles, so 372 tags).

First, let's clarify: is the range 000 to 371 inclusive? Because 372 numbers: 0 to 371 is 372 numbers. Yes, 371 - 0 + 1 = 372.

So we need to count the number of '2's in all the three-digit numbers from 000 to 371.

Let's break it down by each digit position: hundreds, tens, units.

First, let's consider the range 000 to 371. Let's handle each digit place:

1. Units place: How many times does '2' appear in the units place from 000 to 371?

2. Tens place: Similarly, how many times does '2' appear in the tens place.

3. Hundreds place: How many times does '2' appear in the hundreds place.

Let's start with units place.

Units place: The units digit cycles every 10 numbers. In each block of 10 numbers (e.g., 0-9, 10-19, ..., 360-369, 370-371), the units digit is 2 once per 10 numbers.

From 000 to 371, how many complete blocks of 10 are there?

Total numbers: 372 numbers (000 to 371).

Number of complete blocks of 10: 372 / 10 = 37.2, so 37 complete blocks (each 10 numbers) and a remainder of 2 numbers (370, 371).

Wait, let's list the ranges:

First, 000 to 009: 10 numbers

010 to 019: 10 numbers

...

360 to 369: 10 numbers

Then 370, 371: 2 numbers.

So total 37 full blocks (000-009 up to 360-369) and then 370, 371.

Each full block (10 numbers) has one '2' in the units place (e.g., 002, 012, ..., 362).

How many full blocks? From 000-369 is 37 blocks (since 369 - 0 + 1 = 370 numbers? Wait, no: 000-009 is 10 numbers, 010-019 is next 10, so 000-099 is 100 numbers (10 blocks of 10), 100-199 is another 100, etc.

Wait, 000 to 371 is 372 numbers. Let's think in terms of numbers:

The numbers are 0, 1, 2, ..., 371. So 372 numbers.

For units digit: the units digit is 2 when the number mod 10 = 2.

In 0 to 371, how many numbers have units digit 2?

The first such number is 2, then 12, 22, ..., up to the largest number ≤371 with units digit 2.

The sequence is 2, 12, 22, ..., 372? Wait, 372 is the next number after 371, so the last number with units digit 2 is 372? But 372 is not included (since we go up to 371). So the last number is 372 - 10 = 362? Wait, 362 is ≤371, next would be 372 which is excluded.

Let's compute the count:

The numbers with units digit 2 are 2, 12, 22, ..., n where n = 10k + 2 ≤ 371.

Solve for k: 10k + 2 ≤ 371 → 10k ≤ 369 → k ≤ 36.9 → k = 0 to 36, so 37 numbers.

Wait, k=0: 2, k=1:12,..., k=36: 10*36 +2=362. Then k=37 would be 372, which is >371, so yes, 37 numbers.

Wait, 0 to 371 inclusive: total numbers 372.

The count of numbers with units digit 2: first term 2, last term 362, common difference 10.

Number of terms: ((362 - 2)/10) + 1 = (360/10)+1=36+1=37. Correct.

So units place: 37 times.

Now tens place: how many times does '2' appear in the tens place from 000 to 371.

Tens digit is 2 when the number is x2y, where x is the hundreds digit, y is the units digit.

Let's consider the range 000 to 371.

First, numbers from 000 to 099: tens digit 2 occurs in 020-029 (10 numbers: 20,21,...,29)

Numbers from 100 to 199: 120-129 (10 numbers)

Numbers from 200 to 299: 220-229 (10 numbers)

Numbers from 300 to 371: here, tens digit 2 would be 320-329, but we need to check if 320-329 are within 300-371.

320 to 329: 320,321,...,329. All these are ≤371 (since 329 < 371), so 10 numbers.

Wait, but wait: the total range is 000 to 371, so 300-371 is 72 numbers (371-300+1=72).

In 300-371, the numbers with tens digit 2 are 320-329, which is 10 numbers (320 to 329).

Wait, but 320-329 is 10 numbers, all within 300-371 (since 329 < 371).

Now, let's break it down:

First, 000-099: tens digit 2: 020-029 → 10 numbers (tens digit 2, units 0-9)

100-199: 120-129 → 10 numbers

200-299: 220-229 → 10 numbers

300-371: 320-329 → 10 numbers (since 320-329 are all ≤371)

Wait, but 320-329 is 10 numbers, yes, 320 to 329 is 10 numbers.

But wait, is 329 ≤371? Yes, 329 < 371, so all 10 numbers are included.

Wait, but what about numbers above 329? Like 330-371, but we don't care about tens digit 2 there.

Wait, in 300-371, the tens digit can be 0-7 (since 371 is the upper limit). The tens digit is 2 only in 320-329, which is 10 numbers.

So total for tens place:

000-099: 10

100-199: 10

200-299: 10

300-371: 10 (320-329)

Wait, but 200-299: 220-229 is 10 numbers, correct.

But wait, 300-371: 300 to 371 is 72 numbers (371-300+1=72). The numbers with tens digit 2 in this range are 320-329, which is 10 numbers (320 to 329), since 329 ≤371.

Yes, 329 is less than 371, so all 10 are included.

Wait, but is there a higher range? No, because 371 is the upper limit, so 300-371 is the last part.

Wait, but let's check the total count for tens place:

First, 000-099: 10 numbers (020-029)

100-199: 10 numbers (120-129)

200-299: 10 numbers (220-229)

300-371: 10 numbers (320-329)

Wait, but 300-371 is 72 numbers, but 320-329 is 10 numbers, which are all within 300-371.

Is there any other range? For example, 370-371: 370 and 371, their tens digit is 7, so no.

So total tens place '2's: 10 (000-099) + 10 (100-199) + 10 (200-299) + 10 (300-371) = 40? Wait, no, wait: 000-099 is 100 numbers (0-99), 100-199 is 100 numbers, 200-299 is 100 numbers, 300-371 is 72 numbers.

But when we count the tens digit 2, in each hundred block:

- For 0-99: tens digit 2 occurs 10 times (20-29)

- For 100-199: tens digit 2 occurs 10 times (120-129)

- For 200-299: tens digit 2 occurs 10 times (220-229)

- For 300-399: tens digit 2 occurs 10 times (320-329), but we only go up to 371, so 320-329 is 10 numbers, all within 300-371 (since 329 < 371)

Wait, 320-329 is 10 numbers, yes, all ≤371.

But wait, 300-371 includes 300-371, so 320-329 is within that range.

So total tens place '2's: 10 + 10 + 10 + 10 = 40? Wait, but 300-371 is only part of the 300-399 range, but since 320-329 is entirely within 300-371, yes, 10 numbers.

Wait, but let's check with actual numbers.

Take 000-099: numbers 0-99. Tens digit 2: 20-29, which is 10 numbers (20,21,...,29). Each has a '2' in tens place, so 10 times.

100-199: 120-129: 10 numbers, each has '2' in tens place, so 10 times.

200-299: 220-229: 10 numbers, each has '2' in tens place, so 10 times.

300-371: 320-329: 10 numbers (320 to 329), all ≤371, so 10 times.

Total tens place: 10*4=40.

Wait, but 300-371 is 72 numbers, but the tens digit 2 only occurs in 320-329, which is 10 numbers, so yes, 10.

Now hundreds place: how many times does '2' appear in the hundreds place?

The hundreds digit is 2 only in numbers from 200-299. But our range is 000-371, so 200-299 is included (since 299 < 371).

Wait, 200-299: 100 numbers (200 to 299). Each of these has a '2' in the hundreds place.

So how many '2's in hundreds place? 100 times (once per number in 200-299).

Wait, but wait: the problem says ""tags are created by using stickers from 0 to 9"", so the tags are three-digit numbers with leading zeros, so 000 is a valid tag (three digits: 0,0,0).

So in the hundreds place, the digit is 2 only when the number is between 200 and 299 inclusive.

Since our range is 000 to 371, the numbers 200-299 are all included (200 ≤ number ≤299 ≤371), so 100 numbers (200 to 299), each contributing one '2' in the hundreds place. So 100 times.

Wait, but let's confirm: 200-299 is 100 numbers (299 - 200 + 1 = 100), yes.

So hundreds place: 100 times.

Wait, but hold on: the problem says ""372 bicycles"", so the tags are 000 to 371 (372 tags). So 200-299 is 100 numbers (200 to 299), all within 000-371 (since 299 < 371), so yes, all 100 numbers have a '2' in the hundreds place.

Now, let's check if there's any overlap or mistake.

Wait, but let's take a small example to verify.

Suppose we have numbers from 000 to 029 (30 numbers). How many '2's?

Units place: 2,12,22 → 3 times (2,12,22)

Tens place: 20-29 → 10 numbers, each has '2' in tens place → 10 times

Hundreds place: 0 (all numbers are 0xx, so hundreds digit is 0) → 0

Total '2's: 3 + 10 = 13.

Let's list them:

000: 0,0,0 → no 2s

001: 0,0,1

...

002: 0,0,2 → 1 two

003: 0,0,3

...

009: 0,0,9

010: 0,1,0

...

012: 0,1,2 → 1 two

013: 0,1,3

...

019: 0,1,9

020: 0,2,0 → 1 two

021: 0,2,1 → 1 two

...

029: 0,2,9 → 1 two each (10 numbers)

So from 000-029:

Units place: 002, 012, 022 → 3 times

Tens place: 020-029 → 10 times

Total: 13, which matches.

So the method seems correct.

Back to the original problem.

We need to count '2's in 000 to 371.

Let's re-express the range as numbers from 0 to 371 inclusive (372 numbers).

First, units place:

As calculated earlier, numbers with units digit 2: 2,12,22,...,362. Since 362 ≤371, next would be 372 which is excluded.

Number of terms: (362 - 2)/10 + 1 = 360/10 +1 = 36 +1=37. So 37 times.

Tens place:

Numbers with tens digit 2: x2y, where x is hundreds digit, y is units digit.

In 0-99: 20-29 → 10 numbers (20-29)

100-199: 120-129 → 10 numbers

200-299: 220-229 → 10 numbers

300-371: 320-329 → 10 numbers (since 320-329 ≤371)

Wait, 320-329 is 10 numbers (320 to 329), all within 300-371.

Is there any other range? For example, 370-371: 370 and 371, their tens digit is 7, so no.

So total tens place '2's: 10 + 10 + 10 + 10 = 40.

Wait, but 300-371: 320-329 is 10 numbers, correct.

Hundreds place:

Numbers with hundreds digit 2: 200-299. Since 299 ≤371, all 100 numbers (200-299) are included. So 100 times.

Wait, but 200-299 is 100 numbers (299 - 200 + 1 = 100), yes.

So total '2's: units (37) + tens (40) + hundreds (100) = 177.

Wait, but let's verify with a smaller range to see if the method is right.

Suppose we have 000 to 129.

Units place: numbers ending with 2: 2,12,...,122. How many? From 2 to 122, step 10: (122-"
921,"Okay, let's try to find the zeros of this function \( f(x) = \left(1 - \tan(x)\right) \cdot \left(1 + \sin(2x)\right) - \tan(x) + \cos(2x) - 1 \). Hmm, that looks a bit complicated with all the trigonometric functions. Maybe I can simplify it first using some trigonometric identities.

First, recall that \( \sin(2x) = 2\sin x \cos x \) and \( \cos(2x) = 1 - 2\sin^2 x \) or \( 2\cos^2 x - 1 \), but maybe \( \cos(2x) = \cos^2 x - \sin^2 x \) is useful here. Let me write down the function again:

\( f(x) = (1 - \tan x)(1 + \sin 2x) - \tan x + \cos 2x - 1 \)

Let me expand the first product: \( (1 - \tan x)(1 + \sin 2x) \). Let's compute that term by term.

First, \( \sin 2x = 2\sin x \cos x \), so \( 1 + \sin 2x = 1 + 2\sin x \cos x \). Wait, but \( 1 + \sin 2x \) is a common expression; actually, \( 1 + \sin 2x = (\sin x + \cos x)^2 \), because \( (\sin x + \cos x)^2 = \sin^2 x + 2\sin x \cos x + \cos^2 x = 1 + \sin 2x \). Oh, that's a good identity! So \( 1 + \sin 2x = (\sin x + \cos x)^2 \).

Similarly, \( \cos 2x = \cos^2 x - \sin^2 x = (\cos x - \sin x)(\cos x + \sin x) \). Maybe that's helpful.

Let me rewrite \( f(x) \):

\( f(x) = (1 - \tan x)(1 + \sin 2x) - \tan x + \cos 2x - 1 \)

Let's substitute \( 1 + \sin 2x = (\sin x + \cos x)^2 \) and \( \cos 2x = \cos^2 x - \sin^2 x \).

Wait, maybe another approach. Let's first handle the terms step by step.

First, expand \( (1 - \tan x)(1 + \sin 2x) \):

= \( 1 \cdot (1 + \sin 2x) - \tan x \cdot (1 + \sin 2x) \)
= \( 1 + \sin 2x - \tan x - \tan x \sin 2x \)

So then, \( f(x) = [1 + \sin 2x - \tan x - \tan x \sin 2x] - \tan x + \cos 2x - 1 \)

Simplify term by term:

The +1 and -1 cancel. So we have:

\( \sin 2x - \tan x - \tan x \sin 2x - \tan x + \cos 2x \)

Combine like terms:

\( \sin 2x + \cos 2x - 2\tan x - \tan x \sin 2x \)

Hmm, that's a bit messy. Let's factor terms with \( \tan x \):

= \( \sin 2x + \cos 2x - \tan x (1 + \sin 2x) - \tan x \)

Wait, no, wait: in the previous step, after expanding, we had:

\( f(x) = [1 + \sin 2x - \tan x - \tan x \sin 2x] - \tan x + \cos 2x - 1 \)

So the -1 from the last term cancels with the +1, so:

= \( \sin 2x - \tan x - \tan x \sin 2x - \tan x + \cos 2x \)

Then, combine the -tan x terms: -tan x - tan x = -2 tan x, so:

= \( \sin 2x + \cos 2x - 2 \tan x - \tan x \sin 2x \)

Factor out -tan x from the last two terms? Wait, no, it's -tan x (1 + sin 2x) - 2 tan x? Wait, no:

Wait, the terms with tan x: -tan x (from the expansion) - tan x (from the original -tan x) = -2 tan x, and then - tan x sin 2x. So total: - tan x (2 + sin 2x). Wait, no:

Wait, let's redo the expansion carefully.

Original f(x):

\( (1 - \tan x)(1 + \sin 2x) - \tan x + \cos 2x - 1 \)

First, expand (1 - tan x)(1 + sin 2x):

= 1*(1) + 1*(sin 2x) - tan x*(1) - tan x*(sin 2x)

= 1 + sin 2x - tan x - tan x sin 2x

Then, subtract tan x (the next term is - tan x), add cos 2x, subtract 1.

So:

f(x) = [1 + sin 2x - tan x - tan x sin 2x] - tan x + cos 2x - 1

Now, 1 - 1 cancels. Then:

= sin 2x - tan x - tan x sin 2x - tan x + cos 2x

Combine the -tan x terms: -tan x - tan x = -2 tan x

So:

f(x) = sin 2x + cos 2x - 2 tan x - tan x sin 2x

Factor the tan x terms:

= sin 2x + cos 2x - tan x (2 + sin 2x)

Hmm, not sure if that helps. Let's try to express everything in terms of sin x and cos x.

Recall that tan x = sin x / cos x, so let's write f(x) in terms of sin x and cos x.

First, sin 2x = 2 sin x cos x

cos 2x = cos²x - sin²x

tan x = sin x / cos x

So:

f(x) = 2 sin x cos x + (cos²x - sin²x) - 2 (sin x / cos x) - (sin x / cos x)(2 sin x cos x)

Wait, let's check:

Wait, the term - tan x sin 2x is - (sin x / cos x) * (2 sin x cos x) = -2 sin²x. Oh! That's a simplification.

Yes! Because sin 2x = 2 sin x cos x, so tan x * sin 2x = (sin x / cos x) * (2 sin x cos x) = 2 sin²x. So that term becomes -2 sin²x.

Let me verify:

tan x * sin 2x = (sin x / cos x) * (2 sin x cos x) = 2 sin²x. Yes! The cos x cancels, so it's 2 sin²x. Therefore, - tan x sin 2x = -2 sin²x.

That's a key simplification. Let's do this step by step.

So, f(x) = sin 2x + cos 2x - 2 tan x - tan x sin 2x

We can replace the last term: - tan x sin 2x = - (sin x / cos x) * (2 sin x cos x) = -2 sin²x. Perfect, that's a big simplification.

So now, f(x) = sin 2x + cos 2x - 2 tan x - 2 sin²x

Now, let's write all terms in terms of sin x and cos x.

First, sin 2x = 2 sin x cos x

cos 2x = 1 - 2 sin²x (using the double angle formula for cosine: cos 2x = 1 - 2 sin²x)

So substitute cos 2x:

f(x) = 2 sin x cos x + (1 - 2 sin²x) - 2 (sin x / cos x) - 2 sin²x

Wait, hold on: the term -2 sin²x comes from - tan x sin 2x, which we found is -2 sin²x. Wait, no:

Wait, let's re-express step by step.

Original f(x) after simplifying the tan x sin 2x term:

f(x) = sin 2x + cos 2x - 2 tan x - (tan x sin 2x)

But we found that tan x sin 2x = 2 sin²x, so:

f(x) = sin 2x + cos 2x - 2 tan x - 2 sin²x

Yes.

Now, substitute sin 2x = 2 sin x cos x, cos 2x = 1 - 2 sin²x:

f(x) = 2 sin x cos x + (1 - 2 sin²x) - 2 (sin x / cos x) - 2 sin²x

Simplify term by term:

= 2 sin x cos x + 1 - 2 sin²x - 2 (sin x / cos x) - 2 sin²x

Combine the sin²x terms: -2 sin²x - 2 sin²x = -4 sin²x

So:

f(x) = 2 sin x cos x + 1 - 4 sin²x - 2 (sin x / cos x)

Hmm, this still looks complicated. Maybe another identity for cos 2x. Let's try using cos 2x = 2 cos²x - 1 instead.

Alternatively, let's consider writing f(x) as a polynomial in tan x. Let me set t = tan x, so sin x = t / sqrt(1 + t²), but maybe not. Alternatively, express everything in terms of t = tan x.

Recall that:

sin 2x = 2t / (1 + t²)

cos 2x = (1 - t²)/(1 + t²)

Wait, yes! For tangent, we have identities:

sin 2x = 2 tan x / (1 + tan²x)

cos 2x = (1 - tan²x)/(1 + tan²x)

Let me try this substitution. Let t = tan x, so t = tan x.

Then:

sin 2x = 2t / (1 + t²)

cos 2x = (1 - t²)/(1 + t²)

So, f(x) = (1 - t)(1 + sin 2x) - t + cos 2x - 1

Let's substitute sin 2x and cos 2x in terms of t.

First, compute 1 + sin 2x:

1 + sin 2x = 1 + 2t/(1 + t²) = (1 + t² + 2t)/(1 + t²) = (1 + t)^2 / (1 + t²)

Similarly, cos 2x = (1 - t²)/(1 + t²)

So, f(x) = (1 - t) * [ (1 + t)^2 / (1 + t²) ] - t + (1 - t²)/(1 + t²) - 1

Let's write each term:

First term: (1 - t)(1 + t)^2 / (1 + t²) = (1 - t)(1 + 2t + t²) / (1 + t²) [since (1 + t)^2 = 1 + 2t + t²]

Wait, no: (1 - t)(1 + t)^2 = (1 - t)(1 + 2t + t²) = (1)(1 + 2t + t²) - t(1 + 2t + t²) = 1 + 2t + t² - t - 2t² - t³ = 1 + t - t² - t³

Hmm, maybe better to factor (1 - t)(1 + t)^2 = (1 - t)(1 + t)^2 = (1 - t)(1 + t)(1 + t) = (1 - t²)(1 + t). Not sure.

Alternatively, let's compute f(x) step by step with t = tan x.

Compute each part:

First term: (1 - t)(1 + sin 2x) = (1 - t)[1 + 2t/(1 + t²)] = (1 - t)[(1 + t² + 2t)/(1 + t²)] = (1 - t)(1 + t)^2 / (1 + t²)

Because 1 + t² + 2t = (1 + t)^2.

Yes! So 1 + sin 2x = (1 + t)^2 / (1 + t²), since 1 + sin 2x = 1 + 2t/(1 + t²) = (1 + t² + 2t)/(1 + t²) = (1 + t)^2 / (1 + t²).

Great, so first term is (1 - t)(1 + t)^2 / (1 + t²)

Second part: -t + cos 2x - 1 = -t + (1 - t²)/(1 + t²) - 1

So, let's write f(x) as:

[ (1 - t)(1 + t)^2 / (1 + t²) ] + [ -t + (1 - t²)/(1 + t²) - 1 ]

Let's combine the second bracket first:

- t + (1 - t²)/(1 + t²) - 1 = -t - 1 + (1 - t²)/(1 + t²)

Let me get a common denominator for the second bracket:

= [ -t(1 + t²) - (1 + t²) + (1 - t²) ] / (1 + t²)

Wait, no, let's do it step by step.

First, write all terms over (1 + t²):

= [ -t(1 + t²) - (1 + t²) + (1 - t²) ] / (1 + t²) ?

Wait, no. Let's compute the second bracket:

Let me compute -t - 1 + (1 - t²)/(1 + t²)

= (-t - 1) + (1 - t²)/(1 + t²)

= [ (-t - 1)(1 + t²) + (1 - t²) ] / (1 + t²)

Yes, because to combine them, multiply (-t - 1) by (1 + t²)/(1 + t²) and add (1 - t²)/(1 + t²).

So:

Numerator: (-t - 1)(1 + t²) + (1 - t²)

Expand (-t - 1)(1 + t²) = -t(1 + t²) - 1(1 + t²) = -t - t³ - 1 - t²

Then add (1 - t²): -t - t³ - 1 - t² + 1 - t² = -t - t³ - 2t²

So the second bracket is [ -t - t³ - 2t² ] / (1 + t²) = -t(t² + 2t + 1) / (1 + t²) = -t(t + 1)^2 / (1 + t²)

Ah! Nice. So the second bracket simplifies to -t(t + 1)^2 / (1 + t²)

Therefore, f(x) = [ (1 - t)(1 + t)^2 / (1 + t²) ] + [ -t(t + 1)^2 / (1 + t²) ]

Because the entire f(x) is first term plus second bracket (which we just computed).

So f(x) = [ (1 - t) - t ] * (1 + t)^2 / (1 + t²)

Wait, no: the first term is (1 - t)(1 + t)^2 / (1 + t²), and the second bracket is -t(1 + t)^2 / (1 + t²). So adding them together:

f(x) = [ (1 - t) - t ] * (1 + t)^2 / (1 + t²) ?

Wait, no: the second bracket was equal to -t(t + 1)^2 / (1 + t²), so:

f(x) = (1 - t)(1 + t)^2 / D - t(1 + t)^2 / D, where D = 1 + t²

So factor out (1 + t)^2 / D:

f(x) = [ (1 - t) - t ] * (1 + t)^2 / D = (1 - 2t)(1 + t)^2 / (1 + t²)

Wait, is that right?

Wait, no: (1 - t) - t = 1 - 2t? Wait, no:

Wait, the first term is (1 - t)(1 + t)^2 / D, the second part (the bracket) is -t(1 + t)^2 / D, so total:

f(x) = [ (1 - t) - t ] * (1 + t)^2 / D = (1 - 2t)(1 + t)^2 / (1 + t²)

Wait, no: (1 - t) - t = 1 - 2t? Wait, no: (1 - t) is multiplied by (1 + t)^2, and the other term is -t*(1 + t)^2. So factoring (1 + t)^2 / D:

f(x) = [ (1 - t) - t ] * (1 + t)^2 / D? Wait, no:

Wait, the first term is (1 - t)(1 + t)^2 / D, the second part (the bracket) is -t(1 + t)^2 / D. So total:

f(x) = [ (1 - t) - t ] * (1 + t)^2 / D? No, it's (1 - t) times (1 + t)^2 over D, plus (-t) times (1 + t)^2 over D. So yes, factor out (1 + t)^2 / D:

f(x) = [ (1 - t) - t ] * (1 + t)^2 / D? Wait, no: (1 - t) - t is 1 - 2t, but actually, it's (1 - t) + (-t) = 1 - 2t? Wait, no: the first term is (1 - t)(...), the second term is (-t)(...). So total coefficient is (1 - t) - t = 1 - 2t. Yes.

So f(x) = (1 - 2t)(1 + t)^2 / (1 + t²)

Wow, that's a huge simplification! So f(x) = [ (1 - 2 tan x)(1 + tan x)^2 ] / (1 + tan²x )

But 1 + tan²x = sec²x, so 1/(1 + tan²x) = cos²x. But maybe we don't need that.

But since we have f(x) = 0, so numerator must be zero (denominator 1 + tan²x is never zero, since tan x is real, so 1 + tan²x ≥ 1 > 0).

Therefore, f(x) = 0 iff (1 - 2t)(1 + t)^2 = 0, where t = tan x.

So solve (1 - 2t)(1 + t)^2 = 0.

Thus, solutions are:

1 - 2t = 0 ⇒ t = 1/2 ⇒ tan x = 1/2 ⇒ x = arctan(1/2) + nπ

or

(1 + t)^2 = 0 ⇒ t = -1 ⇒ tan x = -1 ⇒ x = -π/4 + nπ (since arctan(-1) = -π/4)

Wait, but the options have x₁ and x₂. Let's see the options.

The options are:

A. x₁=π/4 +nπ, x₂=arctan(1/4)+nπ

B. x₁=π/4 +nπ, x₂=arctan(-1/2)+nπ

C. x₁=π/4 +nπ, x₂=arctan(-1/3)+nπ

D. x₁=-π/4 +nπ, x₂=arctan(1/2)+nπ

E. x₁=π/4 +nπ, x₂=arctan(1/3)+nπ

F. x₁=π/4 +nπ, x₂=arctan(1/2)+nπ

Wait, according to our calculation, the zeros are:

x = arctan(1/2) + nπ, and x = -π/4 + nπ (since tan x = -1 ⇒ x = -π/4 + nπ, because arctan(-1) = -π/4)

Wait, but arctan(-1) is -π/4, correct. So the solutions are x = -π/4 + nπ and x = arctan(1/2) + nπ.

Looking at the options:

Option F says x₁=π/4 +nπ, x₂=arctan(1/2)+nπ. Wait, but we have x = -π/4 +nπ, not π/4.

Wait, hold on. Wait, when tan x = -1, the general solution is x = -π/4 + nπ, which is equivalent to x = 3π/4 + nπ, but usually written as x = -π/4 + nπ.

But in the options, option D has x₁=-π/4 +nπ, x₂=arctan(1/2)+nπ. Option D: x₁=-π/4 +nπ, x₂=arctan(1/2)+nπ.

Wait, but according to our calculation, the solutions are x = -π/4 + nπ and x = arctan(1/2) + nπ.

So the"
