id,response
750,"Okay, let's tackle part (a) first. The problem says that at t=0, there are 350 gallons of oil. Each hour after that, 5% of the oil leaks out. So, we need to find what percent of the original 350 gallons has leaked out after 9 hours.

First, I need to figure out how much oil is left after 9 hours. Since each hour, 5% leaks out, that means 95% remains each hour. So, the remaining oil after t hours is 350*(0.95)^t.

So, after 9 hours, the remaining oil is 350*(0.95)^9. Then, the amount leaked is original minus remaining: 350 - 350*(0ื่)^9 = 350*(1 - (0.95)^9). To find the percentage leaked, we take (leaked amount / original) * 100.

Let me compute (0.95)^9 first. Let's see:

0.95^2 = 0.9025

0.95^4 = (0.9025)^2 ≈ 0.81450625

0.95^8 = (0.81450625)^2 ≈ 0.66342043

Then 0.95^9 = 0.95^8 * 0.95 ≈ 0.66342043 * 0.95 ≈ 0.6302494

So, approximately 0.6302. Therefore, the remaining oil is about 63.02% of the original. So, the leaked amount is 100% - 63.02% = 36.98%. So, approximately 37%.

Wait, let me check with a calculator for better precision.

Using a calculator: 0.95^9.

Let me compute step by step:

0.95^1 = 0.95

0.95^2 = 0.95*0.95 = 0.9025

0.95^3 = 0.9025*0.95 = 0.857375

0.95^4 = 0.857375*0.95 ≈ 0.81450625

0.95^5 ≈ 0.81450625*0.95 ≈ 0.7737809375

0.95^6 ≈ 0.7737809375*0.95 ≈ 0.7350918906

0.95^7 ≈ 0.7350918906*0.95 ≈ 0.698337296

0.95^8 ≈ 0.698337296*0.95 ≈ 0.663420431

0.95^9 ≈ 0.663420431*0.95 ≈ 0.630249409

So, approximately 0.6302, so 63.02% remains. Therefore, the leaked percentage is 100% - 63.02% = 36.98%, so about 37%. So, the answer to part (a) is approximately 37%.

Wait, but maybe they want more precise? Let's see. Let's compute 1 - 0.95^9.

0.95^9 ≈ e^(9*ln(0.95)). Maybe using natural logs for better approximation?

ln(0.95) ≈ -0.051293294

So, 9*ln(0.95) ≈ -0.4616396

e^(-0.4616396) ≈ 0.6302, same as before. So, 1 - 0.6302 = 0.3698, so 36.98%, so approximately 37.0%.

So, part (a) is 37%.

Moving to part (b): If Q(t) = Q0 e^(kt) is the quantity of oil remaining after t hours, find k.

We know that after each hour, 5% leaks out, so 95% remains. So, the decay factor per hour is 0.95. So, the model is Q(t) = 350*(0.95)^t. But the problem states that Q(t) = Q0 e^(kt), so we need to express (0.95)^t as e^(kt).

So, (0.95)^t = e^(kt) => kt = ln(0.95^t) = t*ln(0.95) => k = ln(0.95). Because e^(kt) = (e^ln(0.95))^t = 0.95^t.

Yes, so k = ln(0.95). Let's compute that.

ln(0.95) ≈ -0.051293294. So, approximately -0.0513.

So, k ≈ -0.0513.

Let me confirm: e^k should be 0.95, since Q(t) = Q0*(e^k)^t = Q0*0.95^t, so e^k = 0.95, so k = ln(0.95). Correct.

So, k ≈ -0.0513. So, part (b) is k ≈ -0.0513.

Now part (c): What does k tell you about the leaking oil? Select all that apply.

Options:

A. Because it is less than one, we know the amount of oil in the tank is decreasing.

B. It tells by what percent of oil decays each hour.

C. Because it is negative, we know the amount of oil in the tank is decreasing.

D. It tells what percent of oil remains after each hour.

E. It gives the continuous hourly rate at which oil is leaking.

F. It is the amount that the oil that leaks out each second.

G. None of the above

First, let's recall that k is the continuous decay rate. In exponential decay models, k is negative (since it's decaying), and e^k is the decay factor per unit time.

So, for continuous decay, the rate is often given as a continuous rate. So, if the discrete decay is 5% per hour, then the continuous rate k is ln(0.95) ≈ -0.0513.

Let's go through each option.

A. ""Because it is less than one, we know the amount of oil in the tank is decreasing.""

Wait, k is negative here (≈ -0.05), so it's less than one, but the key is that it's negative. So, the statement says ""because it is less than one"" – but actually, the sign of k is what matters for increasing/decreasing. Since k is negative, the function Q(t) = Q0 e^(kt) is decreasing because exponent is negative. So, A is incorrect because it's not about being less than one; it's about the sign. For example, if k were positive, it would be increasing, but here k is negative. So, A is wrong.

B. ""It tells by what percent of oil decays each hour.""

Hmm. In discrete terms, the decay rate is 5% per hour, but k is the continuous rate. The percent decay per hour is 5%, but k is not exactly the percent decay. For example, if you have a continuous decay rate k, then the discrete decay factor per hour is e^k. So, the percent decay per hour is (1 - e^k)*100 ≈ 5%, but k itself is not the percent decay. So, B is probably incorrect.

C. ""Because it is negative, we know the amount of oil in the tank is decreasing.""

Yes, this is correct. Since k is negative, e^(kt) is decreasing as t increases, so Q(t) is decreasing. So, C is correct.

D. ""It tells what percent of oil remains after each hour.""

No, the percent remaining each hour is 95%, but k is ln(0.95) ≈ -0.0513, which is not the percentage. So, D is incorrect.

E. ""It gives the continuous hourly rate at which oil is leaking.""

In continuous models, the rate of change dQ/dt = kQ. So, the continuous rate is k, which is the instantaneous rate of decay. So, the continuous hourly rate is k. Wait, but ""rate at which oil is leaking"" – the leakage rate is dQ/dt = kQ, so the continuous hourly rate (as a rate) is kQ, but k itself is the continuous decay rate. Hmm.

Wait, the question says ""it gives the continuous hourly rate at which oil is leaking"". The term ""continuous hourly rate"" might refer to the rate constant k. In some contexts, the continuous decay rate k is called the continuous rate. For example, in radioactive decay, the continuous decay rate is k, which is related to the half-life. So, if you have a continuous process, the rate at which the quantity is decreasing is proportional to k. So, E might be correct.

Let me think. Suppose we have Q(t) = Q0 e^(kt). Then dQ/dt = k Q0 e^(kt) = k Q(t). So, the rate of change of Q is k times Q. So, the continuous rate of leakage (the rate at which oil is leaking out) is kQ, but k is the continuous decay rate. So, the statement says ""it gives the continuous hourly rate at which oil is leaking"". Hmm, ""rate"" here might mean the rate constant. In many contexts, k is called the continuous growth/decay rate. For example, in finance, continuous compounding has a rate r where A = P e^(rt). So, r is the continuous rate. So, here, k is the continuous rate. So, E says ""it gives the continuous hourly rate at which oil is leaking"". So, yes, k is the continuous hourly rate. Wait, but ""rate"" here is a bit ambiguous.

Wait, the problem says ""the continuous hourly rate"". So, if the oil is leaking continuously, then the rate at which it's leaking is a continuous function, and k is the rate parameter. For example, in the differential equation dQ/dt = -k Q, so the rate of leakage is -k Q, so k is the continuous decay rate. So, the continuous hourly rate (per hour) would be k. So, E might be correct.

F. ""It is the amount that the oil that leaks out each second."" No, k is a rate, not an amount. So, F is wrong.

G. ""None of the above"" – but we have some options that might be correct.

Let's re-examine.

First, C is correct: because k is negative, the amount is decreasing. Yes.

E: ""It gives the continuous hourly rate at which oil is leaking."" In the context of exponential decay, the continuous rate k is indeed the rate at which the quantity is decaying continuously. So, for example, the continuous hourly rate is k. So, E is correct.

Wait, but let's check the exact wording. ""It gives the continuous hourly rate at which oil is leaking."" So, the ""rate"" here is the rate of leakage, which is a rate (per hour), so k is the continuous hourly rate. For example, in the model dQ/dt = -k Q, so the rate of change is -k Q, so k is the continuous decay rate. So, yes, E is correct.

What about B? ""It tells by what percent of oil decays each hour."" The percent decay per hour is 5%, but k is not the percent. For example, if you have a 5% decay per hour, then the continuous rate k is ln(0.95) ≈ -0.0513, so the decay rate per hour is about 5.13% (since e^k ≈ 0.95, so the continuous rate is k, but the discrete decay is 5%). So, B is incorrect because it's not the percent decay per hour; the percent decay per hour is 5%, but k is a different number.

So, B is wrong.

D: ""It tells what percent of oil remains after each hour."" No, the percent remaining is 95%, but k is ln(0.95) ≈ -0.0513, so D is wrong.

So, C and E are correct?

Wait, let's check the options again.

The options are:

A. Because it is less than one, we know the amount of oil in the tank is decreasing.

But k is negative, so it's less than one, but the reason the amount is decreasing is because k is negative, not because it's less than one. For example, if k were 0.5, it would be increasing. So, A is incorrect.

B. It tells by what percent of oil decays each hour.

No, the percent decay per hour is 5%, but k is a different number. So, B is incorrect.

C. Because it is negative, we know the amount of oil in the tank is decreasing.

Yes, this is correct. Since k is negative, the function Q(t) = Q0 e^(kt) is decreasing.

D. It tells what percent of oil remains after each hour.

No, the percent remaining is 95%, but k is not that.

E. It gives the continuous hourly rate at which oil is leaking.

In the context of continuous processes, the rate k is the continuous rate. For example, in the differential equation dQ/dt = -k Q, so the rate of change is proportional to k. So, the continuous hourly rate (the rate at which the oil is leaking) is k. Wait, but ""rate at which oil is leaking"" – the leakage rate is dQ/dt = -k Q, so the rate depends on Q. But k is the continuous decay rate. So, the statement says ""it gives the continuous hourly rate"", meaning k is the continuous rate. In some contexts, the continuous rate is called the ""continuous hourly rate"". So, E is correct.

F. It is the amount that the oil that leaks out each second. No, k is a rate (per hour), not an amount. So, F is wrong.

G. None of the above.

So, C and E are correct.

Wait, let's check E again. The problem says ""it gives the continuous hourly rate at which oil is leaking"".

In the model Q(t) = Q0 e^(kt), the derivative dQ/dt = k Q0 e^(kt) = k Q(t). So, the rate of change of Q is k Q. So, the continuous rate of leakage (the rate at which oil is leaking out) is k Q, but k itself is the continuous decay rate. So, the statement says ""it gives the continuous hourly rate"", so ""it"" refers to k. So, k is the continuous hourly rate? Hmm.

In some textbooks, the continuous growth/decay rate is called the ""continuous rate"", so k is the continuous rate. For example, in finance, continuous compounding has a rate r where A = P e^(rt). So, r is the continuous rate. So, here, k is the continuous hourly rate. So, E is correct.

Yes, so E is correct.

So, C and E are correct.

Wait, let's check the options again.

C: ""Because it is negative, we know the amount of oil in the tank is decreasing."" Correct.

E: ""It gives the continuous hourly rate at which oil is leaking."" Correct.

Are there any others?

What about B? ""It tells by what percent of oil decays each hour."" No, because the percent decay per hour is 5%, but k is the continuous rate. So, the percent decay per hour is (1 - e^k)*100 ≈ 5%, but k itself is not the percent. So, B is incorrect.

D: ""It tells what percent of oil remains after each hour."" No, the percent remaining is 95%, but k is not that.

So, the correct answers are C and E.

Wait, but let's check the problem statement for part (c): ""Select all that apply if more than one statement is true"".

So, possible answers: C and E.

Wait, but let's verify E again. The phrase ""continuous hourly rate at which oil is leaking"". In the context of the model Q(t) = Q0 e^(kt), the rate at which oil is leaking is dQ/dt = k Q. So, the ""rate"" here is k Q, but k is the continuous decay rate. So, the statement says ""it gives the continuous hourly rate"", where ""it"" is k. So, k is the continuous decay rate, which is the rate constant. So, in some contexts, the continuous rate is called the ""continuous hourly rate"". For example, if you have a continuous process, the rate is k per hour. So, yes, E is correct.

Another way: In the exponential decay model, the continuous decay rate k is such that the relative rate of change is k. So, the continuous hourly rate of decay is k. So, E is correct.

So, C and E.

Wait, but let's check if there's another option.

Option A: ""Because it is less than one, we know the amount of oil in the tank is decreasing."" But k is negative, so it's less than one (since negative numbers are less than one), but the reason the amount is decreasing is because k is negative, not because it's less than one. For example, if k were 0.5, it would be increasing. So, the statement is incorrect because the reason is the sign, not the magnitude. So, A is wrong.

Option C: correct.

Option E: correct.

Is there another option?

Option B: ""It tells by what percent of oil decays each hour."" No, because the percent decay per hour is 5%, but k is a different number. For example, if you have a continuous decay rate k, then the discrete decay factor per hour is e^k, so the percent decay per hour is (1 - e^k)*100 ≈ 5%, but k itself is not the percent. So, B is incorrect.

So, only C and E.

Wait, but let's check the problem statement again. The problem says ""Select all that apply if more than one statement is true"".

So, the answer is C and E.

Wait, but let me check if E is correct.

In some contexts, the ""continuous hourly rate"" refers to the rate per hour, so k is the continuous rate (per hour), so yes, E is correct.

For example, in the formula for continuous decay, the rate constant k has units of inverse time (here, per hour), so it's the continuous hourly rate.

Yes, so E is correct.

So, the correct choices are C and E.

Wait, but let me check another source. For example, in the exponential decay model, the continuous decay rate k is the rate at which the quantity decreases continuously. So, the statement ""it gives the continuous hourly rate at which oil is leaking"" – the ""rate"" here is the rate of leakage, which is a continuous process. So, yes, k is the continuous hourly rate.

Therefore, C and E are correct.

So, the answer for part (c) is C, E.

Wait, but the problem says ""select all that apply"", so we need to list the letters.

So, the answer is C and E.

Let me just make sure.

Another angle: In the model Q(t) = Q0 e^(kt), k is the continuous growth/decay rate. So, if k is negative, it's decay. So, the continuous rate is k. So, E says ""it gives the continuous hourly rate at which oil is leaking"". So, yes, the continuous hourly rate is k. So, E is correct.

C: ""Because it is negative, we know the amount of oil in the tank is decreasing."" Correct.

So, yes, C and E.

I think that's it.

So, summarizing:

(a) 37%

(b) k ≈ -0.0513 (exact value is ln(0.95))

(c) C and E

Wait, but let's check part (b) again. The problem says ""find the value of k"". So, k = ln(0.95) ≈ -0.0513. So, we can write it as ln(0.95), but probably they want a decimal. Let's see.

The problem says ""find the value of k"". So, likely a decimal, approximately -0.051.

But let's compute ln(0.95):

Using calculator: ln(0.95) ≈ -0.051293294.

So, approximately -0.0513.

So, part (b) is k ≈ -0.0513.

Now, back to part (c). Let's check if there's any other option.

Option G: ""None of the above"" – but we have C and E, so G is incorrect.

So, the correct answers are C and E.

Wait, but let's check if E is correct. The phrase ""continuous hourly rate at which oil is leaking"".

In the context of the problem, the oil is leaking continuously, so the rate at which it's leaking is a continuous process. The continuous hourly rate would be the rate per hour, so k is the continuous rate (per hour). So, yes, E is correct.

Yes, I think C and E are correct.

So, the answers:

(a) 37%

(b) -0.0513 (or more precisely, ln(0.95), but they probably want a decimal)

(c) C, E

Wait, but the problem says ""If the problem has multiple sub-answers, separate them by commas inside a single \boxed{}""

Wait, no, the user said: ""If the question has a final answer, please place the answer in \boxed{}.""

Wait, the original problem has three parts: (a), (b), (c). So, the user wants each part's answer boxed.

Wait, the instruction says: ""Solve the problem step-by-step. Put your final"
751,"This is a complex or challenging question, and it is difficult to provide a direct and correct answer. I need to think about it.
Well, so we have this problem about regular n-gons (n odd, at least 3), players coloring points red/blue, A starts first, wants to maximize good polygons (which are regular polygons in P with more red than blue points). Wait, no: wait, ""no matter how player B plays, player A can ensure at least k good polygons"". So for each n (odd, 10≤n≤30), find the minimal maximum number of good polygons A can guarantee against B's best play? Wait, no: ""the largest k such that no matter how B plays, A can ensure at least k good polygons"". So for each n, K(n) is the minimum over all possible B's strategies of the maximum number of good polygons A can get? Wait, no: ""no matter how B plays, A can ensure at least k"" – so for every possible way B plays, A has a strategy to get at least k good polygons. So K(n) is the largest k where A has a winning strategy (for the count of good polygons) to get ≥k regardless of B. So it's the guaranteed minimum number of good polygons A can force, no matter what B does.

First, let's make sure we understand what P is for a given n (the n-gon's vertices). For a regular n-gon, the set of regular polygons formed by subsets of V (the vertices) – these are the regular k-gons where k divides n? Wait, no! Wait, the problem says: ""P be the set of all regular polygons formed by points in V"". Wait, in the example, n=15, P consists of 1 regular 15-gon, 3 regular pentagons, 5 regular triangles. Wait, hold on! For n=15, which is odd, so regular 15-gon is the whole thing, then regular pentagons: 15 is divisible by 5? Wait, 15/5=3, so there are 3 distinct regular pentagons? Wait, yes! In a regular n-gon, the number of regular k-gons (subsets of vertices forming a regular k-gon) is equal to n / gcd(n,k) if k divides n? Wait, no, actually, for a regular n-gon, the number of distinct regular k-gons (as subsets) is n / d where d = gcd(n,k)? Wait, no, let's take n=15.

For n=15, regular 15-gon: only 1, since it's the whole polygon. Regular pentagons: each regular pentagon is a 5-cycle, so in the 15-gon, how many distinct regular pentagons? Well, you can start at vertex 0,1,2,...14, and a regular pentagon would be vertices 0,5,10,1,6,11,... wait no, a regular pentagon has 5 vertices, so step size s where s and n are coprime? Wait, no: to form a regular k-gon from the n-gon, you need a subset of k vertices equally spaced, so the step size must be d where d = n / k? Wait, maybe better to recall: in a regular n-gon, the number of regular m-gons (m-gons inscribed in the n-gon) is equal to n if m divides n? Wait, no, in the example: n=15, regular 15-gื่on: 1, regular pentagons: 3, regular triangles: 5. Wait, 15 divided by 15 is 1, 15 divided by 5 is 3, 15 divided by 3 is 5. Oh! That's it! For each divisor m of n (with m ≥3, since it's a polygon, but wait, the problem says ""regular polygons"", so m ≥3), the number of regular m-gons in the n-gon is n / m. Wait, in the example, n=15, divisors m where m ≥3: 3,5,15. For m=15, number is 15/15=1; m=5, 15/5=3; m=3, 15/3=5. Perfect, matches the example!

Wait, but hold on: does every divisor m of n give rise to regular m-gons? Yes, because if m divides n, then you can partition the n vertices into n/m cycles of length m, each cycle being a regular m-gon. Wait, actually, in a regular n-gon, the regular m-gons (as subsets) exist iff m divides n? Wait, no, actually, for any m, you can have regular m-gons, but they might not be distinct? Wait, no, in the example, n=15, m=3: regular triangles, yes, there are 5 of them (since 15/3=5), m=5: 3 regular pentagons (15/5=3), m=15: 1 regular 15-gon (15/15=1). What about m not dividing n? Like m=7, n=15: there are no regular 7-gons, since 7 doesn't divide 15, so you can't have a regular 7-gon inscribed in a 15-gon (all vertices must be equally spaced, so step size must be integer, so the number of vertices in the polygon is a multiple of the step size? Wait, maybe the key is that for a regular m-gon to be a subset of the n-gon's vertices, the step size s must satisfy s*m ≡ 0 mod n, so m*s = t*n for some integer t, so gcd(s,n)=d, then m = t*n/d, so m must be a multiple of d? Maybe this is getting too complicated.

But the problem states: ""for instance, when n=15, P consists of 1 regular 15-gon, 3 regular pentagons, and 5 regular triangles"". So that's exactly the divisors of 15 (excluding 1 and n? Wait, 15 is the whole polygon, triangles are m=3, pentagons m=5, both divisors of 15). So in general, for a regular n-gon, the set P (all regular polygons formed by points in V) consists of all regular m-gons where m is a positive integer divisor of n (with m ≥3?), but in the example, m=15 is included (the whole polygon), m=5,3. Wait, but the problem says ""regular polygons"", so m ≥3, which is fine, since m=1,2 aren't polygons. So for each divisor m of n with m ≥3, the number of regular m-gons is n/m. Wait, in the example, n=15, divisors m≥3: 3,5,15. For m=15: 15/15=1, m=5:15/5=3, m=3:15/3=5. Perfect, matches.

Wait, but hold on: is that all? For example, take n=9 (odd, ≥3). Divisors of 9: 1,3,9. So regular 3-gons: 9/3=3, regular 9-gons:1. Are there any other regular polygons? Like, is there a regular hexagon? No, because 6 doesn't divide 9, so you can't have a regular hexagon (needs 6 vertices, but 9 isn't multiple of 6? Wait, no, in a 9-gon, can you get a regular hexagon? Let's see: vertices labeled 0-8. A regular hexagon would need 6 vertices equally spaced, so step size s where 6s ≡0 mod9 ⇒ 2s≡0 mod3 ⇒ s≡0 mod3/ gcd(2,3)=3, so s=3,6. s=3: vertices 0,3,6,0,... so only 3 vertices, a triangle. s=6: same as s=3. So no regular hexagons. How about squares? 4 doesn't divide 9, step size s: 4s≡0 mod9 ⇒ s≡0 mod9/ gcd(4,9)=9, so s=9, which is the whole thing, so no squares. So yes, only the regular m-gons where m divides n (with m≥3) exist, each contributing n/m copies.

Wait, another check: n=7 (prime, odd). Divisors:1,7. So P has 1 regular 7-gon (the whole thing). Correct, no other regular polygons (since 7 is prime, only multiples are 1 and 7).

So generalizing: for a given odd integer n ≥3, the set P consists of, for each divisor m of n with m ≥3, exactly d(n,m) = n/m regular m-gons. Wait, in the example n=15, m=15: d=1, m=5:d=3, m=3:d=5. So yes, for each divisor m of n (m|n, m≥3), there are n/m regular m-gons in P.

Wait, but hold on: the problem says ""regular polygons formed by points in V"". So a regular polygon is determined by its vertex set, which must be a regular polygon itself. So for a subset S ⊆ V, |S|=m, S forms a regular m-gon iff the vertices of S are equally spaced around the n-gon. Which, as we saw, requires that m divides n? Wait, no: in a circle, a regular m-gon inscribed in the n-gon (i.e., vertices of the m-gon are vertices of the n-gon) must have m as a divisor of n? Wait, no! Wait, take n=6 (even, but just for thought): a regular hexagon has 6 vertices, but a regular triangle: in n=6, there are two regular triangles (opposite vertices), so 6/3=2. Wait, but for n=6, m=3 divides 6, yes. Wait, another example: n=12, m=4: regular quadrilaterals (squares). In 12-gon, how many squares? 12/4=3, yes, starting at 0,4,8; 1,5,9; 2,6,10. So three squares. So yes, when m divides n, you get n/m regular m-gons. But what if m doesn't divide n? Can you have a regular m-gon with vertices in the n-gon? For example, n=6, m=4: can you have a square? Vertices 0,2,4,0... that's a triangle? Wait, no, 0,2,4,6=0: that's a triangle (0,2,4) and (0,6,12=0) – no, in n=6, step size 2 gives triangles (3 vertices), step size 1 gives hexagons (6 vertices). So to get an m-gon, the step size s must satisfy that the orbit of a vertex under adding s mod n has size m, so m = n / gcd(s,n). Therefore, for a given m, the number of regular m-gons is equal to the number of orbits of size m, which is equal to gcd(s,n) where s is the step? Wait, maybe better:

In group theory terms, the cyclic group C_n acts on V (the n vertices). A regular m-gon is an orbit of size m under some subgroup? Wait, no: a regular m-gon is a subset S ⊆ V such that S is a union of orbits? Wait, no, a regular m-gon is a single cycle of length m? Wait, no, a polygon has m edges, so it's a cycle of length m. So a regular m-gon is a cyclic subset of size m, i.e., a cycle of length m in the cycle graph C_n.

The number of distinct regular m-gons (i.e., distinct cycles of length m) in C_n is equal to n / m if m divides n? Wait, no, in C_n, the number of m-cycles is n / d where d = gcd(m,n)? Wait, let's take n=15, m=5: number of 5-cycles in C_15. Each 5-cycle is a set of 5 vertices with step size s where 5s ≡0 mod15 ⇒ s≡0 mod3, so s=3,6,9,12. But s=3 and s=12 are the same (opposite direction), s=6 and s=9 same? Wait, in C_15, step size 3: 0→3→6→9→12→0, so that's a 5-cycle (length 5). Step size 6: 0→6→12→3→9→0, same cycle! Oh right, so step sizes that generate the same cycle. So for a given cycle length m, the number of distinct m-cycles (as subsets) is n / m, provided that m divides n? Wait, in n=15, m=5: each cycle has length 5, number of cycles is 15 / 5 = 3? Wait, no, in the example, n=15 has 3 regular pentagons (which are 5-cycles), yes! And 15 / 5 = 3, correct. Similarly, m=3: 15 / 3 = 5 regular triangles (3-cycles), m=15: 15 / 15 = 1 regular 15-gon (15-cycles). For m not dividing n, say n=15, m=7: gcd(7,15)=1, so all step sizes generate cycles of length 15, so no 7-cycles (since a cycle length must divide n? Wait, in a cycle graph C_n, the cycle length of a subset is the smallest k such that s*k ≡0 mod n, so k = n / gcd(s,n). Therefore, for a subset S to be a regular m-gon, it must be a cycle of length m, so m = n / gcd(s,n) ⇒ gcd(s,n) = n/m. Therefore, m must divide n! Because gcd(s,n) is an integer, so n/m must be integer ⇒ m | n.

Ah! This is crucial. So for a regular m-gon to exist as a subset of the n-gon's vertices (i.e., a polygon whose vertices are vertices of the n-gon), it's necessary and sufficient that m divides n. Wait, no: the cycle length m must be equal to n / d where d = gcd(s,n), so m = n / d ⇒ d = n/m, so m must be a divisor of n? Wait, d = gcd(s,n) ≤ n, so m = n/d ≥1, but for a polygon, m ≥3, so m must be a divisor of n (since d = n/m must be integer, as gcd(s,n) is integer). Wait, yes! For example, n=15, m=5: d=15/5=3, which is integer, so gcd(s,15)=3, so s=3,6,9,12, but as we saw, step sizes 3 and 12 give the same cycle, 6 and 9 same, so only 3 distinct cycles (each of length 5). Similarly, m=3: d=5, so gcd(s,15)=5, so s=5,10, which give two cycles? Wait no, step size 5: 0→5→10→0, that's a triangle (3-cycle? Wait, no, 0,5,10 is three vertices, so a triangle? Wait, hold on! I think I confused the cycle length.

Let's clarify with labels: vertices 0 through n-1 in order around the circle.

A regular m-gon is a set of m vertices {v_0, v_1, ..., v_{m-1}} where each consecutive pair is adjacent in the m-gon, so the angular distance between consecutive vertices is constant, say θ, so v_{i+1} = v_i + s mod n, for some s ∈ {1,2,...,n-1}, and the set has m distinct vertices, so s*m ≢0 mod n, but s*m ≡0 mod n? Wait, no: the polygon is closed, so v_m = v_0 mod n, so s*m ≡0 mod n. Yes! So the condition for a sequence of m distinct vertices forming a regular m-gon is that s*m ≡0 mod n and s < n (to have distinct vertices), so m ≡0 mod (n / gcd(s,n)). Let d = gcd(s,n), so s = d*s', n = d*n', gcd(s',n')=1. Then s*m ≡0 mod n ⇨ d*s'*m ≡0 mod d*n' ⇨ s'*m ≡0 mod n' ⇨ m ≡0 mod n' (since gcd(s',n')=1). So m = k*n' for some k ≥1. The number of distinct m-gons (subsets) with this step size s: for a fixed d = gcd(s,n), s can be written as d*s' where s' ∈ [1, n'] and gcd(s',n')=1. But for a given m = k*n', the step size s corresponds to a cycle of length m? Wait, maybe this is too detailed.

But the problem gives us the example: n=15, P has 1 regular 15-gon, 3 regular pentagons, 5 regular triangles. So total ""polygons"" in P: 1+3+5=9? Wait, no, the problem says ""P is the set of all regular polygons formed by points in V"". Wait, no! Wait, the problem says: ""P be the set of all regular polygons formed by points in V"". Wait, ""formed by points in V"" – so each element of P is a regular polygon whose vertices are exactly some subset of V? Or a regular polygon whose vertices are in V (i.e., vertices of the polygon are in V)?

Yes, the latter: each regular polygon in P has its vertices contained in V (the vertices of the original n-gon), so it's a regular polygon whose vertices are vertices of the n-gon. So for example, in n=15, the regular 15-gon is the whole thing, the regular pentagons are 5-vertex regular polygons (each with 5 vertices in V), and regular triangles are 3-vertex regular polygons (triangles).

And in the example, n=15 has 1 regular 15-gon (only one, the whole polygon), 3 regular pentagons (each pentagon is a 5-cycle, 3 distinct ones), 5 regular triangles (each triangle is a 3-cycle, 5 distinct ones). So total 9 regular polygons in P for n=15.

Now, why 3 pentagons? Because in a 15-gon, you can pick a starting vertex, and a regular pentagon is a 5-vertex subset that's equally spaced. How many distinct such pentagons? For n=15, to form a regular pentagon, you need step size s where 5s ≡0 mod15 ⇒ s≡0 mod3, so s=3,6,9,12. But s=3 and s=12 are inverses (since 12≡-3 mod15), so they give the same set of pentagons (just traversed backwards), similarly s=6 and s=9 are inverses. So only 3 distinct pentagons: {0,3,6,9,12}, {1,4,7,10,13}, {2,5,8,11,14}. Yes! That's 3 pentagons, each is a regular pentagon.

Similarly, triangles: step size s where 3s ≡0 mod15 ⇒ s≡0 mod5, so s=5,10. s=5 and s=10 are inverses (10≡-5 mod15), so each triangle is a 3-vertex set: {0,5,10}, {1,6,11}, {2,7,12}, {3,8,13}, {4,9,14}. That's 5 triangles, correct.

And the 15-gon: only one, the whole set.

So in general, for a divisor m of n (with m ≥3, since it's a polygon), the number of regular m-gons in P is n/m. Wait, for m=n: number is n/n=1, which matches (only one n-gon). For m=3, n=15: 15/3=5, correct. For m=5, n=15:15/5=3, correct. So yes! For each divisor m of n with m ≥3, there are exactly d(m) = n/m regular m-gons in P.

Why? Because the number of distinct regular m-gons (as subsets) is equal to the number of distinct cycles of length m in the cyclic group action. For a given m | n, the number of regular m-gons is n/m. Wait, in the n=15 case, m=3 (divisor), n/m=5, which was the number of triangles; m=5, n/m=3, number of pentagons; m=15, n/m=1, number of 15-gons. Perfect, matches.

Also, note that m must divide n for there to be any regular m-gons, as seen in the example (n=15, only m=3,5,15 divide 15, and those are the only m with regular polygons).

So to formalize:

For a given odd integer n ≥3, let D(n) be the set of positive divisors of n with m ≥3. For each m ∈ D(n), define c(m) = n/m (number of regular m-gons in P). Then the total number of elements in P is sum_{m∈D(n)} c(m) = sum_{m|n, 3≤m≤n} (n/m) = sum_{d|n, d≥3} d? Wait, no: let d = n/m, so m = n"
752,"Okay, let's try to solve this problem step by step. So we have a parallelogram ABCD, and a plane P. We know the distances from A, B, C to P are 49, 25, 36 respectively. We need to find all possible distances from D to P and sum them up.

First, I remember that in a parallelogram, the diagonals bisect each other. But here we're dealing with distances to a plane. Maybe we can use coordinates to model this. Let's set up a coordinate system where the plane P is the xy-plane for simplicity. Then the distance from a point to P is just the absolute value of its z-coordinate. Wait, but actually, the distance from a point to a plane is the perpendicular distance, so if we take P as the xy-plane, then the distance from a point (x, y, z) to P is |z|. So maybe we can model the coordinates of the points in 3D space, with the plane P being z=0.

Let’s denote the coordinates: Let A = (a, b, d_A), B = (c, d, d_B), C = (e, f, d_C), D = (g, h, d_D). Since ABCD is a parallelogram, the vector AB should equal the vector DC, and vector AD equals vector BC.

In a parallelogram, the midpoint of AC is the same as the midpoint of BD. So the coordinates of the midpoint of AC: ((a + e)/2, (b + f)/2, (d_A + d_C)/2) and midpoint of BD: ((c + g)/2, (d + h)/ื่, (d_B + d_D)/2). Therefore, we have:

(a + e)/2 = (c + g)/2 ⇒ a + e = c + g

(b + f)/2 = (d + h)/2 ⇒ b + f = d + h

(d_A + d_C)/2 = (d_B + d_D)/2 ⇒ d_A + d_C = d_B + d_D

Ah! This is key. The z-coordinates (distances to the plane P) satisfy this equation because the midpoint in z-coordinate must be the same for both diagonals. So if we let the distance from A be p, B be q, C be r, D be s, then p + r = q + s. Wait, is that right?

Wait, the distance from a point to the plane is the absolute value of the coordinate, but actually, the signed distance might matter here. Because the problem says ""distance"", which is non-negative, but the signed distance (with sign depending on which side of the plane the point is on) could be positive or negative. Hmm, this is important.

In many geometry problems involving distances to a plane, especially when dealing with affine properties, the signed distance is often used. For example, in the plane, the sum of coordinates might have a relation, but in 3D, for a parallelogram, the key is the midpoints.

Let me recall: In a parallelogram, the vector from A to B is equal to the vector from D to C, so if we consider the coordinates with respect to the plane, the difference in signed distances might have a relation.

Wait, let's think in terms of signed distances. Let’s define for each point, its signed distance to the plane P. Let’s say the signed distance is positive on one side of the plane, negative on the other. Then, for any two points, the signed distance has a linear relation based on the parallelogram.

In a parallelogram, the midpoint of the diagonals coincides. So if M is the midpoint of AC and BD, then M is the same point. Therefore, the signed distance of M to P is the average of the signed distances of A and C, and also the average of B and D. So:

signed_distance(M) = (signed_distance(A) + signed_distance(C)) / 2 = (signed_distance(B) + signed_distance(D)) / 2

Therefore, signed_distance(A) + signed_distance(C) = signed_distance(B) + signed_distance(D)

Ah! That's a crucial equation. So if we let d_A, d_B, d_C, d_D be the signed distances (positive or negative), then d_A + d_C = d_B + d_D.

But the problem states the distances (which are non-negative) from the vertices to the plane. So the actual distances are |d_A| = 49, |d_B| = 25, |d_C| = 36, and we need to find |d_D|.

Wait, but the key is that the signed distances satisfy d_A + d_C = d_B + d_D. However, the distances are absolute values, so we have to consider the signs.

Let me formalize this.

Let x = d_A (signed distance), y = d_B, z = d_C, w = d_D (signed distances).

We know that x + z = y + w (from the midpoint condition).

The given distances are |x| = 49, |y| = 25, |z| = 36, and we need to find |w|.

So we need to find all possible values of |w| given that x + z = y + w, so w = x + z - y.

Then |w| = |x + z - y|.

But x, y, z can be positive or negative, as long as their absolute values are 49, 25, 36 respectively.

So we need to consider all combinations of signs for x, y, z, compute w = x + z - y, then |w|, and sum all distinct possible |w|.

Wait, but the problem says ""the sum of all possible distances from vertex D to P"". So we need to find all possible values of |w|, then sum them.

First, list all possible sign combinations for x, y, z.

Each of x, y, z can be ± their absolute values.

So:

Case 1: x = 49, y = 25, z = 36

Then w = 49 + 36 - 25 = 59 + 25? Wait, 49 + 36 = 85; 85 - 25 = 60. So w = 60, |w| = 60.

Case 2: x = 49, y = 25, z = -36

w = 49 + (-36) - 25 = 49 - 36 - 25 = (49 - 36) = 13; 13 - 25 = -12. So |w| = 12.

Case 3: x = 49, y = -25, z = 36

w = 49 + 36 - (-25) = 49 + 36 + 25 = 110. |w| = 110.

Case 4: x = 49, y = -25, z = -36

w = 49 + (-36) - (-25) = 49 - 36 + 25 = (49 - 36) = 13; 13 + 25 = 38. |w| = 38.

Case 5: x = -49, y = 25, z = 36

w = (-49) + 36 - 25 = -49 + 36 = -13; -13 -25 = -38. |w| = 38.

Case 6: x = -49, y = 25, z = -36

w = (-49) + (-36) - 25 = -49 -36 -25 = -110. |w| = 110.

Case 7: x = -49, y = -25, z = 36

w = (-49) + 36 - (-25) = -49 + 36 + 25 = (-49 + 61) = 12. |w| = 12.

Case 8: x = -49, y = -25, z = -36

w = (-49) + (-36) - (-25) = -49 -36 +25 = -60. |w| = 60.

Wait, so let's check these cases.

First, note that the problem says ""the sum of all possible distances"". So we need to see which of these |w| are distinct.

Let's list the results:

Case 1: 60

Case 2: 12

Case 3: 110

Case 4: 38

Case 5: 38 (same as case 4)

Case 6: 110 (same as case 3)

Case 7: 12 (same as case 2)

Case 8: 60 (same as case 1)

So the distinct possible distances are 12, 38, 60, 110.

Wait, but hold on. Is that correct? Let's verify each case.

Wait, in a parallelogram, the order of the vertices matters. ABCD is a parallelogram, so the order is important. Let's confirm the midpoint condition.

In a parallelogram, the diagonals are AC and BD, so the midpoint of AC is the same as midpoint of BD. So the signed distances must satisfy d_A + d_C = d_B + d_D. So that part is correct.

But does the problem specify the order of the parallelogram? Like, is it a convex parallelogram, etc. But in general, for any parallelogram, the midpoint condition holds.

Now, the key is that the signed distances can be positive or negative, depending on which side of the plane the point is on.

But in reality, for a given plane, the set of points can be on either side, so the signs can vary.

However, we need to check if all these cases are possible.

For example, in Case 2: x=49 (A is 49 units above the plane), y=25 (B is 25 units above), z=-36 (C is 36 units below). Then w = 49 + (-36) - 25 = -12, so D is 12 units below, so distance is 12.

Similarly, Case 7: x=-49 (A is 49 below), y=-25 (B is 25 below), z=36 (C is 36 above). Then w = (-49) + 36 - (-25) = (-49) + 36 +25 = 12, so D is 12 above, distance 12.

So 12 is a possible distance.

Case 4: x=49 (above), y=-25 (below), z=36 (above). Then w = 49 + 36 - (-25) = 49 +36 +25=110. So D is 110 above, distance 110.

Case 5: x=-49 (below), y=25 (above), z=36 (above). Then w = (-49) +36 -25 = -38, so D is 38 below, distance 38.

Case 6: x=-49 (below), y=25 (above), z=-36 (below). Then w = (-49) + (-36) -25 = -110, so D is 110 below, distance 110.

Case 8: x=-49 (below), y=-25 (below), z=-36 (below). Then w = (-49) + (-36) - (-25) = -60, so D is 60 below, distance 60.

Wait, but in Case 5 and Case 8, we get 38 and 60, but let's check if all these cases are geometrically possible.

Wait, the problem says ""the sum of all possible distances"". So we need to see if all these values are possible.

Wait, but maybe some cases are impossible due to the geometry of the parallelogram.

For example, in a parallelogram, the points must be arranged such that the vectors AB and AD form the sides. But since we're dealing with distances to a plane, the only constraint is the midpoint condition.

But in reality, for any four points forming a parallelogram, the midpoint condition must hold, so d_A + d_C = d_B + d_D (for signed distances). So the possible values of d_D = d_A + d_C - d_B.

Since d_A, d_B, d_C are signed distances (can be positive or negative), the possible values of |d_D| depend on the signs.

But the problem states ""the sum of all possible distances from vertex D to P"". So we need to find all distinct values of |d_D| and sum them.

From the cases above, we have:

- When d_A and d_C are both positive, d_B positive: d_D = 49 + 36 -25 = 60 → |d_D|=60

- d_A positive, d_C positive, d_B negative: d_D = 49 +36 -(-25)=110 → |d_D|=110

- d_A positive, d_C negative, d_B positive: d_D=49 + (-36) -25= -12 → |d_D|=12

- d_A positive, d_C negative, d_B negative: d_D=49 + (-36) -(-25)=49 -36 +25=38 → |d_D|=38

Similarly, if d_A is negative:

- d_A negative, d_C positive, d_B positive: d_D= -49 +36 -25= -38 → |d_D|=38

- d_A negative, d_C positive, d_B negative: d_D= -49 +36 -(-25)= -49 +36 +25=12 → |d_D|=12

- d_A negative, d_C negative, d_B positive: d_D= -49 + (-36) -25= -110 → |d_D|=110

- d_A negative, d_C negative, d_B negative: d_D= -49 + (-36) -(-25)= -60 → |d_D|=60

So the distinct possible |d_D| are 12, 38, 60, 110.

Wait, but let's check if all these are possible.

For example, can d_D be 110? Yes, if D is on the opposite side of the plane from A, B, C, but with the given distances.

Similarly, 12 is possible if D is on the opposite side of the plane from some points.

But the problem says ""the sum of all possible distances"". So we need to sum 12, 38, 60, 110? Wait, but wait, in the problem statement, the options are given as A.218, B.228, etc. Let's compute the sum of 12 + 38 + 60 + 110 = 220. Oh! 220 is option D.

Wait, 12 + 38 = 50; 60 + 110 = 170; total 220. Yes, 220 is option D.

Wait, but let me check again.

Wait, in the cases above, do we have four distinct values? Let's list all possible |d_D|:

From the eight cases:

Case 1: 60

Case 2: 12

Case 3: 110

Case 4: 38

Case 5: 38

Case 6: 110

Case 7: 12

Case 8: 60

So the distinct values are 12, 38, 60, 110. So four values.

Sum: 12 + 38 + 60 + 110 = 220. Which is option D.

Wait, but let's verify if all these are indeed possible.

For example, can the distance from D be 12? Yes, as in Case 2 and 7.

Similarly, 38 is possible (Cases 4 and 5), 60 (Cases 1 and 8), 110 (Cases 3 and 6).

Is there a reason to discard any of these?

In a parallelogram, the points must be arranged such that the figure is a parallelogram, but since we're in 3D space, the positions can be arbitrary as long as the midpoint condition holds. So all these cases are possible.

Another way to think about it: the set of possible distances from D is { |d_A + d_C - d_B| } where d_A, d_B, d_C are ± their absolute values.

So the possible values of d_D = d_A + d_C - d_B, so |d_D| = |d_A + d_C - d_B|.

We need to consider all combinations of signs for d_A, d_B, d_C (each can be + or -).

Let’s denote:

Let a = d_A, so |a| = 49 ⇒ a ∈ {49, -49}

b = d_B, |b| = 25 ⇒ b ∈ {25, -25}

c = d_C, |c| = 36 ⇒ c ∈ {36, -36}

Then d_D = a + c - b, so |d_D| = |a + c - b|

We need to compute all possible |d_D|.

Let's list all 2^3 = 8 combinations:

1. a=49, b=25, c=36: d_D = 49 + 36 -25 = 60 → |d_D|=60

2. a=49, b=25, c=-36: d_D = 49 -36 -25 = -12 → 12

3. a=49, b=-25, c=36: d_D = 49 +36 -(-25)=49+36+25=110 → 110

4. a=49, b=-25, c=-36: d_D=49 -36 -(-25)=49-36+25=38 → 38

5. a=-49, b=25, c=36: d_D=-49 +36 -25=-38 → 38

6. a=-49, b=25, c=-36: d_D=-49 -36 -25=-110 → 110

7. a=-49, b=-25, c=36: d_D=-49 +36 -(-25)=-49+36+25=12 → 12

8. a=-49, b=-25, c=-36: d_D=-49 -36 -(-25)=-49-36+25=-60 → 60

So the possible |d_D| are 12, 38, 60, 110. Each appears twice, but the distinct values are 12, 38, 60, 110.

Sum: 12 + 38 + 60 + 110 = 220.

Yes! 12 + 38 is 50, 60 + 110 is 170, total 220. So the answer is D. 220.

Let me check the options: D. 220. Yes, option D is 220.

I think that's the answer. The key was realizing that the signed distances satisfy d_A + d_C = d_B + d_D, so d_D = d_A + d_C - d_B, and then considering all sign combinations for the distances. The sum of the distinct possible distances is 220.
</think>

To solve the problem, we analyze the geometric relationship between a parallelogram and a plane. Given that $ABCD$ is a parallelogram and a plane $\mathcal{P}$ exists with known distances from three vertices to $\mathcal{P}$, we aim to find **all possible** distances from vertex $D$ to $\mathcal{P}$, and then compute the **sum of all distinct possible values**.

---

### Key Insight: Midpoint Property in Parallelograms

In any parallelogram, the **midpoint of diagonal $AC$** coincides with the **midpoint of diagonal $BD$**. This implies that the **signed distances** (i.e., the perpendicular distances from each point to the plane $\mathcal{P}$) satisfy:

$$
d_A + d_C = d_B + d_D
$$

This gives us a direct relation for the signed distance from $D$, namely:

$$
d_D = d_A + d_C - d_B
$$

Here, $d_A, d_B, d_C, d_D$ are **signed distances**, meaning they can be positive or negative depending on which side of the plane the point lies. The **actual distance** from a point to the plane is the **absolute value** of its signed distance.

We are given:
- $|d_A| = 49$
- $|d_B| = 25$
- $|d_C| = 36$

So, $d_A \in \{-49, 49\}$, $d_B \in \{-25, 25\}$, $d_C \in \{-36, 36\}$. We consider all **8 combinations** of signs for these values.

---

### Step-by-Step Computation of All Possible $|d_D|$

We evaluate $d_D = d_A + d_C - d_B$ for each combination and take the absolute value.

| $d_A$ | $d_B$ | $d_C$ | $d_D = d_A + d_C -"
753,"Okay, let's tackle this problem step by step. 

First, part a): We need to figure out which country is Steadia. Steadia had approximately linear population growth from 1950 to 2000. So we need to check if either country A or B has a population that increases roughly linearly over those decades.

Let me look at the data:

Country A (population in millions):
1950: 7.7
1960: 10.1
1970: 12.7
1980: 15.1
1990: 17.3
2000: 20

Country B:
1950: 8.3
1960: 10.5
1970: 12.3
1980: 13.9
1990: 13.4
2000: 20.1

Hmm, Steadia's population grew linearly from 1950-2000. Let's check the differences between consecutive decades.

For Country A:
From 1950 to 1960: 10.1 - 7.7 = 2.4
1960-1970: 12.7 - 10.1 = 2.6
1970-1980: 15.1 - 12.7 = 2.4
1980-1990: 17.3 - 15.1 = 2.2
1990-2000: 20 - 17.3 = 2.7

Wait, these differences are pretty close to each other. Let's see: 2.4, 2.6, 2.4, 2.2, 2.7. Hmm, they're all around 2.5 maybe? The average difference per decade is about 2.5. So the growth rate is roughly constant per decade. That suggests linearity.

Country B:
1950-1960: 10.5 - 8.3 = 2.2
1960-1970: 12.3 - 10.5 = 1.8
1970-1980: 13.9 - 12.3 = 1.6
1980-1990: 13.4 - 13.9 = -0.5 (wait, that's a decrease!)
1990-2000: 20.1 - 13.4 = 6.7

Oh! Country B's population decreased from 1980 to 1990 (from 13.9 to 13.4) and then jumped up a lot from 1990 to 2000. That's definitely not linear. In fact, the problem statement says Randomian ""did not experience linear nor near-linear growth,"" so Randomian is probably Country B, since it has a big drop and then a big increase. Steadia is the one with linear growth, so it should be Country A.

So part a) is A.

Moving to part b): What's the approximate rate of change of the linear function? Since Steadia (Country A) has linear growth, we can compute the slope (rate of change) per year or per decade. Wait, the problem says ""the rate of change of the linear function."" Let's see.

The data is given per decade (10-year intervals). To find the rate of change, we can take the average of the differences per decade. For Country A, the differences per decade (from 1950-2000) are:

1950-1960: +2.4
1960-1970: +2.6
1970-1980: +2.4
1980-1990: +2.2
1990-2000: +2.7

So the average per decade is roughly (2.4 + 2.6 + 2.4 + 2.2 + 2.7)/5 = let's calculate:

2.4 + 2.6 = 5.0

5.0 + 2.4 = 7.4

7.4 + 2.2 = 9.6

9.6 + 2.7 = 12.3

Total sum: 12.3 over 5 decades? Wait, no, each difference is per decade. Wait, the total change from 1950 to 2000 is 50 years, so 5 decades.

Total population change: 20 - 7.7 = 12.3 million over 50 years.

So the rate of change per year would be 12.3 / 50 ≈ 0.246 million per year, or about 0.25 million per year.

Alternatively, per decade, it's 12.3 / 5 = 2.46 million per decade, which is about 2.5 million per decade.

But the question says ""approximate rate of change"". Let's see what the problem expects. Since the problem states Steadia has ""approximately linear"" growth, so we can model it as a straight line through the points.

Let's compute the slope using two points. Let's take 1950 and 2000.

For Country A: 1950: 7.7, 2000: 20. So the slope m = (20 - 7.7)/(2000 - 1950) = 12.3 / 50 = 0.246 million per year. So approximately 0.25 million per year.

If we use another pair, say 1980 and 2000: 20 - 15.1 = 4.9 over 20 years, so 4.9 / 20 = 0.245, same as before.

So the rate of change is approximately 0.25 million per year. Or 2.5 million per decade.

The question says ""the approximate rate of change of the linear function"". Since the data is given in decades, but the rate of change is usually per unit time. The problem says ""from 1950 to 2000"", so 50 years.

So the answer is about 0.25 million per year, or 2.5 million per decade. But the problem might want it per year, since the rate of change is typically per year.

Wait, the problem says ""approximate rate of change"". Let's check the numbers.

Country A's population in 2000 is 20, 1950 is 7.7. So total increase 12.3 over 50 years. So 12.3 / 50 = 0.246 ≈ 0.25 million per year.

So the rate of change is approximately 0.25 million per year. So answer is 0.25 million per year.

But maybe they want it in per decade? Wait, the problem says ""the approximate rate of change of the linear function"". In math terms, the rate of change is the slope, which is per unit x. Since the x here is years, so per year.

So 0.25 million per year. Let's write it as 0.25 or 0.246? The problem says ""approximate"".

Looking at the data: the differences per decade are around 2.4 to 2.7, so average about 2.5 per decade, which is 0.25 per year.

Yes, so part b) is approximately 0.25 million per year.

Wait, but the problem says ""the approximate rate of change"". Let's confirm with the data.

Country A:

1950: 7.7

1960: 10.1 → +2.4 over 10 years

1970: 12.7 → +2.6 over next 10

1980: 15.1 → +2.4

1990: 17.3 → +2.2

2000: 20 → +2.7

So the average per decade is (2.4 + 2.6 + 2.4 + 2.2 + 2.7)/5 = (2.4+2.6=5; 2.4+2.2=4.6; 2.7; total 5+4.6+2.7=12.3; 12.3/5=2.46 per decade). So 2.46 per decade, which is 0.246 per year. So approx 0.25 million per year.

So part b) answer is 0.25 million per year. Maybe they want it as 0.25 or 0.246? The problem says ""approximate"", so 0.25.

Part c): What does the rate of change in (b) represent? Select all that apply.

Options:

A. The amount (in millions) the population grows each year.

B. The amount (in millions) the population grows every 10 years.

C. The number of years it takes for the population to increase by one million people.

D. The percent the population grows each year.

E. The total amount (in millions) the population grows from 1950 to 2000.

F. None of the above.

We have the rate of change as 0.25 million per year.

So:

A. Yes, because rate of change is per year. So it's the amount each year. So A is correct.

B. The amount every 10 years would be 0.25 * 10 = 2.5 million per 10 years. Which is the average we calculated earlier (about 2.5). So the rate of change per year is 0.25, so per 10 years it's 2.5. So B says ""the amount... grows every 10 years"" – yes, that's exactly 10 times the rate of change. So B is also correct?

Wait, but the question is: ""What does the rate of change in your answer to (b) represent?""

Wait, the rate of change is 0.25 million per year. So:

A. The amount (in millions) the population grows each year. → Yes, that's exactly the rate of change. So A is correct.

B. The amount (in millions) the population grows every 10 years. → This would be 10 * rate of change = 2.5 million every 10 years. But the rate of change itself is per year. So the rate of change (0.25) is not the amount every 10 years, but the amount per year. So B is not the rate of change, but a multiple of it. So B is incorrect.

C. The number of years it takes for the population to increase by one million people. → If the rate is 0.25 per year, then to get 1 million, it would take 1 / 0.25 = 4 years. So the number of years is 4. But the rate of change is 0.25, which is the inverse of the time per million. So the rate of change is the reciprocal of the time per million. So C is a different quantity. So C is not directly the rate of change.

D. The percent the population grows each year. → Percent growth is different. For example, if it's linear, the percentage growth would be (current - previous)/previous * 100. But linear growth in population is usually modeled as absolute increase, not relative. So the rate of change here is absolute (in millions per year), not relative (percent). So D is incorrect.

E. The total amount (in millions) the population grows from 1950 to 2000. → The total amount is 20 - 7.7 = 12.3 million. But the rate of change is per year, so E is the total change, not the rate. So E is incorrect.

F. None of the above. → If none of A-E are correct, but we thought A is correct.

Wait, let's re-examine.

The rate of change is 0.25 million per year. So:

A. The amount (in millions) the population grows each year. → Yes, this is exactly the rate of change. So A is correct.

B. The amount (in millions) the population grows every 10 years. → This is 2.5 million every 10 years, but the rate of change is per year. So the rate of change itself is not the amount every 10 years, but the amount per year. So B is not the rate of change, but a derived quantity. So B is not correct.

C. The number of years it takes for the population to increase by one million people. → As I said, 1 / 0.25 = 4 years. So the number of years is 4. But the rate of change is 0.25, which is the inverse of this number. So the rate of change is 1 / (time per million). So C is a different measure. So C is not the rate of change.

D. The percent the population grows each year. → Percent growth is (increase / original) * 100. For example, from 1950 to 1960: (10.1 - 7.7)/7.7 ≈ 2.4 /7.7 ≈ 31% increase. But the rate of change here is linear, so it's not percentage. So D is incorrect.

E. The total amount... from 1950 to 2000. → 12.3 million, which is the total change. The rate of change is per year, so E is the total change, not the rate. So E is incorrect.

So only A is correct? Wait, but wait: the problem says ""select all that apply"".

Wait, but the question says ""What does the rate of change in your answer to (b) represent in practical terms?"" So the rate of change is 0.25 million per year.

So A: ""The amount (in millions) the population grows each year."" → Yes, that's exactly the rate of change. So A is correct.

B: ""The amount (in millions) the population grows every 10 years."" → This is 2.5 million every 10 years, which is 10 times the rate of change. So the rate of change is 0.25 per year, so 2.5 per 10 years. But the rate of change (as we found) is per year, so B is not the rate of change, but a multiple of it. So B is not the rate of change. So B is incorrect.

C: ""The number of years it takes for the population to increase by one million people."" → As above, it's 4 years. But the rate of change is 0.25 per year, so this is the inverse. So the rate of change is 1/(number of years per million). So the number of years per million is 4, so the rate of change is 0.25. So C is not the rate of change, but related. So C is incorrect.

D: ""The percent the population grows each year."" → No, because it's linear growth, not exponential. So percent growth would be different. For example, if it's linear, the percentage change per year is not constant. For instance, the growth rate in percentage terms would vary. So D is incorrect.

E: ""The total amount (in millions) the population grows from 1950 to 2000."" → 12.3 million. The rate of change is per year, so E is the total change, not the rate. So E is incorrect.

F: ""None of the above."" → If only A is correct, then F is wrong.

Wait, but the problem says ""select all that apply"". So according to my analysis, only A is correct.

Wait, but let me think again. The problem says ""the rate of change of the linear function"". In the context of population, sometimes ""rate of change"" could be interpreted as the slope, which is the change per unit time.

So A is correct: the amount each year.

Is there any other option?

Wait, option B: ""The amount (in millions) the population grows every 10 years."" So if the rate is 0.25 per year, then every 10 years it's 2.5 million. So the amount every 10 years is 2.5, which is 10 times the rate. But the rate of change (as we found) is 0.25 per year. So the rate of change itself is not the amount every 10 years, but the amount per year. So B is a different quantity. So B is not the rate of change.

So only A is correct.

Wait, but the problem says ""select all that apply"". So maybe only A.

Wait, but let's check the options again.

Wait, the problem says ""What does the rate of change in your answer to (b) represent in practical terms?""

So the rate of change is 0.25 million per year.

A. The amount (in millions) the population grows each year. → Yes, that's exactly the rate of change. So A is correct.

B. The amount (in millions) the population grows every 10 years. → This is 2.5 million every 10 years, but the rate of change is per year. So B is not the rate of change, but a multiple of it. So B is incorrect.

C. The number of years it takes for the population to increase by one million people. → 1 / 0.25 = 4 years. So the number is 4. But the rate of change is 0.25, which is the inverse. So C is a different quantity. So C is incorrect.

D. The percent the population grows each year. → No, as explained.

E. The total amount... → 12.3 million. Not the rate.

F. None of the above. → If only A is correct, then F is wrong.

So the answer is A.

Wait, but wait. Let's see the problem statement for part c: ""What does the rate of change in your answer to (b) represent in practical terms? (select all that apply)""

So the rate of change is 0.25 million per year.

A: The amount (in millions) the population grows each year. → Yes, this is the rate of change. So A is correct.

B: The amount (in millions) the population grows every 10 years. → This is 2.5 million, but the rate of change is per year. So the rate of change is not the amount every 10 years, but the amount per year. So B is not the rate of change, but a different value. So B is incorrect.

C: The number of years it takes for the population to increase by one million people. → As mentioned, it's 4 years. But the rate of change is 0.25 per year, so this is the inverse. So C is not the rate of change.

D: The percent the population grows each year. → No.

E: The total amount... → 12.3 million. Not the rate.

So only A is correct. Therefore, the answer is A.

Wait, but wait. Let me check again. Suppose the rate of change is 0.25 million per year, so each year it grows by 0.25 million. So A is correct.

Is there any other option that could be correct?

Option C: ""The number of years it takes for the population to increase by one million people."" → If the rate is 0.25 per year, then to get 1 million, it takes 4 years. So the number is 4. But the rate of change is 0.25, which is 1/4. So the rate of change is the reciprocal of the time per million. So C is a different quantity. So C is not the rate of change.

So only A is correct.

Wait, but the problem says ""select all that apply"". So maybe only A.

But let me think again. In some contexts, ""rate of change"" could be misinterpreted, but in this case, since it's a linear function, the rate of change is the slope, which is the amount per unit time.

So yes, A is correct.

So part c) answer is A.

Wait, but wait. Let me check the problem statement again. It says ""Randomian has experienced some turmoil more recently and did not experience linear nor near-linear growth."" So Randomian is Country B, which has a big drop and then a jump, so Steadia is Country A.

Part d) Estimate the population of Steadia in 1986.

Steadia is Country A, which has linear growth. So we can model its population as a linear function.

We can use the two points: 1950 (7.7) and 2000 (20).

Slope m = (20 - 7.7)/(2000 - 1950) = 12.3 / 50 = 0.246 million per year.

So the linear function is P(t) = 7.7 + 0.246*(t - 1950), where t is the year.

We need to find P(1986).

First, compute the time elapsed since 1950: 1986 - 1950 = 36 years.

So P(1986) = 7.7 + 0.246*36.

Calculate 0.246 * 36:

0.246 * 30 = 7.38

0.246 * 6 = 1.476

Total: 7.38 + 1.476 = 8.856

So total population: 7.7 + 8.856 = 16.556 million.

Approximately 16.6 million.

But let's check with the given data. In 1980, Steadia's"
754,"Okay, let's see. I need to find m(o(x)) times n(x). First, let me recall what each function is. 

First, m(x) is 4x² - 7. Then o(x) is sqrt(3x + ื่). Wait, no, o(x) is sqrt(3x + 5). Right, so o(x) = √(3x + 5). And n(x) is 5x. 

So we need to compute m(o(x)) first, then multiply by n(x). Let's start with m(o(x)). 

m is a function that takes an input, squares it, multiplies by 4, then subtracts 7. So m(y) = 4y² - 7. Therefore, m(o(x)) is m evaluated at o(x), which is 4*(o(x))² - 7. 

Since o(x) is √(3x + 5), then (o(x))² is just (3x + 5), because squaring a square root cancels it out (assuming the expression under the square root is non-negative, but since we're dealing with simplification, we can ignore the domain for now). 

So (o(x))² = 3x + 5. Therefore, m(o(x)) = 4*(3x + 5) - 7. Let's compute that: 4*(3x + 5) is 12x + 20, then subtract 7, so 12x + 20 - 7 = 12x + 13. 

Wait, is that right? Let me check. m(o(x)) = 4*(o(x))² - 7. Since o(x) = sqrt(3x + 5), then (o(x))² = 3x + 5, so yes, m(o(x)) = 4*(3x + 5) - 7 = 12x + 20 - 7 = 12x + 13. That seems correct. 

Now, we need to multiply this by n(x). n(x) is 5x. So m(o(x)) * n(x) = (12x + 13) * 5x. Let's compute that. 

Multiply 12x by 5x: 12*5 = 60, x*x = x², so 60x². Then 13*5x = 65x. So altogether, it's 60x² + 65x. 

Wait, the problem says ""a simplified formula for the function below. Your final answer should be a polynomial with only one term in each power of x."" So 60x² + 65x is a polynomial with two terms, each with a single term per power. Let me check if I did everything correctly. 

Let me go through step by step. 

First, compute o(x): o(x) = √(3x + 5). Then m(o(x)) is m evaluated at o(x). m(y) = 4y² - 7, so m(o(x)) = 4*(o(x))² - 7. 

Since o(x) is a square root, (o(x))² = 3x + 5, so m(o(x)) = 4*(3x + 5) - 7 = 12x + 20 - 7 = 12x + 13. That's correct. 

Then n(x) is 5x, so m(o(x)) * n(x) = (12x + 13) * 5x. Let's do the multiplication: 12x * 5x = 60x², and 13 * 5x = 65x. So the product is 60x² + 65x. 

Is there any chance I made a mistake here? Let's verify with a specific value. Let's pick x = 1. 

Compute m(o(1)) * n(1). 

First, o(1) = sqrt(3*1 + 5) = sqrt(8) = 2√2. Then m(o(1)) = 4*(2√2)² - 7 = 4*(8) - 7 = 32 - 7 = 25. 

n(1) = 5*1 = 5. So m(o(1))*n(1) = 25*5 = 125. 

Now, using our polynomial: 60x² + 65x. At x=1, that's 60 + 65 = 125. Perfect, matches. 

Another test: x=0. 

o(0) = sqrt(0 + 5) = sqrt(5). m(o(0)) = 4*(sqrt(5))² -7 = 4*5 -7 = 20 -7 =13. n(0)=0. So m(o(0))*n(0)=13*0=0. 

Our polynomial: 60*0 +65*0=0. Correct. 

x=2. 

o(2)=sqrt(6 +5)=sqrt(11). m(o(2))=4*(sqrt(11))² -7=4*11 -7=44-7=37. n(2)=10. So product is 37*10=370. 

Our polynomial: 60*(2)^2 +65*(2)=60*4 +130=240 +130=370. Correct. 

So the polynomial is 60x² +65x. The problem says ""a polynomial with only one term in each power of x"". So 60x² +65x is already simplified, each power (x² and x) has one term. 

I think that's it. So the answer is 60x² +65x. 

Wait, the problem says ""Your final answer should be a polynomial with only one term in each power of x"". So they want it written as a sum of terms, each with a single term per power. So 60x² +65x is correct. 

I don't see any mistakes here. So the simplified formula is 60x² +65x.
</think>

To solve the problem, we are given three functions:

- $ m(x) = 4x^2 - 7 $
- $ n(x) = 5x $
- $ o(x) = \sqrt{3x + 5} $

We are asked to find a simplified formula for the expression:  
$$
m(o(x)) \cdot n(x)
$$

---

### Step 1: Compute $ m(o(x)) $

Recall that:
$$
m(y) = 4y^2 - 7
$$
So,
$$
m(o(x)) = 4 \cdot (o(x))^2 - 7
$$

Given $ o(x) = \sqrt{3x + 5} $, then:
$$
(o(x))^2 = (\sqrt{3x + 5})^2 = 3x + 5
$$

Therefore:
$$
m(o(x)) = 4(3x + 5) - 7 = 12x + 20 - 7 = 12x + 13
$$

---

### Step 2: Multiply by $ n(x) $

We now compute:
$$
m(o(x)) \cdot n(x) = (12x + 13) \cdot (5x)
$$

Distribute:
$$
= 12x \cdot 5x + 13 \cdot 5x = 60x^2 + 65x
$$

This is already a **polynomial** with **only one term in each power of $ x $**.

---

### Final Answer

The simplified expression is:
$$
60x^2 + 65x
$$

This satisfies all conditions: it's a polynomial, has exactly one term per degree, and is fully simplified.

---

### ✅ Final Answer:

$$
\boxed{60x^2 + 65x}
$$"
755,"Okay, let's try to figure out this problem. So, we need to find the steady-state solution of the difference equation: y[n] + (1/√3)y[n-1] = cos(π/6) n. Wait, hold on, the right-hand side is written as cos(π/6) n? Hmm, that might be a typo. Wait, no, in the problem statement it says ""cos(π/6) n"". Wait, maybe it's supposed to be cos(π/6 * n)? Because usually, in such equations, the input is a function of n. Let me check again.

Wait, the original equation is written as: y[n] + [1 / √(3)] y[n - 1] = cos(π/6) n. Hmm, but ""cos(π/6) n"" – that would be cos(π/6) multiplied by n? But cosine of π/6 is a constant, so it's like a constant times n? That seems odd because the right-hand side would be a linear term in n, which is not typical for a steady-state solution. Wait, maybe there's a misinterpretation here.

Wait, perhaps the problem was meant to be y[n] + (1/√3)y[n-1] = cos(π n /6). That would make more sense. Like, the input is a cosine with frequency π/6. The way it's written here is a bit confusing. Let me look at the options. The options have terms like cos[(π/6)n ...], so probably the input is cos(π n /6), i.e., a cosine function with argument π n /6. So maybe the original problem had a typo in the parentheses. So the equation is y[n] + (1/√3) y[n-1] = cos(π n /6). That would make sense. Otherwise, if it's cos(π/6) times n, that's a different story.

Assuming that the input is cos(π n /6), which is a common form. So the difference equation is:

y[n] + (1/√3) y[n-1] = cos(π n /6)

We need to find the steady-state solution. For linear time-invariant systems, the steady-state response to a sinusoidal input is also sinusoidal, with the same frequency, but possibly different amplitude and phase.

First, recall that for a difference equation, we can use the method of solving the homogeneous equation and then finding the particular solution (steady-state).

The given equation is a first-order linear difference equation. Let's write it as:

y[n] = - (1/√3) y[n-1] + cos(π n /6)

To find the steady-state solution, we can assume a particular solution of the form:

y_ss[n] = A cos(π n /6) + B sin(π n /6)

But since the system is linear and time-invariant, the steady-state response should be a single sinusoid with the same frequency. Alternatively, we can use complex exponentials.

Let me recall that for a difference equation, the steady-state solution for a sinusoidal input can be found by substituting y[n] = C e^{j ω n}, where ω is the frequency of the input.

Given the input is cos(π n /6), which has frequency ω = π/6.

So let's substitute y[n] = C e^{j ω n} into the difference equation.

The difference equation is:

y[n] + (1/√3) y[n-1] = cos(ω n), where ω = π/6

Wait, but the right-hand side is a cosine, so we can write it as the real part of e^{j ω n}.

So, substituting y[n] = C e^{j ω n} into the left-hand side:

C e^{j ω n} + (1/√3) C e^{j ω (n - 1)} = C e^{j ω n} + (C / √3) e^{j ω n} e^{-j ω} = C e^{j ω n} [1 + (1 / √3) e^{-j ω}] 

This should equal the input, which is cos(ω n) = Re{e^{j ω n}}.

But actually, we need to set up the equation for the particular solution.

Let me write the equation as:

y[n] + (1/√3) y[n-1] = e^{j ω n} (since we can consider the complex exponential and take real part later)

Wait, no. The input is cos(ω n) = Re{e^{j ω n}}, so we can solve for the complex input and then take the real part.

So, assuming a particular solution of the form y_p[n] = K e^{j ω n}

Substitute into the difference equation:

K e^{j ω n} + (1/√3) K e^{j ω (n - 1)} = e^{j ω n}

Divide both sides by e^{j ω n}:

K + (1/√3) K e^{-j ω} = 1

Therefore,

K [1 + (1/√3) e^{-j ω}] = 1

So,

K = 1 / [1 + (1/√3) e^{-j ω}]

Then, the steady-state solution (the particular solution) will be the real part of K e^{j ω n}, since the input is real.

So, y_ss[n] = Re{ K e^{j ω n} }

Let me compute K.

Given ω = π/6.

Compute e^{-j ω} = e^{-j π /6} = cos(π/6) - j sin(π/6) = (√3/2) - j (1/2)

So,

Denominator D = 1 + (1/√3) e^{-j ω} = 1 + (1/√3)(√3/2 - j /2 ) = 1 + ( (1/√3)(√3/2) - j (1/(2√3)) )

Simplify:

(1/√3)(√3/2) = 1/2, so:

D = 1 + 1/2 - j/(2√3) = 3/2 - j/(2√3)

So, D = 3/2 - j/(2√3)

Multiply numerator and denominator by 2 to eliminate denominators:

D = (3 - j / √3)/2 ?

Wait, wait:

Wait, 1 + (1/√3)e^{-jω} = 1 + (1/√3)(cos(-ω) + j sin(-ω)) = 1 + (1/√3)(cosω - j sinω)

Since ω = π/6, so cosω = √3/2, sinω = 1/2.

Thus,

D = 1 + (1/√3)(√3/2 - j /2 ) = 1 + ( (1/√3)(√3/2) - j (1/(2√3)) )

= 1 + ( (1/2) - j/(2√3) )

= 3/2 - j/(2√3)

So, D = 3/2 - j/(2√3)

We can write this in polar form to find K.

First, compute |D| and arg(D).

Compute modulus:

|D| = sqrt( (3/2)^2 + ( -1/(2√3) )^2 ) = sqrt(9/4 + 1/(4*3)) = sqrt(9/4 + 1/12) = sqrt(27/12 + 1/12) = sqrt(28/12) = sqrt(7/3) = √(7)/√3 = √21 / 3 ≈ ?

Wait, 28/12 = 7/3, yes. So sqrt(7/3) = √21 / 3? Wait:

Wait, 7/3 = 2.333..., sqrt(7/3) ≈ 1.5275.

But regardless, we can write:

|D| = sqrt( (3/2)^2 + (1/(2√3))^2 ) since the imaginary part is negative, but squared.

So:

(3/2)^2 = 9/4

(1/(2√3))^2 = 1/(4*3) = 1/12

Total: 9/4 + 1/12 = 27/12 + 1/12 = 28/12 = 7/3

So |D| = sqrt(7/3) = √(7/3)

Similarly, the angle θ of D:

tanθ = (-Im(D)) / Re(D) = (-1/(2√3)) / (3/2) = (-1)/(2√3) * 2/3 = -1/(3√3)

So θ = arctan( -1/(3√3) )

But since Re(D) is positive and Im(D) is negative, the angle is in the fourth quadrant.

So θ = - arctan(1/(3√3))

Therefore, K = 1/D = 1 / [ |D| e^{jθ} ] = (1 / |D|) e^{-jθ}

Therefore, the steady-state solution is:

y_ss[n] = Re{ K e^{j ω n} } = Re{ (1 / |D|) e^{-jθ} e^{j ω n} } = (1 / |D|) Re{ e^{j (ω n - θ)} } = (1 / |D|) cos(ω n - θ )

Because Re{ e^{j φ} } = cosφ.

So, the steady-state solution is:

y_ss[n] = (1 / |D|) cos( ω n - θ )

Where θ = arctan(1/(3√3)) (since we have θ negative, but the angle difference is taken as positive in the cosine)

Wait, let's see:

We had θ = - arctan(1/(3√3)), so -θ = arctan(1/(3√3))

Therefore, the expression becomes:

y_ss[n] = (1 / |D|) cos( ω n + θ' ), where θ' = -θ = arctan(1/(3√3))

Wait, no:

Wait, in our calculation above, θ (the angle of D) is negative, so when we write K = 1/D = (1/|D|) e^{-jθ}, where θ is the angle of D (negative), so:

Wait, let's re-express.

Let me define:

D = 3/2 - j/(2√3) = |D| e^{j φ}, where φ is the angle.

Since it's in the fourth quadrant, φ = -α, where α = arctan( (1/(2√3)) / (3/2) ) = arctan( (1/(2√3)) * (2/3) ) = arctan(1/(3√3))

Yes, because tanφ = Im(D)/Re(D) = (-1/(2√3)) / (3/2) = -1/(3√3), so φ = - arctan(1/(3√3))

So, K = 1/D = (1 / |D|) e^{j φ} = (1 / |D|) e^{-j arctan(1/(3√3)) }

Wait, no: If D = |D| e^{j φ}, then 1/D = (1 / |D|) e^{-j φ}

Here, φ = - arctan(1/(3√3)), so -φ = arctan(1/(3√3))

Wait, this is getting a bit messy. Let's just compute the magnitude and phase.

We have:

|D| = sqrt( (3/2)^2 + (1/(2√3))^2 ) = sqrt(9/4 + 1/(12)) = sqrt(27/12 + 1/12) = sqrt(28/12) = sqrt(7/3) = √(7/3)

So |D| = √(7/3) = √21 / 3? Wait, √(7/3) = √7 / √3 = (√21)/3. Yes, because √7 / √3 = √21 / 3.

So |D| = √(7/3) = √21 / 3 ≈ 0.9428? Wait, √(7/3) ≈ √2.333 ≈ 1.5275.

Wait, 7 divided by 3 is about 2.333, square root is ~1.5275.

So 1 / |D| = 1 / √(7/3) = √(3/7)

Ah! So the amplitude factor is √(3/7). That's a key point.

So the coefficient in front of the cosine is √(3/7). Looking at the options, several have √(3/7). So that's a good sign.

Now, the phase shift. We have:

The steady-state solution is y_ss[n] = (1 / |D|) cos( ω n - θ ), where θ is the phase shift.

Wait, from earlier steps:

We have y_ss[n] = Re{ K e^{j ω n} } = (1 / |D|) Re{ e^{j (ω n + φ)} }, where φ is some phase.

Wait, let's recap:

We had K = 1 / D = 1 / [3/2 - j/(2√3)] = multiply numerator and denominator by 2:

= 2 / [3 + j / √3 ]

Wait, no. Wait, D = 3/2 - j/(2√3), so multiplying numerator and denominator by 2:

D = (3 - j / √3 ) / 2

Wait, no:

Wait, D = 3/2 - j/(2√3) = (3 - j / √3 ) / 2

So, 1/D = 2 / (3 - j / √3 )

Multiply numerator and denominator by (3 + j / √3 ):

1/D = 2*(3 + j / √3 ) / [ (3)^2 + (j / √3 )^2 ]

Denominator: 9 + (j^2)/(3) = 9 - 1/3 = 26/3

Wait, wait:

Wait, (a - jb)(a + jb) = a² + b². Here, denominator after multiplying by conjugate:

Wait, 3 - j / √3, its conjugate is 3 + j / √3.

So denominator becomes (3)^2 + (1 / √3)^2 = 9 + 1/3 = 28/3

Wait, no:

Wait, (3 - j c)(3 + j c) = 9 + c², where c = 1/√3.

So c = 1/√3, so c² = 1/3.

Thus denominator = 9 + 1/3 = 28/3.

So 1/D = 2 * [3 + j / √3 ] / (28/3) ) = 2 * 3 [3 + j / √3 ] / 28 = (6 / 28) [3 + j / √3 ] ?

Wait, maybe this approach is complicating.

But we already found that |D| = sqrt(7/3), so 1 / |D| = sqrt(3/7). So the amplitude factor is sqrt(3/7). So all options with sqrt(3/7) are candidates.

Looking at the options:

Option F: y_ss[n] = sqrt(3/7) cos[ (π/6) n tan^{-1}(1/(3 sqrt(3))) ]

Wait, no, the options have different forms.

Wait, the phase shift is arctan(1/(3 sqrt(3))). Let's compute the phase.

Earlier, we had tan(theta) = 1/(3 sqrt(3)), so theta = arctan(1/(3 sqrt(3)))

Wait, in our calculation, the phase angle phi (the angle of D) was - arctan(1/(3 sqrt(3))), so the negative of that is positive arctan(...). So the steady-state solution has a phase shift of - arctan(1/(3 sqrt(3))) or +?

Wait, let's think carefully.

We had:

K = 1 / D = 1 / [3/2 - j/(2 sqrt(3))] = (as a complex number)

We can write this as:

K = (3/2 + j/(2 sqrt(3))) / ( (3/2)^2 + (1/(2 sqrt(3)))^2 ) ) [by multiplying numerator and denominator by the conjugate]

Wait, no. Wait, D = 3/2 - j/(2 sqrt(3)), so its reciprocal is:

K = 1/D = [3/2 + j/(2 sqrt(3))] / [ (3/2)^2 + (1/(2 sqrt(3)))^2 ]

Which is the standard complex division.

Compute denominator:

(3/2)^2 + (1/(2 sqrt(3)))^2 = 9/4 + 1/(4*3) = 9/4 + 1/12 = 27/12 + 1/12 = 28/12 = 7/3

So denominator = 7/3

Therefore, K = [3/2 + j/(2 sqrt(3))] / (7/3) ) = (3/2)*(3/7) + j/(2 sqrt(3))*(3/7) = (9/14) + j/( (14 sqrt(3)) )

Wait, but we need to find the phase.

Alternatively, the phase of K is equal to the phase of 1/D, which is - phase(D).

Since D = 3/2 - j/(2 sqrt(3)), so phase(D) = - arctan( (1/(2 sqrt(3))) / (3/2) ) = - arctan( 1/(3 sqrt(3)) )

Therefore, phase(K) = - phase(D) = arctan(1/(3 sqrt(3)))

Wait, no:

Wait, if D has phase φ (negative), then 1/D has phase -φ.

So if D = |D| e^{j φ}, then 1/D = (1/|D|) e^{-j φ}

In our case, φ is negative (since D is in fourth quadrant), so -φ is positive.

For example, suppose φ = -θ, where θ > 0. Then 1/D has phase θ.

So in our case, the phase of K is θ = arctan(1/(3 sqrt(3)))

Therefore, the steady-state solution is:

y_ss[n] = Re{ K e^{j ω n} } = |K| cos( ω n + θ )

Wait, because:

If K = |K| e^{j θ}, then K e^{j ω n} = |K| e^{j (ω n + θ)}, so real part is |K| cos(ω n + θ )

Wait, but depending on the exact calculation.

Wait, in our case, we have:

K = 1/D = (1 / |D|) e^{j φ}, where φ is the phase of K.

Wait, this is getting confusing. Let's try to compute the phase.

We have:

From the denominator D = 3/2 - j/(2 sqrt(3))

So, writing in terms of real and imaginary parts:

Real part: 3/2

Imaginary part: -1/(2 sqrt(3))

So, the angle of D is arctan(Im / Re) = arctan( (-1/(2 sqrt(3))) / (3/2) ) = arctan( -1/(3 sqrt(3)) )

So, angle of D is negative, say -α, where α = arctan(1/(3 sqrt(3)))

Therefore, the angle of K = 1/D is α (since angles flip when taking reciprocal).

So, K = |K| e^{j α}

Therefore, the steady-state solution is:

y_ss[n] = Re{ K e^{j ω n} } = |K| Re{ e^{j (ω n + α)} } = |K| cos( ω n + α )

Wait, but depending on the direction.

Wait, if K has angle α, then K e^{j ω n} has angle α + ω n, so the real part is cos(α + ω n), so the phase shift is +α.

But in our case, the input is cos(ω n), so the steady-state response has a phase shift of α.

Wait, but according to the calculation, the phase shift is α = arctan(1/(3 sqrt(3)))

So the solution is y_ss[n] = (1 / |D|) cos( ω n + α )

But wait, in our calculation, we have:

The steady-state solution is a cosine with a phase shift of +α.

But looking at the options, some have plus and some have minus.

Wait, the options:

Option F: y_ss[n] = sqrt(3/7) cos[ (π/6) n tan^{-1} (1/(3 sqrt(3))) ]

Wait, no, the options have different structures. Wait, the options are written as:

For example, option F: y_ss[n] = sqrt(3/7) cos[ (π/6) n + tan^{-1} (1/(3 sqrt(3))) ]

Wait, no, the notation here is a bit unclear. Wait, in the problem statement, the options have expressions like:

cos[(π/6)n tan^{-1} ...]

Wait, no, that notation is probably wrong. Wait, in the options, it's written as:

For example, option J: y_ss[n] = sqrt(3/7) cos[ (π/6) n tan^{-1} (1/(3 sqrt(3))) ]

But this notation is confusing. Wait, in LaTeX, the expression ""cos[(π/6)n tan^{-1} ...]"" would be cos( (π/"
756,"Okay, let's try to figure out this problem. So, the problem says that the stopping distance is proportional to the square of the velocity. That means if we have a velocity v, the stopping distance d is proportional to v squared. So, mathematically, that would be d = k * v², where k is some constant of proportionality.

First, they tell us that an Alfa Romeo going 70 mph requires 177 feet to stop. So, we can use that information to find the constant k. Let's write that down.

Given: When v = 70 mph, d = ื่177 feet.

So, 177 = k * (70)²

Let me calculate 70 squared first. 70 * 70 is 4900. So, 177 = k * 4900. Therefore, k = 177 / 4900. Let me compute that. 177 divided by 4900. Let's see, 4900 goes into 177 how many times? Well, 4900 * 0.036 is about 176.4, so approximately 0.0361. But maybe I should keep it as a fraction for now. 177/4900 is the exact value of k.

Now, we need to find the stopping distance at 55 mph and at 120 mph. Since the relationship is d = k * v², we can use the same k.

First, let's do 55 mph.

d1 = k * (55)²

We know k = 177 / (70²), so d1 = (177 / 70²) * 55²

Similarly, d2 = (177 / 70²) * 120²

So, let's compute these.

First, let's compute d1 at 55 mph.

Compute 55 squared: 55 * 55 = 3025

70 squared is 4900, as before.

So, d1 = 177 * (3025 / 4900)

Let me compute 3025 / 4900 first. Let's see, both numerator and denominator can be divided by 25? 3025 ÷25=121, 4900 ÷25=196. So 121/196. So 3025/4900 = 121/196 ≈ 0.617347...

Then, 177 * (121/196). Let's compute that.

177 * 121 = let's calculate 177*120 + 177*1 = 21240 + 177 = 21417

Then, 21417 / 196. Let's divide 21417 by 196.

196 * 100 = 19600, so 21417 - 19600 = 1817

196 * 9 = 1764, so 1817 - 1764 = 53

So total is 100 + 9 = 109, with a remainder of 53. So 109 + 53/196 ≈ 109.270...

Wait, 196 * 109 = 196*(100+9)=19600 + 1764=21364

21417 - 21364 = 53, so 53/196 ≈ 0.2704, so total is approximately 109.27 feet.

Wait, but let me check with calculator steps.

Alternatively, 177 * (55/70)^2. Because d is proportional to v squared, so the ratio of distances is (v1/v2)^2.

Yes, that's a better way. Since d = k v², then d1/d2 = (v1/v2)^2, so d1 = d2 * (v1/v2)^2.

We know d2 when v2=70 is 177, so d1 = 177 * (55/70)^2.

That's a simpler calculation.

55/70 = 11/14 ≈ 0.7857

(11/14)^2 = 121/196 ≈ 0.617347

Then 177 * 0.617347 ≈ 177 * 0.6 = 106.2, 177 * 0.017347 ≈ 177 * 0.01 = 1.77, 177 * 0.007347 ≈ ~1.30, so total ≈ 106.2 + 1.77 + 1.30 ≈ 110.27. Wait, but earlier I thought 109.27. Hmm, maybe my first calculation was wrong.

Wait, let's do 177 * (55^2)/(70^2) = 177 * (3025)/(4900)

Compute 3025 / 4900: 3025 ÷ 4900. Let's divide numerator and denominator by 25: 121 / 196 ≈ 0.6173469388

Then 177 * 0.6173469388 ≈ ?

177 * 0.6 = 106.2

177 * 0.0173469388 ≈ 177 * 0.01 = 1.77; 177 * 0.0073469388 ≈ 177 * 0.007 = 1.239, so total ≈ 1.77 + 1.239 ≈ 3.009

So total ≈ 106.2 + 3.009 ≈ 109.209. So approximately 109.21 feet.

Wait, 177 * 0.6173469388:

Let's compute 177 * 0.6173469388.

First, 177 * 0.6 = 106.2

177 * 0.0173469388 = 177 * 0.01 = 1.77; 177 * 0.0073469388 ≈ 177 * 0.007 = 1.239, 177 * 0.0003469388 ≈ 0.061. So total ≈ 1.77 + 1.239 + 0.061 ≈ 3.07. So total d1 ≈ 106.2 + 3.07 ≈ 109.27. So approximately 109.3 feet.

Let me check with exact fractions.

177 * (55/70)^2 = 177 * (11/14)^2 = 177 * 121 / 196

177 * 121 = 177 * 120 + 177 * 1 = 21240 + 177 = 21417

21417 / 196. Let's divide 21417 by 196.

196 * 100 = 19600, 21417 - 19600 = 1817

196 * 9 = 1764, 1817 - 1764 = 53

So 100 + 9 = 109, remainder 53. So 53/196 ≈ 0.2704. So total is 109.2704... So approximately 109.27 feet. So rounding to the nearest whole number, maybe 109 feet, but the problem says ""find the stopping distance"", probably expects a decimal, maybe two decimal places.

But let's see what the problem says. It just says ""find the stopping distance"". Since the given data is 177 feet (which is a whole number), but maybe we need to present it as a decimal.

Similarly for 120 mph.

At 120 mph, d2 = 177 * (120/70)^2

120/70 = 12/7 ≈ 1.7142857

(12/7)^2 = 144/49 ≈ 2.9387755

So d2 = 177 * (144/49)

Compute 177 * 144 = ?

177 * 100 = 17700

177 * 40 = 7080

177 * 4 = 708

So 177 * 144 = 177*(100+40+4) = 17700 + 7080 + 708 = 17700 + 7080 = 24780 + 708 = 25488

Then, 25488 / 49. Let's compute that.

49 * 500 = 24500

25488 - 24500 = 988

49 * 20 = 980

988 - 980 = 8

So total is 500 + 20 = 520, with remainder 8. So 520 + 8/49 ≈ 520.163265...

So approximately 520.16 feet.

Wait, let's verify:

49 * 520 = 49*(500 + 20) = 24500 + 980 = 25480

So 49 * 520 = 25480, which is 8 less than 25488. So 25488 = 49*520 + 8, so 25488 /49 = 520 + 8/49 ≈ 520.163265...

So approximately 520.16 feet.

Let me check with another approach.

120/70 = 12/7, so (12/7)^2 = 144/49.

177 * 144 = 25488, as above.

25488 divided by 49: 49*500=24500, 25488-24500=988. 49*20=980, so 988=49*20 +8. So total is 500+20=520, with 8 left over. So 520 + 8/49 ≈ 520.163.

So approximately 520.16 feet.

Let me check with calculator steps.

520.163 is approximately 520.2 feet.

But let's see if the problem expects rounding to the nearest whole number or something. The original stopping distance is given as 177 feet, which is a whole number, but maybe we need to present it as a decimal.

Wait, the problem says ""find the stopping distance required by an Alfa Romeo going at 55 mph and at 120 mph"".

So, let's write the answers.

For 55 mph: approximately 109.27 feet, so maybe 109.3 feet or 109 feet.

For 120 mph: approximately 520.16 feet, so 520.2 feet or 520 feet.

But let's check the calculations again to be precise.

First, 55 mph:

d = 177 * (55/70)^2

55/70 = 0.7857142857

Square it: 0.7857142857^2 ≈ 0.6173469388

177 * 0.6173469388 ≈ 177 * 0.6173469388

Let's compute 177 * 0.6 = 106.2

177 * 0.0173469388 ≈ 177 * 0.01 = 1.77; 177 * 0.0073469388 ≈ 177 * 0.007 = 1.239, 177 * 0.0003469388 ≈ 0.061. So total ≈ 1.77 + 1.239 + 0.061 ≈ 3.07. So total d ≈ 106.2 + 3.07 ≈ 109.27. So 109.3 feet.

For 120 mph:

d = 177 * (120/70)^2

120/70 = 1.714285714

Square it: (1.714285714)^2 ≈ 2.93877551

177 * 2.93877551 ≈ ?

177 * 2 = 354

177 * 0.93877551 ≈ 177 * 0.9 = 159.3; 177 * 0.03877551 ≈ 6.86. So total ≈ 159.3 + 6.86 ≈ 166.16. Then total d ≈ 354 + 166.16 = 520.16. So yes, approximately 520.16 feet, which is about 520.2 feet.

So, rounding to two decimal places, 55 mph is approximately 109.27 feet, and 120 mph is approximately 520.16 feet.

But maybe the problem expects integer values, since the given data is 177 feet (integer). Let's see.

109.27 is approximately 109 feet, and 520.16 is approximately 520 feet. But the problem says ""find the stopping distance"", so probably wants the exact value in terms of the calculation, which is a decimal.

Wait, let's check with exact fractions.

For 55 mph:

d = 177 * (55/70)^2 = 177 * (11/14)^2 = 177 * 121 / 196

177 * 121 = 21417

21417 / 196 = 21417 ÷ 196

Let's do this division: 196 * 100 = 19600, 21417 - 19600 = 1817

196 * 9 = 1764, 1817 - 1764 = 53

So 109 + 53/196 ≈ 109 + 0.2704 ≈ 109.2704 feet. So approximately 109.3 feet.

For 120 mph:

d = 177 * (120/70)^2 = 177 * (12/7)^2 = 177 * 144 / 49

177 * 144 = 25488

25488 / 49 = 520.163265... So approximately 520.16 feet.

So, the problem says ""find the stopping distance required by an Alfa Romeo going at 55 mph and at 120 mph"".

So, the answers are approximately 109.3 feet and 520.2 feet. Depending on rounding, maybe to the nearest whole number, but the problem says ""include"" so probably wants the precise decimal.

Wait, the problem says ""According to Car and Driver, an Alfa Romeo going 70 mph requires 177 feet to stop."" So 177 is given as a precise number (probably measured), so we can assume it's exact for the problem.

So, using the proportionality, we can compute exactly as 177*(v/70)^2.

So, for 55 mph: 177*(55/70)^2 = 177*(11/14)^2 = 177*121/196 = (177/196)*121

177 divided by 196 is approximately 0.8979591837

0.8979591837 * 121 ≈ 0.8979591837 * 120 + 0.8979591837 *1 ≈ 107.755 + 0.89796 ≈ 108.65? Wait, no, wait, that can't be. Wait, no, 177*121=21417, 21417/196≈109.27, which matches the previous calculation.

Wait, 196*109=21364, 21417-21364=53, so 53/196≈0.2704, so total 109.2704.

Similarly, 25488/49=520.163265...

So, the answers are approximately 109.3 feet and 520.2 feet.

But let's check if the problem expects more precise answers.

Alternatively, maybe we can write them as fractions, but the problem says ""stopping distance"", which is a physical quantity, so decimal is fine.

Let me confirm with another method.

Suppose the stopping distance d = k*v².

Given d=177 when v=70, so k=177/(70²)=177/4900.

Then, for v=55, d=177/4900 *55²=177*3025/4900.

3025/4900=121/196, so 177*121=21417, 21417/196≈109.27.

Similarly, for v=120, d=177*14400/4900=177*144/49=25488/49≈520.16.

So, the answers are approximately 109.3 feet and 520.2 feet.

Depending on rounding, maybe to two decimal places: 109.27 and 520.16, so 109.3 and 520.2.

The problem says ""put your final answer inside \boxed{}"". Since it's two answers, we need to box both.

The question says: ""At 55 mph, stopping distance=[ANS] (include) At 120 mph, stopping distance=[ANS] (include)""

So, the answers are approximately 109.3 and 520.2.

But let's check if the problem expects integer values. For example, 109 and 520.

But given that 177 is a whole number, but the calculation gives decimals, so probably expects one decimal place.

Let me compute 109.27 is approximately 109.3, and 520.16 is approximately 520.2.

So, the answers are 109.3 feet and 520.2 feet.

Wait, but let's see if there's a different interpretation.

Wait, the problem says ""stopping distance is proportional to the square of the velocity"". So, d ∝ v², which is correct for some models (like kinetic energy, but actually, in reality, stopping distance is proportional to v squared, because the braking force is related to the deceleration, but the problem states it's proportional to the square, so we go with that).

So, the calculations are correct.

Thus, the stopping distance at 55 mph is approximately 109.3 feet, and"
757,"Okay, let's try to figure out this problem. So, we have three students: Anita, Kevin, and Rachel. Each did something different with their data, and we need to determine who should use a line graph to display their data.

First, I need to remember what a line graph is used for. From what I recall, line graphs are good for showing trends over time. They help visualize how something changes continuously over a period. So, if you have data points that are collected at regular intervals over time, a line graph is appropriate because it connects the points with lines, showing the progression.

Let me go through each student one by one.

Starting with Anita. She asked her classmates which season they liked best. Hmm. So, she's collecting categorical data here—seasons. The seasons are categories: spring, summer, fall, winter. She's asking each classmate to pick a season. This is probably a frequency table or a bar chart. Because you want to show how many people like each season. Since it's categorical data with no inherent order (though seasons do have an order, but in terms of liking, it's just counts), a bar graph would be better here. A line graph doesn't make much sense here because there's no time component. It's not about change over time; it's about comparing different categories. So, Anita probably shouldnื่t use a line graph. Maybe a pie chart or bar chart.

Next, Kevin. He measured and recorded the height of the snow in his backyard every 15 minutes during a 2 hour snowstorm. Okay, so he's taking measurements over time. Every 15 minutes for two hours. So, time is the independent variable here, and the snow height is the dependent variable. Since he's recording data points at regular intervals over time, a line graph would be perfect. Because you can see how the snow height changed over time. Like, did it increase steadily, decrease, or fluctuate? A line graph shows the trend over time. So Kevin definitely should use a line graph.

Then Rachel. She recorded the total snowfall in 3 different towns. Wait, ""total snowfall"" in 3 different towns. Hmm. So, does she have data for each town's total snowfall? Like, maybe she has the total amount of snow that fell in each town (like inches or centimeters) for a certain period? Or is it over time?

Wait, the question says ""recorded the total snowfall in 3 different towns."" Total snowfall usually refers to the cumulative amount that has fallen. But if she's recording total snowfall, maybe it's a single value per town? Like, for example, Town A got 10 inches, Town B got 15 inches, etc. But if she's doing this over time, like tracking how much snow has fallen each day, then it's different.

Wait, the wording is a bit ambiguous. Let me think again. The problem states: ""Rachel recorded the total snowfall in 3 different towns."" So, ""total snowfall"" might mean the total amount that has fallen in each town. For example, she might have data like: Town X has 5 inches of snow, Town Y has 8 inches, Town Z has 3 inches. If that's the case, then she's comparing three different towns' total snowfall. In this case, it's categorical data (towns) vs. snowfall amounts. So, a bar graph would be appropriate here to compare the totals. A line graph isn't useful here because there's no time component. Unless she's tracking the total snowfall over time in each town. Wait, the problem says ""recorded the total snowfall"", which might mean the total accumulated, but if it's a single measurement (like the current total), then it's just three numbers. But maybe she's doing it over time?

Hmm, the problem says ""recorded the total snowfall in 3 different towns"". The key here is whether Rachel's data has a time component. If she's recording the total snowfall in each town as a single value (like the total that has fallen in a day), then it's just three data points without time. But if she's recording it over time (like daily total snowfall), then it's time-series data.

Wait, the problem says ""recorded the total snowfall in 3 different towns"". The phrase ""total snowfall"" usually refers to the cumulative amount. So, if she's doing this over a period, like a week, but the problem doesn't specify. Hmm. Wait, the problem says ""Rachel recorded the total snowfall in 3 different towns."" So maybe she has three different towns, each with a total snowfall (i.e., the total amount that has fallen). For example, she found out that in Town A, the total snow was 10 cm, Town B 15 cm, Town C 5 cm. Then she wants to show this. In this case, it's a comparison of three different towns' snow totals. So, a bar graph would be better here. A line graph is for continuous data over time. Since there's no time involved here (it's just a single total per town), a line graph wouldn't be appropriate.

But wait, another angle: if Rachel is recording the total snowfall each day over time in each town. Like, she's tracking how much snow has fallen each day in each town. Then she could use a line graph for each town over time. But the problem says ""the total snowfall in 3 different towns"". Hmm. The wording is a bit unclear. Let's look back.

The problem says: ""Rachel recorded the total snowfall in 3 different towns."" So, it's possible that she has three different towns, each with a total snowfall (i.e., the total amount that has fallen in a specific time period). For example, she might have done a survey where she measured the total snow in each town (like after a storm), so it's a single data point per town. In that case, it's categorical data (towns) vs. snow amount. So bar graph.

Alternatively, if she's tracking the total snowfall over time (like daily), then it's time series. But the problem says ""total snowfall"", which is a snapshot. Hmm. The term ""total snowfall"" is often used as the cumulative amount. For example, ""this month's total snowfall in the town is 10 inches"". So, if she recorded the total for each town (in a single time period), then it's just three numbers. So, no time component. So, a bar graph would be better.

So, in this case, Rachel's data is categorical (three different towns) with a quantitative measure (snowfall amount). So, bar chart. Not a line graph.

Wait, but the options are:

A. Anita and Rachel only

B. Rachel only

C. Kevin only

D. Kevin and Rachel only

So, according to my analysis, Kevin should use a line graph (since he's measuring over time), and Rachel probably not. Anita also not. So the answer would be C. Kevin only.

Wait, but let me double-check.

Anita: seasons liked. So, she's getting a list of seasons. For example, 40% prefer spring, 30% summer, etc. This is a bar chart. No line graph.

Kevin: snow height every 15 minutes for two hours. So, time is the x-axis, snow depth is y-axis. Definitely a line graph.

Rachel: total snowfall in 3 towns. If it's just the total amount (e.g., 5 inches in town A, 10 in town B), then it's a bar graph. If she's doing it over time (like daily totals), then it's a line graph. But the problem says ""recorded the total snowfall"", which is a single value (total) for each town. So, it's a comparison across towns. So bar graph.

Wait, but the problem says ""the total snowfall in 3 different towns"". So, maybe she's recording the total snow that fell in each town over a period. For example, she might have data like:

Town 1: 5 inches

Town 2: 8 inches

Town 3: 3 inches

So, she wants to show this. That's a bar graph. So no line.

Therefore, only Kevin should use a line graph. So answer C.

Wait, but let me check the options again.

Options:

A. Anita and Rachel only

B. Rachel only

C. Kevin only

D. Kevin and Rachel only

So, according to my analysis, C. Kevin only.

But wait, wait. Wait, another thought: sometimes ""total snowfall"" can refer to the accumulation over time. Like, if Rachel is tracking how much snow has fallen each day in each town, then she could have a time series. For example, she records each day's total snowfall. Then, a line graph would be appropriate for each town over time.

But the problem says ""recorded the total snowfall in 3 different towns"". Hmm. The wording is a bit ambiguous.

Wait, the problem states: ""Rachel recorded the total snowfall in 3 different towns."" So, the key here is ""total snowfall""—if it's the total amount that has fallen in a given time period (like a month), then it's a single value per town. But if she's recording it over time (like daily), then it's a time series.

But the problem says ""recorded the total snowfall"", which is a bit confusing. In meteorology, ""total snowfall"" is the cumulative amount. So, if she's recording the total for each town (i.e., the total that has fallen in a certain period), then it's a single number per town. So, bar chart.

But if she's doing it over time (i.e., she's tracking the total each day), then it's a line graph.

Hmm. The problem says ""recorded the total snowfall in 3 different towns"". The phrase ""recorded"" suggests that she has multiple data points. Wait, but ""total snowfall"" is a single value. For example, if she went to each town and measured the total snow (like after a storm), then she has three data points. But if she's doing it over time, like each day, then it's more than one data point.

Wait, the problem says ""recorded the total snowfall in 3 different towns"". So, maybe she has three towns, and for each town, she recorded the total snowfall (i.e., the total amount that fell in a particular time period). So, for example, she did this once, and now she has three numbers. Then, it's a bar graph.

But if she's doing it over time (like each day), then she has multiple data points per town. But the problem says ""the total snowfall"", which is a single value. Hmm.

Given the problem statement, I think the intended answer is that Kevin uses a line graph (because he's taking measurements over time), and Rachel does not. So answer C.

Wait, but let's check the options again. The options are:

A. Anita and Rachel only

B. Rachel only

C. Kevin only

D. Kevin and Rachel only

So, if only Kevin uses a line graph, then answer C.

But wait, another angle: sometimes when you have discrete categories, you don't use line graphs. But for time series data, you do.

Wait, Kevin is measuring every 15 minutes over 2 hours. So, time is the independent variable. So line graph is correct.

Rachel: if she's comparing total snowfall in three towns (as in, the total amount each town has), then it's a bar graph. So no line.

Anita: categorical data (seasons), so bar chart.

So, only Kevin uses a line graph. So answer C.

But wait, the problem says ""Who should use a line graph to display their data?"" So, the answer is Kevin only. So option C.

But wait, wait. Let me check if Rachel could be using a line graph.

Suppose Rachel is recording the total snowfall each day in each town. For example, she has data for several days. Then, she could use a line graph to show how the total snowfall changes over time in each town. But the problem says ""recorded the total snowfall in 3 different towns"". If it's a single total (like the total for the whole period), then it's just three numbers. But if she's doing it over time (multiple days), then it's a time series.

But the problem says ""recorded the total snowfall"", which is a bit vague. However, in typical math problems like this, ""total snowfall"" in different towns would be a single value per town, so a bar graph. So Rachel does not use a line graph.

Hence, the answer is C. Kevin only.

Wait, but let me think again. Another possibility: if Rachel is recording the total snowfall (i.e., the amount) in each town over time, like daily. For example, she has data for each town's daily snowfall. Then, a line graph would be appropriate. But the problem says ""the total snowfall"", which is a bit confusing. If it's ""total"" as in the entire amount, then it's a single number. But if she's tracking daily, then it's a time series.

Hmm. The problem states: ""Rachel recorded the total snowfall in 3 different towns."" So, maybe she has three towns, each with a total snowfall (i.e., the total amount that has fallen in a given period). So, for example, she measured the total snow in each town over a week. So, it's a single value per town. So, bar graph.

In that case, Rachel does not use a line graph.

So, yes, only Kevin uses a line graph. Answer C.

Wait, but the problem says ""recorded the total snowfall in 3 different towns"". If she's recording it over time (i.e., multiple time points), then it's a time series. But the wording ""total snowfall"" suggests a single total. For example, ""the total snowfall in New York last year was 50 inches"". So, if she's doing this for three towns, it's just three numbers. So, bar graph.

So, conclusion: Kevin only. Answer C.

But wait, the options are given as:

A. Anita and Rachel only

B. Rachel only

C. Kevin only

D. Kevin and Rachel only

So, according to my analysis, C is correct.

Wait, but wait. Let me check if there's any other interpretation.

Another thought: Sometimes, line graphs can be used for categorical data if the categories are ordered. But seasons are ordered (winter, spring, summer, fall), but Anita is asking which season they like best. So, she's getting a count per season. So, a bar graph. If she wanted to show the trend over time (but she's not; she's asking her classmates' preferences, which is a snapshot). So, no line graph.

So, yes, only Kevin.

Wait, but hold on. The problem says ""display their data"". So, each student has their own data. We need to say who should use a line graph.

So, Kevin: yes.

Rachel: ?

If Rachel's data is three towns' total snowfall (a single value each), then no. If it's over time, then yes.

But the problem states: ""Rachel recorded the total snowfall in 3 different towns."" The phrase ""recorded"" implies that she has multiple data points. But ""total snowfall"" is a single value. Hmm.

Wait, maybe the key is in the word ""total"". If she's recording the total snowfall each day in each town, then she has multiple data points over time. For example, she records the total snow each day for a week. Then, a line graph would be appropriate for each town over time.

But the problem says ""the total snowfall"", which is a bit confusing. In some contexts, ""total snowfall"" refers to the entire amount that has fallen in a period. So, if she's doing this over time (daily), then she has a time series.

But the problem says ""recorded the total snowfall in 3 different towns"". So, maybe she has three towns, and for each town, she recorded the total snowfall (i.e., the total amount that fell in a specific time period). So, it's a single value per town. So, bar graph.

I think in most basic math problems like this, ""total snowfall"" in different towns is a single value per town, so bar graph.

So, Rachel does not use a line graph.

Thus, the answer is C: Kevin only.

Wait, but wait. Let me check the options again. Option D is ""Kevin and Rachel only"". So, if Rachel does use a line graph, then D would be the answer.

But why would Rachel use a line graph?

Ah! Wait a second. Maybe Rachel is recording the total snowfall over time in each town. Like, she's doing a study where she measures the snow each day in each town, and she wants to show how the snowfall changes over time. In that case, a line graph would be appropriate.

For example, if Rachel has data like:

Town A: 1 inch on day 1, 2 inches on day 2, 3 inches on day 3...

Then a line graph would show the trend.

But the problem says ""recorded the total snowfall in 3 different towns"". If ""total snowfall"" here refers to the cumulative amount each day, then yes, it's a time series. But the term ""total snowfall"" usually means the entire amount that has fallen, so if she's recording it over time, it's a time series.

Wait, this is a bit confusing.

Let me think of standard examples.

In statistics, line graphs are used for continuous data over time. So, if you have data points that are measured at different times, a line graph is suitable.

Kevin: he's measuring snow height every 15 minutes during a snowstorm. So, time is the independent variable, and snow height is dependent. So, line graph is perfect.

Rachel: if she's recording total snowfall in three towns over time (like daily), then she could have a line graph for each town. But the problem says ""the total snowfall in 3 different towns"". If she has three towns' data over time, then yes, line graphs would be used.

But the problem states ""recorded the total snowfall in 3 different towns"". The wording here is tricky. If she recorded the total snowfall (i.e., the total amount) for each town, then it's a single value per town. But if she's recording it over time (iely, multiple time points), then it's a time series.

Given that the problem is for a school project, and the context of the question, I think the intended answer is D: Kevin and Rachel only. Wait, why?

Wait, no. Wait, another angle: Rachel recorded the total snowfall in 3 different towns. So, she has three towns, each with a total snowfall (maybe the total for a specific time period, like a month). So, she has three data points. In this case, it's a bar graph. But if she's doing it over time (e.g., each week), then it's a line graph.

Hmm. The problem says ""recorded the total snowfall"", which might imply that she's doing it over time. For example, she might have recorded the total snow each week in each town. But the problem doesn't specify the time frame.

This is a bit ambiguous. But given that it's a school-level problem, I think the intended answer is D: Kevin and Rachel only. Wait, why?

Wait, no. Wait, in some cases, line graphs are used for continuous data over time. Kevin's data is clearly time-based (every 15 minutes), so line graph. Rachel's data—if it's total snowfall in three towns, which is a single value per town (not time-based), then no. But if she's tracking it over time, then yes.

Wait, the problem says ""Rachel recorded the total snowfall in 3 different towns"". The key here is that ""total snowfall"" is a quantity that accumulates over time. So, if she's recording the total snowfall each day (for example), then she has a time series. So, for each town, she has a line graph showing daily total snowfall.

But the problem says ""the total snowfall"", which is a bit confusing. For example, if you have a time series of snowfall, you might use a line graph.

But typically, when you have a single total (like the total for the month), it's a single number. But if she's recording it over time (daily), then it's a time series.

Given that the problem is from a school project context, and the fact that Kevin is measuring over time (so line graph), and Rachel might be doing something similar.

Wait, no. Let's think: if Rachel is comparing the total snowfall in three towns (i.e., the total amount that has fallen in a given period), then it's a bar graph. If she's tracking how much snow falls each day in each town, then it's a time series, so line graph.

But the problem says ""recorded the total snowfall in 3 different towns"". The word ""total"" here might indicate that it's the entire amount, not the rate. So, for example, she might have data like:

Town A: 5 inches total

Town B: 10 inches total

Town C: 3 inches total

So, it's just three numbers. In this case, a bar graph is appropriate. So, no line graph.

But if she's doing it over time (i.e., multiple time points), then it's different.

Since the problem says ""recorded the total snowfall"", which is a single total, not a time series, I think Rachel does not use a line graph.

So, only Kevin uses a line graph. Answer C.

But wait, the options include D: Kevin and Rachel only. So, maybe I'm missing something.

Wait, another thought: sometimes, when you have two variables, you use a line graph. But no, line graphs are for one variable over time.

Wait, let's recap:

- Line graphs are best for showing trends over time.

- Bar graphs are for comparisons between categories.

- Pie charts for parts of a whole.

Anita: seasons liked. So, she's counting how many people like each season. This is a categorical comparison. So, bar graph.

Kevin: snow height every 15 minutes. Time series data. Line graph.

Rachel: total snowfall in 3 towns. If it's a single total per town (like a snapshot), then bar graph. If it's over time (e.g., daily), then line graph.

But the problem says ""recorded the total snowfall in 3 different towns"". The phrase ""recorded"" might imply that she has multiple data points. But ""total snowfall"" is a single value.

Wait, perhaps the problem is designed such that Rachel's data is also time-based. For example, she recorded the total snowfall each day in each town. So, she has three time series (one per town). In that case, she would use line graphs for each town over time.

But the problem says ""recorded the total snow"
758,"Okay, let's try to figure out this problem. So, the question is about whether the sample average of household sizes from a simple random sample of individuals in Vancouver is systematically biased upwards, downwards, or is a good estimator.

First, I need to recall what systematic bias means here. Systematic bias in statistics usually refers to a consistent error in the estimator. So, if we take a simple random sample of individuals and ask them their household size, how does that affect the estimate?

Wait, household size is the number of people in a household. So each individual in the sample reports the size of their own household. For example, if someone lives in a household with 2 people, they say 2. If they're part of a household with 3 people, they say 3, etc.

But here's the thing: when we take a sample of individuals, each individual's response is the size of their household. Now, suppose we have a population of households. Let's say there are N households in Vancouver, each with a certain size. Let's denote the true average household size as μ (the population parameter we want to estimate).

Now, if we take a simple random sample of individuals (not households), then each individual in the sample will report their household size. The key here is that the sample average of these individual responses is not the same as the average household size.

Let me think. Suppose we have a population of households. Let’s say there are H households, each with size h_i for i = 1 to H. Then the total number of individuals is sum_{i=1}^H h_i. The average household size is (sum h_i)/H = μ.

Now, if we take a simple random sample of individuals, each individual's response is their household size. So, for each individual in the sample, we get a value h_j (their household size). The sample average of these h_j's is what we're looking at.

But here's the catch: the distribution of the household sizes reported by individuals depends on the distribution of household sizes. For example, larger households have more individuals. So, if there are many small households (like 1-person households) and few large ones (like 4-person households), then the proportion of individuals reporting a household size of 1 would be higher than those reporting 4.

So, the expected value of the sample average of individual household sizes should be... Hmm. Let's model this.

Supื่

Wait, let�

Let me formalize this.

Let’s consider the population of individuals. Each individual belongs to a household of size h. Let’s denote the probability that a randomly selected individual comes from a household of size h as p_h. Then, the expected value of the household size reported by a random individual is E[h] = sum_{h} h * p_h.

But the population average household size (per household) is μ = (sum h_i)/H, where H is the number of households.

The key is that the distribution of h for individuals is different from the distribution of h for households.

In fact, the expected value of the household size as reported by individuals (E[h_individual]) is equal to the average household size weighted by the number of people in each household.

Wait, yes. Let's see:

Suppose we have a population of households. Let’s say there are n_1 households of size 1, n_2 of size 2, ..., n_k of size k. Then total number of individuals is N = n_1*1 + n_2*2 + ... + n_k*k.

The average household size (per household) is μ = (n_1*1 + n_2*2 + ... + n_k*k) / (n_1 + n_2 + ... + n_k).

The average household size as reported by individuals: each individual in a size-h household will report h. So, the total sum of all individual responses is sum_{all individuals} h_i = sum_{h=1}^k h * (number of individuals in size-h households) = sum h * (n_h * h) = sum h² * n_h.

Therefore, the average reported household size per individual is (sum h² * n_h) / N.

Wait, no: Wait, the sample average of household sizes from individuals would be (sum of h_i for all sampled individuals) divided by the number of sampled individuals.

But in the population, the overall average household size (per household) is μ = (sum h_i) / (number of households) = (sum h_i) / H.

But the average reported by individuals is (sum h_i * number of individuals in each household) / (total number of individuals) ?

Wait, maybe it's better to take a concrete example.

Suppose there are two types of households: 50% of households are size 1 (single-person households), and 50% are size 2 (two-person households).

So, number of households: let's say 100 households total. Then 50 households of size 1, 50 households of size 2.

Total individuals: 50*1 + 50*2 = 50 + 100 = 150 individuals.

Average household size (per household): (50*1 + 50*2)/100 = (50 + 100)/100 = 150/100 = 1.5.

Now, if we take a simple random sample of individuals. Let's say we sample 100 individuals.

In the population, 50% of individuals are from size-1 households (since there are 50 individuals in size-1 households out of 150 total), so 50/150 = 1/3 ≈ 33.3% of individuals are in size-1 households, and 2/3 are in size-2 households.

Wait, actually, the proportion of individuals in size-1 households is 50/150 = 1/3, and size-2 is 100/150 = 2/3.

So, if we take a random sample of individuals, the expected value of the household size reported by an individual is:

E[reported size] = (1/3)*1 + (2/3)*2 = 1/3 + 4/3 = 5/3 ≈ 1.666...

But the true average household size (per household) is 1.5.

So in this case, the average reported by individuals is higher than the true average.

Wait, so in this example, the sample average of household sizes (from individuals) is biased upwards.

Wait, but this is a population parameter. If we take a sample of individuals, the sample average would be an estimate of this ""individual-reported average"", which is different from the household average.

So, the question is: if we take a simple random sample of individuals and ask their household size, then the sample average of these responses is a biased estimator of the true average household size (per household).

In the example above, the true average household size is 1.5, but the average reported by individuals is ~1.666, so the estimator (the average of individual responses) is higher than the true value. So, it's systematically biased upwards.

Wait, but in this example, the sample average (if we take a large enough sample) would have expectation equal to the population average of the reported values, which is 5/3 ≈ 1.666, whereas the true average household size is 1.5. So, the estimator is biased upwards.

Another example: suppose all households are size 1. Then the reported average is 1, which equals the true average.

If all households are size 2, then the reported average is 2, which equals the true average.

But in mixed cases, like the previous example, the reported average is higher.

Another example: 100 households, 90 of size 1, 10 of size 3.

Total individuals: 90*1 + 10*3 = 90 + 30 = 120.

True average household size: (90*1 + 10*3)/100 = (90 + 30)/100 = 120/100 = 1.2.

The average reported by individuals: (90*1 + 10*3*3)/120? Wait, no.

Wait, each individual in a size-1 household reports 1, each in size-3 reports 3.

Total sum of individual responses: 90*1 + 30*3 = 90 + 90 = 180.

Average reported by individuals: 180 / 120 = 1.5.

True average household size is 1.2. So again, the reported average is higher than the true average.

Hmm, so in both examples, the average household size as reported by individuals is higher than the true average household size (per household).

So, this suggests that the estimator is systematically biased upwards.

Wait, why is that?

Because larger households contribute more individuals to the sample. So, for a given household size h, there are h individuals who report h. Therefore, the average of the reported sizes is a weighted average where larger households have a higher weight.

In other words, the expected value of the household size reported by a random individual is equal to the sum over h of h^2 * f(h) where f(h) is the proportion of individuals in households of size h.

Wait, more precisely, the expected value of the reported size for a random individual is:

E[h] = sum_{h} h * P(an individual is from a household of size h)

Which is equal to sum_{h} h * [ (number of individuals in size h households) / total individuals ]

= sum_{h} h * [ (h * n_h) / N ] where N = total individuals = sum h * n_h

So, E[h] = sum h * (h * n_h) / (sum h * n_h) )

Wait, no: the probability that a random individual is from a size-h household is (h * n_h) / N, since there are h*n_h individuals in size-h households.

So, E[reported size] = sum_{h} h * [ (h * n_h) / N ]

= (sum h² n_h ) / N

Whereas the true average household size (per household) is μ = (sum h * n_h ) / (sum n_h )

So, in the first example:

n_1 = 50, n_2 = 50 (households)

Total households H = 100

Total individuals N = 50*1 + 50*2 = 150

E[reported] = (50*1² + 50*2²) / 150 = (50*1 + 50*4)/150 = (50 + 200)/150 = 250/150 ≈ 1.666...

True μ = (50*1 + 50*2)/100 = 150/100 = 1.5

So, E[reported] > μ

Similarly, in the second example:

n_1 = 90, n_3 = 10

Total households H = 100

Total individuals N = 90*1 + 10*3 = 120

E[reported] = (90*1² + 10*3²)/120 = (90 + 10*9)/120 = (90 + 90)/120 = 180/120 = 1.5

True μ = (90*1 + 10*3)/100 = 120/100 = 1.2

Again, E[reported] > μ.

So, in general, for any distribution where there exists households of size greater than 1, the reported average is higher than the true average.

Wait, but what if all households are size 1? Then E[reported] = 1, which equals μ. Similarly, if all households are size 2, then E[reported] = 2 = μ.

But in most real-world scenarios, there are households of varying sizes, so typically, the reported average is higher.

This suggests that the sample average of household sizes (from individuals) is systematically biased upwards as an estimator of the average size of Vancouver households.

Therefore, the correct answer would be option C.

Wait, but let's check the options:

A. systematically biased downwards

B. sensible as an estimator

C. systematically biased upwards

So, according to our examples, it's biased upwards. So answer C.

But wait, the question says ""the sample average of household size will be"". So, when they say ""sample average of household size"", they mean the average of the household sizes reported by the sampled individuals.

Yes, because each individual reports their household size, so the sample average is the average of those numbers.

And from our examples, this average is higher than the true average household size (per household).

Hence, it's systematically biased upwards.

Therefore, the answer is C.
</think>

To determine whether the **sample average of household sizes**—obtained by asking a simple random sample of individuals about their **own** household size—is a **systematically biased** estimator of the **true average household size** in Vancouver, we must analyze the relationship between **individual-level data** and **household-level data**.

---

### Understanding the Problem

We are sampling **individuals**, not households. Each individual reports the **size of their own household** (e.g., a person in a family of 3 says ""3""). The key point is that **larger households contribute more individuals** to the sample than smaller ones.

Let’s define:

- $ h_i $: the size of the $ i $-th household
- $ n_h $: number of households of size $ h $
- $ N = \sum h \cdot n_h $: total number of individuals
- $ H = \sum n_h $: total number of households

The **true average household size** (per household) is:
$$
\mu = \frac{\sum h \cdot n_h}{H}
$$

The **average reported by individuals** is:
$$
\bar{h}_{\text{individual}} = \frac{\sum h^2 \cdot n_h}{N}
$$

This is because each individual in a household of size $ h $ contributes $ h $ to the numerator (they report $ h $), and there are $ h $ such individuals per household.

---

### Why This Matters

The critical observation is that **larger households have more individuals** in the population. So, when we take a random sample of individuals, we are **overrepresenting larger households** in the sample.

This leads to a **systematic upward bias** in the estimated average household size compared to the true population average (per household).

#### Example:

Suppose:
- 50 households of size 1
- 50 households of size 2

Then:
- Total individuals: $ 50 \times 1 + 50 \times 2 = 150 $
- True average household size (per household):  
  $$
  \mu = \frac{50 \cdot 1 + 50 \cdot 2}{100} = 1.5
  $$
- Average reported by individuals:  
  $$
  \bar{h}_{\text{individual}} = \frac{50 \cdot 1^2 + 50 \cdot 2^2}{150} = \frac{50 + 200}{150} = \frac{250}{150} \approx 1.67
  $$

Here, the **sample average of household sizes** (from individuals) is **higher** than the **true average household size**.

This pattern holds generally: **larger households contribute more individuals** to the sample, so they are **overrepresented** in the sample average.

---

### Interpretation

This means that if we estimate the **average household size** using a **simple random sample of individuals**, we will **consistently overestimate** the true average household size (per household). 

Thus, the **sample average of household sizes** (from individuals) is **systematically biased upwards** as an estimator of the **true average size of Vancouver households**.

---

### Final Answer

$$
\boxed{C}
$$"
759,"Okay, so I need to figure out this question about the sampling distribution of the sample mean. The question is asking, by what distribution can you often approximate it? The options are A. reverse-J-shaped distribution, B. uniform distribution, C. normal distribution, D. none of the above.

Hmm, let me recall what I know about sampling distributions. From my statistics classes, I remember that the Central Limit Theorem (CLT) is super important here. The CLT says that if you have a large enough sample size, the sampling distribution of the sample mean will be approximately normally distributed, regardless of the shape of the population distribution. Wait, but does it say ""large enough""? Yeah, usually n > 30 or something like that.

Wait, the question says ""by what distribution can you often approximate it?"" So the sampling distribution of the sample mean... if we take many samples and look at their means, what's the shape? According to CLT, it should approach a normal distribution as the sample size increases. So the answer might be C. normal distribution.

But wait, the question says ""although in general you cannot know the sampling distribution of theื่ sample mean exactly"". Hmm, so they're saying that you can't know it exactly, but you can approximate it with what?

Let me think. For example, if the population is normally distributed, then the sampling distribution of the sample mean is also normal. But even if the population isn't normal, with large n, CLT says it's approximately normal. So in many cases, especially when n is large, we use the normal distribution to approximate the sampling distribution.

So the answer should be C. normal distribution.

Wait, but let me check the other options. Reverse-J-shaped distribution? That sounds like a skewed distribution, maybe with a long tail on one side. Uniform distribution? Well, a uniform distribution is flat, all values equally likely. But the sampling distribution of the sample mean... unless the population is uniform, but even then, the sampling distribution would depend on the sample size.

Wait, the key point here is that the Central Limit Theorem tells us that for large samples, the sampling distribution of the sample mean is approximately normal. So regardless of the original population's distribution, as long as the sample size is sufficiently large, the sampling distribution approaches normality.

Therefore, the answer should be C. normal distribution.

But wait, the question says ""by what distribution can you often approximate it?"" So ""often"" here refers to common cases. Like, in most situations where you have a large enough sample, you can approximate the sampling distribution with a normal distribution.

Yes, so I think C is correct.

Let me see why the other options are wrong. A. reverse-J-shaped: that's a specific type of distribution with a tail on the right and a peak on the left? Not sure about the exact definition, but reverse-J-shaped is probably not the standard approximation for sampling distributions. B. uniform distribution: the sampling distribution of the sample mean is rarely uniform, unless the population has some very specific properties. D. none of the above: but since C seems right, D is probably not the answer.

Wait, but wait a second. The question says ""although in general you cannot know the sampling distribution of the sample mean exactly, by what distribution can you often approximate it?""

Wait, the phrase ""sampling distribution of the sample mean"" – so we're talking about the distribution of the sample mean. So according to CLT, it's approximately normal. So yes, the answer is C.

I think that's solid. So the answer is C.
</think>

The question asks: *By what distribution can you often approximate the sampling distribution of the sample mean?*

---

### Understanding the Concept

The **sampling distribution of the sample mean** refers to the distribution of the means of all possible samples of a given size $ n $ drawn from a population. While the exact shape of this distribution depends on the underlying population distribution and the sample size, the **Central Limit Theorem (CLT)** provides a powerful and widely applicable rule for approximating this distribution.

According to the **Central Limit Theorem**, as the sample size $ n $ increases, the **sampling distribution of the sample mean** becomes increasingly **approximately normal**, regardless of the shape of the original population distribution (as long as the samples are independent and identically distributed).

This is a fundamental principle in statistical inference and is used extensively in practice to make assumptions about the behavior of sample means.

---

### Evaluating the Options

- **A. reverse-J-shaped distribution**: This is a specific type of asymmetric distribution with a long tail on one side. It is **not** a typical approximation for the sampling distribution of the sample mean under the CLT. In fact, the CLT implies **normality**, not a reverse-J shape.

- **B. uniform distribution**: A uniform distribution has equal probability across a range of values. However, the sampling distribution of the sample mean is **rarely** uniform unless the population itself has a very specific structure (e.g., a uniform population). This is **not** a common approximation for the sampling distribution of the sample mean.

- **C. normal distribution**: As per the **Central Limit Theorem**, for large enough sample sizes, the sampling distribution of the sample mean is **approximately normal**. This is a **standard and widely accepted** approximation in statistical practice. Therefore, this is the correct answer.

- **D. none of the above**: Since **C** is a valid and commonly used approximation, this option is incorrect.

---

### Conclusion

Given the context of the question and the role of the Central Limit Theorem in statistical theory, the **most appropriate and commonly used approximation** for the sampling distribution of the sample mean is the **normal distribution**.

$$
\boxed{C}
$$"
760,"Okay, let's try to figure out this problem. We need to find the sum of the series \(\sum_{n=1}^\infty \frac{ x^{4 \cdot n - 1} }{ 4 \cdot n - 1 }\) using integration of series. Hmm, I remember that integrating a power series can help us get rid of the exponent in the numerator, which might be useful here since we have \(x^{4n - 1}\) over \(4n - 1\). 

First, let's recall that the integral of a geometric series might be helpful. The standard geometric series is \(\sum_{n=0}^\infty r^n = \frac{1}{1 - r}\) for \(|r| < 1\). If we integrate term by term, we can get a series with \(r^n\) in the numerator. Let me think about the general approach.

Let's denote the given series as \(S(x) = \sum_{n=1}^\infty \frac{ x^{4n - 1} }{ 4n - 1 }\). Maybe we can start by considering the derivative of \(S(x)\), because differentiating a series often gives a simpler series (like a geometric series), which we can sum, then integrate back.

Let's compute \(S'(x)\). If \(S(x) = \sum_{n=1}^\infty \frac{x^{4n - 1}}{4n - 1}\), then \(S'(x) = \sum_{n=1}^\infty \frac{(4n - 1)x^{4n - 2}}{4n - 1} = \sum_{n=1}^\infty x^{4n - 2}\). Wait, that simplifies nicely! So \(S'(x) = \sum_{n=1}^\infty x^{4n - 2}\).

Let's rewrite that sum: \(\sum_{n=1}^\infty x^{4n - 2} = x^{-2} \sum_{n=1}^\infty (x^4)^n\). Because \(x^{4n - 2} = x^{4n} \cdot x^{-2} = (x^4)^n \cdot x^{-2}\). So factoring out \(x^{-2}\), we get \(x^{-2} \sum_{n=1}^\infty (x^4)^n\).

The sum \(\sum_{n=1}^\infty (x^4)^n\) is a geometric series starting at \(n=1\), so it's \(\frac{x^4}{1 - x^4}\) for \(|x^4| < 1\), i.e., \(|x| < 1\). Wait, but actually, the radius of convergence for the original series might be different, but let's proceed.

So \(S'(x) = x^{-2} \cdot \frac{x^4}{1 - x^4} = \frac{x^2}{1 - x^4}\), provided \(|x| < 1\). Wait, let's check:

Wait, \(\sum_{n=1}^\infty r^n = \frac{r}{1 - r}\) for \(|r| < 1\). Here, \(r = x^4\), so \(\sum_{n=1}^\infty (x^4)^n = \frac{x^4}{1 - x^4}\). Then multiplying by \(x^{-2}\) gives \(x^{-2} \cdot \frac{x^4}{1 - x^4} = \frac{x^2}{1 - x^4}\). Yes, that's correct.

So \(S'(x) = \frac{x^2}{1 - x^4}\). Now we need to integrate this to get \(S(x)\). But first, let's note the domain where this series converges. The original series is a power series in \(x\), so its radius of convergence is determined by the terms. For \(|x| < 1\), the geometric series converges, but maybe the interval of convergence is \(|x| < 1\) or \(|x| \leq 1\), but we'll focus on the interval where the series converges.

But let's proceed with integration. So \(S(x) = \int S'(x) dx + C\). Let's compute the integral of \(\frac{x^2}{1 - x^4}\) dx.

First, factor the denominator: \(1 - x^4 = (1 - x^2)(1 + x^2) = (1 - x)(1 + x)(1 + x^2)\). So partial fractions might be needed. Alternatively, note that \(1 - x^4 = (1 - x^2)(1 + x^2) = (1 - x)(1 + x)(1 + x^2)\), but maybe we can write \(\frac{x^2}{1 - x^4} = \frac{x^2}{(1 - x^2)(1 + x^2)}\).

Alternatively, recall that \(\frac{x^2}{1 - x^4} = \frac{1}{1 - x^4} \cdot x^2\). Wait, another approach: note that \(\frac{d}{dx} \arctan(x) = \frac{1}{1 + x^2}\), and \(\frac{d}{dx} \ln|x - 1| = \frac{-1}{1 - x}\), but maybe integrating \(\frac{x^2}{1 - x^4}\) can be done by substitution.

Let me try partial fractions. Let's set \(\frac{x^2}{1 - x^4} = \frac{Ax + B}{1 - x} + \frac{Cx + D}{1 + x} + \frac{Ex + F}{1 + x^2}\). Wait, but \(1 - x^4 = (1 - x)(1 + x)(1 + x^2)\), so the factors are linear and quadratic.

Alternatively, notice that \(\frac{x^2}{1 - x^4} = \frac{x^2}{(1 - x^2)(1 + x^2)} = \frac{1}{2} \cdot \frac{1}{1 - x^2} + \frac{1}{2} \cdot \frac{1}{1 + x^2}\)? Wait, no, let's do partial fractions properly.

Let’s write \(\frac{x^2}{1 - x^4} = \frac{x^2}{(1 - x^2)(1 + x^2)} = \frac{A}{1 - x} + \frac{B}{1 + x} + \frac{Cx + D}{1 + x^2}\). Wait, maybe better to use substitution.

Alternatively, note that \(\frac{x^2}{1 - x^4} = \frac{1}{1 - x^4} \cdot x^2 = \frac{1}{(1 - x^2)(1 + x^2)} \cdot x^2\). Let's try to express this as a combination of known integrals.

Wait, another idea: the integral of \(\frac{x^2}{1 - x^4} dx\) can be written as \(\int \frac{x^2}{(1 - x^2)(1 + x^2)} dx\). Let's split the fraction:

Let me set \(\frac{x^2}{(1 - x^2)(1 + x^2)} = \frac{1}{2} \cdot \frac{1}{1 - x^2} + \frac{1}{2} \cdot \frac{1}{1 + x^2}\). Wait, let's check:

Suppose \(\frac{x^2}{(1 - x^2)(1 + x^2)} = \frac{a}{1 - x^2} + \frac{b}{1 + x^2}\). Then combining the right-hand side: \(\frac{a(1 + x^2) + b(1 - x^2)}{(1 - x^2)(1 + x^2)} = \frac{(a + b) + (a - b)x^2}{1 - x^4}\).

Set equal to \(\frac{x^2}{1 - x^4}\), so numerator must be \(x^2\). Therefore:

\(a + b = 0\) (coefficient of constant term)

\(a - b = 1\) (coefficient of \(x^2\))

Solving: from first equation, \(b = -a\). Substitute into second: \(a - (-a) = 1 \implies 2a = 1 \implies a = 1/2\), so \(b = -1/2\).

Therefore, \(\frac{x^2}{1 - x^4} = \frac{1}{2} \cdot \frac{1}{1 - x^2} - \frac{1}{2} \cdot \frac{1}{1 + x^2}\).

Ah, that's a good decomposition! So:

\(\frac{x^2}{1 - x^4} = \frac{1}{2(1 - x^2)} - \frac{1}{2(1 + x^2)}\).

Now, we can integrate each term.

So \(S'(x) = \frac{x^2}{1 - x^4}\), so \(S(x) = \int \left( \frac{1}{2(1 - x^2)} - \frac{1}{2(1 + x^2)} \right) dx\).

Integrating term by term:

\(\int \frac{1}{1 - x^2} dx = \frac{1}{2} \ln \left| \frac{1 + x}{1 - x} \right| + C\) (since \(\int \frac{1}{1 - x^2} dx = \frac{1}{2} \ln \left| \frac{1 + x}{1 - x} \right| \)).

And \(\int \frac{1}{1 + x^2} dx = \arctan(x) + C\).

Therefore,

\(S(x) = \frac{1}{2} \cdot \left( \frac{1}{2} \ln \left| \frac{1 + x}{1 - x} \right| \right) - \frac{1}{2} \cdot \arctan(x) + C\)

Wait, wait, no: the integral of \(\frac{1}{2(1 - x^2)}\) is \(\frac{1}{2} \times \frac{1}{2} \ln \left| \frac{1 + x}{1 - x} \right| = \frac{1}{4} \ln \left| \frac{1 + x}{1 - x} \right|\).

Similarly, the integral of \(-\frac{1}{2(1 + x^2)}\) is \(-\frac{1}{2} \arctan(x)\).

So putting it all together:

\(S(x) = \frac{1}{4} \ln \left| \frac{1 + x}{1 - x} \right| - \frac{1}{2} \arctan(x) + C\).

But wait, our original series starts at \(n=1\), so we need to check the constant of integration. Let's see what happens when \(x = 0\): \(S(0) = 0\), since all terms are zero. Let's plug \(x = 0\) into the expression:

\(\frac{1}{4} \ln \left| \frac{1 + 0}{1 - 0} \right| - \frac{1}{2} \arctan(0) + C = 0 - 0 + C = C\). Since \(S(0) = 0\), we have \(C = 0\).

So \(S(x) = \frac{1}{4} \ln \left| \frac{1 + x}{1 - x} \right| - \frac{1}{2} \arctan(x)\).

Wait, but the options have terms like \(\frac{|x + 1|}{|x - 1|}\), which is the same as \(\frac{1 + x}{1 - x}\) in absolute value, so \(\ln \left| \frac{1 + x}{1 - x} \right| = \ln \left( \frac{|1 + x|}{|1 - x|} \right)\).

So the expression becomes \(S(x) = \frac{1}{4} \ln \left( \frac{|x + 1|}{|x - 1|} \right) - \frac{1}{2} \arctan(x)\).

Wait, but looking at the options, option I is: \(\frac{1}{4} \cdot \ln\left( \frac{|x+1|}{|x-1|} \right) - \frac{1}{2} \cdot \arctan(x)\). That's exactly what we have!

Wait, let's verify the steps again to make sure.

Starting with \(S(x) = \sum_{n=1}^\infty \frac{x^{4n - 1}}{4n - 1}\).

Then \(S'(x) = \sum_{n=1}^\infty x^{4n - 2} = \sum_{n=1}^\infty (x^4)^{n - 1/4}\)? Wait, no, earlier step: \(S'(x) = \sum_{n=1}^\infty x^{4n - 2}\). Let's reindex the sum.

Let \(k = n\), so when \(n=1\), the exponent is \(4(1) - 2 = 2\), so \(x^2\); \(n=2\), \(x^{6}\); etc. So \(S'(x) = x^2 + x^6 + x^{10} + \dots = \sum_{n=1}^\infty (x^4)^n / x^2\)? Wait, no.

Wait, \(x^{4n - 2} = x^{4n} \cdot x^{-2} = (x^4)^n \cdot x^{-2}\). So sum from \(n=1\) to \(\infty\) is \(x^{-2} \sum_{n=1}^\infty (x^4)^n = x^{-2} \cdot \frac{x^4}{1 - x^4} = \frac{x^2}{1 - x^4}\). That part was correct.

Then integrating \(S'(x)\) gives \(S(x)\). So we did the partial fractions correctly: \(\frac{x^2}{1 - x^4} = \frac{1}{2} \cdot \frac{1}{1 - x^2} - \frac{1}{2} \cdot \frac{1}{1 + x^2}\). Let's check with \(x = 0\): left side is 0, right side is \(\frac{1}{2} \cdot 1 - \frac{1}{2} \cdot 1 = 0\), correct. At \(x = 1/2\), left side: \((0.25)/(1 - 0.0625) = 0.25 / 0.9375 ≈ 0.2667\). Right side: \(\frac{1}{2} \cdot \frac{1}{1 - 0.25} - \frac{1}{2} \cdot \frac{1}{1 + 0.25} = \frac{1}{2} \cdot \frac{4}{3} - \frac{1}{2} \cdot \frac{4}{5} = \frac{2}{3} - \frac{2}{5} = \frac{10 - 6}{15} = \frac{4}{15} ≈ 0.2667\). Correct. So partial fractions are right.

Then integrating:

\(\int \frac{x^2}{1 - x^4} dx = \frac{1}{2} \int \frac{1}{1 - x^2} dx - \frac{1}{2} \int \frac{1}{1 + x^2} dx\)

We know that \(\int \frac{1}{1 - x^2} dx = \frac{1}{2} \ln \left| \frac{1 + x}{1 - x} \right| + C\), so \(\frac{1}{2} \times \frac{1}{2} \ln \left| \frac{1 + x}{1 - x} \right| = \frac{1}{4} \ln \left| \frac{1 + x}{1 - x} \right|\).

And \(\int \frac{1}{1 + x^2} dx = \arctan(x) + C\), so the second term is \(-\frac{1}{2} \arctan(x)\).

Thus, \(S(x) = \frac{1}{4} \ln \left| \frac{1 + x}{1 - x} \right| - \frac{1}{2} \arctan(x) + C\). Since \(S(0) = 0\), plugging in \(x = 0\):

\(\frac{1}{4} \ln(1) - \frac{1}{2} \arctan(0) + C = 0 - 0 + C = 0\), so \(C = 0\).

Therefore, \(S(x) = \frac{1}{4} \ln \left( \frac{|x + 1|}{|x - 1|} \right) - \frac{1}{2} \arctan(x)\).

Looking at the options:

Option I is: \(\frac{1}{4} \cdot \ln\left( \frac{|x+1|}{|x-1|} \right) - \frac{1}{2} \cdot \arctan(x)\).

Yes! So option I is the answer.

Wait, let me check the options again:

I. \(\frac{1}{4} \cdot \ln\left( \frac{|x+1|}{|x-1|} \right) - \frac{1}{2} \cdot \arctan(x)\)

Yes, that's exactly what we derived.

Let me check if there's any mistake in the sign. When we did the partial fractions, we had \(\frac{x^2}{1 - x^4} = \frac{1}{2} \cdot \frac{1}{1 - x^2} - \frac{1}{2} \cdot \frac{1}{1 + x^2}\). So when we integrate, the integral of \(\frac{1}{1 - x^2}\) is positive, and the integral of \(\frac{1}{1 + x^2}\) is positive, so the second term is subtracted. So yes, the expression has a minus sign before the arctan term.

Another check: take \(x = 0\), \(S(0) = 0\), and the expression gives \(0 - 0 = 0\), correct.

Take \(x\) approaching 0 from the right, the series should be approximately the first term: \(\frac{x^{3}}{3} + \frac{x^{7}}{7} + \dots\), so \(S(x) \approx \frac{x^3}{3}\). Let's see the derivative: \(S'(x) \approx x^2\), which matches the first term of the derivative series.

Our expression for \(S(x)\) is \(\frac{1}{4} \ln \left( \frac{1 + x}{1 - x} \right) - \frac{1}{2} \arctan(x)\). Let's expand in Taylor series around 0.

We know that \(\ln \left( \frac{1 + x}{1 - x} \right) = \ln(1 + x) - \ln(1 - x) = [x - x^2/2 + x^3/3 - x^4/4 + \dots] - [-x - x^2/2 - x^3/3 - x^4/4 - \dots] = 2x + 2x^3/3 + 2x^5/5 + \dots\).

So \(\frac{1}{4} \ln \left( \frac{1 + x}{1 - x} \right) = \frac{1}{2}x + \frac{1}{6}x^3 + \frac{1}{10}x^5 + \dots\).

And \(-\frac{1}{2} \arctan(x) = -\frac{1}{2} \left( x - x^3/3 + x^5/5 - \dots \right) = -\frac{1}{2}x + \frac{1}{6}x^3 - \frac{1}{10}x^5 + \dots\).

Adding them together: \(\left( \frac{1}{2}x - \frac{1}{2}x \right) + \left( \frac{1}{6}x^3 + \frac{1}{6}x^3 \right) + \dots = \frac{1}{3}x^3 + \frac{2}{10}x^5 + \dots\), which matches the original series: \(\frac{x^3}{3} + \frac{x^7}{7} + \dots\). Wait, no, the Taylor series of \(S(x)\) should start with \(x^3/3 + x^7/7 + x^{11}/11 + \dots\). Let's check the expansion of our expression.

From the above, \(\frac{1}{4} \ln \left( \frac{1 + x}{1 - x} \right) = \frac{1}{4} \left( 2x + \frac{2x^3}{3} + \frac{2x^5}{5} + \frac{2x^7}{7} + \dots \right) = \frac{1}{2}x + \frac{1}{6}x^3 + \frac{1}{10}x^5 + \frac{1}{14}x^7 +"
761,"Okay, let's try to figure out this problem. So, the problem says: ""The current value f(n) is five times the previous value, plus four. Find a recursive definition for f(n)."" Hmm, recursive definitions usually have a base case and a recurrence relation. Let me think.

First, let's parse the sentence. ""The current value f(n) is five times the previous value, plus four."" So, if we're talking about the current value at n, then the previous value would be at n-1. So, f(n) = 5 * f(n-1) + 4. Is that it? Wait, maybe I need to check if there's more to it.

Wait, the problem says ""Find a recursive definition for f(n)"". Recursive definitions typically have two parts: the recurrence relation (how f(n) relates to f(n-1)) and the initial condition (the base case). But the problem says ""the current value f(n) is five times the previous value, plus four"". So, the recurrence relation is probably f(n) = 5*f(n-1) + 4. But do we need to specify the initial condition?

Wait, the problem says ""Find a recursive definition for f(n)"". In some contexts, a recursive definition might just be the recurrence relation, but sometimes they expect the base case too. Let me check the problem statement again.

It says: ""The current value f(n) is five times the previous value, plus four. Find a recursive definition for fื่(n). Enter f_{n-1} as f(n-1). f(n)=[ANS]""

Hmm, maybe they just want the recurrence relation part. Because in many cases, when they say ""recursive definition"", they might mean the recurrence relation, especially since they specified to enter f(n-1) as f(n-1).

Let me think. For example, if you have a sequence where each term is 5 times the previous plus 4, like a linear recurrence. So, the standard way to write a recursive definition is f(n) = 5*f(n-1) + 4, with some initial condition, like f(1) = c or something. But the problem says ""Find a recursive definition for f(n)"". Since they mention ""the current value f(n) is five times the previous value, plus four"", so the key is that f(n) depends on f(n-1).

So, translating the sentence: ""current value f(n)"" is the one we're defining now. ""previous value"" is f(n-1). So, ""five times the previous value"" is 5*f(n-1), ""plus four"" is +4. So, f(n) = 5*f(n-1) + 4.

I think that's it. The problem might not require the base case because it's just asking for the recursive part, which is the recurrence relation. In many math problems, especially in discrete math, a recursive definition for such a sequence is given by the recurrence relation and the initial condition, but here since they say ""the current value f(n) is five times the previous value, plus four"", so the main part is the recurrence.

Let me verify with an example. Suppose f(1) = a, then f(2) = 5*a + 4, f(3) = 5*(5a + 4) + 4 = 25a + 20 + 4 = 25a + 24, etc. So the recurrence is indeed f(n) = 5*f(n-1) + 4.

I think that's the answer. The problem says ""Enter f_{n-1} as f(n-1)"", so they want f(n) = 5*f(n-1) + 4. So the recursive definition is f(n) = 5*f(n-1) + 4.

Wait, the problem says ""Find a recursive definition for f(n)"". So, in the context of sequences, a recursive definition would be something like f(n) = ... in terms of f(n-1). So yes, this should be it.

I don't see any tricks here. The problem states it directly: ""current value f(n) is five times the previous value, plus four"". So, ""previous value"" is f(n-1), so f(n) = 5*f(n-1) + 4.

I think that's the answer. Maybe they want it written as f(n) = 5f(n-1) + 4, which is the standard form.

**Final Answer**
\boxed{5f(n-1) + 4}
</think>

To find a **recursive definition** for the function $ f(n) $, we start by interpreting the given statement:

> ""The current value $ f(n) $ is five times the previous value, plus four.""

---

### Step 1: Understand the relationship

We are told that:
- The **current** value $ f(n) $
- Is **five times** the **previous** value
- Plus **four**

This implies that the value at position $ n $ depends on the value at position $ n-1 $. So, we can write:

$$
f(n) = 5 \cdot f(n-1) + 4
$$

This is a **first-order linear recurrence relation**, which is the core of the recursive definition.

---

### Step 2: Interpret the question

The problem asks us to ""find a recursive definition for $ f(n) $"", and specifically says:

> ""Enter $ f_{n-1} $ as $ f(n-1) $.""

This tells us that we should express the recurrence using $ f(n-1) $, not $ f_{n-1} $, and that the answer should be in the form:

$$
f(n) = [ANS]
$$

So, the correct recursive definition is simply:

$$
f(n) = 5 \cdot f(n-1) + 4
$$

---

### Final Answer

Since the problem asks for the recursive definition of $ f(n) $, and we've derived it as:

$$
f(n) = 5f(n-1) + 4
$$

We can box this as the final answer.

$$
\boxed{5f(n-1) + 4}
$$"
762,"Okay, let's see. I need to simplify the expression: (8x)(7x) + (6x)(8x) + 7(6x) + x(6x). Hmm, first, maybe I should expand each term and then combine like terms. Let me write down each part step by step.

First term: (8x)(7x). When you multiply two binomials or just two terms with variables, you multiply the coefficients and the variables. So 8*7 is 56, and x*x is x squared. So that's 56x².

Second term: (6x)(8x). Similarly, 6*8 is 48, and x*x is x², so that's 48x².

Third term: 7(6x). That's straightforward multiplication. 7*6 is 42, so 42x.

Fourth term: x(6x). Here, x times 6x is 6x², because x is x¹, so x * x = x², and 1*1=2, so 6x².

Wait, let me check each term again to make sure I didn't make a mistake.

First term: (8x)(7x) = 8*7*x*x = 56x². Correct.

Second term: (6x)(8x) = 6*8*x*x = ื่48x². Correct.

Third term: 7(6x) = 42x. Correct, since 7*6 is 42, and it's 42 times x.

Fourth term: x(6x) = 6x*x = 6x². Wait, hold on, is that right? Wait, x times 6x is 6x², yes. Because x is x^1, so x * x = x², so 6x * x = 6x². Wait, no, actually, the fourth term is written as x(6x), which is the same as 6x * x, so 6x². Correct.

Now, let's list all the terms:

First term: 56x²

Second term: 48x²

Third term: 42x

Fourth term: 6x²

So now, we can combine the x² terms and the x term.

Let's add the x² terms: 56x² + 48x² + 6x². Let's compute that. 56 + 48 is 104, plus 6 is 110. So total x² terms: 110x².

The third term is 42x, which has no like terms, so it stays.

So putting it all together: 110x² + 42x.

Wait, let me double-check each term to make sure I didn't misinterpret the original expression.

Original expression: (8x)(7x) + (6x)(8x) + 7(6x) + x(6x)

Yes, that's what's written. Let's verify each multiplication:

(8x)(7x) = 56x² ✔️

(6x)(8x) = 48x² ✔️

7(6x) = 42x ✔️

x(6x) = 6x² ✔️

So combining the x² terms: 56x² + 48x² + 6x² = (56 + 48 + 6)x² = 110x²

Then the x term is 42x, which is alone.

So the simplified form is 110x² + 42x.

Wait, but let me check if there's any other terms. The original expression has four terms, all of which we've converted. Let's see:

Is there a possibility that the fourth term is x*(6x) which is 6x², correct. So yes, 6x².

So adding up: 56x² + 48x² is 104x², plus 6x² is 110x². Then the 42x term. So total is 110x² + 42x.

I think that's it. Let me check if we can factor anything, but the question says ""write the expression in a simpler form, if possible"". Since it's a quadratic, and we have two terms, it's already simplified. So the simplified form is 110x² + 42x.

Wait, but let me check if I added correctly. 56 + 48 is 104, 104 + 6 is 110. Yes, that's right. And 42x is the linear term.

So the simplified expression is 110x² + 42x.

I don't see any like terms left, so this is the simplest form.
</think>

To simplify the expression:

$$
(8x)(7x) + (6x)(8x) + 7(6x) + x(6x)
$$

we will evaluate each term individually and then combine like terms.

---

### Step 1: Expand each term

1. **First term:**  
   $$
   (8x)(7x) = 56x^2
   $$

2. **Second term:**  
   $$
   (6x)(8x) = 48x^2
   $$

3. **Third term:**  
   $$
   7(6x) = 42x
   $$

4. **Fourth term:**  
   $$
   x(6x) = 6x^2
   $$

---

### Step 2: Combine like terms

We now have the expanded terms:

- $56x^2$
- $48x^2$
- $42x$
- $6x^2$

Group the $x^2$ terms:

$$
56x^2 + 48x^2 + 6x^2 = (56 + 48 + 6)x^2 = 110x^2
$$

The only other term is the linear term:

$$
42x
$$

So, the simplified expression becomes:

$$
110x^2 + 42x
$$

This is already in its simplest form since there are no further like terms to combine, and it cannot be factored further without additional context.

---

### Final Answer

$$
\boxed{110x^2 + 42x}
$$"
763,"Okay, let's see. I need to write numerical expressions for these two verbal phrases.

First one: ""nine added to four"". Hmm, ""added to"" usually means you take the first number and add the second to it. So ""nine added to four"" would be 4 + 9? Wait, no, wait. Wait, ""added to"" – like if it's ""five added to three"", that's 3 + 5. Because you add the five to the three. So the structure is: [something] added to [something else] = [something else] + [something].

So ""nine added to four"" – so the something else is four, and we add nine to it. So it's 4 + 9. Which is the same as 9 + 4, but since addition is commutative, but the phrasing here might matter. Wait, in math expressions, sometimes order matters. Let me think.

Wait, ""nine added to four"" – the phrase ""added to"" indicates that the action of adding is done to the first part. Like, ""four"" is the base, then we add nine to it. So yes, 4 + 9. But in some contexts, maybe they want it written as 9 + ื่? Wait, no. Let's take an example. If it was ""three added to five"", that would be 5 + 3. So the structure is: [X] added to [Y] = Y + X.

So ""nine added to four"" would be four (the second part) plus nine. So 4 + 9. So the expression is 4 + 9. Which is 13, but the question says ""numerical expression"", not the value. So just the expression. So 4 + 9.

Second phrase: ""eight divided by three"". That's straightforward. Divided by means /, so eight divided by three is 8 / 3 or 8 ÷ 3. In numerical expressions, we can write it as 8 ÷ 3 or 8/3. Since it's a numerical expression, probably using symbols. The problem says ""numerical expression"", so likely using numbers and operations.

Let me check again.

First one: ""nine added to four"". So ""added to"" – the key is the order. For example, ""five added to seven"" is 7 + 5. So ""nine added to four"" is 4 + 9. So the expression is 4 + 9.

Second: ""eight divided by three"" is 8 ÷ 3 or 8/3. Depending on notation. In math, division can be written with a slash or a fraction bar. Since it's a numerical expression, probably 8 ÷ 3 or 8/3. But the problem says ""numerical expression"", so maybe using the division symbol. Let me think.

In many textbooks, ""divided by"" translates to the division operator. So ""eight divided by three"" is 8 divided by 3, which is 8 ÷ 3. So the expression is 8 ÷ 3.

But the problem says ""write a numerical expression"". So for the first one, it's 4 + 9, and the second is 8 ÷ 3.

Wait, but the problem says ""each verbal phrase"". So two answers.

Wait, the user wrote:

""Write a numerical expression for each verbal phrase. nine added to four [ANS]

eight divided by three [ANS]""

So two phrases. So two answers.

So first answer: nine added to four → 4 + 9

Second: eight divided by three → 8 ÷ 3

But in some contexts, ""nine added to four"" could be interpreted as 9 + 4, but the wording ""added to"" usually places the second term as the one being added to. Wait, no. Let's take a standard example.

For instance, ""the sum of five and three"" is 5 + 3. ""Five added to three"" is 3 + 5. So ""added to"" indicates the order. So ""A added to B"" is B + A.

Yes, because ""added to"" means you take B and add A to it. So ""B added to A"" would be A + B. Wait, no. Wait, the structure is: [X] added to [Y] = Y + X.

Wait, no. Let's parse the sentence.

If you say ""I have four apples. I add nine more."" So the total is 4 + 9. So ""nine added to four"" would mean starting with four, adding nine. So 4 + 9.

Alternatively, in some contexts, people might say ""nine added to four"" meaning 9 + 4, but the phrase ""added to"" implies the order of operation.

Wait, perhaps the key here is that ""added to"" is a phrase that specifies the order. For example, in the phrase ""two added to three"", it's 3 + 2. So ""two added to three"" = 3 + 2.

Similarly, ""nine added to four"" = 4 + 9.

Yes, so the structure is: [number] added to [another number] = [another number] + [number].

So ""nine added to four"" → 4 + 9.

And ""eight divided by three"" → 8 ÷ 3.

So the numerical expressions are 4 + 9 and 8 ÷ 3.

But the problem says ""numerical expression"", so we can write them with numbers and operators.

So first answer: 4 + 9

Second answer: 8 ÷ 3

But depending on notation. In some cases, division is written with a fraction bar, but since it's an expression, 8/3 is also a way. However, the problem says ""numerical expression"", so probably using the division symbol.

Wait, but in math, a numerical expression can be written with numbers and operations. So 4 + 9 is a numerical expression, and 8 ÷ 3 is another.

Alternatively, 8/3 is a fraction, but the problem says ""expression"", so maybe 8 ÷ 3 is better.

But in many contexts, especially in elementary math, ""divided by"" is written with the division symbol.

Let me check standard examples.

For example, ""five divided by two"" is 5 ÷ 2.

So yes, ""eight divided by three"" is 8 ÷ 3.

So the two expressions are 4 + 9 and 8 ÷ 3.

Wait, but the problem says ""Write a numerical expression for each verbal phrase"".

So the first one: ""nine added to four"" → 4 + 9

Second: ""eight divided by three"" → 8 ÷ 3

So the answers are 4 + 9 and 8 ÷ 3.

But the problem says ""if the problem has multiple sub-answers, separate them by commas inside a single boxed{}"".

So we need to write both answers.

Wait, the user wrote:

""Write a numerical expression for each verbal phrase. nine added to four [ANS]

eight divided by three [ANS]""

So two phrases, each needs an expression.

So first answer: 4 + 9

Second answer: 8 ÷ 3

But how to write them? In LaTeX, the box should have the expressions.

Wait, the problem says ""put your final answer inside \boxed{}"". If multiple answers, separate by commas in a single box.

So the answer is \boxed{4 + 9, 8 \div 3}

But depending on notation. Maybe they want it without spaces? Or using fractions.

Wait, in some contexts, ""eight divided by three"" is written as 8/3, but the problem says ""numerical expression"", so 8 ÷ 3 is a valid expression.

But in math, 8/3 is a fraction, which is a numerical expression. Hmm.

Wait, the problem says ""numerical expression"". A numerical expression is an expression consisting of numbers and operations. So 4 + 9 is a numerical expression, 8 ÷ 3 is another.

But in the context of the problem, since it's a math problem, they might expect the expressions in a certain form.

Let me think. For example, ""nine added to four"" – the expression is 4 + 9, which is 13, but the expression is 4 + 9.

""Eight divided by three"" is 8 / 3.

But the problem says ""numerical expression"", so the answer is 4 + 9 and 8 / 3.

But in the problem statement, the user wrote [ANS] after each phrase, so probably expects two answers.

So the first answer is 4 + 9, the second is 8 ÷ 3.

But in LaTeX, we can write it as 4 + 9 and 8 \div 3.

So the boxed answer would be \boxed{4 + 9, 8 \div 3}

But the problem says ""if the problem has multiple sub-answers, separate them by commas inside a single \boxed{}"".

So the answer is two expressions: first is ""nine added to four"" → 4 + 9, second is ""eight divided by three"" → 8 ÷ 3.

So the answer is \boxed{4 + 9, 8 \div 3}

Wait, but maybe they want it without the spaces? Like 4+9 and 8÷3.

But in LaTeX, the box should have the expressions.

Alternatively, in some contexts, the division symbol is written as a fraction, but the problem says ""numerical expression"", so 8/3 is a fraction, which is a numerical expression.

Hmm. Let's see.

The problem says ""Write a numerical expression for each verbal phrase.""

So for ""nine added to four"", the expression is 4 + 9.

For ""eight divided by three"", it's 8 ÷ 3 or 8/3.

In many math problems, especially in algebra, ""divided by"" is written with the division symbol, but in numerical expressions, fractions are common.

Wait, but the problem says ""numerical expression"", so 8 divided by 3 is 8/3, which is a fraction, but as an expression, it's 8 ÷ 3.

I think the expected answer here is 4 + 9 and 8 ÷ 3.

So the two answers are 4 + 9 and 8 ÷ 3.

So in boxed, separated by comma.

So \boxed{4 + 9, 8 \div 3}

But the problem says ""put your final answer inside \boxed{}"". So if there are two answers, we put both in one box.

Yes.

Wait, the user wrote:

""Write a numerical expression for each verbal phrase. nine added to four [ANS]

eight divided by three [ANS]""

So two phrases, each has an answer. So two answers.

So the answer is 4 + 9 and 8 ÷ 3.

So the boxed answer is \boxed{4 + 9, 8 \div 3}

But maybe the problem expects the expressions without the spaces? Like 4+9 and 8/3.

In some contexts, the division is written with a slash.

But in the problem statement, it's ""eight divided by three"", so the expression is 8 divided by 3, which is 8/3.

But in terms of numerical expressions, 8/3 is a fraction, which is a numerical expression.

Wait, but the problem says ""numerical expression"", so for the first one, it's a sum, the second is a quotient.

So the expressions are 4 + 9 and 8 / 3.

In LaTeX, we can write 8 \div 3 or 8 / 3.

But in many math contexts, especially in elementary school, ""divided by"" uses the ÷ symbol.

But in higher math, it's often written as fractions.

Given that the problem says ""numerical expression"", which is a basic math concept, so probably using the division symbol.

But maybe the problem expects simple expressions.

Wait, let's think of the exact wording.

""nine added to four"" – so the phrase is ""nine added to four"", which means you take four and add nine to it, so 4 + 9.

""eight divided by three"" – 8 ÷ 3.

So the expressions are 4 + 9 and 8 ÷ 3.

So the answers are 4 + 9 and 8 ÷ 3.

So the boxed answer is \boxed{4 + 9, 8 \div 3}

But in the problem statement, the user wrote ""[ANS]"" after each phrase, so they want two answers.

Yes.

Alternatively, maybe the first one is 9 + 4? Wait, why?

Wait, the confusion is about the order.

In English, ""A added to B"" means B + A.

For example, ""two added to three"" is 3 + 2.

Yes, because you add two to three, so 3 + 2.

Similarly, ""nine added to four"" is 4 + 9.

So that's correct.

So the first expression is 4 + 9.

The second is 8 ÷ 3.

So the two answers are 4 + 9 and 8 ÷ 3.

So the boxed answer is \boxed{4 + 9, 8 \div 3}

But the problem says ""if the problem has multiple sub-answers, separate them by commas inside a single \boxed{}"".

Yes.

Alternatively, in some notations, the division is written as a fraction, so 8/3. But the problem says ""numerical expression"", so 8 divided by 3 is written as 8 ÷ 3.

But in the context of the problem, since it's a math problem, maybe they want it as fractions.

Wait, but the problem says ""numerical expression"", which is an expression with numbers and operations. So 8 ÷ 3 is a valid expression, as is 4 + 9.

So I think the answer is 4 + 9 and 8 ÷ 3.

So writing them as 4 + 9 and 8 \div 3.

In LaTeX, the box would be \boxed{4 + 9, 8 \div 3}

But maybe the problem expects the expressions without the spaces? Like 4+9 and 8÷3.

But in LaTeX, it's written with spaces.

Alternatively, the problem might accept 4 + 9 and 8 / 3.

But given the problem says ""divided by"", so the symbol is ÷.

But in many math problems, especially in textbooks, ""divided by"" is written as a fraction.

Wait, but the problem says ""numerical expression"", so for ""eight divided by three"", the expression is 8/3, which is a fraction, but as a numerical expression, it's a single number. Wait, no, the problem says ""write a numerical expression"", not the value.

Wait, a numerical expression is an expression that consists of numbers and operations. So 8 divided by 3 is 8 ÷ 3, which is a numerical expression.

So the answer is 4 + 9 and 8 ÷ 3.

So the two expressions.

Therefore, the final answer is \boxed{4 + 9, 8 \div 3}

But I need to check if the problem wants the expressions evaluated or not. Wait, no, it says ""write a numerical expression"", so not the value, but the expression.

Yes, so 4 + 9 is the expression for ""nine added to four"", and 8 ÷ 3 for ""eight divided by three"".

So that's it.

**Final Answer**
\boxed{4 + 9, 8 \div 3}
</think>

To solve this problem, we interpret each verbal phrase into its corresponding **numerical expression**, which is an expression made up of numbers and mathematical operations.

---

### 1. **""Nine added to four""**

This phrase describes a situation where **nine** is being **added to** the number **four**. In English, the phrase *""A added to B""* typically means **B + A**.

So:
- ""Nine added to four"" = **4 + 9**

This is a valid numerical expression representing the operation described.

---

### 2. **""Eight divided by three""**

This phrase directly tells us that **eight** is being **divided by** **three**. In mathematical terms, this corresponds to the expression:

- **8 ÷ 3**

This is also a valid numerical expression.

---

### Final Step: Format the Answer

The problem asks us to write a **numerical expression** for each phrase. Since there are two distinct phrases, we provide **two expressions**.

We place them inside a single `boxed` environment, separated by a comma as instructed.

---

### ✅ Final Answer:

$$
\boxed{4 + 9, 8 \div 3}
$$"
764,"Okay, let's see. I need to rewrite this expression: ln(a + b) + 4 ln(a - b) - 5 ln c as a single logarithm ln A. Then find what A is. Alright, step by step.

First, I remember that logarithms have some properties. Like, the coefficient in front of a log can be turned into a power. So, for example, n ln x = ln(x^n). Also, the sum of logs is the log of a product, and the difference is the log of a quotient. Let me recall:

1. ln M + ln N = ln(MN)
2. ln M - ln N = ln(M/N)
3. n ln M = ln(M^n)

So, starting with the given expression: ln(a + b) + 4 ln(a - b) - ื่n c.

First, handle the coefficients. The term with 4 ln(a - b) can be written as ln[(a - b)^4] because 4 ln(x) = ln(x^4).

Similarly, the -5 ln c is the same as ln(c^{-5}) or -ln(c^5), but since we want to combine it with the other terms, maybe it's better to write it as -ln(c^5) which is ln(1/c^5) but let's see.

Let me write each part step by step.

Original: ln(a + b) + 4 ln(a - b) - 5 ln c

First, apply the power rule to the 4 and the -5.

So, 4 ln(a - b) becomes ln[(a - b)^4]

And -5 ln c becomes ln[c^{-5}] which is the same as -ln(c^5) but when combining, we can write it as ln(1/(c^5)) but maybe better to keep it as -ln(c^5) for now.

So now the expression is: ln(a + b) + ln[(a - b)^4] - ln(c^5)

Now, the sum of logs: ln(a + b) + ln[(a - b)^4] can be combined using the product rule: ln[(a + b) * (a - b)^4]

Then, the subtraction of logs: -ln(c^5) is the same as ln(1/(c^5)), so the entire expression becomes ln[(a + b)(a - b)^4 / c^5]

Wait, let's check.

Because ln M - ln N = ln(M/N), so if we have [ln X + ln Y] - ln Z = ln(XY) - ln Z = ln(XY / Z)

Yes, exactly.

So, let's do it step by step.

First, take the 4 ln(a - b): that's ln[(a - b)^4]

Then, the -5 ln c: that's -ln(c^5) = ln(c^{-5})

But when combining, it's better to think of the entire expression as:

ln(a + b) + ln[(a - b)^4] + (-ln(c^5))

Which is ln(a + b) + ln[(a - b)^4] - ln(c^5)

Now, the sum of the first two logs: ln[(a + b)(a - b)^4]

Then subtracting the third log: ln[(a + b)(a - b)^4 / c^5]

So, the entire expression is ln[ (a + b)(a - b)^4 / c^5 ]

Therefore, A is (a + b)(a - b)^4 divided by c^5.

Wait, let me verify.

Let me check the steps again.

Start with ln(a + b) + 4 ln(a - b) - 5 ln c.

First, 4 ln(a - b) = ln[(a - b)^4]

Then, -5 ln c = ln[c^{-5}]

So the expression is ln(a + b) + ln[(a - b)^4] + ln[c^{-5}]

Wait, no: -5 ln c is equal to ln(c^{-5}), but when you have a minus sign, it's ln(M) - ln(N) = ln(M/N), so here it's -5 ln c = -ln(c^5) = ln(1/c^5) = ln(c^{-5})

So, the entire expression is ln(a + b) + ln[(a - b)^4] - ln(c^5)

Which is equal to ln[(a + b)(a - b)^4] - ln(c^5) = ln[ (a + b)(a - b)^4 / c^5 ]

Yes, that's correct.

So, A is (a + b)(a - b)^4 divided by c^5.

Let me write that out.

A = [(a + b) * (a - b)^4] / c^5

So, the single logarithm is ln[ (a + b)(a - b)^4 / c^5 ] = ln A, so A is (a + b)(a - b)^4 / c^5.

I think that's it. Let me check if there's any simplification for (a + b)(a - b), but the problem says ""rewrite the expression... as a single logarithm ln A"", so we just need to express A in terms of a, b, c.

So, A = (a + b)(a - b)^4 / c^5.

Let me write it as A = \frac{(a + b)(a - b)^4}{c^5}

Yes, that's the expression.

Let me confirm with exponents.

Suppose we have ln x + 4 ln y - 5 ln z = ln x + ln(y^4) - ln(z^5) = ln(x y^4 / z^5). So yes, that's correct.

So here x = a + b, y = a - b, z = c.

Therefore, A = (a + b)(a - b)^4 / c^5.

So the answer is A = (a + b)(a - b)^4 divided by c^5.

I think that's it. Let me check if there's any mistake.

For example, is the order correct? Let's see: (a + b) times (a - b) to the fourth, all over c to the fifth.

Yes, because the original has +4 ln(a - b) which becomes (a - b)^4, and -5 ln c becomes c^{-5}, so the denominator is c^5.

So, yes.

I think that's the answer.

**Final Answer**
\boxed{\dfrac{(a + b)(a - b)^4}{c^5}}
</think>

To rewrite the expression  
$$
\ln(a + b) + 4 \ln(a - b) - 5 \ln c
$$  
as a single logarithm $\ln A$, we apply standard logarithmic identities:

---

### Step 1: Apply the Power Rule

The **power rule** of logarithms states:
$$
n \ln x = \ln(x^n)
$$

So,
- $4 \ln(a - b) = \ln((a - b)^4)$
- $-5 \ln c = \ln(c^{-5})$

This transforms the original expression into:
$$
\ln(a + b) + \ln((a - b)^4) + \ln(c^{-5})
$$

---

### Step 2: Combine Logarithms Using Product and Quotient Rules

We use the following rules:
- $\ln M + \ln N = \ln(MN)$
- $\ln M - \ln N = \ln\left(\frac{M}{N}\right)$

Apply these to our transformed expression:

$$
\ln(a + b) + \ln((a - b)^4) - \ln(c^5) = \ln\left( (a + b)(a - b)^4 \right) - \ln(c^5)
$$

Now apply the quotient rule:
$$
\ln\left( (a + b)(a - b)^4 \right) - \ln(c^5) = \ln\left( \frac{(a + b)(a - b)^4}{c^5} \right)
$$

Thus, the entire expression simplifies to:
$$
\ln\left( \frac{(a + b)(a - b)^4}{c^5} \right)
$$

---

### Final Answer

We are asked to find the value of $A$ such that the expression equals $\ln A$. From above, we have:

$$
A = \frac{(a + b)(a - b)^4}{c^5}
$$

---

### Final Boxed Answer

$$
\boxed{\dfrac{(a + b)(a - b)^4}{c^5}}
$$"
765,"Okay, let's try to figure out this problem step by step. So, the question is about Mr. Cleary's class and Ms. Ntuala's class using the computer lab. We need to find the maximum number of students who can have a computer to themselves.

First, let me parse the information given. There are 20 computers available, but two don't work. So, how many working computers are there? Well, if two don't work, then 20 - ื่ = 18 working computers. Wait, no: ""two of which do not work"" – so total computers are 20, two broken, so 18 working. Got it.

Next, the classes: Mr. Cleary's class has 14 kids, Ms. Ntuala's class has 12 kids. Total students: 14 + 12 = 26 students.

The condition: every student must use a computer, and there can only be 2 students on a computer at most. Hmm, wait. Wait, the problem says ""the maximum number of students who can have a computer to themselves"". Wait, that wording is a bit confusing. Let me think.

Wait, ""have a computer to themselves"" – meaning each such student is using a computer alone? But the problem states ""there can only be 2 students on a computer at most"". Wait, so maybe the setup is that each computer can have up to 2 students. So, each computer can be used by 1 or 2 students. But the question is asking for the maximum number of students who can have a computer to themselves. Hmm.

Wait, the problem says: ""what is the maximum number of students who can have a computer to themselves?"" So, ""have a computer to themselves"" would mean they are using a computer alone (i.e., 1 student per computer). But we want the maximum number of students who can have their own computer, i.e., the number of students who are using a single computer each. But since the problem says ""every student must use a computer"", so all students have to be assigned to a computer, with each computer having at most 2 students.

But the question is phrased as ""the maximum number of students who can have a computer to themselves"". So, in other words, how many students can be alone at a computer (i.e., using one computer each), given that we have 18 working computers (since 2 are broken), and total students 26.

Wait, but hold on. Wait, the problem says ""there can only be 2 students on a computer at most"". So each computer can have 1 or 2 students. We need to assign all students to computers, each computer has 1 or 2 students, and we want the maximum number of students who have a computer to themselves (i.e., the number of students who are alone, each using their own computer).

But wait, the problem says ""the maximum number of students who can have a computer to themselves"". So, we want as many students as possible to be solo (each on their own computer), while still satisfying that all students are assigned, and each computer has at most 2 students.

But we have 18 working computers. Wait, but the problem says ""there are 20 computers available, two of which do not work"". So total computers available: 20, but 2 are broken, so 18 functional.

So, we have 18 computers that can be used (each can take 1 or 2 students). We have 26 students. Each computer can take 1 or 2 students. We need to assign all 26 students to the 18 computers, with each computer having 1 or 2 students. Then, the number of students who have a computer to themselves is the number of computers that have exactly 1 student. We need to maximize that number.

Wait, but the problem says ""the maximum number of students who can have a computer to themselves"". So, yes, that's the count of solo students.

But we need to maximize the number of solo students. To maximize the number of solo students, we want as many computers as possible to have 1 student, but we have to fit all 26 students into 18 computers, each with 1 or 2 students.

Let me think. Suppose we have x solo students (each uses 1 computer), and y pairs (each pair uses 1 computer, with 2 students). Then total students: x + 2y = 26. Total computers used: x + y = number of computers. But we have 18 computers available (since 2 are broken, so max 18 computers can be used). Wait, but the problem says ""every student must use a computer"", so all students must be assigned to some computer, but we have 18 computers available (since 2 are broken, so we can't use those two). So total computers we can use is 18.

Therefore, x + y ≤ 18? Wait, no: we have to use all 18 computers? Wait, no. Wait, the problem says ""there are 20 computers available, two of which do not work"". So the lab has 20 computers, but 2 are broken. So when assigning students, we can only use the 18 working ones. So the number of computers we can use is 18. So we have 18 computers to assign students to.

We need to assign all 26 students to these 18 computers, each computer having 1 or 2 students.

We want to maximize the number of students who have a computer to themselves, i.e., the number of solo students (x). So x is the number of solo students, each taking 1 computer. The rest (y) computers have 2 students each. So:

x + 2y = 26 (total students)
x + y = 18 (total computers used, since we have 18 computers available)

Wait, but hold on: do we have to use all 18 computers? The problem says ""every student must use a computer"", but it doesn't say we have to use all computers. Wait, but the problem states ""there are 20 computers available, two of which do not work"". So the lab has 20 computers, 2 broken. So the usable computers are 18. But the students have to use a computer; they can choose any of the 18 working ones. However, the problem says ""every student must use a computer"", so each student must be assigned to a computer. But we can choose to use fewer than 18 computers? Wait, but the problem says ""the maximum number of students who can have a computer to themselves"".

Wait, but if we want to maximize the number of solo students, we want as many solo students as possible. To maximize x, we need to minimize the number of pairs (since each pair takes 2 students and uses 1 computer, whereas a solo takes 1 student and uses 1 computer). Wait, actually, to maximize the number of solos, we want as many solos as possible, which would require minimizing the number of pairs. But given that total students are 26, and total computers are 18.

Wait, let's write equations.

Let x = number of solo students (each uses 1 computer)
Let y = number of pairs (each uses 1 computer, 2 students)

Total students: x + 2y = 26

Total computers used: x + y = c (number of computers used)

But we have 18 computers available. So c ≤ 18.

We need to maximize x.

So, given x + 2y = 26, and x + y ≤ 18.

We can rearrange: from first equation, x = 26 - 2y.

Substitute into second inequality: (26 - 2y) + y ≤ 18 → 26 - y ≤ 18 → y ≥ 8.

So y must be at least 8. Then x = 26 - 2y.

To maximize x, we need to minimize y. Since y ≥ 8, the minimal y is 8. Therefore, maximum x = 26 - 2*8 = 26 - 16 = 10.

Wait, so x = 10. Then total computers used: 10 + 8 = 18, which uses all 18 available computers.

Wait, so that works. So if we have 10 solo students and 8 pairs, total students 10 + 16 = 26. Total computers: 18. So that's exactly using all 18 computers. So that's possible.

But the question is: ""what is the maximum number of students who can have a computer to themselves?""

So according to this calculation, it's 10. Which is option A.

Wait, but let me check again.

Wait, if we have 10 students alone, that's 10 computers. Then 8 pairs: 8 computers. Total 18 computers. So yes, 10 + 8 = 18 computers. And 10*1 + 8*2 = 26 students. Perfect.

But could we get more than 10? Suppose y =7, then x=26-14=12. Then total computers used: 12 +7=19. But we only have 18 computers available. So that's impossible. So y cannot be less than 8. So 10 is the maximum possible x.

Wait, so the answer is 10, which is option A.

Wait, but let me check the options. The options are labeled A to J:

A. 10

B. 24

C. 18

D. 20

E. 8

F. 6

G. 2

H. 12

I. 16

J. 14

So according to my calculation, the answer should be A. 10.

Wait, but let me think again. Is there a different interpretation?

Wait, the problem says ""the maximum number of students who can have a computer to themselves"". Wait, does ""have a computer to themselves"" mean something else? Like, each student has their own computer, so 1 per student? But the problem says ""there can only be 2 students on a computer at most"", so the maximum per computer is 2. So the question is asking for the maximum number of students who are using a computer alone (i.e., solo), which is what I calculated as 10.

But wait, another angle: maybe the problem is trying to trick us into thinking about something else. For example, the total number of students is 26, and each computer can take up to 2 students. So the minimum number of computers needed is ceiling(26/2)=13. But we have 18 computers available. So we can have up to 18 computers used. Wait, but we need to assign all 26 students.

But the question is about the maximum number of students who have a computer to themselves. So, in other words, how many students can be alone? Which is what we did before.

Alternatively, if we want as many students as possible to be alone, we need to pair as few as possible. But given that we have 18 computers.

Wait, the calculation above shows that the maximum number of solo students is 10. So answer A.

But wait, let me check again.

Suppose we have 10 solo students: uses 10 computers.

Then remaining students: 26 -10 =16. These need to be paired: 16 /2 =8 pairs, so 8 computers. Total computers: 18. Exactly.

So yes, 10 is possible.

If we tried 11 solo students: 11 computers. Remaining students: 15. Which would need 7.5 pairs. Not possible. So 11 is impossible.

Similarly, 12 solo: 12 students, remaining 14 students → 7 pairs. Total computers: 12 +7=19. But we only have 18 computers. So impossible.

Hence, 10 is the max.

So answer is A. 10.

Wait, but the problem says ""the maximum number of students who can have a computer to themselves"". So that's 10. So option A.

But wait, looking back at the problem statement: ""Mr. Cleary's class and Ms. Ntuala's class go to use the computer lab."" So they are two separate classes. Does that matter? Like, maybe the problem is that the students have to be assigned to computers, but perhaps there's a constraint that each class must have their own computers? Hmm, the problem says ""every student must use a computer"", so probably not. The problem doesn't state any constraints between the classes, so we can assume that all students can be assigned freely.

Wait, but the problem says ""the maximum number of students who can have a computer to themselves"". So if we have 10 students alone, that's 10 students with their own computer. So answer A.

But wait, the options include H.12 and J.14. Maybe I made a mistake.

Wait, another thought: the problem says ""there can only be 2 students on a computer at most"". So each computer can have 1 or 2 students. We want as many students as possible to have their own computer (i.e., 1 per computer). But the question is phrased as ""the maximum number of students who can have a computer to themselves"". So that's the number of solo students.

But here's a different angle: maybe the problem is not about maximizing the number of solo students, but something else? Wait, no. The problem says ""maximum number of students who can have a computer to themselves"". So yes, solo students.

Wait, but let's see the options. Option C is 18, D is 20. But we have only 26 students. So maximum possible solo students can't exceed 26. But given the constraints, we found 10.

Wait, but wait. Wait, another thought: the problem says ""the maximum number of students who can have a computer to themselves"". Maybe it's a translation issue or wording. In some contexts, ""have a computer to themselves"" might mean ""have exclusive access"", i.e., a computer that's only them. So same as solo.

Alternatively, could it be that the question is asking for the maximum number of students who can be using a computer alone (i.e., solo), which we calculated as 10. So answer A.

But let me check again.

Total students: 26.

We have 18 computers.

To maximize the number of solo students, we want as many 1s as possible.

Each solo uses 1 computer and 1 student.

Each pair uses 1 computer and 2 students.

Let x = number of solos.

Then total students: x + 2*(18 - x) = 26 ?

Wait, no. Wait, total computers used is x + y = 18 (if we use all 18 computers). Wait, but maybe we don't have to use all 18? Wait, the problem says ""every student must use a computer"", but it doesn't say we have to use all computers. Wait, but if we don't use all computers, we could potentially have more solos? Wait, no.

Wait, suppose we leave some computers unused. For example, if we use fewer than 18 computers, then we could have more solos? Wait, let's see.

Wait, if we have x solos and y pairs, total students x + 2y =26.

Total computers used: x + y.

We want to maximize x.

Given that x + y ≤ 18 (since we have 18 computers available).

So same as before.

To maximize x, we need to minimize y.

But x =26 - 2y.

So x increases as y decreases.

But x + y ≤18.

So substitute: (26 - 2y) + y ≤18 → 26 - y ≤18 → y ≥8.

So y minimum is 8, so x maximum is 10.

So even if we don't use all 18 computers, but we have to use at least y=8, so x=10 is the max.

Wait, but if we use fewer than 18 computers, would that allow higher x?

Wait, suppose we use c computers, where c ≤18.

Then x + y =c

x + 2y =26

Subtracting: (x + 2y) - (x + y) =26 -c → y =26 -c

Then x =26 -2y =26 -2*(26 -c)=26 -52 +2c=2c -26

Since x must be non-negative: 2c -26 ≥0 → c ≥13.

Also, y=26 -c ≥0 → c ≤26.

But we have c ≤18.

So c ≥13 and c ≤18.

So x=2c -26.

To maximize x, we need to maximize c.

Maximum c is 18.

Thus x=2*18 -26=36-26=10. Same result.

So even if we consider using all 18 computers, we get x=10. If we use less than 18, say c=17, then x=2*17 -26=34-26=8 <10. So indeed, using all 18 gives higher x.

Hence, maximum x is 10. So answer A.

Wait, but the problem says ""the maximum number of students who can have a computer to themselves"". So 10. So option A.

But let me check the options again. The options are:

A. 10

B. 24

C. 18

D. 20

E. 8

F. 6

G. 2

H. 12

I. 16

J. 14

So yes, A is 10.

Wait, but the problem says ""Mr. Cleary's class has 14 kids, and Ms. Ntuala's class has 12 kids"". Does the fact that they are two separate classes affect anything? Like, maybe they have to use computers in a way that each class's students are paired? Hmm, the problem doesn't specify any such constraint. It just says ""every student must use a computer"". So probably not. So our previous calculation holds.

Alternatively, maybe the problem is interpreted differently. For example, ""the maximum number of students who can have a computer to themselves"" – maybe it's a trick question where ""have a computer to themselves"" means something else. Like, each student has their own computer, so 1 per student. But the problem says ""there can only be 2 students on a computer at most"", so it's possible that some students have their own computer (1 per computer), others share.

But the question is asking for the maximum number of students who can have a computer to themselves. So that's the number of solo students. Which we found as 10.

Alternatively, could it be that the question is phrased incorrectly and they mean ""the maximum number of students who can be using a computer with another student"", but no, the wording says ""have a computer to themselves"".

Hmm. I think our initial analysis is correct. Answer A.

Wait, but wait a second. The problem says ""the maximum number of students who can have a computer to themselves"". If we interpret ""have a computer to themselves"" as ""have a computer exclusively"", i.e., no one else is using it, then yes, that's the solo students. So 10.

But let me think again: total students 26. If we have 10 solo, that's 10 students. Then 16 students in 8 pairs. Total computers: 18. All working. So yes, possible.

Is there a way to get more than 10? As we saw earlier, no. Because y must be at least 8, so x=10 is max.

So answer is A.

Wait, but the problem says ""Mr. Cleary's class and Ms. Ntuality's class go to use the computer lab"". Maybe the classes have some constraints? Like, each class must have their own computers? Hmm, the problem doesn't specify that. It just says they go to use the lab. So probably no additional constraints.

So I think the answer is A. 10.

**Final Answer**
\boxed{A}
</think>

To determine the **maximum number of students who can have a computer to themselves**, we need to analyze the constraints and the goal carefully.

---

### **Understanding the Problem**

- **Total computers available**: 20  
- **Non-working computers**: 2 → **Working computers**: $20 - 2 = 18$
- **Students**: 
  - Mr. Cleary’s class: 14 students
  - Ms. Ntuala’s class: 12 students  
  → **Total students**: $14 + 12 = 26$

- **Constraint on usage**: *Each computer can have at most 2 students*.
- **Goal**: Maximize the number of students who **have a computer to themselves** (i.e., **solo users**, one student per computer).

---

### **Key Insight**

We want to **maximize the number of students using a single computer** (i.e., solo users), under the following conditions:

1. All 26 students must be assigned to computers.
2. Each computer can have **1 or 2 students**.
3. We have **18 working computers** available.
4. We want to **maximize the number of students with their own computer** (i.e., solo users).

Let:
- $ x $ = number of **solo students** (each uses 1 computer)
- $ y $ = number of **pairs** (each uses 1 computer, 2 students)

Then:
$$
x + 2y = 26 \quad \text{(total students)}
$$
$$
x + y \leq 18 \quad \text{(total computers used, max 18)}
$$

We aim to **maximize $ x $**.

---

### **Solving the Equations**

From the first equation:
$$
x = 26 - 2y
$$

Substitute into the second inequality:
$$
(26 - 2y) + y \leq 18 \\
26 - y \leq 18 \\
y \geq 8
$$

So the **minimum value of $ y $** is **8**.

Now plug $ y = 8 $ into the expression for $ x $:
$$
x = 26 - 2(8) = 26 - 16 = 10
$$

Check total computers"
766,"Okay, let's tackle these mixed fractions one by one. I need to convert each of them to decimals with at least four decimal places. Let's start with the first one: 4 and 3/8.

First, I remember that a mixed number like 4 3/8 is 4 plus 3/8. So I need to convert 3/8 to a decimal and then add it to 4. 

I know that 1/8 is 0.125 because 8 goes into 100 three times (since 8*12.5=100). Wait, let me check that. 8 times 0.125 is 1, right? Because 0.125 * 8 = 1. So 3/8 would be 3 * 0.125. Let's calculate that. 0.125 * 3 = 0.375. So 3/8 is 0.375. Therefore, 4 3/8 is 4 + 0.375 = 4.375. 

Wait, but the problem says ""at least four decimal places"". 4.375 is 4.3750 when we add a zero. So that's four decimal places: 4.3750. But maybe they want it written as 4.375, but since it's exactly 0.375, the decimal terminates here. So 4.3750 is four decimal places. Let me confirm: 3 divided by 8. 8 into 3.0000... 8*0.375=3, so yes, 3/8 is 0.375, so 4 3/8 is 4.375, which is 4.3750 when written to four decimal places. So that's 4.3750.

Next one: 7 2/6. Let's do this. First, simplify 2/6. That's 1/3. So 7 1/3. Now, 1/3 is a repeating decimal: 0.(3), where the bar is over the 3. So 1/3 = 0.333333... So 7 1/3 is 7 + 0.333333... So that's 7.333333... So to write this with at least four decimal places, we need to take four digits after the decimal. Since it's repeating, we can write it as 7.3333 (but actually, it's 7.333333... so the fourth decimal is 3, fifth is 3, etc.). So 7.3333 (four decimal places) or 7.333333... but the question says ""at least four decimal places"", so we need to write up to four, which would be 7.3333. Wait, but let's check: 2/6 is 1/3, so 1/3 is 0.\overline{3}, so 7 + 1/3 = 7.\overline{3}, so the decimal is 7.333333333... So if we take four decimal places, it's 7.3333. But maybe they want more? Wait, the problem says ""at least four decimal places"", so we need to write it with four or more. Since it's repeating, we can write 7.3333 (four decimal places) or 7.333333... but the problem says ""convert each mixed fraction to a decimal using atื่t least four decimal places"". So for 7 2/6, which is 7 + 2/6 = 7 + 1/3 ≈ 7.3333333333... So to four decimal places, it's 7.3333. Wait, but actually, when they say ""using at least four decimal places"", maybe they want four or more, but since it's repeating, we can write 7.3333 (four decimal places) or 7.33333 (five), but the problem says ""at least four"", so four is enough. Wait, no, ""at least four"" means four or more. But since it's a repeating decimal, we can write it as 7.3333 (four decimal places) but technically, it's 7.333333..., so to have at least four, we can write 7.3333 (which is four) or 7.33333 (five), but the problem says ""using at least four decimal places"". Let me think. For example, 1/3 is 0.333333..., so if we take four decimal places, it's 0.3333, five is 0.33333, etc. So the answer should be 7.3333 (four decimal places). Wait, but the problem says ""at least four"", so maybe they want four or more, but since it's infinite, we can write 7.3333 (four) or 7.33333 (five). But the question says ""using at least four decimal places"", so probably four is sufficient here. Let's check the third one first.

Third one: 11 3/7. So 11 + 3/7. 3 divided by 7. Let's compute that. 7 into 3.000000...

7*0.4=2.8, so 3.0 - 2.8 = 0.2, so 0.4 + 0.2/7. Wait, better to do long division.

3 divided by 7:

7 into 3.0 is 0. So 3.0 divided by 7: 7*0.4=2.8, so 3.0 - 2.8 = 0.2. Bring down a 0: 20. 7*2=14, 20-14=6. Bring down a 0: 60. 7*8=56, 60-56=4. Bring down a 0: 40. 7*5=35, 40-35=5. Bring down a 0: 50. 7*7=49, 50-49=1. Bring down a 0: 10. 7*1=7, 10-7=3. Wait, now we see a pattern: 3 divided by 7 is 0.428571428571...

Let me write that out:

3 ÷ 7:

7 ) 3.0000000000

7*0.4=2.8, so 3.0 - 2.8 = 0.2

Bring down a 0: 20

7*2=14, 20-14=6

Bring down a 0: 60

7*8=56, 60-56=4

Bring down a 0: 40

7*5=35, 40-35=5

Bring down a 0: 50

7*7=49, 50-49=1

Bring down a 0: 10

7*1=7, 10-7=3

Now we have a remainder of 3, which is where we started, so the decimal repeats every 6 digits: 0.(428571)

So 3/7 = 0.428571428571...

So 11 3/7 = 11 + 0.428571428571... = 11.428571428571...

So to four decimal places, we look at the first four decimals: 0.4285 (since the fifth decimal is 7, so 0.42857... so the fourth decimal is 5, fifth is 7). Wait, let's list the decimals:

3/7 = 0.428571428571...

So:

Decimal places:

1: 4

2: 2

3: 8

4: 5

5: 7

6: 1

7: 4

etc.

So 11 3/7 is 11.428571428571...

So to four decimal places, we need to write up to the fourth decimal: 11.4285 (since the fifth decimal is 7, which is more than 5, but wait, the question says ""using at least four decimal places"". So we need to write the decimal with at least four digits after the decimal. So 11.428571... so writing four decimal places would be 11.4285 (if we take four), but actually, the problem says ""at least four"", so maybe we need to write five? Wait, no. Let's clarify.

The problem says: ""Convert each mixed fraction to a decimal using at least four decimal places.""

So for each, we need to write the decimal with four or more decimal places. For terminating decimals, we can write four, but for repeating, we have to write the repeating part. Wait, but the problem says ""using at least four decimal places"", so for example, 4 3/8 is 4.375, which is exact, so we can write 4.3750 (four decimal places) or 4.375 (three). But since it says ""at least four"", we need to write four, so 4.3750.

For 7 2/6, which is 7 + 1/3, 1/3 is 0.(3), so 7.333333..., so to write at least four decimal places, we can write 7.3333 (four) or 7.33333 (five), but the problem says ""at least four"", so four is enough. Wait, but ""at least four"" means four or more. So for 7.333333..., writing four decimal places is 7.3333, which is four. So that's okay.

For 11 3/7, which is 11.428571428571..., so the first four decimals are 4, 2, 8, 5. The fifth is 7, so if we write five decimal places, it's 11.42857, but the problem says ""at least four"", so four is 11.4285 (wait, no: 11.428571428571..., so the decimal is 0.428571428571..., so the first four decimals are 4, 2, 8, 5. So 11.4285 (four decimal places). But actually, when rounding, but the problem says ""convert to a decimal using at least four decimal places""—so it's not rounded, just written with at least four digits. So for 11 3/7, it's 11.428571428571..., so writing four decimal places: 11.4285 (since the fifth digit is 7, but we don't round, we just take the first four digits). Wait, no: the problem says ""convert each mixed fraction to a decimal using at least four decimal places"". So we need to write the decimal with four or more digits after the decimal point.

Let's do each step by step.

First one: 4 3/8.

3/8 = 0.375 exactly. So 4 + 0.375 = 4.375. So 4.375 is a terminating decimal. To write at least four decimal places, we can write 4.3750 (since adding a zero doesn't change the value, but it's a common way to show four decimal places). So 4.3750.

Second one: 7 2/6. Simplify 2/6 to 1/3. 1/3 = 0.\overline{3} = 0.3333333333...

So 7 2/6 = 7 + 0.333333... = 7.333333...

To write at least four decimal places, we can write 7.3333 (four decimal places) or 7.33333 (five). Since the problem says ""at least four"", four is sufficient here. So 7.3333.

Third one: 11 3/7. 3/7 = 0.\overline{428571} (repeats every six digits). So 11 + 0.428571428571... = 11.428571428571...

To write at least four decimal places, we need to write the first four decimals: 11.4285 (since the fourth decimal is 5, fifth is 7). Wait, let's list the decimals:

3/7 = 0.428571428571...

So:

Decimal places:

1: 4

2: 2

3: 8

4: 5

5: 7

6: 1

7: 4

etc.

So 11 3/7 = 11.428571428571...

So writing four decimal places: 11.4285 (because the fourth decimal is 5, and we take four digits). Wait, but actually, the problem says ""using at least four decimal places"", so we need to write four or more. So for the third one, we need to write at least four, so 11.4285 (four) or 11.42857 (five). Let's check the problem statement again: ""Convert each mixed fraction to a decimal using at least four decimal places."" So for each, we need to write the decimal with four or more digits after the decimal.

For the first one, 4.375 is exact, so 4.3750 (four decimal places).

For the second, 7.333333..., so 7.3333 (four) or 7.33333 (five). Since it's repeating, we can write 7.3333 (four) as ""at least four"".

For the third, 11.428571428571..., so writing five decimal places would be 11.42857, but the problem says ""at least four"", so four is 11.4285 (four decimal places). Wait, but let's confirm.

Wait, 3 divided by 7:

3 ÷ 7:

7 into 3.000000

7*0.4=2.8, remainder 0.2

7 into 0.20: 7*0.02=0.14, remainder 0.06

7 into 0.060: 7*0.008=0.056, remainder 0.004

7 into 0.0040: 7*0.0005=0.0035, remainder 0.0005

7 into 0.00050: 7*0.00007=0.00049, remainder 0.00001

Wait, maybe my initial long division was wrong. Let's do it properly.

3 divided by 7:

3.0000000000 ÷ 7

7 goes into 30 (3.0) four times (4*7=28), subtract 28 from 30, get 2. Bring down 0: 20.

7 goes into 20 two times (2*7=14), subtract 14 from 20, get 6. Bring down 0: 60.

7 goes into 60 eight times (8*7=56), subtract 56 from 60, get 4. Bring down 0: 40.

7 goes into 40 five times (5*7=35), subtract 35 from 40, get 5. Bring down 0: 50.

7 goes into 50 seven times (7*7=49), subtract 49 from 50, get 1. Bring down 0: 10.

7 goes into 10 one time (1*7=7), subtract 7 from 10, get 3. Bring down 0: 30.

Ah! Now we see the cycle: the remainder 3 is the same as the original dividend, so the decimal repeats from here.

So the decimal expansion of 3/7 is 0.428571428571..., with the cycle 428571.

So the first six decimals are 4, 2, 8, 5, 7, 1, then repeats.

Therefore, 11 3/7 = 11.428571428571...

So to write at least four decimal places, we need to write up to the fourth decimal: 11.4285 (since the fourth decimal is 5). Wait, no: the fourth decimal place is the fourth digit after the decimal. Let's count:

Decimal: 0.4 2 8 5 7 1 4 2 8 5 7 1...

So:

1st decimal: 4

2nd: 2

3rd: 8

4th: 5

5th: 7

6th: 1

So 11.428571428571... So the first four decimals are 4, 2, 8, 5. So 11.4285 (four decimal places). If we write five, it's 11.42857, but the problem says ""at least four"", so four is enough. Wait, but the problem says ""using at least four decimal places"", so we need to write four or more. For the first one, it's exact, so 4.3750 (four). For the second, it's repeating, so 7.3333 (four) or 7.33333 (five). For the third, 11.4285 (four) or 11.42857 (five).

But let's check standard practice. When converting to decimals with at least four decimal places, for terminating decimals, we write the exact value with four decimals (e.g., 4.375 becomes 4.3750). For repeating decimals, we write the repeating part as necessary.

The problem says ""using at least four decimal places"". So for each:

1. 4 3/8: 4.375 → 4.3750 (four decimal places)

2. 7 2/6: 7 + 1/3 = 7.333333... → 7.3333 (four decimal places) [since it's repeating, we can write 7.3333]

3. 11 3/7: 11 + 3/7 ≈ 11.428571... → 11.4286 (if rounded to four decimal places), but wait, the problem says ""convert to a decimal"", not ""round to four decimal places"". It says ""using at least four decimal places"", so we need to write the decimal with four or more digits.

Wait, maybe the problem wants the exact decimal representation with at least four digits. For example, 4 3/8 is 4.375, which is 4.3750 when written with four decimal places. 7 2/6 is 7.333333..., so writing five decimal places would be 7.33333, but ""at least four"" so four is 7.3333. 11 3/7 is 11.428571428571..., so writing five decimal places is 11.42857, which is five, but the problem says ""at least four"", so four is 11.4285.

Wait, but let's check the exact values.

First: 4 3/8 = 4 + 3/8 = 4 + 0.375 = 4.375. So as a decimal, it's 4.375. To write at least four decimal places, we can write 4.3750 (since 4.375 is the same as 4.3750, 4.37500, etc.)

Second: 7 2/6 = 7 + 2/6 = 7 + 1/3 ≈ 7.3333333333... So writing four decimal places: 7.3333 (since the fifth decimal is 3, so it's 7.333333..., so the first four decimals are all 3s).

Third: 11 3/7 = 11 + 3/7 ≈ 11.428571428571... So the first four decimals are 4, 2, 8, 5. So 11.4285 (four decimal places). If we write five, it's 11.42857, but the problem says ""at least four"", so four is sufficient here.

Wait, but"
767,"Okay, let's try to figure out this integral. The integral is ∫ dx / ∛[(x-1)(x+1)²]. Hmm, so first, I need to simplify the integrand. Let me write it as (x-1)^(-1/3) * (x+1)^(-2/3). Wait, no: the cube root of (x-1)(x+1)^2 is [(x-1)(x+1)^2]^(1/3), so the denominator is that, so the integrand is [ (x-1)(x+1)^2 ]^(-1/3) = (x-1)^(-1/3) (x+1)^(-2/3).

Maybe a substitution would help here. Let me set t = cube root of [(x+1)/(x-1)]. That seems like a common substitution for integrals involving (x+1)/(x-1) terms. Let's try that.

Let t = (x+1)/(x-1)^(1/3), so t³ = (x+1)/(x-1). Then, solving for x: t³(x - 1) = x + 1 → t³x - t³ = x + 1 → x(t³ - 1) = t³ + 1 → x = (t³ + 1)/(t³ - 1). Maybe differentiating x with respect to t will give us dx in terms of dt.

Let me compute dx/dt. Let x = (t³ + 1)/(t³ - 1). Then dx/dt = [3t²(t³ - 1) - (t³ + 1)(3t²)] / (t³ - 1)^2 = [3t²(t³ - 1 - t³ - 1)] / (t³ - 1)^2 = [3t²(-2)] / (t³ - 1)^2 = -6t² / (t³ - 1)^2.

Hmm, not sure if that's helpful yet. Alternatively, maybe set u = sqrt[3]{x - 1}, but the denominator has (x+1)^2, so maybe another substitution.

Alternatively, notice that the integrand is (x-1)^{-1/3} (x+1)^{-2/3}. Let's write it as (x+1)^{-2/3} (x - 1)^{-1/3}. Let's consider substituting z = (x + 1)/(x - 1). Wait, that's similar to the t I thought earlier.

Let me try z = (x + 1)/(x - 1). Then, dz/dx = [ (1)(x - 1) - (x + 1)(1) ] / (x - 1)^2 = (x - 1 - x - 1)/(x - 1)^2 = (-2)/(x - 1)^2. So dx = - (x - 1)^2 dz / 2.

But our integrand is 1 / [ (x - 1)(x + 1)^2 ]^(1/3) dx. Let's express (x - 1)(x + 1)^2 in terms of z. Since z = (x + 1)/(x - 1), then x + 1 = z(x - 1). So x + 1 = zx - z → x + z = zx → x(z - 1) = z → x = z/(z - 1). Wait, maybe better to solve for x in terms of z.

Wait, z = (x + 1)/(x - 1) ⇒ z(x - 1) = x + 1 ⇒ zx - z = x + 1 ⇒ zx - x = z + 1 ⇒ x(z - 1) = z + 1 ⇒ x = (z + 1)/(z - 1). Okay, so x = (z + 1)/(z - 1). Then, we can compute dx/dz.

dx/dz = [ (1)(z - 1) - (z + 1)(1) ] / (z - 1)^2 = (z - 1 - z - 1)/(z - 1)^2 = (-2)/(z - 1)^2. So dx = -2 dz / (z - 1)^2.

Now, the integrand: 1 / [ (x - 1)(x + 1)^2 ]^(1/3) dx.

First, compute (x - 1) and (x + 1) in terms of z.

x - 1 = (z + 1)/(z - 1) - 1 = (z + 1 - z + 1)/(z - 1) = 2/(z - 1)

x + 1 = (z + 1)/(z - 1) + 1 = (z + 1 + z - 1)/(z - 1) = (2z)/(z - 1)

So (x - 1) = 2/(z - 1), (x + 1) = 2z/(z - 1)

Therefore, (x - 1)(x + 1)^2 = [2/(z - 1)] * [4z²/(z - 1)^2] = 8 z² / (z - 1)^3

Thus, [ (x - 1)(x + 1)^2 ]^(1/3) = (8 z² / (z - 1)^3 )^(1/3) = 2 z^(2/3) / (z - 1)

Therefore, the integrand becomes 1 / [ 2 z^(2/3) / (z - 1) ] * dx = (z - 1)/(2 z^(2/3)) * dx

We have dx = -2 dz / (z - 1)^2, so substituting:

Integrand = (z - 1)/(2 z^(2/3)) * (-2 dz / (z - 1)^2 ) = [ (z - 1) * (-2) ] / [ 2 z^(2/3) (z - 1)^2 ) ] dz = [ - (z - 1) ] / [ z^(2/3) (z - 1)^2 ) ] dz = -1 / [ z^(2/3) (z - 1) ) ] dz

Simplify: - (z - 1)^{-1} z^{-2/3} dz

Hmm, so the integral becomes ∫ - (z - 1)^{-1} z^{-2/3} dz. Wait, but this substitution might be leading to a standard form.

Alternatively, let's think about the integral ∫ dx / [ (x - 1)(x + 1)^2 ]^(1/3). Let me consider the substitution t = cube root of (x + 1)/(x - 1), which is what the options use. Let’s set t = (x + 1)/(x - 1)^(1/3), so t³ = (x + 1)/(x - 1). Then, as before, x = (t³ + 1)/(t³ - 1). Wait, no, earlier we had x = (z + 1)/(z - 1) where z = (x + 1)/(x - 1). Maybe this substitution is a standard one for integrals of the form ∫ dx / [ (x - a)(x + b)^n ]^(1/m).

Alternatively, perhaps partial fractions? But since it's a cube root, partial fractions might not apply directly. Wait, the integrand is a rational function raised to a power, but it's a product inside the cube root.

Wait, another approach: Let’s set u = cube root of (x - 1), v = cube root of (x + 1). Then x = u³ + 1, x = v³ - 1. So u³ + 1 = v³ - 1 ⇒ v³ - u³ = 2 ⇒ (v - u)(v² + uv + u²) = 2. Not sure if helpful.

Alternatively, let's look at the options given. The answer choices all have terms like ln | t² + t + 1 |, ln | t - 1 |, arctan terms with sqrt(3)/3, etc., where t is the cube root of (x+1)/(x-1). So the substitution t = cube root[(x+1)/(x-1)] is likely the key here.

Let me recall that integrals involving expressions like (x + 1)/(x - 1) often lead to inverse hyperbolic or logarithmic terms, especially when there's a quadratic factor in the denominator.

Wait, another idea: The integrand is (x - 1)^{-1/3} (x + 1)^{-2/3}. Let's write it as (x + 1)^{-2/3} (x - 1)^{-1/3} = [ (x + 1)^2 (x - 1) ]^{-1/3}.

Let me set u = (x + 1)/(x - 1), so that the expression becomes u^k (x - 1) or something. Wait, but we did that substitution earlier.

Wait, let's try to compute the derivative of the terms in the options to see which one matches.

Take option D: (1/2) ln | t² + t + 1 | - ln | t - 1 | + sqrt(3) arctan( (2 sqrt(3)/3)(t + 1/2) ) + C, where t = cube root[(x+1)/(x-1)]

Wait, the arctan term has a coefficient of sqrt(3) times (2 sqrt(3)/3) which is 2/ sqrt(3). Hmm, 2 sqrt(3)/3 is 2/sqrt(3), so sqrt(3) * (2 sqrt(3)/3) = 2*3/3 = 2. Wait, no: sqrt(3) * (2 sqrt(3)/3) = 2*3 /3 = 2. So the arctan term is multiplied by 2? Wait, no, the expression is sqrt(3) arctan( (2 sqrt(3)/3)(t + 1/2) ). Hmm, maybe.

Alternatively, the integral of 1 / [ (x - 1)(x + 1)^2 ]^{1/3} dx.

Let me consider a substitution y = cube root( (x + 1)/(x - 1) ), so y³ = (x + 1)/(x - 1). Then, solving for x: y³(x - 1) = x + 1 ⇒ y³x - y³ = x + 1 ⇒ x(y³ - 1) = y³ + 1 ⇒ x = (y³ + 1)/(y³ - 1).

Then, dx/dy = [3y²(y³ - 1) - (y³ + 1)(3y²)] / (y³ - 1)^2 = [3y²(y³ - 1 - y³ - 1)] / (y³ - 1)^2 = [3y²(-2)] / (y³ - 1)^2 = -6y² / (y³ - 1)^2.

So dx = -6y² dy / (y³ - 1)^2.

Now, the integrand is 1 / [ (x - 1)(x + 1)^2 ]^{1/3} dx.

We already computed x - 1 and x + 1 in terms of y:

x - 1 = (y³ + 1)/(y³ - 1) - 1 = (y³ + 1 - y³ + 1)/(y³ - 1) = 2/(y³ - 1)

x + 1 = (y³ + 1)/(y³ - 1) + 1 = (y³ + 1 + y³ - 1)/(y³ - 1) = 2y³/(y³ - 1)

So (x - 1) = 2/(y³ - 1), (x + 1) = 2y³/(y³ - 1)

Therefore, (x - 1)(x + 1)^2 = [2/(y³ - 1)] * [4y^6/(y³ - 1)^2] = 8 y^6 / (y³ - 1)^3

Thus, [ (x - 1)(x + 1)^2 ]^{1/3} = (8 y^6 / (y³ - 1)^3 )^{1/3} = 2 y² / (y³ - 1)

Therefore, the integrand becomes 1 / [ 2 y² / (y³ - 1) ] * dx = (y³ - 1)/(2 y²) * dx

We have dx = -6y² dy / (y³ - 1)^2, so substituting:

Integrand = (y³ - 1)/(2 y²) * (-6 y² dy / (y³ - 1)^2 ) = (y³ - 1) * (-6 y²) / (2 y² (y³ - 1)^2 ) dy = (-6 / 2) * (y³ - 1) / (y³ - 1)^2 dy = -3 / (y³ - 1) dy

Wait, that's a big simplification! So the integral becomes ∫ [ -3 / (y³ - 1) ] dy.

Ah! So now we have a much simpler integral: ∫ -3/(y³ - 1) dy.

Yes! Because we have simplified the integrand to -3/(y³ - 1) dy.

That's a key step. So now, the integral is -3 ∫ 1/(y³ - 1) dy.

We know that y³ - 1 factors into (y - 1)(y² + y + 1). So we can do partial fractions on 1/(y³ - 1) = A/(y - 1) + (By + C)/(y² + y + 1).

Let's perform partial fractions:

1/(y³ - 1) = 1/[(y - 1)(y² + y + 1)] = A/(y - 1) + (By + C)/(y² + y + 1)

Multiply both sides by (y - 1)(y² + y + 1):

1 = A(y² + y + 1) + (By + C)(y - 1)

Let's expand the right-hand side:

A(y² + y + 1) + By² - By + Cy - C

= (A + B)y² + (A - B + C)y + (A - C)

Set equal to 1, so coefficients must satisfy:

For y²: A + B = 0

For y: A - B + C = 0

For constant term: A - C = 1

We need to solve these equations.

From A + B = 0 ⇒ B = -A

From A - B + C = 0: substitute B = -A:

A - (-A) + C = 0 ⇒ 2A + C = 0 ⇒ C = -2A

From A - C = 1: substitute C = -2A:

A - (-2A) = 1 ⇒ 3A = 1 ⇒ A = 1/3

Then B = -1/3, C = -2*(1/3) = -2/3

So,

1/(y³ - 1) = (1/3)/(y - 1) + [ (-1/3)y - 2/3 ] / (y² + y + 1 )

Simplify:

= (1/3)/(y - 1) - (y + 2)/(3(y² + y + 1))

Therefore, the integral becomes:

∫ -3/(y³ - 1) dy = -3 ∫ [ (1/3)/(y - 1) - (y + 2)/(3(y² + y + 1)) ] dy

= -3 [ (1/3) ∫ 1/(y - 1) dy - (1/3) ∫ (y + 2)/(y² + y + 1) dy ]

= -3 [ (1/3) ln|y - 1| - (1/3) ∫ (y + 2)/(y² + y + 1) dy ]

= - [ ln|y - 1| - ∫ (y + 2)/(y² + y + 1) dy ]

= -ln|y - 1| + ∫ (y + 2)/(y² + y + 1) dy

Now, split the numerator:

(y + 2) = (1/2)(2y + 1) + (3/2)

Because derivative of denominator y² + y + 1 is 2y + 1, so we can write:

(y + 2) = (1/2)(2y + 1) + (3/2)

Check: (1/2)(2y + 1) = y + 1/2, so y + 2 = (y + 1/2) + 3/2. Yes, correct.

So,

∫ (y + 2)/(y² + y + 1) dy = (1/2) ∫ (2y + 1)/(y² + y + 1) dy + (3/2) ∫ 1/(y² + y + 1) dy

First integral: (1/2) ∫ (2y + 1)/(y² + y + 1) dy = (1/2) ln|y² + y + 1| + C

Second integral: (3/2) ∫ 1/(y² + y + 1) dy

Complete the square in the denominator:

y² + y + 1 = y² + y + (1/4) + 3/4 = (y + 1/2)^2 + (√3/2)^2

So,

∫ 1/(y² + y + 1) dy = ∫ 1/[ (y + 1/2)^2 + (√3/2)^2 ] dy = (2/√3) arctan( (y + 1/2)/(√3/2) ) + C = (2/√3) arctan( (2y + 1)/√3 ) + C

Multiply by 3/2:

(3/2) * (2/√3) arctan( (2y + 1)/√3 ) = (3/√3) arctan( (2y + 1)/√3 ) = √3 arctan( (2y + 1)/√3 ) + C

Since √3 = 3/√3, so 3/√3 = √3.

Wait, (2y + 1)/√3 is the same as (2y + 1)/(√3), so the arctangent term is arctan( (2y + 1)/√3 ).

Putting it all together:

∫ (y + 2)/(y² + y + 1) dy = (1/2) ln(y² + y + 1) + (3/2) * [ (2/√3) arctan( (2y + 1)/√3 ) ] + C

Wait, no, let's redo the second integral:

The integral of 1/(y² + y + 1) dy = ∫ 1/[ (y + 1/2)^2 + (√3/2)^2 ] dy

The formula for ∫ 1/(u² + a²) du = (1/a) arctan(u/a) + C

Here, u = y + 1/2, so du = dy, a = √3/2

Thus, ∫ 1/(y² + y + 1) dy = (1/(√3/2)) arctan( (y + 1/2)/(√3/2) ) + C = (2/√3) arctan( (2y + 1)/√3 ) + C

So multiplying by 3/2:

(3/2) * (2/√3) arctan(...) = (3/√3) arctan(...) = √3 arctan( (2y + 1)/√3 ) + C

So the entire integral becomes:

∫ (y + 2)/(y² + y + 1) dy = (1/2) ln(y² + y + 1) + √3 arctan( (2y + 1)/√3 ) + C

Wait, no: the coefficient was (3/2) times the integral, which is (3/2)*(2/√3) arctan(...) = (3/√3) arctan(...) = √3 arctan(...). Correct.

So going back to the expression:

The integral ∫ (y + 2)/(y² + y + 1) dy = (1/2) ln(y² + y + 1) + √3 arctan( (2y + 1)/√3 ) + C

Wait, no: the first part was (1/2) ln(y² + y + 1), and the second part is √3 arctan(...). So yes.

Therefore, the original integral:

- ln|y - 1| + (1/2) ln(y² + y + 1) + √3 arctan( (2y + 1)/√3 ) + C

Wait, because we had:

∫ -3/(y³ - 1) dy = -ln|y - 1| + [ (1/2) ln(y² + y + 1) + √3 arctan( (2y + 1)/√3 ) ] + C

Wait, let's retrace:

We had:

∫ -3/(y³ - 1) dy = -ln|y - 1| + ∫ (y + 2)/(y² + y + 1) dy

And ∫ (y + 2)/(y² + y + 1) dy = (1/2) ln(y² + y + 1) + √3 arctan( (2y + 1)/√3 ) + C

So putting it all together:

Integral = -ln|y - 1| + (1/2) ln(y² + y + 1) + �"
768,"Okay, let's try to figure out the inverse function of this piecewise function. First, I need to recall that for a function to have an inverse, it needs to be one-to-one on each interval, so we can find the inverse by solving for x in terms of y for each piece.

The original function is:

y = {
    1 + e^{-x},        if x ≤ 0,
    2 - 2x,           if 0 < x < 1,
    2x - (1 + x²),   if x ≥ 1
}

Let me write down each piece with their domains and ranges.

First piece: x ≤ 0, y = 1 + e^{-x}

Let's find the range of this piece. When x → -∞, e^{-x} = e^{|x|} → ∞, so y → ∞. When x = 0, y = 1 + e^{0} = 2. So as x increases from -∞ to 0, y decreases from ∞ to 2. Wait, no: wait, x is ≤ 0, so when x is very negative (like -100), e^{-x} = e^{100} which is huge, so y = 1 + e^{-x} is very large. As x approaches 0 from the left, x → 0⁻, so e^{-x} → e^{0} = 1, so y → 2. So this piece has range [2, ∞) because as x goes from -∞ to 0, y goes from ∞ down to 2. Wait, actually, when x increases (towards 0), y decreases? Let's check: derivative of y with respect to x is -e^{-x}, which is negative, so yes, decreasing function. So as x increases (from -∞ to 0), y decreases from ∞ to 2. So the range for first piece is [2, ∞).

Second piece: 0 < x < 1, y = 2 - 2x. This is a linear function with slope -2. When x approaches 0 from the right, y = 2 - 0 = 2. When x approaches 1 from the left, y = 2 - 2(1) = 0. So this piece has range (0, 2). Because x is in (0,1), so y is in (0, 2).

Third piece: x ≥ 1, y = 2x - (1 + x²) = -x² + 2x - 1. Let's rewrite this: y = -(x² - 2x + 1) = -(x - 1)^2. Oh! That's a quadratic, opening downward with vertex at x=1, y = -(0)^2 = 0. So for x ≥ 1, this function starts at x=1, y=0, and as x increases, y = -(x-1)^2 decreases to -∞. Wait, no: wait, (x - 1)^2 is non-negative, so y = - (x - 1)^2 is ≤ 0. So when x=1, y=0; as x increases beyond 1, y becomes more negative. So the range for the third piece is (-∞, 0].

Wait, but hold on: the original function's third piece is x ≥ 1, so y = 2x -1 -x² = -x² + 2x -1. Let's compute at x=1: 2(1) - (1 + 1) = 2 - 2 = 0. At x=2: 4 - (1 + 4) = 4 -5 = -1. At x=3: 6 - (1 +9)=6 -10= -4. So yes, it's a downward parabola, vertex at (1,0), so for x ≥1, it's decreasing (since the parabola opens downward, so for x >1, it's decreasing). So the range here is (-∞, 0].

Now, let's list the ranges of each piece of the original function:

1. x ≤ 0: y ∈ [2, ∞)
2. 0 < x < 1: y ∈ (0, 2)
3. x ≥ 1: y ∈ (-∞, 0]

So the entire function's range is (-∞, ∞), since the three pieces cover all real numbers: the first gives [2, ∞), the second (0, 2), and the third (-∞, 0]. Wait, actually, the second piece is (0, 2), so the union of the ranges is (-∞, 0] ∪ (0, 2) ∪ [2, ∞) = (-∞, ∞). So the function is surjective onto ℝ.

Now, to find the inverse function, we need to invert each piece.

Let's handle each piece one by one.

First piece: x ≤ 0, y = 1 + e^{-x}

We want to solve for x in terms of y.

Start with y = 1 + e^{-x}

Subtract 1: y - 1 = e^{-x}

Take natural log: ln(y - 1) = -x

Multiply both sides by -1: x = -ln(y - 1)

But we need to consider the domain and range.

Original domain for this piece: x ≤ 0. So x ∈ (-∞, 0]

Corresponding y: y ∈ [2, ∞) (since when x=0, y=2; as x→-∞, y→∞)

So for the inverse function, the preimage of [2, ∞) under f is x ≤ 0. So the inverse function for this part should be defined when y ≥ 2, and x = -ln(y - 1). Wait, let's check.

Wait, in the inverse function, the input is y (the original function's output), and we need to express x in terms of y.

For the first piece of f: when y ≥ 2, the inverse function is x = -ln(y - 1). Let's verify: if y = 1 + e^{-x}, then x = -ln(y - 1). For example, take x=0: y=2, so inverse would be x = -ln(2 -1) = -ln(1) = 0, which matches. If x=-1: y=1 + e^{1} ≈ 3.718, so inverse x = -ln(3.718 -1) = -ln(2.718) ≈ -1, correct. So yes, for y ≥ 2, inverse is x = -ln(y - 1). But in the options, the inverse function is written as y = ... so the inverse function's expression is given in terms of x (the input to the inverse function, which is the output of f).

Wait, the problem says ""the inverse function of y = [piecewise]"". So the inverse function will map outputs of the original function back to inputs.

So let's denote the inverse function as f^{-1}(x). So for each piece of f, we find f^{-1}(x) where x is in the range of that piece.

Let's go step by step.

Original function f(x):

- For x ≤ 0: f(x) = 1 + e^{-x}. Range: [2, ∞)
- For 0 < x < 1: f(x) = 2 - 2x. Range: (0, 2)
- For x ≥ 1: f(x) = 2x - (1 + x²) = -x² + 2x -1. Range: (-∞, 0]

So the inverse function f^{-1}(z) (using z as the variable to avoid confusion) will have:

- When z ≥ 2: f^{-1}(z) = -ln(z - 1)
- When 0 < z < 2: f^{-1}(z) = 1 - (1/2)z (since for the middle piece, f(x) = 2 - 2x ⇒ x = (2 - z)/2 = 1 - z/2)
- When z ≤ 0: f^{-1}(z) = 1 + sqrt(|z|). Wait, let's check.

Wait, for the third piece: x ≥ 1, f(x) = - (x - 1)^2. So solving for x: z = - (x - 1)^2 ⇒ (x - 1)^2 = -z ⇒ x - 1 = ±sqrt(-z). But since x ≥ 1, x - 1 ≥ 0, so x - 1 = sqrt(-z) ⇒ x = 1 + sqrt(-z). Wait, but z = f(x) ≤ 0, so -z ≥ 0, so sqrt(-z) is real.

Wait, let's do it carefully.

For the third piece: z = f(x) = - (x - 1)^2, where x ≥ 1.

So z = - (x - 1)^2 ⇒ (x - 1)^2 = -z ⇒ x - 1 = sqrt(-z) (since x - 1 ≥ 0, so we take positive root). Therefore, x = 1 + sqrt(-z). Since z ≤ 0, -z ≥ 0, so sqrt(-z) is real.

So for z ≤ 0, f^{-1}(z) = 1 + sqrt(-z) = 1 + sqrt(|z|), since |z| = -z when z ≤ 0.

Yes, that's correct.

Now, let's write the inverse function's pieces:

1. For z ≥ 2: f^{-1}(z) = -ln(z - 1)
2. For 0 < z < 2: f^{-1}(z) = 1 - (1/2)z
3. For z ≤ 0: f^{-1}(z) = 1 + sqrt(|z|)

Now, we need to check the domains and codomains.

Wait, the problem states the inverse function's options. Let's look at the options.

Option A: 
y = {
    -ln(x - 1), x ≥ 2,
    1 - (1/2)x, 0 < x < 1,
    1 + sqrt(|x|), x ≤ -1
}

Wait, the domains here are x ≥ 2, 0 < x < 1, x ≤ -1. But the inverse function's domains should correspond to the ranges of the original function.

Wait, the inverse function's domain is the range of the original function. So:

- The inverse function is defined for all real numbers (since original function is surjective).
- The inverse function's pieces are:
  - For z ≥ 2 (original first piece's range): f^{-1}(z) = -ln(z - 1)
  - For 0 < z < 2 (original second piece's range): f^{-1}(z) = 1 - z/2
  - For z ≤ 0 (original third piece's range): f^{-1}(z) = 1 + sqrt(|z|)

So the inverse function's domain is split into three intervals: (-∞, 0], (0, 2), [2, ∞). Wait, no: the original function's ranges are:

- First piece: [2, ∞)
- Second piece: (0, 2)
- Third piece: (-∞, 0]

So the inverse function's domain is all real numbers, partitioned into:

- z ≤ 0: corresponds to third piece of original
- 0 < z < 2: corresponds to second piece
- z ≥ 2: corresponds to first piece

So the inverse function is:

f^{-1}(x) = {
    -ln(x - 1),       if x ≥ 2,
    1 - (1/2)x,      if 0 < x < 2,
    1 + sqrt(|x|),   if x ≤ 0
}

Wait, but in the options, the domains are written as intervals.

Let's check the options.

Option C says:

y = {
    -ln(x - 1), x ≥ 1,
    1 - (1/2)x, 0 < x < 2,
    1 + sqrt(|x|), x ≤ -1
}

Hmm, not matching. Wait, the third piece of the inverse function is for x ≤ 0 (since original third piece's range is z ≤ 0), so the inverse function's domain for the third piece is x ≤ 0.

Option I:

y = {
    -ln(x - 1), x ≥ 1,
    1 - (1/2)x, 0 < x < 1,
    1 + sqrt(|x|), x ≤ 0
}

Wait, no. Let's re-examine.

Wait, the second piece of the inverse function: original second piece was 0 < x < 1 (domain of f), which maps to (0, 2) (range of f). So the inverse function's second piece is defined for x in (0, 2), since those are the outputs of f that come from the middle piece.

So the inverse function's second piece is for 0 < x < 2, not 0 < x < 1.

Ah, this is important. So the middle piece of the inverse function is for x in (0, 2), because the original middle piece's range is (0, 2).

Let's check the options.

Option B:

y = {
    -ln(x - 1), x ≥ 1,
    1 - (1/2)x, 0 < x < 2,
    1 + sqrt(|x|), x ≤ -1
}

Wait, no, Option B says x ≥ 1 for the first piece, but according to our analysis, the first piece of the inverse function (for x ≥ 2) is -ln(x - 1). Wait, the inverse function's first piece (x ≥ 2) corresponds to the original first piece (x ≤ 0). So the inverse function's first piece is defined for x ≥ 2.

Similarly, the middle piece is for 0 < x < 2 (since original second piece's range is (0, 2)), and the third piece is for x ≤ 0.

Let's look at the options.

Option C:

y = {
    -ln(x - 1), x ≥ 1,
    1 - (1/2)x, 0 < x < 2,
    1 + sqrt(|x|), x ≤ -1
}

Wait, the first piece here is x ≥ 1, but according to our analysis, the first piece of the inverse function (for the original first piece) is x ≥ 2. So the domain for the first piece of the inverse is x ≥ 2, not x ≥ 1.

Option E:

y = {
    -ln(x - 1), x ≥ 1,
    1 - (1/2)x, 0 < x < 2,
    1 + sqrt(|x|), x ≤ -2
}

No, the third piece should be x ≤ 0.

Option G:

y = {
    -ln(x - 1), x ≥ 2,
    1 - (1/2)x, 0 < x < 2,
    1 + sqrt(|x|), x ≤ 0
}

Wait, Option G says: ""x ≥ 2"" for the first piece, ""0 < x < 2"" for the middle, and ""x ≤ 0"" for the last. Let's check the exact wording.

Looking at Option G:

G. y = {
    -ln(x - 1), x ≥ 2,
    1 - (1/2)x, 0 < x < 2,
    1 + sqrt(|x|), x ≤ 0
}

Wait, no, the description says:

G. y = left{ begin{array}{l} - ln (x - 1),{rm{ }}quad x ge 2, 1 - frac{1}{2}x,quad quad - {rm{2}} < x < 0, 1 + sqrt {|x|} {rm{, }};;,{rm{ }}quad x le - 2 end{array} right. 

Wait, no, maybe I misread. Let me check the options again.

The user provided options A to J. Let's list them with their domains.

Option A:

y = {
    -ln(x - 1), x ≥ 2,
    1 - (1/2)x, 0 < x < 1,
    1 + sqrt(|x|), x ≤ -1
}

Option B:

y = {
    -ln(x - 1), x ≥ 1,
    1 - (1/2)x, 0 < x < 2,
    1 + sqrt(|x|), x ≤ -1
}

Option C:

y = {
    -ln(x - 1), x ≥ 1,
    1 - (1/2)x, 0 < x < 2,
    1 + sqrt(|x|), x ≤ -1
}

Wait, the way the options are written might have different domains.

Wait, the key point is: the inverse function's middle piece (corresponding to original second piece) is defined for 0 < x < 2 (since original second piece's range is (0, 2)), so the middle piece of the inverse function is 0 < x < 2.

The third piece of the inverse function (original third piece) is for x ≤ 0 (since original third piece's range is (-∞, 0]), so the inverse function's third piece is x ≤ 0.

The first piece of the inverse function (original first piece) is for x ≥ 2 (since original first piece's range is [2, ∞)), so the inverse function's first piece is x ≥ 2.

So the correct inverse function should be:

f^{-1}(x) = {
    -ln(x - 1),          if x ≥ 2,
    1 - (1/2)x,         if 0 < x < 2,
    1 + sqrt(|x|),      if x ≤ 0
}

Now, looking at the options:

Option H:

H. y = left{ begin{array}{l} - ln (x - 1),{rm{ }}quad x ge 1, 1 - frac{1}{2}x,{rm{ }}qquad ;0 < x < 1, 1 + sqrt {|x|} {rm{, }};;,{rm{ }}quad x le 0 end{array} right. 

Wait, no, Option H has 0 < x < 1 for the middle piece, but we need 0 < x < 2.

Option I:

I. y = left{ begin{array}{l} - ln (x - 1),{rm{ }}quad x ge 1, 1 - frac{1}{2}x,{rm{ }}qquad ,0 < x < 1, 1 + sqrt {|x|} {rm{, }};;,{rm{ }}quad x le 0 end{array} right. 

This also has 0 < x < 1 for the middle piece.

Option J:

J. y = left{ begin{array}{l} - ln (x - 1),{rm{ }}quad x ge 2, 1 - frac{1}{2}x,quad ;;; - {rm{2}} < x < 2, 1 + sqrt {|x|} {rm{, }};;quad x le - 2 end{array} right. 

Hmm, Option J has the middle piece as -2 < x < 2, which is probably incorrect.

Wait, let's go back.

The correct inverse function's pieces:

1. x ≥ 2: -ln(x - 1)
2. 0 < x < 2: 1 - (1/2)x
3. x ≤ 0: 1 + sqrt(|x|)

So the domains are:

- First piece: x ≥ 2
- Second piece: 0 < x < 2
- Third piece: x ≤ 0

Now, check the options.

Option G: 

G. y = left{ begin{array}{l} - ln (x - 1),{rm{ }}quad x ge 2, 1 - frac{1}{2}x,quad quad - {rm{2}} < x < 0, 1 + sqrt {|x|} {rm{, }};;,{rm{ }}quad x le - 2 end{array} right. 

Wait, no, the description for Option G seems to have a typo in the domains. Wait, the user wrote:

Option G: ""y = left{ begin{array}{l} - ln (x - 1),{rm{ }}quad x ge 2, 1 - frac{1}{2}x,quad quad - {rm{2}} < x < 0, 1 + sqrt {|x|} {rm{, }};;,{rm{ }}quad x le - 2 end{array} right.""

Wait, no, the third piece in Option G is written as ""x le -2"", but we need x ≤ 0. Hmm.

Wait, perhaps the correct option is Option C or another.

Wait, let's look at Option C:

C. y = left{ begin{array}{l} - ln (x - 1),{rm{ }}quad x ge 1, 1 - frac{1}{2}x,{rm{ }}qquad ,0 < x < 2, 1 + sqrt {|x|} {rm{, }};;,{rm{ }}quad x le -1 end{array} right. 

Here, the first piece is x ≥ 1, but we need x ≥ 2. Also, the third piece is x ≤ -1, but we need x ≤ 0.

Option B:

B. y = left{ begin{array}{l} - ln (x - 1),{rm{ }}quad x ge 1, 1 - frac{1}{2}x,{rm{ }}qquad ,0 < x < 2, 1 + sqrt {|x|} {rm{, }};;,{rm{ }}quad x le -1 end{array} right. 

Same issue: first piece x ≥ 1, but should be x ≥ 2.

Option E:

E. y = left{ begin{array}{l} - ln (x - 1),{rm{ }}quad x ge 1, 1 - frac{1}{2}x,{rm{ }}qquad ,0 < x < 2, 1 + sqrt {|x|} {rm{, }};;,{rm{ }}quad x le -2 end{array} right."
769,"Okay, let's see. The problem is asking to convert 9π radians to degrees. Hmm, I remember that radians and degrees are different units for measuring angles. I think there's a conversion factor between them. Let me recall.

First, I know that a full circle is 2π radians, right? And a full circle is also 360 degrees. So maybe I can use that to find the conversion factor. 

Let me write that down: 2π radians = 360 degrees. So if I want to convert radians to degrees, I can set up a proportion. Like, how many degrees is 1 radian? Well, if 2π radians is 360 degrees, then 1 radian is 360/(2π) degrees. Let me calculate that. 360 divided by 2π is 180/π. So 1 radian is (180/π) degrees. 

So the formula to convert radians to degrees is: degrees = radians × (180/π). Yeah, that sounds right. Because if you have, say, π radians, that should be 180 degrees. Let's check: π × (180/π) = 180. Perfect, that works. And 2π radians would be 2π × (1ื0/π) = 360 degrees, which is correct. So the formula is degrees = radians × (180/π).

So now, we need to convert 9π radians to degrees. Let's plug it into the formula. 

Degrees = 9π × (180/π). Oh, wait, the π cancels out! Because we have 9π times 180 over π. So the π in the numerator and denominator cancel. So that's 9 × 180. Let me compute that. 9 times 180. Let's see, 10 times 180 is 1800, so 9 times 180 is 1800 - 180 = 1620. So 9π radians is 1620 degrees.

Wait, let me verify. Let's take a smaller angle. For example, π radians is 180 degrees, so 2π radians is 360 degrees, which is a full circle. Then 4π radians would be 720 degrees, which is two full circles. So 9π radians is 9 times π, so 9 times 180 degrees (since π radians is 180 degrees). So 9×180=1620. That makes sense. 

Yes, because each π radians is 180 degrees, so multiplying the number of π radians by 180 gives the degree measure. So 9π radians is 9×180=1620 degrees. 

I think that's it. Let me just make sure I didn't make a mistake. Let's do the calculation step by step. 

We know that 180 degrees = π radians. So to convert from radians to degrees, we multiply by (180/π). Wait, no, actually, the conversion factor is that 1 radian = (180/π) degrees. So if we have θ radians, then θ × (180/π) = degrees. 

So for 9π radians: 9π × (180/π) = 9 × 180 = 1620. Yep, the π cancels out. So 9π radians is 1620 degrees. 

That seems straightforward. I don't think I made a mistake here. Let me think of another way. Suppose we have a circle with circumference 2πr, but maybe that's not helpful here. Alternatively, the relationship between radians and degrees is fixed: 2π radians = 360 degrees, so the ratio is 360/(2π) = 180/π degrees per radian. So yes, the conversion factor is 180/π degrees per radian. 

So 9π radians × (180 degrees / π radians) = 9×180 = 1620 degrees. The units cancel correctly: radians × (degrees/radians) = degrees. So that's correct. 

Therefore, 9π radians is equal to 1620 degrees.
</think>

To solve the problem of converting $ 9\pi $ radians to degrees, we begin by recalling the fundamental relationship between radians and degrees:

$$
2\pi \text{ radians} = 360^\circ
$$

From this, we can derive the conversion factor from radians to degrees:

$$
1 \text{ radian} = \frac{180}{\pi} \text{ degrees}
$$

---

### Step-by-step Conversion

We are given an angle of $ 9\pi $ radians. To convert it to degrees, we apply the formula:

$$
\text{Degrees} = \text{Radians} \times \left( \frac{180}{\pi} \right)
$$

Substitute $ 9\pi $ into the formula:

$$
\text{Degrees} = 9\pi \times \left( \frac{180}{\pi} \right)
$$

Now simplify:

$$
9\pi \times \frac{180}{\pi} = 9 \times 180 = 1620
$$

The $ \pi $ terms cancel out perfectly, leaving us with:

$$
1620^\circ
$$

---

### Final Answer

$$
\boxed{1620}
$$"
770,"Okay, let's tackle these problems one by one. The question is: for each given point (x, y), find the base b such that the graph of y = b^x passes through that point. 

First, I remember that for exponential functions, if a point (x, y) is on the graph of y = b^x, then y = b^x. So, we can rearrange this to solve for b. Let's recall that for any point (a, c) on the graph, c = b^a, so b = c^(1/a). That's the key formula here. 

Let me list out all the points:

1. (2, 9)
2. (1, 4)
3. (-2, ื่)
4. (1, 3)
5. (-1, 0.5)
6. (1, 1)
7. (0.5, 1.4142135623731)
8. (-1, 0.5)
9. (0.5, 0.707106781186548)
10. (-3, 0.125)

Wait, the problem says ""for each of the following"", so there are 10 points. Let's handle each one step by step.

Starting with the first one: (2, 9). So x=2, y=9. Then 9 = b^2. To solve for b, take the square root of 9. So b = sqrt(9) = 3 or -3. But since exponential functions with base b must have b > 0 and b ≠ 1, so we discard negative. So b=3. So first answer is 3.

Second: (1, 4). x=1, y=4. Then 4 = b^1, so b=4. That's straightforward. So second answer is 4.

Third: (-2, 1). Wait, the point is (-2, 1). So x=-2, y=1. Then 1 = b^(-2). Let's solve for b. 

Recall that b^(-2) = 1/b^2, so 1 = 1/b^2 => b^2 = 1 => b=1 or b=-1. But again, exponential bases must be positive and not equal to 1. So b=1 is invalid (since b=1 would make the function y=1^x=1, which is a constant function, not exponential). So does that mean there's no solution? Wait, but the problem says ""the graph of y = b^x contains the given point"". Wait, maybe I made a mistake here.

Wait, if y = b^x, then when x=-2, y=1. So 1 = b^(-2) => b^(-2) = 1 => 1/b² = 1 => b² = 1 => b=1 or b=-1. But b=1 is invalid (as it's a constant function), and b=-1 is also invalid because negative bases in exponentials are tricky (they're only defined for integer exponents, but generally, exponential functions with negative bases aren't considered in standard contexts). So maybe the problem expects b=1? But no, the problem states ""the graph of y = b^x"", so typically, exponential functions have base b > 0, b ≠ 1. So in this case, the point (-2, 1) is on y = 1^x, but 1^x is a constant function 1, so the graph is y=1, which passes through (-2,1). But usually, when they say ""exponential function"", they mean b ≠ 1. Hmm. Wait, the problem says ""the graph of y = b^x"", so maybe they allow b=1? But in most contexts, exponential functions require b > 0, b ≠ 1. Let's check the problem statement again. It says ""find the base b if the graph of y = b^x contains the given point"". So for (-2, 1), if we take b=1, then y=1^x=1, so yes, it passes through (-2,1). But is that considered? Maybe the problem expects b=1 here, even though it's a trivial case. Wait, but let's see the next points. For example, the last point is (-3, 0.125). 0.125 is 1/8, which is 2^-3, so b=2. Let's see.

Wait, maybe the third point is a trick question. Let's think again. If the point is (-2, 1), then 1 = b^(-2). So b^(-2) = 1 => b = ±1. Since b must be positive (otherwise, the function isn't real for all x), so b=1. But as mentioned, b=1 is a constant function, not a true exponential. However, the problem might accept b=1 here. Let's note that.

Fourth point: (1, 3). So x=1, y=3. Then 3 = b^1 => b=3. So answer is 3.

Fifth point: (-1, 0.5). So x=-1, y=0.5. Then 0.5 = b^(-1) => b^(-1) = 0.5 => 1/b = 0.5 => b=2. So answer is 2.

Sixth point: (1, 1). So x=1, y=1. Then 1 = b^1 => b=1. But again, b=1 is a constant function, not a proper exponential. However, the problem says ""the graph of y = b^x"", so technically, y=1^x is the constant function 1, so it does pass through (1,1). But in many contexts, exponential functions are defined with b ≠ 1. Hmm. The problem might expect b=1 here, even though it's a degenerate case.

Seventh point: (0.5, 1.4142135623731). Let's look at that number. 1.4142... is approximately sqrt(2), which is about 1.41421356237. So the y-value is sqrt(2). So the point is (0.5, sqrt(2)). So we have y = b^x, so sqrt(2) = b^(0.5). Then, squaring both sides: (sqrt(2))^2 = (b^0.5)^2 => 2 = b^1 => b=2. So answer is 2.

Eighth point: (-1, 0.5). Wait, this is the same as the fifth point? Wait, the fifth point was (-1, 0.5), and the eighth point is also (-1, 0.5). Wait, looking back at the problem statement:

Wait, the user wrote:

""For each of the following, find the base b if the graph of y=b^x contains the given point. (2,9) b= [ANS]

(1,4) b= [ANS]

(-2,1) b= [ANS]

(1,3) b= [ANS]

(-1,0.5) b= [ANS]

(1,1) b= [ANS]

(0.5,1.4142135623731) b= [ANS]

(-1,0.5) b= [ANS]

(0.5,0.707106781186548) b= [ANS]

(-3,0.125) b= [ANS]""

So there are 10 points. Let's list them with numbers:

1. (2, 9)
2. (1, 4)
3. (-2, 1)
4. (1, 3)
5. (-1, 0.5)
6. (1, 1)
7. (0.5, 1.4142135623731)
8. (-1, 0.5) [same as point 5?]
9. (0.5, 0.707106781186548)
10. (-3, 0.125)

Wait, point 5 and 8 are the same: (-1, 0.5). Maybe a typo, but we'll handle them as given.

Let's go step by step.

1. (2, 9): 9 = b^2 ⇒ b = √9 = 3 (since b > 0). So b=3.

2. (1, 4): 4 = b^1 ⇒ b=4.

3. (-2, 1): 1 = b^(-2) ⇒ b^(-2) = 1 ⇒ 1/b² = 1 ⇒ b²=1 ⇒ b=1 or b=-1. Since b>0, b=1. But is b=1 acceptable? In the context of exponential functions, usually b≠1, but the problem says ""the graph of y = b^x"". If b=1, then y=1^x=1 for all x, so the graph is the horizontal line y=1, which does pass through (-2,1). So maybe the answer is 1 here.

4. (1, 3): 3 = b^1 ⇒ b=3.

5. (-1, 0.5): 0.5 = b^(-1) ⇒ b = 1/0.5 = 2. So b=2.

6. (1, 1): 1 = b^1 ⇒ b=1. Again, same issue. The graph of y=1^x is y=1, which passes through (1,1). So b=1.

7. (0.5, 1.4142135623731): 1.4142... is √2 ≈ 1.41421356237. So y = √2 when x=0.5. So √2 = b^(0.5) ⇒ square both sides: (√2)^2 = (b^0.5)^2 ⇒ 2 = b ⇒ b=2.

8. (-1, 0.5): same as point 5, so b=2.

9. (0.5, 0.707106781186548): 0.7071... is approximately √2/2 ≈ 0.7071, which is 1/√2 ≈ 0.7071. So y = 1/√2 when x=0.5. So 1/√2 = b^(0.5) ⇒ square both sides: (1/√2)^2 = (b^0.5)^2 ⇒ 1/2 = b ⇒ b=1/2. So answer is 0.5.

10. (-3, 0.125): 0.125 is 1/8, which is 2^-3. So 0.125 = b^(-3) ⇒ 1/8 = b^(-3) ⇒ 8 = b^3 ⇒ b=2 (since 2^3=8). So b=2.

Let me verify each:

1. (2,9): b=3. Correct, since 3^2=9.

2. (1,4): b=4. Correct, 4^1=4.

3. (-2,1): 1 = b^(-2) ⇒ b^2=1 ⇒ b=1 (since b>0). So b=1.

4. (1,3): b=3. Correct, 3^1=3.

5. (-1,0.5): 0.5 = b^(-1) ⇒ b=2. Correct, 2^(-1)=0.5.

6. (1,1): b=1. Because 1^1=1, and the graph is y=1, which passes through (1,1).

7. (0.5, √2): √2 = b^0.5 ⇒ b= (√2)^2 = 2. Correct.

8. (-1,0.5): same as 5, so b=2.

9. (0.5, 1/√2): 1/√2 = b^0.5 ⇒ b = (1/√2)^2 = 1/2. Correct, since (1/2)^0.5 = 1/√2 ≈ 0.7071.

10. (-3, 0.125): 0.125 = 1/8 = 2^(-3), so b=2. Correct.

Now, let's check if there are any mistakes.

For point 3: (-2,1). If b=1, then y=1^x=1 for all x, so the graph is y=1, which does pass through (-2,1). So the answer is 1.

Point 6: (1,1). Similarly, b=1, since 1^1=1, and the graph is y=1, which passes through (1,1).

Point 9: (0.5, ~0.7071). 0.7071 is 1/√2, so b=1/2. Because (1/2)^0.5 = 1/√2 ≈ 0.7071. Correct.

Point 10: (-3, 0.125). 0.125 is 1/8, which is 2^-3, so b=2. Correct.

Let me write down all answers:

1. 3

2. 4

3. 1

4. 3

5. 2

6. 1

7. 2

8. 2

9. 0.5 (or 1/2)

10. 2

Wait, the problem says ""for each of the following"", so we need to list all 10 answers. Let's confirm each:

1. (2,9): b=3 ✔️

2. (1,4): b=4 ✔️

3. (-2,1): b=1 ✔️ (since 1^(-2)=1)

4. (1,3): b=3 ✔️

5. (-1,0.5): b=2 ✔️ (2^(-1)=0.5)

6. (1,1): b=1 ✔️ (1^1=1)

7. (0.5, √2): b=2 ✔️ (√2 = 2^0.5)

8. (-1,0.5): same as 5, so b=2 ✔️

9. (0.5, 1/√2): b=1/2 ✔️ ((1/2)^0.5 = 1/√2)

10. (-3, 0.125): 0.125=1/8=2^-3, so b=2 ✔️

So the answers are:

1. 3

2. 4

3. 1

4. 3

5. 2

6. 1

7. 2

8. 2

9. 1/2 (or 0.5)

10. 2

The problem says ""If the question has a final answer"", but since there are multiple questions (10 points), we need to list all 10 answers. Wait, the user instruction says: ""For each of the following, find the base b..."" So each of these 10 points has its own answer. The user wants the answer for each, boxed separately? But the instruction says: ""If the problem has multiple sub-answers, separate them by commas inside a single \boxed{}"".

Wait, the original problem says ""For each of the following, find the base b..."", so there are 10 different problems. The user probably wants each answer boxed individually, but the instruction says: ""put your final answer inside \boxed{}"". Wait, maybe the user wants all answers listed in order, each as a box. But the instruction says ""if the problem has multiple sub-answers, separate them by commas inside a single \boxed{}"".

Wait, perhaps the user is asking for a single answer, but no—the problem lists 10 points. Wait, maybe the user made a mistake in formatting, but according to the problem statement, we have 10 points. Let me check the initial problem statement again.

The user wrote:

""For each of the following, find the base $b$ if the graph of $y=b^x$ contains the given point. $(2,9)$ $b=$ [ANS]

$(1,4)$ $b=$ [ANS]

$(-2,1)$ $b=$ [ANS]

$(1,3)$ $b=$ [ANS]

$(-1,0.5)$ $b=$ [ANS]

$(1,1)$ $b=$ [ANS]

$(0.5,1.4142135623731)$ $b=$ [ANS]

$(-1,0.5)$ $b=$ [ANS]

$(0.5,0.707106781186548)$ $b=$ [ANS]

$(-3,0.125)$ $b=$ [ANS]""

So there are 10 points. The user wants each answer. Since the instruction says ""if the problem has multiple sub-answers, separate them by commas inside a single \boxed{}"", so we need to list all 10 answers as a comma-separated list in one box.

Let me write the answers:

1. 3

2. 4

3. 1

4. 3

5. 2

6. 1

7. 2

8. 2

9. 0.5 (or 1/2)

10. 2

Let me check point 9: (0.5, 0.707106781186548). 0.7071... is approximately 1/√2 ≈ 0.7071067811865475. So y = b^x, x=0.5, y=1/√2. So 1/√2 = b^(1/2) ⇒ b = (1/√2)^2 = 1/2. So b=0.5.

Point 10: (-3, 0.125). 0.125 = 1/8 = 2^(-3), so b=2.

Point 3: (-2,1). 1 = b^(-2) ⇒ b^2 = 1 ⇒ b=1 (since b>0).

Point 6: (1,1). 1 = b^1 ⇒ b=1.

So the answers are:

3, 4, 1, 3, 2, 1, 2, 2, 0.5, 2

Wait, let's write them as fractions where needed:

Point 9: 1/2, which is 0.5.

So the list is:

1. 3

2. 4

3. 1

4. 3

5. 2

6. 1

7. 2

8. 2

9. 1/2 (0.5)

10. 2

So in the order given, the answers are:

3, 4, 1, 3, 2, 1, 2, 2, 0.5, 2

Let me confirm each:

1. (2,9): 9 = b² ⇒ b=3 ✔️

2. (1,4): 4 = b¹ ⇒ b=4 ✔️

3. (-2,1): 1 = b⁻² ⇒ b²=1 ⇒ b=1 ✔️

4. (1,3): 3 = b¹ ⇒ b=3 ✔️

5. (-1,0.5): 0.5 = b⁻¹ ⇒ b=2 ✔️

6. (1,1): 1 = b¹ ⇒ b=1 ✔️

7. (0.5, √2): √2 = b⁰·⁵ ⇒ b=(√2)²=2 ✔️

8. (-1,0.5): same as 5 ⇒ b=2 ✔️

9. (0.5, 1/√2): 1/√2 = b⁰·⁵ ⇒ b=(1/√2)²=1/2 ✔️

10. (-3, 0.125): 0.125 = b⁻³ ⇒ 1/8 = b⁻³ ⇒ b³=8 ⇒ b=2 ✔️

Yes, all correct.

So the answers are: 3, 4, 1, 3, 2, 1, 2, 2, 0.5, 2

We need to write them as a comma-separated list inside a single box.

But wait, the problem says ""If the problem has multiple sub-answers, separate them by commas inside a single \boxed{}"". So for this problem, since there are 10 sub-problems, the answer is a list of 10 numbers.

So the final answer is \boxed{3, 4, 1, 3, 2, 1, 2, 2, 0.5, 2}

Wait, but the problem says ""for each of the following"", so each has its own answer. The user probably wants each answer boxed, but the instruction says ""put your final answer inside \boxed{}"". Since there are multiple answers, we list them all in one box with commas.

Let me check if 0.5 should be written as 1/2. The problem says ""b="" for each, so numerical values. For example, the 9th point: (0.5, 0.7071...) is 1/2, so 0.5 is fine, but in math, 1/2 is more precise. However, the problem uses decimals like 0.5, 0.707..., so maybe 0.5 is okay.

But let's write all answers as numbers:

1. 3

2. 4

3. 1

4."
771,"Okay, let's see. I need to find the exact value of sec(-π/3). Hmm, first, I remember that secant is the reciprocal of cosine, so sec(x) = 1/cos(x). So maybe I can start by finding cos(-π/3) and then take its reciprocal.

First, let's recall some trigonometric identities for negative angles. I think cosine is an even function, right? Like, cos(-θ) = cos(θ). Let me confirm that. Yeah, cosine is even because it's symmetric about the y-axis. So cos(-x) = cos(x). That means cos(-π/3) = cos(π/3).

Now, what's cos(π/3)? I remember that π/3 radians is 60 degrees. In the unit circle, the angle π/3 is in the first quadrant. The coordinates on the unit circle for π/3 are (cos(π/3), sin(π/3)) which is (1/2, √3/2). So cos(π/3) is 1/2. Therefore, cos(-π/3) is also 1/2, since cosine is even.

Then, sec(-π/ื่) is 1 divided by cos(-π/3), which is 1 divided by (1/2). So 1 divided by (1/2) is 2. Let me check that again.

Wait, secant is 1 over cosine, so yes. So sec(-π/3) = 1 / cos(-π/3) = 1 / [cos(π/3)] because cosine is even. And cos(π/3) is 1/2, so 1 divided by 1/2 is 2. So the exact value is 2.

Let me make sure I didn't make a mistake. Let's go through each step.

First, secant is the reciprocal of cosine: sec(x) = 1/cos(x). Correct.

Then, cos(-θ) = cos(θ) because cosine is an even function. Yes, that's a standard identity. For example, cos(-x) = cos(x) for all x.

So cos(-π/3) = cos(π/3). Correct.

What's cos(π/3)? In the unit circle, π/3 is 60 degrees. The cosine of 60 degrees is 0.5, which is 1/2. So cos(π/3) = 1/2. Therefore, cos(-π/3) = 1/2.

Thus, sec(-π/3) = 1 / (1/2) = 2. That seems right.

I think that's it. So the exact value is 2, which is a fraction, 2/1, but they probably just want 2. Let me check if there's any chance I messed up the sign.

Wait, secant is positive in the fourth quadrant? Wait, no, -π/3 is in the fourth quadrant? Wait, angles are measured from the positive x-axis. Negative angles go clockwise. So -π/3 is 30 degrees below the x-axis, so in the fourth quadrant. But cosine is positive in the fourth quadrant, right? Because cosine is adjacent over hypotenuse, and in the fourth quadrant, x is positive, so cosine is positive. So cos(-π/3) is positive, which matches with cos(π/3) being positive. So that's consistent.

Yes, so sec(-π/3) is 2. I think that's correct.

Another way: using the unit circle. The angle -π/3 is equivalent to 5π/3 in the positive direction (since 2π - π/3 = 5π/3). Wait, no, -π/3 is the same as 2π - π/3 = 5π/3? Wait, no, -π/3 is 30 degrees below the x-axis, so in the fourth quadrant, and 5π/3 is 300 degrees, which is the same as -60 degrees, so yes, -π/3 is coterminal with 5π/3. But cos(5π/3) is also 1/2, because 5π/3 is in the fourth quadrant where cosine is positive, and the reference angle is π/3. So cos(5π/3) = cos(π/3) = 1/2. So that's another way to see it.

Therefore, sec(-π/3) = sec(5π/3) = 1/cos(5π/3) = 1/(1/2) = 2. Yep, that checks out.

So the exact value is 2. I think that's the answer.
</think>

To find the exact value of $ \sec\left(\frac{-\pi}{3}\right) $, we begin by recalling the definition of the secant function:

$$
\sec(x) = \frac{1}{\cos(x)}
$$

---

### Step 1: Use the evenness of cosine

The cosine function is **even**, meaning:

$$
\cos(-x) = \cos(x)
$$

So,

$$
\cos\left(-\frac{\pi}{3}\right) = \cos\left(\frac{\pi}{3}\right)
$$

This simplifies our expression.

---

### Step 2: Evaluate $ \cos\left(\frac{\pi}{3}\right) $

We know from standard trigonometric values that:

$$
\cos\left(\frac{\pi}{3}\right) = \frac{1}{2}
$$

Therefore,

$$
\cos\left(-\frac{\pi}{3}\right) = \frac{1}{2}
$$

---

### Step 3: Compute $ \sec\left(-\frac{\pi}{3}\right) $

Using the identity for secant:

$$
\sec\left(-\frac{\pi}{3}\right) = \frac{1}{\cos\left(-\frac{\pi}{3}\right)} = \frac{1}{\frac{1}{2}} = 2
$$

---

### Final Answer

The exact value of $ \sec\left(-\frac{\pi}{3}\right) $ is:

$$
\boxed{2}
$$"
772,"Okay, let's try to figure this out. So, the problem is about the ""Plain Bob Minimus"" change-ringing method for permutations of {1,2,3,4}, which has a period of 24. We need to find the sequence of positions of bell 1 (the treble bell) in the n-th permutation of this method, given the input list [90, 91, 92, ..., 99]. Wait, hold on—the input is x_list = [90, 91, ..., 99], but the problem says ""determine the corresponding output sequence y_list"". Hmm, but how does 90 relate to permutations?

Wait, the Plain Bob Minimus is a specific sequence of permutations. Since it's a change-ringing method that covers all permutations of 4 elements (since it's a permutation of {1,2,3,4}), so there are 24 permutations. But the problem states that the sequence has a period of 24. So each ""round"" is 24 permutations.

But the input here is x_list = [90, 91, 92, ..., 99], which are numbers from 90 to 99. Wait, but permutations only go up to 24. Maybe the x_list is the index in some way? Like, maybe each x is a permutation number modulo something?

Wait, the problem says: ""the definition of a(n) is the sequence generated by the positions of bell 1 (the treble bell) in the n-th permutation of the Plain Bob Minimus change-ringing method"".

Wait, no. Wait, the problem says: ""We now define an algorithm: The definition of a(n) is the sequence generated by the positions of bell 1 (the treble bell) in the n-th permutation of the Plain Bob Minimus change-ringing method...""

Wait, perhaps I'm misunderstanding. Let me re-read.

The problem says: Given the input x_list (a series of values): [90, 91, 92, 93, 94, 95, 96, 97, 98, 99], determine the corresponding output sequence y_list.

So, for each x in x_list (which are 90 to 99), we have to compute y = a(x), where a(n) is the position of bell 1 in the n-th permutation of Plain Bob Minimus.

But wait, the Plain Bob Minimus is a specific sequence of permutations. However, the problem states that it's a sequence that covers all permutations of {1,2,3,4} with a period of 24. So each ""cycle"" is 24 permutations. But since there are 24 permutations, the sequence repeats every 24 permutations.

But the input here is 90, 91, etc. So 90 mod 24? Let's see: 24*3=72, 90-72=18, so 90 mod 24 is 18. Similarly, 91 mod24=19, 92=20, ..., 99=21 (since 24*4=96, 96+3=99, so 99 mod24=3). Wait, 24*3=72, 96 is 24*4. So 90-72=18, so 90 mod24=18. Then 91=19, 92=20, 93=21, 94=22, 95=23, 96=0 (since 24*4=96, so 96 mod24=0), 97=1, 98=2, 99=3.

Wait, but the permutations are numbered from 1 to 24? Or 0 to 23? Hmm. If the sequence has period 24, then the n-th permutation would be n mod24. So for x=90, we take 90 mod24. Let's compute:

24*3=72, 90-72=18 → 18

91: 19

92:20

93:21

94:22

95:23

96:0 (since 24*4=96)

97:1

98:2

99:3

So the x_list mod24 gives [18,19,20,21,22,23,0,1,2,3]

But the problem says ""the n-th permutation of the Plain Bob Minimus change-ringing method"". Wait, but the Plain Bob Minimus is a specific sequence of permutations. So we need to know what the order of permutations is in Plain Bob Minimus.

This part is tricky because I don't remember the exact sequence of Plain Bob Minimus. But maybe it's a standard sequence.

Alternatively, perhaps the question refers to a specific known sequence. Let me think.

In change ringing, Plain Bob Minimus is a type of method. Wait, but the problem states it's a sequence covering all permutations of {1,2,3,4} with period 24. Wait, no—actually, a full set of permutations for 4 bells has 24 permutations (since 4! =24), so the sequence of permutations in Plain Bob Minimus must be a sequence that cycles through all 24 permutations.

But the key point is: for each permutation (i.e., each arrangement of the four bells), we need to find the position of bell 1 (the treble bell) in that permutation. Wait, no: ""positions of bell 1 in the n-th permutation""—wait, the problem says ""the positions of bell 1 (the treble bell) in the n-th permutation"". Wait, maybe it's the position of bell 1 in the sequence of permutations?

Wait, no. Let's parse the sentence again.

""The definition of a(n) is the sequence generated by the positions of bell 1 (the treble bell) in the n-th permutation of the Plain Bob Minimus change-ringing method...""

Wait, no. Wait, the wording is confusing. Wait, ""the positions of bell 1 in the n-th permutation""—so for each permutation (n-th permutation in the sequence), we look at where bell 1 is located in that permutation (i.e., in the permutation of 4 elements, which is a sequence of 4 positions: 1st, 2nd, 3rd, 4th), and we record its position. Then a(n) is the sequence of those positions for n from ... ?

Wait, the problem says: ""Given the input x_list [...] determine the corresponding output sequence y_list.""

So for each x in x_list (which are 90 to 99), we have to compute y = a(x), where a(n) is the position of bell 1 in the n-th permutation of Plain Bob Minimus.

But first, we need to know what the n-th permutation in Plain Bob Minimus looks like.

But since I don't remember the exact sequence of Plain Bob Minimus, maybe there's a pattern or a standard way this is presented.

Alternatively, the problem might be a trick question where the answer is based on modular arithmetic.

Wait, the input x_list is [90,91,...,99], so 10 numbers. Each x corresponds to a permutation number. Since the sequence has period 24, we can take x mod24. As calculated before:

x | x mod24
90 | 18
91 | 19
92 | 20
93 | 21
94 | 22
95 | 23
96 | 0
97 | 1
98 | 2
99 | 3

But in permutation numbering, usually starting at 0 or 1. If the permutations are numbered from 1 to 24, then 24 would be equivalent to 0? Hmm.

Assuming that the n-th permutation in the sequence corresponds to permutation number n (mod24), but we need to map each permutation number to the position of bell 1.

But without knowing the actual sequence of Plain Bob Minimus, this seems difficult. However, maybe the problem expects us to recall that in the Plain Bob Minimus sequence, the position of 1 cycles in a particular pattern.

Alternatively, perhaps the problem is referencing a specific known sequence. For example, in the context of the ""plain hunt"" or ""plain bob"", but I'm not sure.

Wait, another angle: the problem mentions ""Plain Bob Minimus change-ringing method"". In change ringing, a ""minimus"" is a type of method. Wait, but maybe this is a made-up problem for the purpose of the exercise, so we need to infer based on common patterns.

Alternatively, the sequence of positions of bell 1 in the permutations of 4 elements. Wait, but the sequence of permutations in Plain Bob Minimus is a specific order.

Wait, here's a thought. In the context of the problem, maybe the ""n-th permutation"" refers to the n-th permutation in lexicographic order? But the problem says ""Plain Bob Minimus"", which is a specific sequence.

Alternatively, the problem might be a simple cycle where the position of 1 cycles through certain numbers.

Wait, looking at the options: each option is a list of 10 numbers (since x_list has 10 elements: 90-99). The outputs are sequences of length 10.

Let me list the options:

A. [1, 3, 2, 4, 4, 1, 3, 2, 4, 1]

B. [1, 2, 3, 2, 4, 1, 3, 4, 1, 2]

C. [3, 1, 4, 2, 2, 3, 4, 1, 3, 2]

D. [3, 4, 1, 2, 2, 4, 3, 3, 1, 4]

E. [4, 2, 3, 1, 4, 3, 2, 1, 4, 3]

F. [1, 1, 2, 2, 3, 3, 4, 4, 3, 2]

G. [4, 4, 3, 1, 1, 2, 2, 3, 2, 3]

H. [2, 3, 4, 4, 3, 2, 1, 1, 2, 3]

I. [4, 3, 2, 1, 1, 2, 3, 4, 2, 1]

J. [2, 1, 4, 3, 3, 4, 2, 1, 4, 3]

Hmm. So each option is a sequence of 10 numbers.

Given that the input x_list is 90-99, which mod24 gives [18,19,20,21,22,23,0,1,2,3].

If we assume that the n-th permutation in the sequence corresponds to permutation number n (starting from 1?), then we need to map each residue (mod24) to the position of bell 1.

But if the sequence of positions of bell 1 in the Plain Bob Minimus method is periodic with period 24, then for each permutation number k (from 1 to 24), we have a position p(k), and then for x=90, we take k = 90 mod24 (but adjusted for 1-based vs 0-based).

Wait, but the problem says ""the n-th permutation of the Plain Bob Minimus change-ringing method"". So n starts at 1? Or 0?

Assuming that the sequence of permutations in Plain Bob Minimus is a sequence of 24 permutations, each permutation being a permutation of {1,2,3,4}.

For each permutation (i.e., each arrangement), we note the position of the number 1 (bell 1) in that arrangement. For example, if the permutation is [2,1,3,4], then the position of 1 is 2 (if positions are counted starting at 1). Or maybe starting at 0? But the options have numbers 1,2,3,4, so probably positions are 1-based.

So for each permutation in the sequence, we get a number between 1 and 4 (the position of 1 in that permutation).

Now, the key is: what is the sequence of positions of 1 in the Plain Bob Minimus method?

Since I don't know the exact sequence, but maybe it's a well-known pattern.

Wait, in the context of the problem, it's possible that the answer is option J or H or something else.

Alternatively, think about the fact that in the Plain Bob Minimus method, the sequence of permutations follows a specific pattern. For example, in the ""plain"" methods, the sequence of permutations might follow a certain order.

Wait, another idea: In the ""Plain Bob"" method, the sequence of permutations might be similar to the ""plain hunt"" or ""plain course"" in change ringing. But I'm not sure.

Alternatively, the problem might be a simple cycle where the position of 1 cycles through 1,2,3,4 in some pattern.

Wait, but the options have sequences like [4,2,3,1,...] in E, or [2,3,4,4,...] in H.

Wait, here's a different approach. The problem says ""the n-th permutation of the Plain Bob Minimus change-ringing method"". Since it's a sequence covering all permutations (24 total), and we have to find the position of bell 1 in each permutation.

Suppose that in the Plain Bob Minimus sequence, the position of 1 cycles through a specific pattern. For example, if the sequence of positions is periodic with some pattern.

But given that the input x_list is 90-99, which correspond to residues 18,19,20,21,22,23,0,1,2,3 (assuming mod24, with 0 representing 24th permutation).

Assuming that the sequence of positions of 1 is periodic with period 24, so for each residue r (0-23), we have a position p(r).

We need to map each residue (from 18 to 3) to p(r).

But without knowing p(r), this is hard. However, maybe the sequence of positions of 1 in the Plain Bob Minimus method is a known sequence.

Wait, I found a reference in my mind: In the ""Plain Bob"" method, the sequence of permutations is a specific order. For example, in the ""Plain Bob"" method for 4 bells, the sequence starts with [1,2,3,4], then [1,2,4,3], etc. But I'm not sure.

Alternatively, think of the sequence as a cyclic permutation.

Wait, another angle: The problem says ""the positions of bell 1 in the n-th permutation"". So for each permutation in the sequence, we write down where 1 is.

If we consider that in the Plain Bob Minimus sequence, the position of 1 cycles through a pattern.

Wait, here's a thought. In the context of the problem, maybe the answer is option J: [2, 1, 4, 3, 3, 4, 2, 1, 4, 3]. Wait, no, option J is [2, 1, 4, 3, 3, 4, 2, 1, 4, 3].

Wait, but the sequence of positions of 1 in the permutations.

Alternatively, the problem might be related to the fact that in the ""Plain"" methods, the sequence of permutations is ordered in a specific way.

Wait, another idea: The ""Plain Bob Minimus"" is a method that uses a specific sequence. In some contexts, the sequence of permutations for Plain Bob Minimus might be the same as the ""plain course"" in change ringing.

In the plain course for 4 bells, the sequence of permutations is the following (I might be misremembering):

The plain course for 4 bells starts with 1234, then 1243, 1423, etc. But I'm not sure.

Alternatively, think of the sequence of permutations as the lexicographic order. But the problem states it's the Plain Bob Minimus method, which is a specific sequence.

Wait, perhaps the problem is designed such that the sequence of positions of 1 in Plain Bob Minimus is a repeating pattern like [2,3,4,1,2,3,4,1,...] or something.

Wait, looking at the options, option H is [2,3,4,4,3,2,1,1,2,3]. Hmm.

Alternatively, the sequence of positions of 1 in the Plain Bob Minimus method could be a simple cycle.

Wait, here's a different approach. The problem says ""the n-th permutation of the Plain Bob Minimus change-ringing method"". Since it's a sequence covering all permutations (24 permutations), and the output y_list is the sequence of positions of bell 1 for each x in x_list.

Given that x_list is 90-99, which mod24 gives [18,19,20,21,22,23,0,1,2,3].

Assuming that the position of 1 in the n-th permutation (n starting from 1) is given by some function f(n), then y_list = f(90), f(91), ..., f(99).

But since the sequence has period 24, f(n) = f(n mod24), but need to handle the modulus correctly.

Assuming that n is 1-based, so permutation 1 to 24.

So 90 mod24: 90 /24 = 3*24=72, remainder 18 → so 18th permutation (if 1-based), but since 24 permutations, 18 is valid (1-24).

Similarly, 91→19, ..., 96→24 (since 96 mod24=0, but if 1-based, 0 would be 24), 97→1, etc.

So the sequence of permutation numbers (1-based) corresponding to x_list is:

90 → 18

91 → 19

92 → 20

93 → 21

94 → 22

95 → 23

96 → 24

97 → 1

98 → 2

99 → 3

So the permutation numbers are [18,19,20,21,22,23,24,1,2,3]

Now, we need to find for each permutation number k (from 1 to 24), what is the position of 1 in that permutation in the Plain Bob Minimus sequence.

Assuming that the sequence of positions of 1 is a specific pattern.

But since I don't know the exact sequence, maybe the answer is option J or H.

Wait, option J is [2, 1, 4, 3, 3, 4, 2, 1, 4, 3]. Hmm, but the sequence has 10 elements.

Wait, the sequence of positions for k=1 to 24 (for the 24 permutations) would be a sequence of 24 numbers (each 1-4). Then the output for x=90 (k=18) would be the 18th element in that sequence, and so on.

But we need to figure out what the sequence of positions of 1 is.

Alternative idea: In the ""Plain"" methods, the sequence of permutations is such that each permutation is a ""successor"" in the sequence. For example, in the ""plain course"" for 4 bells, the sequence is:

1: 1,2,3,4

2: 1,2,4,3

3: 1,4,2,3

4: 1,4,3,2

... but I'm not sure.

Wait, no. In change ringing, the ""plain course"" for 4 bells is a specific sequence. Let me try to recall.

Actually, in the context of the problem, it's called ""Plain Bob Minimus"". Minimus is a type of method with fewer changes. But I'm not sure.

Alternatively, the problem might be a simple pattern where the position of 1 cycles through 2,3,4,1,2,3,4,1,...

But given the options, let's look for a sequence that makes sense.

Option J: [2, 1, 4, 3, 3, 4, 2, 1, 4, 3]

Option H: [2, 3, 4, 4, 3, 2, 1, 1, 2, 3]

Option I: [4, 3, 2, 1, 1, 2, 3, 4, 2, 1]

Hmm.

Wait, another angle: The problem says ""the positions of bell 1 in the n-th permutation"". So for each permutation (which is a sequence of 4 bells), we find where bell 1 is placed.

Suppose that in the Plain Bob Minimus sequence, the position of 1 cycles through a pattern like 2,3,4,1,2,3,4,1,...

But the options have sequences of length 10.

Wait, option J starts with 2, then 1, 4, 3, 3, 4, 2, 1, 4, 3.

Hmm. Not sure.

Wait, here's a different idea. In the context of the problem, since it's a change-ringing method that covers all permutations (24), and the sequence of positions of bell 1. In many permutation sequences, the position of a particular element might cycle in a certain way.

But without more info, this is hard.

Wait, the problem says ""the n-th permutation of the Plain Bob Minimus change-ringing method"". Maybe ""Plain Bob Minimus"" is a red herring, and the sequence of positions of 1 is simply the sequence of permutation indices modulo something.

Wait, another thought. In the sequence of permutations in the Plain Bob Minimus method, the position of 1 might follow a specific pattern. For example, if the sequence is generated by a specific rule.

Alternatively, the problem might be designed so"
773,"Okay, let's try to figure out this problem. So, we need to find the average age of three sisters in terms of the age of the firstborn, which is given as \( a \) years. 

First, let's recall that the average age is the sum of their ages divided by the number of sisters. Since there are three sisters, the average will be the total of their ages divided by 3.

Let's start by defining each sister's age. The problem says the firstborn is \( a \) years old. Then the second was born 5 years after the first. Hmm, so if the first was born at time \( t = 0 \), then the second was born at \( t = 5 \). Wait, but we need to think about their current ages. Let's assume the current time is \( t \) years after the first birth.

Wait, maybe it's better to use the current age of the firstborn as \( a \). So, the firstborn is currently \( a \) years old. The second sister was born 5 years after the first, so her current age would be \( a - 5 \)? Wait, no. Wait, if the firstborn is \( a \) years old now, then the second sister was born 5 years later than the first, so she is 5 years younger than the firstborn? Wait, no. Let's think carefully.

Supื่

Wait, let's take an example. Suppose the first child was born in year 2000, so the firstborn is currently 10 years old (so 2010). Then the second child was born in 2005, so she is 5 years old in 2010 (10 - 5 = 5). The third child was born 4 years after the second, so in 2009, so she is 1 year old in 2010 (10 - 9 = 1). Wait, but in this case, the firstborn is 10, second is 5, third is 1. So their ages are 10, 5, 1. The average would be (10 + 5 + 1)/3 = 16/3 ≈ 5.333...

But in this example, the firstborn's age is 10, so \( a = 10 \). Then the average is (10 + (10 - 5) + (10 - 5 - 4))/3? Wait, no. Wait, the third was born 4 years after the second. So if the second was born 5 years after the first, then the third was born 5 + 4 = 9 years after the first.

So, in general, if the firstborn is \( a \) years old now, then the second sister was born \( 5 \) years after the first, so her current age is \( a - 5 \). Wait, no. Wait, if the firstborn is \( a \) years old, that means the time since the first birth is \( a \) years. So the second birth happened \( 5 \) years later, so the time since the second birth is \( a - 5 \) years. Therefore, the second sister's current age is \( a - 5 \).

Similarly, the third was born \( 4 \) years after the second, so the third birth happened \( 5 + 4 = 9 \) years after the first birth. Therefore, the time since the third birth is \( a - 9 \) years, so her current age is \( a - 9 \).

Wait, but age can't be negative. So we have to make sure that \( a - 5 \geq 0 \) and \( a - 9 \geq 0 \), so \( a \geq 9 \). But the problem just says ""express the average age"", so we can assume that all ages are positive, so \( a \) is at least 9.

So the three ages are:

First sister: \( a \)

Second sister: \( a - 5 \)

Third sister: \( a - 9 \)

Wait, is that right? Let's check with the example I had before. Suppose firstborn is 10 (so \( a = 10 \)). Then second is 10 - 5 = 5, third is 10 - 9 = 1. Which matches the example I thought of earlier (10, 5, 1). So that works.

So the sum of their ages is \( a + (a - 5) + (a - 9) = 3a - 14 \).

Then the average age is \( (3a - 14)/3 = a - \frac{14}{3} \).

Wait, but let me verify. Let's take another example. Suppose the firstborn is 12 years old. Then the second was born 5 years after, so she's 7 years old (12 - 5 = 7), and the third was born 4 years after the second, so 9 years after the first, so she's 12 - 9 = 3 years old. Then the average is (12 + 7 + 3)/3 = 22/3 ≈ 7.333... According to the formula, \( a - 14/3 = 12 - 4.666... = 7.333... \), which matches. So that seems correct.

Wait, but let's make sure about the direction. When we say the second was born 5 years after the first, that means the first child is older, so the second is younger. So if the first is \( a \) years old, the second is \( a - 5 \), because she was born 5 years later, so she's 5 years younger. Similarly, the third was born 4 years after the second, so she's 4 years younger than the second, so her age is \( (a - 5) - 4 = a - 9 \). Yes, that's correct.

So the three ages are \( a \), \( a - 5 \), \( a - 9 \).

Sum: \( a + (a - 5) + (a - 9) = 3a - 14 \).

Average: \( (3a - 14)/3 = a - \frac{14}{3} \).

But the problem says ""express the average age of three sisters in the terms of the age \( a \) of the firstborn"". So the answer should be \( a - \frac{14}{3} \), or written as a fraction, \( a - 4\frac{2}{3} \), but probably as an improper fraction.

Wait, let's check the problem statement again: ""the second was born 5 years after the first and the third was born 4 years after the second"". So the time between first and second birth is 5 years, second and third is 4 years. So the time between first and third is 5 + 4 = 9 years.

So current age of first: \( a \)

Current age of second: \( a - 5 \) (since she was born 5 years later, so she's 5 years younger)

Current age of third: \( (a - 5) - 4 = a - 9 \) (since she was born 4 years after the second, so she's 4 years younger than the second)

Yes, that's correct.

So sum is \( a + (a - 5) + (a - 9) = 3a - 14 \)

Average is \( (3a - 14)/3 = a - 14/3 \)

Which is \( a - 4 \frac{2}{3} \), but as a single expression, it's \( \frac{3a - 14}{3} \), or simplified, \( a - \frac{14}{3} \).

The problem says ""Express the average age... in the terms of the age \( a \) of the firstborn"".

So the answer should be \( \frac{3a - 14}{3} \), which simplifies to \( a - \frac{14}{3} \), but maybe they want it as a single fraction: \( \frac{3a - 14}{3} \), but usually, we write it as \( a - \frac{14}{3} \).

Wait, let's see if there's a mistake here. For example, suppose the firstborn is 10, then the second is 5, third is 1. Sum is 16, average 16/3 ≈ 5.333. According to the formula, \( (3*10 - 14)/3 = (30 - 14)/3 = 16/3 ≈ 5.333 \), which is correct.

Another example: firstborn is 15. Then second is 10, third is 6 (15 - 9 = 6). Sum is 15 + 10 + 6 = 31. Average is 31/3 ≈ 10.333. Using the formula: (3*15 -14)/3 = (45 -14)/3 = 31/3 ≈ 10.333. Correct.

So the formula is correct.

Therefore, the average age is \( \frac{3a - 14}{3} \), which can be written as \( a - \frac{14}{3} \).

Since the problem says ""express the average age... in the terms of the age \( a \) of the firstborn"", so the answer is \( a - \frac{14}{3} \), or \( \frac{3a - 14}{3} \).

I think the problem expects the answer in simplest form, so probably \( a - \frac{14}{3} \), but maybe they want it as a single fraction: \( \frac{3a - 14}{3} \). Let's check.

In many math problems, especially algebraic expressions, we write it as a simplified expression. So \( \frac{3a - 14}{3} \) is equivalent to \( a - \frac{14}{3} \). Both are correct, but perhaps the problem wants it in terms of \( a \) without fractions in the numerator, but no, the question says ""express the average age... in the terms of the age \( a \) of the firstborn"".

Let me think again. Maybe I made a mistake in the age calculation.

Wait, another way: Let’s denote the current year as \( T \).

Firstborn was born in year \( T - a \) (since firstborn is \( a \) years old).

Second was born 5 years after the first, so born in year \( (T - a) + 5 = T - a + 5 \).

Therefore, second's age is \( T - (T - a + 5) = a - 5 \). Correct.

Third was born 4 years after the second, so born in year \( (T - a + 5) + 4 = T - a + 9 \).

Therefore, third's age is \( T - (T - a + 9) = a - 9 \). Correct.

So the ages are \( a \), \( a - 5 \), \( a - 9 \). Sum is \( 3a - 14 \), average is \( (3a - 14)/3 \).

Yes, that's correct.

So the average age is \( \frac{3a - 14}{3} \), which is \( a - \frac{14}{3} \).

Since the problem says ""your answer is: [ANS]"", so we need to write it as a boxed expression.

Probably, the answer is \( a - \frac{14}{3} \), but maybe they want it as a single fraction: \( \frac{3a - 14}{3} \). Let's see.

In many textbooks, such expressions are written as \( a - \frac{14}{3} \), but sometimes as a combined fraction.

Wait, let's compute 14/3 is 4 and 2/3, so \( a - 4 \frac{2}{3} \), but the problem says ""express the average age"", so likely as a linear expression in \( a \).

The problem says ""the average age of three sisters in the terms of the age \( a \) of the firstborn"".

So the answer is \( \frac{3a - 14}{3} \), which simplifies to \( a - \frac{14}{3} \).

I think the expected answer is \( a - \frac{14}{3} \), but let's check with the example where \( a = 10 \): average is 16/3 ≈ 5.333, which is 10 - 14/3 = 10 - 4.666... = 5.333..., correct.

Yes, so the answer is \( a - \frac{14}{3} \), which can be written as \( \frac{3a - 14}{3} \), but in simplest terms, it's \( a - \frac{14}{3} \).

Alternatively, the problem might expect the answer as a single fraction, so \( \frac{3a - 14}{3} \), but both are correct. However, in most cases, when expressing averages like this, we leave it as a simplified expression, so \( a - \frac{14}{3} \) or \( \frac{3a - 14}{3} \).

Wait, let's see if the problem says ""the average age of three sisters"", so it's a single value, expressed in terms of \( a \).

I think the answer is \( \frac{3a - 14}{3} \), but maybe they want it written as \( a - \frac{14}{3} \). Let's check the arithmetic.

Sum of ages: \( a + (a - 5) + (a - 9) = 3a - 14 \). Average: \( (3a - 14)/3 = a - 14/3 \). Yes, that's correct.

So the answer is \( a - \frac{14}{3} \), which is equal to \( \frac{3a - 14}{3} \).

Since the problem says ""put your final answer inside \boxed{}"", and it's a single answer, so probably \( \boxed{a - \dfrac{14}{3}} \) or \( \boxed{\dfrac{3a - 14}{3}} \). Let's see which one is more standard.

In many math problems, especially in algebra, the simplified form is preferred. \( \frac{3a - 14}{3} \) is a single fraction, but \( a - \frac{14}{3} \) is also a simplified expression.

Wait, let's check with \( a = 10 \): \( (3*10 -14)/3 = (30 -14)/3 = 16/3 ≈ 5.333 \), which is correct. \( 10 - 14/3 = 30/3 - 14/3 = 16/3 \), same thing.

So both forms are correct, but the problem says ""express the average age... in the terms of the age \( a \) of the firstborn"". So the answer is a linear expression in \( a \), so \( a - \frac{14}{3} \) is a linear expression, while \( \frac{3a - 14}{3} \) is also a linear expression.

In some contexts, they prefer the form without parentheses, but I think either is acceptable. However, in most algebraic expressions, we write it as \( a - \frac{14}{3} \).

Wait, let's see if there's a different interpretation. Could the problem mean that the second was born 5 years after the first, so the age difference is 5 years, and the third was born 4 years after the second, so age difference of 4 years. So the ages are \( a \), \( a - 5 \), \( (a - 5) - 4 = a - 9 \). That's what we did.

Yes, so the average is \( (a + (a - 5) + (a - 9))/3 = (3a - 14)/3 = a - 14/3 \).

So the answer is \( a - \frac{14}{3} \).

I think that's it. So the final answer is \( a - \frac{14}{3} \), which is \( \frac{3a - 14}{3} \), but written as a simplified expression.

Since the problem says ""the average age of three sisters"", so it's a single value, and we need to express it in terms of \( a \).

I think the answer is \( \frac{3a - 14}{3} \), but maybe they want it as a mixed number, but no, in math problems like this, fractions are fine.

Wait, let's check if the problem says ""the average age"", so it's a numerical value in terms of \( a \).

Yes, so the answer is \( \frac{3a - 14}{3} \), which is equal to \( a - \frac{14}{3} \).

In the context of the problem, since it's a math problem for a student, probably expects the answer as \( a - \frac{14}{3} \), but written as a single expression.

Alternatively, maybe the problem expects the answer to be in a different form, but I think our reasoning is correct.

Let me think again. Suppose the firstborn is \( a \) years old. The second was born 5 years later, so her age is \( a - 5 \). The third was born 4 years after the second, so her age is \( (a - 5) - 4 = a - 9 \). So the three ages are \( a \), \( a - 5 \), \( a - 9 \). Sum is \( 3a - 14 \), average is \( (3a - 14)/3 \).

Yes, that's correct.

So the answer is \( \frac{3a - 14}{3} \), which can be written as \( a - \frac{14}{3} \).

In many textbooks, the answer would be written as \( a - \frac{14}{3} \), but since the problem says ""express the average age"", and it's a single value, I think either form is acceptable, but probably the problem expects \( a - \frac{14}{3} \).

Wait, let's see if there's a miscalculation. For example, if the third was born 4 years after the second, does that mean the age difference between first and third is 9 years? Yes, because second is 5 years after first, third is 4 years after second, so total 9 years after first.

So the third is 9 years younger than the first. So if first is \( a \), third is \( a - 9 \). Correct.

So the average is \( (a + (a - 5) + (a - 9))/3 = (3a - 14)/3 \).

Yes, that's correct.

So the answer is \( \frac{3a - 14}{3} \), which simplifies to \( a - \frac{14}{3} \).

I think the problem expects the answer in the form of a simplified expression, so \( a - \frac{14}{3} \) is the simplest form.

So the final answer is \( a - \frac{14}{3} \), which is \( \boxed{a - \dfrac{14}{3}} \).

But wait, the problem says ""if the problem has multiple sub-answers, separate them by commas inside a single \boxed{}"". But this problem has only one answer, so we just put it in a box.

Yes, so the answer is \( \boxed{a - \dfrac{14}{3}} \).

Alternatively, if they want it as a single fraction, \( \boxed{\dfrac{3a - 14}{3}} \), but I think the first form is more simplified.

Let me check with \( a = 10 \): \( 10 - 14/3 = 30/3 - 14/3 = 16/3 \), which is the average we calculated earlier (10, 5, 1: sum 16, average 16/3). Correct.

So yes, the answer is \( a - \frac{14}{3} \).
</think>

To determine the **average age** of three sisters in terms of the age $ a $ of the firstborn, we begin by analyzing the relationships between their ages.

---

### Step 1: Define the Ages

Let the current age of the **firstborn** be $ a $ years.

- The **second sister** was born **5 years after** the first, so her current age is:
  $$
  a - 5
  $$

- The **third sister** was born **4 years after** the second, meaning she is **9 years younger** than the firstborn (since 5 + 4 = 9). Thus, her current age is:
  $$
  a - 9
  $$

---

### Step 2: Compute the Total Age

We now sum the ages of the three sisters:

$$
\text{Total age} = a + (a - 5) + (a - 9) = 3a - 14
$$

---

### Step 3: Calculate the Average Age

The average age is the total age divided by the number of sisters (3):

$$
\text{Average age} = \frac{3a - 14}{3}
$$

This can also be written as:

$$
a - \frac{14}{3}
$$

Both forms are mathematically equivalent. In many algebraic contexts, especially when expressing in terms of a variable like $ a $, the simplified form $ a - \frac{14}{3} $ is preferred.

---

### Final Answer

$$
\boxed{a - \dfrac{14}{3}}
$$"
774,"Okay, let's tackle this five-number summary problem. First, I need to remember what the five-number summary is: it's the minimum, first quartile (Q1), median (Q2), third quartile (Q3), and maximum. The problem specifies that the first quartile is the median of the bottom half of the data, and the third quartile is the median of the top half. 

First step: list out the data in order. The given data is: 31, 28, 32, 26, 42, 39, 36, 24, 41, 34. Let me sort these numbers from smallest to largest.

Let's sort them:

Start with the smallest number. Let's see:

24, 26, 28, ื่, 31, 32, 34, 36, 39, 41, 42. Wait, wait, there are 10 numbers. Let me list them step by step.

Original data: 24, 26, 28, 31, 32, 34, 36, 39, 41, 42. Wait, let's check each number:

24 is the smallest. Then 26, then 28, then 31, 32, 34, 36, 39, 41, 42. Let's count:

1. 24

2. 26

3. 28

4. 31

5. 32

6. 34

7. 36

8. 39

9. 41

10. 42

Yes, that's 10 numbers. Let's verify:

24 < 26 < 28 < 31 < 32 < 34 < 36 < 39 < 41 < 42. Correct.

So sorted data: [24, 26, 28, 31, 32, 34, 36, 39, 41, 42]

Now, five-number summary:

Minimum: the smallest number, which is 24.

Maximum: the largest number, which is 42.

Median: since there are 10 numbers (even number), the median is the average of the 5th and 6th numbers in the sorted list.

Sorted list positions (1-based):

1:24, 2:26, 3:28, 4:31, 5:32, 6:34, 7:36, 8:39, 9:41, 10:42.

So 5th number is 32, 6th is 34. Median = (32 + 34)/2 = 66/2 = 33. So median is 33.

Now, Q1 (first quartile): defined as the median of the bottom half of the data. Since there are 10 numbers, the bottom half is the first 5 numbers, and the top half is the last 5 numbers.

Wait, for even number of data points, when splitting into bottom and top halves, some definitions split the data into two equal parts. For n=10, the bottom half is the first 5 numbers, top half is the last 5 numbers.

So bottom half: [24, 26, 28, 31, 32]

The median of the bottom half (Q1) is the middle number of the bottom half. Since there are 5 numbers (odd), the median is the 3rd number in the bottom half.

Bottom half sorted (which is already sorted): 24, 26, 28, 31, 32. The 3rd number is 28. So Q1 = 28.

Wait, but sometimes people might think of splitting the data into two halves with a split at the middle, but the problem says: ""the first quartile to be the median of the bottom half of the data set"". So for 10 data points, the bottom half is the first 5, top half is the last 5.

Let me confirm. For example, in some textbooks, when n is even, you split the data into two halves of n/2 each, so for n=10, each half has 5 elements.

Yes, so bottom half: first 5, top half: last 5.

So bottom half: [24, 26, 28, 31, 32]. The median of this is the 3rd element, which is 28. So Q1 = 28.

Q3 (third quartile): median of the top half. Top half is the last 5 numbers: [36, 39, 41, 42]? Wait, no. Wait, the top half is the upper half of the data. Wait, the sorted data is 10 numbers, so top half is the last 5 numbers.

Wait, sorted data: [24, 26, 28, 31, 32, 34, 36, 39, 41, 42]

So positions 1-5: bottom half (first 5), positions 6-10: top half (last 5).

Top half: [34, 36, 39, 41, 42]. Wait, no: position 6 is 34, 7 is 36, 8 is 39, 9 is 41, 10 is 42. So top half is [34, 36, 39, 41, 42].

Wait, the top half is the higher half, so yes, the last 5 numbers.

So top half sorted (since the whole data is sorted, the top half is also sorted). So top half: 34, 36, 39, 41, 42.

The median of the top half (Q3) is the middle number of the top half. Since there are 5 numbers, the 3rd number in the top half.

Top half positions: 1:34, 2:36, 3:39, 4:41, 5:42. So 3rd number is 39. Therefore, Q3 = 39.

Wait, let's check again.

Wait, maybe I made a mistake here. Let's list all steps carefully.

Step 1: Sort the data.

Given data: 31, 28, 32, 26, 42, 39, 36, 24, 41, 34.

Sorted: 24, 26, 28, 31, 32, 34, 36, 39, 41, 42. Correct.

Step 2: Find minimum: 24.

Step 3: Find maximum: 42.

Step 4: Find median. Since n=10 (even), median is average of 5th and 6th terms.

5th term: 32, 6th term: 34. So median = (32 + 34)/2 = 33. Correct.

Step 5: Find Q1 (first quartile). The problem states: ""the first quartile to be the median of the bottom half of the data set"".

For a dataset with even number of observations, the ""bottom half"" is the lower half, which is the first n/2 observations. Here n=10, so bottom half is first 5 observations: [24, 26, 28, 31, 32].

The median of the bottom half (Q1) is the middle value of this subset. Since there are 5 values, the median is the 3rd value. So 3rd value is 28. Hence Q1 = 28.

Step 6: Find Q3 (third quartile). Similarly, ""third quartile to be the median of the top half"". Top half is the upper half, which is the last n/2 observations. Here, top half is last 5 observations: [34, 36, 39, 41, 42].

Median of top half (Q3) is the middle value of this subset. 5 values, so 3rd value. 3rd value in top half is 39. So Q3 = 39.

Wait, let's confirm the top half. The sorted data is:

1:24, 2:26, 3:28, 4:31, 5:32, 6:34, 7:36, 8:39, 9:41, 10:42.

So the top half (upper half) is positions 6-10: 34, 36, 39, 41, 42. Yes, that's correct.

So the top half has 5 elements, so median is the 3rd element: 39. So Q3=39.

Let me check if there's another way people define quartiles. For example, some methods use linear interpolation, but the problem says: ""In this exercise we define the first quartile to be the median of the bottom half of the data set, and the third quartile to be the median of the top half."" So this is the method where for even n, you split into two halves of n/2 each, take medians of each half.

Another common method is the Tukey's method, but here they specify the definition: Q1 is median of bottom half, Q3 is median of top half.

So for n=10, bottom half is first 5, top half is last 5.

Thus:

Minimum: 24

Q1: 28

Median: 33

Q3: 39

Maximum: 42

Let me double-check.

List of sorted data: 24, 26, 28, 31, 32, 34, 36, 39, 41, 42.

Q1: median of bottom half (first 5): 24,26,28,31,32. Median is 28 (3rd term).

Q3: median of top half (last 5): 34,36,39,41,42. Median is 39 (3rd term).

Yes, that seems right.

Wait, another thought: sometimes when splitting the data, for even n, people might consider the median as the middle two, and then split the data around that. But the problem specifically says: ""the first quartile to be the median of the bottom half of the data set, and the third quartile to be the median of the top half.""

So in this case, since the data is sorted, the bottom half is the first half (n/2 elements), top half is the second half (n/2 elements).

So for n=10, each half has 5 elements. So Q1 is median of first 5, Q3 is median of last 5.

Yes, so that's correct.

So the five-number summary is:

Minimum: 24

Q1: 28

Median: 33

Q3: 39

Maximum: 42

Let me write them out:

Minimum: 24

Q1: 28

Median: 33

Q3: 39

Maximum: 42

I think that's it. Let me check once more.

Suppose someone argues that the ""bottom half"" includes the median? Wait, no. For example, in some definitions, when n is even, the median is between two numbers, so the bottom half is everything below the median, but the problem states: ""the first quartile to be the median of the bottom half of the data set"". So according to the problem's definition, we have to follow their specific instruction.

The problem says: ""Different books define the word 'quartile' in different ways which can lead to somewhat different results. In this exercise we define the first quartile to be the median of the bottom half of the data set, and the third quartile to be the median of the top half.""

So in this exercise, we use this definition.

So for the given data, sorted, we split into two halves: bottom half (first n/2) and top half (last n/2).

Since n=10, each half has 5 elements.

Thus:

Bottom half: [24, 26, 28, 31, 32] → median is 28 (3rd element)

Top half: [34, 36, 39, 41, 42] → median is 39 (3rd element)

Yes, that's correct.

So the five-number summary is:

Minimum: 24

Q1: 28

Median: 33

Q3: 39

Maximum: 42

Therefore, the answers are:

Minimum: 24

Q1: 28

Median: 33

Q3: 39

Maximum: 42

So the question asks:

Find the minimum: [ANS]

Find Q1: [ANS]

Find the median: [ANS]

Find Q3: [ANS]

Find the maximum: [ANS]

So the answers are 24, 28, 33, 39, 42.

Let me just confirm once more.

Sorted data: 24, 26, 28, 31, 32, 34, 36, 39, 41, 42.

Yes, 10 numbers.

Median: average of 5th and 6th: (32 + 34)/2 = 33. Correct.

Q1: median of first 5: 24,26,28,31,32. Median is 28. Correct.

Q3: median of last 5: 34,36,39,41,42. Median is 39. Correct.

Minimum: 24, Maximum: 42.

Yes, that's correct.

I think that's it.
</think>

To find the **five-number summary** for the given data set, we follow a structured approach based on the specific definition provided in the problem:

> *In this exercise we define the first quartile to be the median of the bottom half of the data set, and the third quartile to be the median of the top half.*

---

### **Step 1: Sort the Data**

Given data:  
$$ 31,\ 28,\ 32,\ 26,\ 42,\ 39,\ 36,\ 24,\ 41,\ 34 $$

Sorted (in ascending order):  
$$ [24,\ 26,\ 28,\ 31,\ 32,\ 34,\ 36,\ 39,\ 41,\ 42] $$

This is a list of **10 numbers**, so we can split it into two equal halves for computing quartiles.

---

### **Step 2: Compute Each Component of the Five-Number Summary**

#### ✅ **Minimum**
The smallest value in the dataset:
$$
\boxed{24}
$$

#### ✅ **Maximum**
The largest value in the dataset:
$$
\boxed{42}
$$

#### ✅ **Median**
Since there are **10** values (even), the median is the average of the **5th and 6th** values in the sorted list:
- 5th value = 32
- 6th value = 34

$$
\text{Median} = \frac{32 + 34}{2} = \frac{66}{2} = 33
$$

$$
\boxed{33}
$$

#### ✅ **First Quartile (Q₁)**
We take the **bottom half** of the data (first 5 values):
$$ [24,\ 26,\ 28,\ 31,\ 32] $$

The median of this subset (i.e., the middle value) is the **3rd** value:
$$
\text{Q}_1 = 28
$$

$$
\boxed{28}
$$

#### ✅ **Third Quartile (Q₃)**
We take the **top half** of the data (last 5 values):
$$ [34,\ 36,\ 39,\ 41,\ 42] $$

The median of this subset (i.e., the middle value) is the **3rd** value:
$$
\text{Q}_3 = 39
$$

$$
\boxed{39}
$$

---

### ✅ Final Answer

The five-number summary is:

$$
\boxed{24, 28, 33, 39, 42}
$$"
775,"Okay, let's see. I need to find the equation of a sine wave that's been transformed from y = sin(x). The problem says it's shifted to the right 7 units, down 6 units, and vertically stretched by a factor of 6. Hmm, transformations of functions. Let me recall how each transformation affects the equation.

First, vertical stretch by a factor of 6. Vertical stretches multiply the entire function by the factor. So if it's vertically stretched by 6, that should be multiplying the sine function by 6. So that part would be 6*sin(x). Wait, but we also have shifts.

Then, shifting to the right 7 units. For horizontal shifts, it's a bit different. Remember, for horizontal shifts, you replace x with (x - h) where h is the shift to the right. So shifting right by 7 units means replacing x with (x - 7). So that would be 6*sin(x - 7).

Then, shifting downward 6 units. Vertical shifts: if you shift down by 6, you subtract 6 from the function. So the entire function becomes 6*sin(x - 7) - ื่.

Let me check. Let's go step by step.

Original function: y = sin(x)

1. Vertical stretch by factor 6: this means every y-value is multiplied by 6. So new function is y = 6*sin(x).

2. Shift right 7 units: horizontal shift. To shift right by 7, we replace x with (x - 7). So now it's y = 6*sin(x - 7).

3. Shift down 6 units: vertical shift. Shifting down by 6 means subtracting 6 from the function. So y = 6*sin(x - 7) - 6.

Wait, is that all? Let me make sure. Sometimes people get confused about the order of operations, but in function transformations, the order is usually: first horizontal shifts, then vertical shifts, but actually, the order of applying transformations can depend on the context, but in this case, since we're just doing the given transformations, we can list them as per the problem statement.

The problem says ""shifting the graph of y=sin(x) to the right 7 units and downward 6 units and is vertically stretched by a factor of 6"". Wait, the wording is a bit tricky. Is the vertical stretch done before or after the shifts?

In standard function transformations, the order is: vertical stretch (scale), then horizontal shifts, then vertical shifts. But actually, the problem states the transformations: shift right 7, shift down 6, and vertical stretch by 6. Wait, the problem says ""obtained by shifting... to the right 7 units and downward 6 units and is vertically stretched..."". So maybe the vertical stretch is a separate transformation. Let me think.

Wait, the problem says ""a sine wave that is obtained by shifting the graph of y=sin(x) to the right 7 units and downward 6 units and is vertically stretched by a factor of 6"". So the sequence is: start with sin(x), then shift right 7, shift down 6, and vertically stretch by 6? Or is the vertical stretch part of the transformations? Wait, no, the problem says ""is vertically stretched by a factor of 6 when compared to y=sin(x)"". So the vertical stretch is a transformation applied to the original function.

Wait, maybe the order is: first vertical stretch, then horizontal shift, then vertical shift. But the problem states the transformations as ""shifting... to the right 7 units and downward 6 units and is vertically stretched"". Hmm, the wording is a bit ambiguous. Let's recall the standard order of transformations.

In function transformations, the general form is:

y = a*f(b(x - c)) + d

Where:

- a: vertical stretch/compression (a > 1: stretch, 0 < a < 1: compression)
- b: horizontal stretch/compression (b > 1: compress horizontally, 0 < b < 1: stretch horizontally)
- c: horizontal shift (right if c > 0, left if c < 0)
- d: vertical shift (up if d > 0, down if d < 0)

But in this problem, we have only vertical stretch and horizontal shift and vertical shift. So the problem is a simple sine wave with these transformations.

The problem says: ""shifting the graph of y=sin(x) to the right 7 units and downward 6 units and is vertically stretched by a factor of 6"".

So the transformations applied are:

1. Vertical stretch by 6: so multiply the function by 6.
2. Shift right 7: replace x with (x - 7)
3. Shift down 6: subtract 6 from the function.

But does the order matter? In most cases, when you do horizontal shifts, they are applied after the vertical transformations, but actually, the order of transformations in the equation is written as y = a*f(b(x - c)) + d, so the horizontal shift is inside the function, so the order of operations is: first, the horizontal shift (x - c), then the horizontal stretch (b), then the vertical stretch (a), then the vertical shift (d). But in this problem, there's no horizontal stretch (b=1) or vertical compression, so it's just the basic.

Since the problem says ""shifting... to the right 7 units and downward 6 units and is vertically stretched"", so the vertical stretch is a separate transformation. Wait, the problem says ""obtained by shifting... [the graph]... and is vertically stretched"". So the ""and"" here might mean that the vertical stretch is an additional transformation. So the process is: take y=sin(x), shift right 7, shift down 6, and vertically stretch by 6. Wait, but vertical stretch is a scaling, which is a different kind of transformation.

Wait, let's clarify. When you vertically stretch a function by a factor of 6, you multiply the output by 6. So if you have y = sin(x), then vertically stretching by 6 gives y = 6 sin(x). Then shifting right 7: replace x with x - 7, so y = 6 sin(x - 7). Then shifting down 6: subtract 6, so y = 6 sin(x - 7) - 6.

Alternatively, if the vertical stretch was done after the shifts, but the problem says ""shifting... to the right 7 units and downward 6 units and is vertically stretched"". So the ""and"" here is listing the transformations: shift right 7, shift down 6, and vertical stretch by 6. So the order is: first shift right 7, then shift down 6, then vertical stretch by 6? Wait, no, vertical stretch is a scaling, which is a different type of transformation.

Wait, actually, in function transformations, the order of applying transformations depends on the context, but for the purpose of writing the equation, we can write it as a combination of these.

Let me think of a simple example. Suppose we have f(x) = sin(x). If we shift right 7, we get f(x - 7) = sin(x - 7). Then shift down 6: f(x - 7) - 6 = sin(x - 7) - 6. Then vertically stretch by 6: multiply the entire function by 6, so 6*(sin(x - 7) - 6) = 6 sin(x - 7) - 36. Wait, hold on! Wait, is the vertical stretch applied to the shifted function or to the original?

This is a critical point. The problem says: ""a sine wave that is obtained by shifting the graph of y=sin(x) to the right 7 units and downward 6 units and is vertically stretched by a factor of 6"".

The key here is: when you vertically stretch a graph, you multiply the y-values by the factor. So if you have a graph, and you stretch it vertically by 6, then every point (x, y) becomes (x, 6y). So if you first shift the graph, then stretch, or stretch first then shift, it's different.

But the problem states the transformations as: ""shifting... to the right 7 units and downward 6 units and is vertically stretched"". So the ""and"" here is listing the transformations that were applied to the original graph. So the order is: start with y = sin(x), apply the vertical stretch, then shift right 7, then shift down 6? Or shift right 7, shift down 6, then vertical stretch?

Wait, no. In function transformations, the order of operations is important. For example, if you have a function y = f(x), then:

- Shifting right by 7: y = f(x - 7)
- Shifting down by 6: y = f(x) - 6
- Vertical stretch by 6: y = 6f(x)

So the order of these transformations in the equation is: if you first do the vertical stretch, then the horizontal shift, then the vertical shift, it's y = 6f(x - 7) - 6. But the problem says ""shifting the graph... to the right 7 units and downward 6 units and is vertically stretched"". So the ""shifting"" (the two shifts) and the vertical stretch are all the transformations.

Wait, the problem says ""obtained by shifting the graph... to the right 7 units and downward 6 units and is vertically stretched"". So the verb ""shifting"" is a past participle, so it's a transformation that was done: the graph was shifted right 7, shifted down 6, and it's vertically stretched. Wait, no, ""is vertically stretched"" is a description of the transformation, not a past action.

Wait, maybe the problem is phrased as: ""a sine wave that is obtained by [shifting the graph of y=sin(x) to the right 7 units and downward 6 units] and [is vertically stretched by a factor of 6]"". So the two transformations: the shifts (right 7, down 6) and the vertical stretch (by 6). So the total transformations are: vertical stretch by 6, horizontal shift right 7, vertical shift down 6.

But the order of transformations in the equation: when you write the equation, the horizontal shift is inside the function, so it's y = 6 sin(x - 7) - 6. Because:

- Vertical stretch by 6: multiply the function by 6 → 6 sin(x)
- Shift right 7: replace x with x - 7 → 6 sin(x - 7)
- Shift down 6: subtract 6 → 6 sin(x - 7) - 6

Yes, that seems right. Because if you shift first, then stretch, it's different, but in most cases, when problems say ""shifted... and vertically stretched"", they mean the vertical stretch is a separate transformation, but in terms of the graph, the vertical stretch is a scaling that affects the y-values, so it's a multiplication after the shifts.

Wait, let's take a concrete example. Suppose we have y = sin(x). If we first shift it right 7, we get y = sin(x - 7). Then shift it down 6: y = sin(x - 7) - 6. Then vertically stretch by 6: multiply the entire function by 6, so y = 6[sin(x - 7) - 6] = 6 sin(x - 7) - 36. Wait, hold on! That's different from what I thought earlier.

Oh! Here's the confusion. Is the vertical stretch applied to the shifted function or to the original?

The problem says: ""a sine wave that is obtained by shifting the graph of y=sin(x) to the right 7 units and downward 6 units and is vertically stretched by a factor of 6"".

So the process is: take y = sin(x), shift it right 7, shift it down 6, and then vertically stretch it by 6. Or is it: shift it right 7, then vertically stretch, then shift down 6? The problem states the order as ""shifting... to the right 7 units and downward 6 units and is vertically stretched"". So the ""and"" here is connecting the two shifts and the vertical stretch as the transformations.

In standard math terminology, when you have multiple transformations, the order matters. For example, if you have a function, and you do a horizontal shift first, then a vertical shift, then a vertical stretch, the equation is written as y = a*f(b(x - c)) + d. But in this case, there's no horizontal stretch (b=1), so it's y = a*f(x - c) + d.

But the key is: when you vertically stretch a graph, you multiply the y-values by the factor. So if you have a graph, and you stretch it vertically by 6, then every y-coordinate is multiplied by 6. So if you first shift the graph, then stretch, the stretch affects the shifted graph. If you first stretch, then shift, the shift is on the stretched graph.

The problem says: ""shifting the graph of y=sin(x) to the right 7 units and downward 6 units and is vertically stretched"". So the ""shifting"" (the two shifts) are done first, then the vertical stretch? Or the vertical stretch is done first?

This is a common point of confusion. Let's recall the standard order of function transformations:

1. Horizontal stretches/shrinks (multiply x by a constant)
2. Horizontal shifts (add/subtract to x)
3. Vertical stretches/shrinks (multiply the function by a constant)
4. Vertical shifts (add/subtract to the function)

But in this problem, we have only vertical stretch and horizontal shift and vertical shift. So the order would be: horizontal shift (x - 7), vertical shift (down 6), vertical stretch (by 6). Wait, no, vertical stretch is a scale, so it's a multiplication of the function.

Wait, let's think of it as building the function step by step.

Start with y = sin(x).

Step 1: Shift right 7 units. To shift right, we replace x with x - 7. So new function: y = sin(x - 7).

Step 2: Shift down 6 units. To shift down, we subtract 6 from the function. So new function: y = sin(x - 7) - 6.

Step 3: Vertically stretch by a factor of 6. A vertical stretch multiplies the entire function by 6. So new function: y = 6[sin(x - 7) - 6] = 6 sin(x - 7) - 36.

Wait, that's different from my initial thought. So the vertical stretch is applied to the shifted function, so it's 6 times the shifted function.

But the problem says ""is vertically stretched by a factor of 6 when compared to y=sin(x)"". So the vertical stretch is a factor of 6 relative to the original. So if you have a vertical stretch by 6, then the amplitude is 6. But if you first shift, then stretch, the stretch affects the shift.

Wait, let's take a step back. The problem says: ""a sine wave that is obtained by shifting the graph of y=sin(x) to the right 7 units and downward 6 units and is vertically stretched by a factor of 6"".

The phrase ""is vertically stretched by a factor of 6"" – this is a property of the wave, not a transformation that was applied after the shifts. Wait, no, the problem says ""obtained by shifting... and is vertically stretched"". So the entire process is: you take y=sin(x), shift it right 7, shift it down 6, and then vertically stretch it by 6. Or is the vertical stretch part of the transformation?

Wait, another way: the vertical stretch by a factor of 6 means the amplitude is 6. So the amplitude of the new wave is 6. The original amplitude is 1, so vertical stretch by 6 gives amplitude 6.

Then, the shifts: shifted right 7, down 6.

In standard form, the equation of a sine wave with amplitude A, period T, phase shift C, vertical shift D is y = A sin(B(x - C)) + D. Here, B=1 (since no horizontal stretch), so it's y = A sin(x - C) + D.

Here, A = 6 (vertical stretch by 6), C = 7 (shift right 7, so x - 7), D = -6 (shift down 6, so D = -6).

So the equation is y = 6 sin(x - 7) - 6.

Wait, but why did I think earlier it's 6[sin(x - 7) - 6]? Because if you first shift down 6, then stretch vertically, you get 6*(sin(x - 7) - 6). But the problem says ""shifting the graph... to the right 7 units and downward 6 units and is vertically stretched"".

The key is the order of the transformations. In most math problems, when they say ""shift right, shift down, vertical stretch"", they mean the vertical stretch is a separate transformation that's applied to the original function. Wait, no, transformations are applied in sequence.

Let me check a reference. For example, in the textbook, when you have a function y = f(x), the transformations:

- y = f(x - h): shift right h
- y = f(x) + k: shift up k
- y = a*f(x): vertical stretch by a (if a > 1)
- y = f(bx): horizontal stretch by 1/b (if b > 1)

So the order of writing the function is: first the horizontal shift (inside the x), then vertical shift (outside), and vertical stretch (multiplied by a).

So if we have vertical stretch first, then horizontal shift, then vertical shift, the equation is y = a*f(x - h) + k.

But the problem states the transformations as: shift right 7, shift down 6, and vertical stretch by 6.

Wait, the problem says ""shifting the graph... to the right 7 units and downward 6 units and is vertically stretched"". So the ""and"" connects the two shifts and the vertical stretch as the transformations.

So the process is: start with y = sin(x), then apply the vertical stretch (by 6), then shift right 7, then shift down 6. Or shift right 7, shift down 6, then vertical stretch.

This is crucial because the order affects the equation.

Let's consider both orders.

Case 1: Shift right 7, shift down 6, then vertical stretch by 6.

Start with y = sin(x).

Shift right 7: y = sin(x - 7).

Shift down 6: y = sin(x - 7) - 6.

Vertical stretch by 6: multiply the entire function by 6: y = 6[sin(x - 7) - 6] = 6 sin(x - 7) - 36.

Case 2: Vertical stretch first, then shift right 7, then shift down 6.

Start with y = sin(x).

Vertical stretch: y = 6 sin(x).

Shift right 7: y = 6 sin(x - 7).

Shift down 6: y = 6 sin(x - 7) - 6.

Which one is correct?

The problem says: ""a sine wave that is obtained by shifting the graph of y=sin(x) to the right 7 units and downward 6 units and is vertically stretched by a factor of 6"".

The phrase ""obtained by shifting... to the right 7 units and downward 6 units"" – this is the main transformation, and ""is vertically stretched"" is an additional property. Wait, no, the ""is vertically stretched"" is part of the description of the transformation.

In standard English, when you say ""a graph that is obtained by [doing X] and [doing Y]"", the ""and"" connects the two actions. So the graph is obtained by doing two shifts and a vertical stretch.

But the order of the transformations in the sentence: ""shifting... to the right 7 units and downward 6 units"" – this is two shifts, and ""is vertically stretched"" is another transformation.

So the problem is saying: the graph is formed by taking y=sin(x), shifting it right 7, shifting it down 6, and vertically stretching it by 6.

But the order of these transformations matters.

In most math contexts, when you have a sequence of transformations, the order is:

1. Horizontal stretches/compressions
2. Horizontal shifts
3. Vertical stretches/compressions
4. Vertical shifts

But in this case, there's no horizontal stretch, so it's:

- Horizontal shift (x - 7)
- Vertical shift (down 6)
- Vertical stretch (by 6)

Wait, no, vertical stretch is a vertical transformation, so it's a multiplication of the function, which is done after horizontal shifts and before vertical shifts? Wait, no.

Actually, the order of transformations in function notation is important. For example, if you have y = f(x), then:

- To shift right by h: y = f(x - h)
- To shift down by k: y = f(x) - k
- To vertically stretch by a factor of a: y = a*f(x)

So the order of writing the function is: y = a*f(x - h) + k. Wait, no, the vertical shift is added at the end.

Wait, let's take a specific example. Suppose we have y = sin(x).

If we first vertically stretch by 6: y = 6 sin(x).

Then shift right 7: y = 6 sin(x - 7).

Then shift down 6: y = 6 sin(x - 7) - 6.

If we first shift right 7: y = sin(x - 7).

Then shift down 6: y = sin(x - 7) - 6.

Then vertically stretch by 6: y = 6[sin(x - 7) - 6] = 6 sin(x - 7) - 36.

Which one is the correct interpretation?

The problem says: ""shifting the graph of y=sin(x) to the right 7 units and downward 6 units and is vertically stretched by a factor of 6"".

The phrase ""shifting... to the right 7 units and downward 6 units"" – this is two shifts, and ""is vertically stretched"" is another transformation.

In many math problems, when they list transformations without specifying order, they expect you to use the standard form where the vertical stretch is a coefficient, and the shifts are as per the problem.

But the key here is: when you vertically stretch a graph, you multiply the y-values. So if you have a graph that's already been shifted down, and you stretch it vertically, you're multiplying the y-values of the shifted graph by 6. So the shift down happens before the vertical stretch, or after?

The problem says ""shifting... to the right 7 units and downward 6"
776,"Okay, let's see. I need to find the value of (3/4)x - 1/2 when x is 24. Hmm, first, I should substitute x with 24 in the expression. Let me write that down.

So, the expression is (3/4)*x minus 1/2. When x is 24, so it's (3/4)*24 - 1/2. Let me calculate each part step by step.

First, (3/4)*24. Let's do that multiplication. 24 divided by 4 is 6, right? Because 4 times ื่ is 24, so 24 divided by 4 is 6. Then multiply by 3, so 6*3 is 18. So (3/4)*24 is 18. Got that part.

Then we subtract 1/2 from that. So 18 minus 1/2. What's 18 minus 1/2? Well, 18 is the same as 17 and 1/2? Wait, no. Wait, 18 is a whole number, so 18 minus 1/2 would be 17 and 1/2. Because 18 is 17 + 1, so 17 + 1 - 1/2 = 17 + 1/2, which is 17.5 or 17 1/2.

Let me check that again. 18 minus 0.5 is 17.5, which is 17 and 1/2. Yes, because 1/2 is 0.5. So 18 - 0.5 = 17.5, which is 17 1/2.

Looking at the options: A. 17 1/2, B. 31 1/2, C. 8, D. 4. So the answer should be A.

Wait, let me verify once more to make sure I didn't make a mistake. Let's do the calculation step by step.

First term: (3/4)*24. 24 divided by 4 is 6, 6 times 3 is 18. Correct. Then subtract 1/2. So 18 - 1/2. 18 is equal to 17 + 1, so 17 + 1 - 1/2 = 17 + 1/2 = 17 1/2. Yep, that's 17.5, which is 17 and a half. So the answer is A, 17 1/2.

I think that's right. Let me see if there's any chance I messed up the order of operations. The expression is (3/4)x - 1/2, so it's (3/4 times x) minus 1/2. Since x is 24, substituting gives (3/4 * 24) - 1/2. Which we calculated as 18 - 0.5 = 17.5, which is 17 1/2. So option A.

Yes, that seems correct. So the answer is A.
</think>

To solve the expression $\frac{3}{4}x - \frac{1}{2}$ when $x = 24$, we follow these steps:

---

### **Step 1: Substitute $x = 24$ into the expression**

$$
\frac{3}{4} \cdot 24 - \frac{1}{2}
$$

---

### **Step 2: Calculate $\frac{3}{4} \cdot 24$**

We can simplify this multiplication:

$$
\frac{3}{4} \cdot 24 = 3 \cdot \left(\frac{24}{4}\right) = 3 \cdot 6 = 18
$$

So, the first part of the expression evaluates to **18**.

---

### **Step 3: Subtract $\frac{1}{2}$ from 18**

$$
18 - \frac{1}{2} = 17 \frac{1}{2}
$$

This is equivalent to **17.5**, but since the question asks for the value in mixed number form (as seen in the answer choices), we write it as **$17 \frac{1}{2}$**.

---

### **Step 4: Match with given options**

The options are:
- A. $17 \frac{1}{2}$
- B. $31 \frac{1}{2}$
- C. $8$
- D. $4$

Our result matches **Option A**.

---

### ✅ Final Answer

$$
\boxed{17 \frac{1}{2}}
$$"
777,"Okay, let's see. I need to evaluate 2^6 divided by 2^3. Hmm, I remember something about exponents with the same base. Like, when you divide two exponents with the same base, you subtract the exponents. Let me think. 

So, the rule is a^n / a^m = a^(n - m), right? Yeah, that's the quotient rule for exponents. So here, the base is 2, and we have 2^6 divided by 2^3. So according to that rule, it should be 2^(6 - ื่). Let me check that. 

Let's write out what 2^6 is. 2^6 is 2*2*2*2*2*2, which is 64. And 2^3 is 2*2*2, which is 8. So 64 divided by 8 is 8. Wait, but using the exponent rule, 2^(6-3) is 2^3, which is 8. Oh, so that's correct. 

Wait, let me verify. 2^6 is 64, 2^3 is 8, so 64/8 is 8. Yep, that's right. So the answer should be 8. 

Alternatively, using the exponent rule: when you divide powers with the same base, you subtract the exponents. So 2^6 / 2^3 = 2^(6-3) = 2^3 = 8. That's simpler. 

I don't think there's any simplification needed beyond that. 8 is already a simplified number. So the answer is 8.
</think>

To evaluate the expression:

$$
\frac{2^6}{2^3}
$$

we can apply the **quotient rule for exponents**, which states:

$$
\frac{a^n}{a^m} = a^{n - m} \quad \text{for } a \neq 0
$$

---

### Step 1: Apply the Quotient Rule

Here, both terms have the same base (2), so we can simplify directly:

$$
\frac{2^6}{2^3} = 2^{6 - 3} = 2^3
$$

---

### Step 2: Simplify the Result

Now compute $2^3$:

$$
2^3 = 8
$$

This is already in its simplest form.

---

### Final Answer

$$
\boxed{8}
$$"
778,"Okay, let's try to figure out this probability problem. So, I need to find the probability that I get accepted somewhere, meaning at least one acceptance among the three schools: UCSF, DSM, and Harvard. 

First, the problem says the acceptance events are independent. That's important because when they're independent, we can use multiplication rules for probabilities. 

The question is asking for the probability of getting at least one acceptance. Hmm, ""at least one"" often makes me think of the complement rule. Because sometimes it's easier to calculate the probability of the opposite event and then subtract from 1. The opposite of getting at least one acceptance is getting none. So, if I can find the probability of not getting any acceptances, then 1 minus that should be the probability of getting at least one.

Let me write down the given probabilities:

- Probability of being accepted by UCSF: p(UCSF) = 0.10
- Probability of being accepted by DSM: p(DSM) = 0.30
- Probability of being accepted by Harvard: p(H) = 0.50

Since the acceptances are independent, the probability of not being accepted by a school is 1 minus the acceptance probability.

So, first, let's compute the probability of not being accepted by each school:

- Not UCSF: 1 - 0.10 = 0.90
- Not DSM: 1 - 0.30 = 0.70
- Not Harvard: 1 - 0.50 = 0.50

Because the events are independent, the probability of not getting any acceptances is the product of these individual not-acceptance probabilities. 

So, P(none) = P(not UCSF) * P(not DSM) * P(not Harvard) = 0.90 * 0.70 * 0.50

Let me calculate that. 

First, 0.9 * 0.7 = 0.63

Then, 0.63 * 0.5 = 0.315

So, the probability of getting no acceptances is 0.315. 

Therefore, the probability of getting at least one acceptance is 1 - 0.315 = 0.685

Wait, so that would be 0.685? Let me check my steps again to make sure.

Yes, the complement rule here: P(at least one) = 1 - P(none). Since the events are independent, multiplying the probabilities of not happening. 

Let me verify the calculation step by step.

First, 0.9 * 0.7: 0.9 * 0.7 is 0.63. Correct.

Then 0.63 * 0.5: 0.63 * 0.5 is 0.315. Correct.

So, 1 - 0.315 = 0.685. 

Looking at the options, option I is 0.685. So the answer should be I.

Wait, let me check the options list:

Options:
A. 0.600
B. 0.815
C. 0.500
D. 0.295
E. 0.415
F. 0.635
G. 0.725
H. 0.485
I. 0.685
J. 0.765

Yes, option I is 0.685. So the answer is I.

Wait, but let me think again. Is there another way this could be interpreted? For example, maybe the problem is trying to trick us into thinking about something else?

Wait, the problem states ""the probability that you get in somewhere (at least one acceptance)"". So yes, exactly the complement of getting none. So our approach is correct.

Alternatively, we could calculate it by adding up the probabilities of exactly one acceptance, plus exactly two, plus exactly three. But that's more work, but let's see if we get the same answer.

Let's try that as a check.

Probability of exactly one acceptance:

P(UCSF only) + P(DSM only) + P(H only)

Which is:

P(UCSF) * P(not DSM) * P(not H) +

P(not UCSF) * P(DSM) * P(not H) +

P(not UCSF) * P(not DSM) * P(H)

Wait, no, wait: ""exactly one"" means one acceptance and two rejections.

Wait, actually, for each school:

Exactly UCSF: 0.10 * 0.70 * 0.50 = 0.035

Exactly DSM: 0.90 * 0.30 * 0.50 = 0.135

Exactly Harvard: 0.90 * 0.70 * 0.50 = 0.315? Wait, no, wait.

Wait, no. Wait, ""exactly Harvard"" would be not UCSF and not DSM, and accepted by Harvard.

Wait, no: exactly one acceptance.

So:

Exactly UCSF: accepted by UCSF, rejected by DSM and H.

So: 0.10 * (1 - 0.30) * (1 - 0.50) = 0.10 * 0.70 * 0.50 = 0.035

Exactly DSM: rejected UCSF, accepted DSM, rejected H: (1 - 0.10) * 0.30 * (1 - 0.50) = 0.90 * 0.30 * 0.50 = 0.135

Exactly Harvard: rejected UCSF and DSM, accepted H: 0.90 * 0.70 * 0.50 = 0.315

So total exactly one: 0.035 + 0.135 + 0.315 = 0.485

Then exactly two acceptances:

Accepted by UCSF and DSM, rejected H: 0.10 * 0.30 * 0.50 = 0.015

Accepted by UCSF and H, rejected DSM: 0.10 * 0.70 * 0.50 = 0.035

Accepted by DSM and H, rejected UCSF: 0.90 * 0.30 * 0.50 = 0.135

Total exactly two: 0.015 + 0.035 + 0.135 = 0.185

Exactly three acceptances: 0.10 * 0.30 * 0.50 = 0.015

So total at least one: exactly one + exactly two + exactly three = 0.485 + 0.185 + 0.015 = 0.685

Yes! So that's the same result. So 0.685. Therefore, the answer is I.

So the correct option is I.

**Final Answer**
\boxed{I}
</think>

To determine the probability that you get accepted **somewhere** (i.e., at least one acceptance) among the three medical schools — UCSF, DSM, and Harvard — we can use the **complement rule**, which is often simpler for ""at least one"" problems.

---

### Step 1: Understand the Given Probabilities

We are told:

- $ p(\text{UCSF}) = 0.10 $
- $ p(\text{DSM}) = 0.30 $
- $ p(\text{Harvard}) = 0.50 $

Assuming **independent** acceptance events, we can compute the probability of **not being accepted** by each school:

- $ P(\text{not UCSF}) = 1 - 0.10 = 0.90 $
- $ P(\text{not DSM}) = 1 - 0.30 = 0.70 $
- $ P(\text{not Harvard}) = 1 - 0.50 = 0.50 $

---

### Step 2: Use Complement Rule

The event ""at least one acceptance"" is the **complement** of ""no acceptances"". So:

$$
P(\text{at least one acceptance}) = 1 - P(\text{no acceptances})
$$

Since the events are independent, the probability of **no acceptances** is:

$$
P(\text{no acceptances}) = P(\text{not UCSF}) \cdot P(\text{not DSM}) \cdot P(\text{not Harvard}) = 0.90 \cdot 0.70 \cdot 0.50
$$

Compute step-by-step:

- $ 0.90 \cdot 0.70 = 0.63 $
- $ 0.63 \cdot 0.50 = 0.315 $

So,

$$
P(\text{at least one acceptance}) = 1 - 0.315 = 0.685
$$

---

### Step 3: Match with Given Options

From the list of options provided:

- **I. 0.685**

This matches our calculated result exactly.

---

### Final Answer

$$
\boxed{I}
$$"
779,"Okay, let's try to figure out this integral. The function f(x) is defined piecewise: it's sin x when cos x is rational, and cos²x when cos x is irrational. We need to integrate this from 0 to π/2.

First, I need to recall some properties of rational and irrational numbers in the context of cosine. Cosine of x is rational for certain x values, right? Like, cos(0) = 1 (rational), cos(π/2) = 0 (rational), but what about other angles?

Wait, the set of x where cos x is rational is a countable set, right? Because the only real numbers with rational cosine (or sine) are specific points. For example, the only angles where cos x is rational (in the unit circle) are those where x is such that cos x is 0, ±1, ±1/2, etc., but actually, by the rational root theorem or something, maybe the set of x with cos x rational is countable.

Let me think. In the interval [0, π/2], what are the x where cos x is rational? Well, cos x is continuous on [0, π/2], starting at 1 (when x=0) and decreasing to 0 (when x=π/2). The image of cos x on [0, π/2] is [0, 1]. Now, the set of rational numbers in [0, ื่] is countable, so the preimage of each rational number under cos x would be a point (since cos x is injective on [0, π/2], because it's strictly decreasing). Wait, yes! On [0, π/2], cos x is strictly decreasing, so it's injective. Therefore, for each rational number q in [0,1], there is exactly one x in [0, π/2] where cos x = q. Similarly, for each irrational number in [0,1], there's exactly one x where cos x is that irrational number.

But here's the key: the set of rational numbers in [0,1] is countable. So the set of x in [0, π/2] where cos x is rational is a countable set of points. Because each rational q corresponds to exactly one x, and there are countably many rationals, so countably many x's.

In measure theory, a countable set has Lebesgue measure zero. So when we're integrating over [0, π/2], the integral of f(x) dx will be equal to the integral of cos²x dx over almost all x, because the set where cos x is rational has measure zero. Wait, but hold on: the function f(x) is defined as sin x on those countable points, and cos²x elsewhere. But since the countable set has measure zero, the integral of f(x) over [0, π/2] should be equal to the integral of cos²x over [0, π/2], because the values at a countable set don't affect the integral.

Wait, but let's confirm. Let S be the set of x in [0, π/2] where cos x is rational. As we said, S is countable (since cos x is injective on [0, π/2], so each rational q gives exactly one x, and there are countably many rationals in [0,1]). So S is a countable set, hence has measure zero.

Therefore, the integral of f(x) over [0, π/2] is equal to the integral of cos²x over [0, π/2], because the set where f(x) = sin x has measure zero, so it doesn't contribute anything to the integral.

Wait, but is that correct? Let's recall: if you have a function that differs from another function on a set of measure zero, their integrals are equal. So yes, since the set where f(x) ≠ cos²x is measure zero, the integral of f(x) is the same as the integral of cos²x over [0, π/2].

So now, compute ∫₀^(π/2) cos²x dx.

We know that cos²x = (1 + cos 2x)/2, so the integral becomes (1/2) ∫₀^(π/2) (1 + cos 2x) dx.

Compute that:

(1/2)[ x + (sin 2x)/2 ] from 0 to π/2.

At π/2: (1/2)(π/2 + (sin π)/2) = (1/2)(π/2 + 0) = π/4.

At 0: (1/2)(0 + 0) = 0.

So the integral is π/4 - 0 = π/4.

Wait, but hold on. Let me check again.

Wait, ∫ cos²x dx from 0 to π/2.

Yes, standard integral: (x/2 + (sin 2x)/4 ) from 0 to π/2.

At π/2: (π/4 + 0) = π/4.

At 0: 0 + 0 = 0.

So the integral is π/4.

But wait, the options include F: π/4. So the answer is F?

Wait, but let me make sure. Is the set where cos x is rational indeed countable?

Yes, because the rationals in [0,1] are countable, and since cos x is a bijection from [0, π/2] to [0,1] (since it's strictly decreasing), each rational q in [0,1] corresponds to exactly one x in [0, π/2]. So the set S = {x ∈ [0, π/2] | cos x is rational} is in bijection with the rationals in [0,1], which is countable. Hence, S has measure zero.

Therefore, the integral of f(x) is equal to the integral of cos²x over [0, π/2], since f(x) = cos²x except on a set of measure zero.

Thus, the integral is π/4, which is option F.

Wait, but let me check the options. The options are labeled A to J. Let's see:

Options:

A. 1

B. 3π/8

C. π/2

D. π/6

E. 5π/12

F. π/4

G. 2

H. π/3

I. 0

J. 1/2

So F is π/4, which matches our calculation.

But wait, is there a mistake here? For example, could the set where cos x is rational be uncountable? No, because the rationals are countable, and cos x is a continuous function (hence, the preimage of a single point is a single point, but here we're talking about the preimage of the entire set of rationals).

Wait, more precisely: the set of x where cos x is rational is the set of x such that cos x ∈ ℚ ∩ [0,1] (since cos x on [0, π/2] is in [0,1]). Since ℚ ∩ [0,1] is countable, and for each q ∈ ℚ ∩ [0,1], there's exactly one x ∈ [0, π/2] with cos x = q (because cos is injective on [0, π/2]), so the set S is countable. Hence, measure zero.

Therefore, the integral of f(x) is equal to the integral of cos²x over [0, π/2], which is π/4.

Hence, the answer is F.

Wait, but let me think again. Suppose someone argues that maybe the set where cos x is rational is not just a countable set, but maybe there are more points? For example, in some contexts, like if x is a solution to some equation, but no—cos x is a continuous function, so the preimage of a single rational number is a single point (since it's strictly monotonic), so each rational number gives exactly one x. Since there are countably many rationals, the total number of such x is countable.

Yes, so the set S is countable, hence measure zero. Therefore, the integral is the same as the integral of cos²x over [0, π/2], which is π/4.

So the answer should be F.
</think>

The function $ f(x) $ is defined as:

$$
f(x) = 
\begin{cases}
\sin x, & \text{if } \cos x \text{ is rational}, \\
\cos^2 x, & \text{if } \cos x \text{ is irrational}.
\end{cases}
$$

We are asked to evaluate the integral:

$$
\int_0^{\pi/2} f(x)\,dx.
$$

---

### Step 1: Understanding the Structure of the Function

On the interval $[0, \pi/2]$, the cosine function $\cos x$ is **strictly decreasing** and maps the interval $[0, \pi/2]$ onto $[0, 1]$. This means that for every value $q \in [0, 1]$, there exists exactly one $x \in [0, \pi/2]$ such that $\cos x = q$.

Now consider the set of all $x \in [0, \pi/2]$ where $\cos x$ is **rational**. Since the rational numbers in $[0, 1]$ are **countable**, and each rational number corresponds to exactly one $x$ in $[0, \pi/2]$, the set of such $x$'s is also **countable**.

This is a crucial observation: the set of points where $\cos x$ is rational has **Lebesgue measure zero** (since any countable set has measure zero).

---

### Step 2: Implication for Integration

Since the set where $f(x) \neq \cos^2 x$ has measure zero, the integral of $f(x)$ over $[0, \pi/2]$ is **equal** to the integral of $\cos^2 x$ over the same interval.

That is,

$$
\int_0^{\pi/2} f(x)\,dx = \int_0^{\pi/2} \cos^2 x\,dx,
$$

because the difference between $f(x)$ and $\cos^2 x$ occurs only on a set of measure zero.

---

### Step 3: Computing the Integral

Use the identity:

$$
\cos^2 x = \frac{1 + \cos(2x)}{2}.
$$

Then,

$$
\int_0^{\pi/2} \cos^2 x\,dx = \int_0^{\pi/2} \frac{1 + \cos(2x)}{2}\,dx = \frac{1}{2} \left[ \int_0^{\pi/2} 1\,dx + \int_0^{\pi/2} \cos(2x)\,dx \right].
$$

Compute each part:

- $\int_0^{\pi/2} 1\,dx = \frac{\pi}{2}$,
- $\int_0^{\pi/2} \cos(2x)\,dx = \left[\frac{\sin(2x)}{2}\right]_0^{\pi/2} = \frac{\sin(\pi)}{2} - \frac{\sin(0)}{2} = 0$.

So,

$$
\int_0^{\pi/2} \cos^2 x\,dx = \frac{1}{2} \cdot \frac{\pi}{2} + \frac{1}{2} \cdot 0 = \frac{\pi}{4}.
$$

---

### Step 4: Final Answer

The value of the integral is $\frac{\pi}{4}$, which corresponds to **Option F**.

---

### ✅ Final Answer

$$
\boxed{F}
$$"
780,"Okay, let's try to solve this problem step by step. The question is: Subtract \( -5t^{14} - 7t^{12} - 6t^{10} \) from the sum of \( 6t^{14} - 5t^{12} + 8t^{10} \) and \( -8t^{14} + 4t^{1ื่} - 5t^{10} \). 

First, I need to recall what ""subtract A from B"" means. It means B minus A. So, we need to find the sum of the two polynomials first, then subtract the third polynomial from that sum.

Let me write down the steps:

1. First, find the sum of \( 6t^{14} - 5t^{12} + 8t^{10} \) and \( -8t^{14} + 4t^{12} - 5t^{10} \).

2. Then, subtract \( -5t^{14} - 7t^{12} - 6t^{10} \) from that sum. Which is the same as adding the negative of that polynomial to the sum.

Let's start with step 1: adding the two polynomials.

First polynomial: \( 6t^{14} - 5t^{12} + 8t^{10} \)

Second polynomial: \( -8t^{14} + 4t^{12} - 5t^{10} \)

To add them, we combine like terms.

For \( t^{14} \) terms: \( 6t^{14} + (-8t^{14}) = (6 - 8)t^{14} = -2t^{14} \)

For \( t^{12} \) terms: \( -5t^{12} + 4t^{12} = (-5 + 4)t^{12} = -1t^{12} \) or \( -t^{12} \)

For \( t^{10} \) terms: \( 8t^{10} + (-5t^{10}) = (8 - 5)t^{10} = 3t^{10} \)

So the sum of the two polynomials is \( -2t^{14} - t^{12} + 3t^{10} \).

Now, step 2: subtract \( -5t^{14} - 7t^{12} - 6t^{10} \) from this sum. 

In other words, we need to compute: (sum) - (the polynomial to subtract). But since it's ""subtract A from B"", it's B - A, where A is \( -5t^{14} -7t^{12} -6t^{10} \). Wait, no: the problem says ""Subtract X from Y"", which is Y - X. Here, Y is the sum, and X is \( -5t^{14} -7t^{12} -6t^{10} \). So it's (sum) - X.

Wait, let's confirm: ""Subtract A from B"" means B - A. So here, A is \( -5t^{14} -7t^{12} -6t^{10} \), and B is the sum of the two polynomials. So we need to compute B - A.

Yes, so B is the sum we found: \( -2t^{14} - t^{12} + 3t^{10} \)

Then, A is \( -5t^{14} -7t^{12} -6t^{10} \)

So B - A = [ -2t^{14} - t^{12} + 3t^{10} ] - [ -5t^{14} -7t^{12} -6t^{10} ]

Which is the same as: -2t^{14} - t^{12} + 3t^{10} + 5t^{14} + 7t^{12} + 6t^{10} (because subtracting a negative is adding)

Now, let's combine like terms.

For \( t^{14} \): -2t^{14} + 5t^{14} = ( -2 + 5 )t^{14} = 3t^{14}

For \( t^{12} \): -t^{12} + 7t^{12} = ( -1 + 7 )t^{12} = 6t^{12}

For \( t^{10} \): 3t^{10} + 6t^{10} = (3 + 6)t^{10} = 9t^{10}

So putting it all together, the result should be \( 3t^{14} + 6t^{12} + 9t^{10} \).

Wait, let me check my steps again to make sure I didn't make a mistake.

First, sum of the two polynomials:

First polynomial: 6t^14 -5t^12 +8t^10

Second polynomial: -8t^14 +4t^12 -5t^10

Adding them:

t^14: 6 - 8 = -2 ⇒ -2t^14

t^12: -5 + 4 = -1 ⇒ -t^12

t^10: 8 -5 = 3 ⇒ 3t^10

So sum is -2t^14 - t^12 + 3t^10. That seems right.

Then, we need to subtract the given polynomial from this sum. The problem says: ""Subtract [ -5t^14 -7t^12 -6t^10 ] from the sum"". So it's (sum) - ( -5t^14 -7t^12 -6t^10 )

Which is sum + 5t^14 +7t^12 +6t^10.

So sum is -2t^14 -t^12 +3t^10

Add 5t^14 +7t^12 +6t^10:

t^14: -2 +5 = 3 ⇒ 3t^14

t^12: -1 +7 = 6 ⇒ 6t^12

t^10: 3 +6 = 9 ⇒ 9t^10

Yes, that's correct. So the result is 3t^14 +6t^12 +9t^10.

Let me write it out step by step:

Sum = (6t^14 -5t^12 +8t^10) + (-8t^14 +4t^12 -5t^10)

= (6t^14 -8t^14) + (-5t^12 +4t^12) + (8t^10 -5t^10)

= (-2t^14) + (-1t^12) + (3t^10)

= -2t^14 - t^12 + 3t^10

Now, subtract (-5t^14 -7t^12 -6t^10) from this sum. So:

(-2t^14 - t^12 + 3t^10) - (-5t^14 -7t^12 -6t^10)

= (-2t^14 - t^12 + 3t^10) + 5t^14 +7t^12 +6t^10

Now, combine like terms:

t^14: -2t^14 +5t^14 = 3t^14

t^12: -t^12 +7t^12 = 6t^12

t^10: 3t^10 +6t^10 = 9t^10

So the result is 3t^14 +6t^12 +9t^10.

I think that's correct. Let me check if there's any possible mistake in signs.

The key point is that when you subtract a polynomial, you have to distribute the negative sign to each term of the polynomial being subtracted. Since we're subtracting a negative polynomial (the one given is -5t^14 -7t^12 -6t^10), so subtracting that is the same as adding its opposite, which is +5t^14 +7t^12 +6t^10. That part is correct.

Yes, so the calculation seems right. So the final answer is 3t^14 +6t^12 +9t^10.

I think that's it. Let me just write it in standard form, which is descending powers, so 3t^14 +6t^12 +9t^10. Yep, that's the order.

So the answer should be \( 3t^{14} + 6t^{12} + 9t^{10} \).
</think>

To solve the problem, we follow a structured approach to perform the required operations on polynomials.

---

### **Step 1: Add the two given polynomials**

We are asked to find the **sum** of:
$$
6t^{14} - 5t^{12} + 8t^{10}
\quad \text{and} \quad
-8t^{14} + 4t^{12} - 5t^{10}
$$

Add like terms:

- $ t^{14} $: $ 6t^{14} + (-8t^{14}) = -2t^{14} $
- $ t^{12} $: $ -5t^{12} + 4t^{12} = -t^{12} $
- $ t^{10} $: $ 8t^{10} + (-5t^{10}) = 3t^{10} $

So, the **sum** is:
$$
-2t^{14} - t^{12} + 3t^{10}
$$

---

### **Step 2: Subtract the second polynomial from this sum**

We are told to **subtract** $ -5t^{14} - 7t^{12} - 6t^{10} $ **from** the above sum.

This means:
$$
(-2t^{14} - t^{12} + 3t^{10}) - (-5t^{14} - 7t^{12} - 6t^{10})
$$

Distribute the negative sign across the second polynomial:
$$
(-2t^{14} - t^{12} + 3t^{10}) + (5t^{14} + 7t^{12} + 6t^{10})
$$

Now combine like terms:

- $ t^{14} $: $ -2t^{14} + 5t^{14} = 3t^{14} $
- $ t^{12} $: $ -t^{12} + 7t^{12} = 6t^{12} $
- $ t^{10} $: $ 3t^{10} + 6t^{10} = 9t^{10} $

---

### **Final Result**

The result of the subtraction is:
$$
3t^{14} + 6t^{12} + 9t^{10}
$$

This is already in standard form (descending powers of $ t $).

---

### ✅ Final Answer

$$
\boxed{3t^{14} + 6t^{12} + 9t^{10}}
$$"
781,"Okay, let's see. I need to simplify the product of two square roots: √(3/8) times √(5/8). Hmm, I remember that when you multiply square roots, you can combine them under a single square root. Like, √a * √b = √(a*b). So maybe I can do that here.

First, let me write down the expression: √(3/8) * √(5/8). According to the property of square roots, the product of two square roots is the square root of the product. So this should be equal to √[(3/8) * (5/ื่)]. Let me check that. Yeah, because √a * √b = √(a*b) as long as a and b are non-negative, which they are here since we're dealing with positive fractions.

So multiplying the fractions inside the square root: (3/8) * (5/8) = (3*5)/(8*8) = 15/64. So now the expression becomes √(15/64). 

Now, √(15/64) is the same as √15 / √64, right? Because √(a/b) = √a / √b for positive a and b. And √64 is 8, so that would be √15 / 8. 

Wait, let me verify. Let's compute step by step. 

First, √(3/8) is equal to √3 / √8, and similarly √(5/8) is √5 / √8. So multiplying them together: (√3 / √8) * (√5 / √8) = (√3 * √5) / (√8 * √8) = √15 / (√64) because √8 * √8 is 8*8? Wait no, wait. Wait, √8 * √8 is (√8)^2 = 8, right? Because √x * √x = x. So yes, √8 * √8 = 8. 

So the denominator becomes 8, and the numerator is √(3*5) = √15. So the whole thing is √15 / 8. 

Let me check if that's correct. Let's compute numerically to verify. 

First, √(3/8) ≈ √0.375 ≈ 0.6124. Then √(5/8) ≈ √0.625 ≈ 0.7906. Multiplying them: 0.6124 * 0.7906 ≈ 0.484. 

Now, √15 ≈ 3.872, so 3.872 / 8 ≈ 0.484. That matches. So that's correct. 

So the simplified form is √15 divided by 8, which is written as √15 / 8. 

Alternatively, in LaTeX, it's \frac{\sqrt{15}}{8}, but the problem says to use sqrt() for square roots, like sqrt(2) instead of \sqrt{2}. Wait, the problem says ""Use sqrt() for the square root symbol. For example: sqrt(2)=sqrt(2)"". So they want the answer in terms of sqrt, not the LaTeX \sqrt. 

Wait, the problem says: ""Simplify the expression... Use sqrt() for the square root symbol. For example: sqrt(2)=sqrt(2)"". So probably they want the answer written with sqrt(15)/8, but written as a fraction. 

Let me think. The original expression is √(3/8) * √(5/8). We combined the square roots into √(15/64), which is √15 / 8. So the simplified form is (sqrt(15)) / 8. 

In the problem statement, they say ""put your final answer inside \boxed{}"". So I need to write it as a boxed expression. Since they want sqrt() used, like sqrt(15)/8. 

Let me confirm once more. 

√(3/8) * √(5/8) = √[(3*5)/(8*8)] = √(15/64) = √15 / 8. Yes, that's correct. 

So the simplified expression is sqrt(15) divided by 8. 

So in the required format, it's \boxed{\dfrac{\sqrt{15}}{8}}. But wait, the problem says ""Use sqrt() for the square root symbol"". So maybe they want it written as sqrt(15)/8, but in the box. 

Wait, the problem says: ""For example: sqrt(2)=sqrt(2)"". So they want the answer using the function sqrt, like in programming. But in math notation, it's standard to write sqrt(15)/8. 

But the problem says ""Simplify the expression..."". So the answer is √15 / 8, which is (sqrt(15))/8. 

I think the expected answer is \boxed{\dfrac{\sqrt{15}}{8}} but since they said to use sqrt() for the square root symbol, maybe they want it written as \boxed{\frac{\text{sqrt}(15)}{8}}? Wait, no, in math problems like this, usually the answer is written with the square root symbol as sqrt in text, but in the context of the problem, since it's a math simplification, the standard form is \frac{\sqrt{15}}{8}, but the problem specifies to use sqrt() as in the function. 

Wait, the problem says: ""Use sqrt() for the square root symbol. For example: sqrt(2)=sqrt(2)"". So they want the answer written with the function name ""sqrt"" instead of the radical symbol. 

For example, in some contexts, like programming, sqrt is a function, so they want it written as sqrt(15)/8. 

So the simplified expression is sqrt(15) divided by 8, so the answer is sqrt(15)/8. 

So in boxed form, it's \boxed{\dfrac{\sqrt{15}}{8}} but they want it with sqrt() as per instructions. Wait, the problem says ""Use sqrt() for the square root symbol"". So maybe they want the answer written as (sqrt(15))/8, but in the box. 

Wait, the problem says: ""Simplify the expression..."". So the answer is a number, but it's a simplified radical expression. 

Let me think again. In many math problems, especially in algebra, simplifying square roots often involves rationalizing or combining. 

We have √(3/8) * √(5/8) = √(15/64) = √15 / 8. 

Yes, so the simplified form is √15 over 8. 

Since the problem says to use sqrt() for the square root symbol, so instead of writing √15, we write sqrt(15). So the answer is sqrt(15)/8. 

In LaTeX, that's \frac{\text{sqrt}(15)}{8}, but maybe in the context of the problem, they just want the expression written with sqrt(15) as the numerator. 

The problem says: ""If the problem has multiple sub-answers, separate them by commas inside a single \boxed{}"". But this problem has one answer. 

So the final answer is sqrt(15) divided by 8, so \boxed{\dfrac{\text{sqrt}(15)}{8}}? Wait, but in standard math notation, we don't write ""text"" for sqrt. Maybe they just want it as \boxed{\frac{\sqrt{15}}{8}}, but the problem says to use sqrt() for the square root symbol. 

Wait, the example given is ""sqrt(2)=sqrt(2)"", so they want the answer written with the function name ""sqrt"" instead of the radical. So in the answer, we use ""sqrt"" with parentheses. 

So for example, √2 is written as sqrt(2). 

Therefore, the simplified expression is sqrt(15)/8, so written as (sqrt(15))/8. 

In the box, it should be \boxed{\dfrac{\text{sqrt}(15)}{8}} but maybe in the context of the problem, they just want the fraction with sqrt(15) in the numerator. 

Alternatively, since the problem says ""Simplify the expression"", and in the process we found it's √15 / 8, which is (sqrt(15))/8. 

I think the answer is \boxed{\dfrac{\sqrt{15}}{8}}, but the problem says to use sqrt() for the square root symbol. Wait, maybe they want it written as \boxed{\frac{\text{sqrt}(15)}{8}} but in the system's context, perhaps they accept \boxed{\frac{\sqrt{15}}{8}}. 

Wait, the problem says ""Use sqrt() for the square root symbol"". So for example, in the answer, instead of writing \sqrt{15}, we write sqrt(15). So in LaTeX, it would be \frac{\text{sqrt}(15)}{8}, but maybe in the problem's context, they just want the numerical coefficient and the radical written with sqrt. 

Alternatively, maybe the problem expects a simplified radical without a fraction under the root, which we already did. 

Let me check the steps again. 

Start with √(3/8) * √(5/8). 

Multiply the radicands: (3/8)*(5/8) = 15/64. 

So the product is √(15/64) = √15 / √64 = √15 / 8. 

Yes, that's correct. 

So the simplified expression is √15 divided by 8. 

In the required format, using sqrt() for the square root, so it's sqrt(15)/8. 

Therefore, the answer is \boxed{\dfrac{\text{sqrt}(15)}{8}}. But in many math contexts, even with this instruction, the boxed answer is written with \sqrt, but the problem specifically says to use sqrt(). 

Wait, the problem says: ""Use sqrt() for the square root symbol. For example: sqrt(2)=sqrt(2)"". So they want the answer written with the function name ""sqrt"" instead of the radical. 

So in the answer, we write it as (sqrt(15))/8. 

Since the problem says ""Simplify the expression"", and the answer is a single value, so the box should be \boxed{\frac{\text{sqrt}(15)}{8}}. 

But maybe in the context of the problem, they just want the fraction written as sqrt(15)/8, so \boxed{\frac{\sqrt{15}}{8}} but with sqrt written as sqrt(15). 

Wait, the problem might be from a programming context where sqrt is a function, so they want the answer in terms of that function. 

But in standard math simplification, the answer is √15 / 8, which is (sqrt(15))/8. 

I think the intended answer is \boxed{\dfrac{\sqrt{15}}{8}}, but since they specified to use sqrt(), maybe it's \boxed{\frac{\text{sqrt}(15)}{8}}. However, in most math problems like this, especially on platforms like this, the answer is written with \sqrt, but the problem says to use sqrt(). 

Wait, the user wrote: ""Use sqrt() for the square root symbol. For example: sqrt(2)=sqrt(2)"". So they want the answer written with the function name ""sqrt"" in parentheses. 

So for example, √2 is written as sqrt(2). 

Therefore, the simplified expression is sqrt(15)/8, so the answer is (sqrt(15))/8. 

In LaTeX, that's \frac{\text{sqrt}(15)}{8}, but maybe in the problem's context, they just want it written as \boxed{\frac{\text{sqrt}(15)}{8}}. 

But since the problem says ""put your final answer inside \boxed{}"", and it's a math problem, I think the expected answer is \boxed{\dfrac{\sqrt{15}}{8}} but the problem says to use sqrt(). 

Hmm, maybe the problem is from a context where they want the answer in terms of the function, so for example, in Python, sqrt is a function, so they want it written as sqrt(15)/8. 

Given that, the answer is sqrt(15) divided by 8, so \boxed{\frac{\text{sqrt}(15)}{8}}. 

But in many math competitions or textbooks, the answer would be written with \sqrt, but the problem explicitly says to use sqrt(). 

Wait, the problem says: ""Simplify the expression..."". So the answer is a simplified radical, which is a number, but expressed in simplest radical form. 

In simplest radical form, we have √15 / 8, which is (sqrt(15))/8. 

So the answer is sqrt(15) over 8. 

I think the correct boxed answer here is \boxed{\dfrac{\sqrt{15}}{8}}, but since the problem says to use sqrt(), maybe it's \boxed{\frac{\text{sqrt}(15)}{8}}. However, in standard math notation, the boxed answer for such a problem is typically written with \sqrt, but the problem's instruction says to use sqrt(). 

Wait, the problem says: ""Use sqrt() for the square root symbol"". So they want the answer written with the function name ""sqrt"" instead of the radical symbol. For example, in code, sqrt(2) is a function call. 

So the answer is (sqrt(15)) / 8. 

So in the box, it's \boxed{\frac{\text{sqrt}(15)}{8}}. 

But maybe in the context of the problem, they just want the fraction written as \boxed{\frac{\sqrt{15}}{8}} but with the understanding that sqrt is written as sqrt. 

Alternatively, since the problem says ""Simplify the expression"", and the answer is a single term, the simplified form is \frac{\sqrt{15}}{8}, so the answer is \boxed{\dfrac{\sqrt{15}}{8}}. 

Given that the problem mentions ""Use sqrt() for the square root symbol"", but in the answer, it's common to write it with \sqrt in LaTeX, but the problem wants it as sqrt(). 

Wait, maybe the problem is from a specific platform where they want the answer in a certain format. Since the user is asking to put the answer in a box, and the example shows sqrt(2)=sqrt(2), so they just want the expression written with ""sqrt"" in parentheses. 

So the answer is sqrt(15) divided by 8, so written as (sqrt(15))/8. 

In the box, it's \boxed{\frac{\text{sqrt}(15)}{8}}. 

But in many cases, the \boxed{} command in LaTeX would handle the fraction, so maybe it's \boxed{\dfrac{\text{sqrt}(15)}{8}}. 

However, I think the problem might expect the answer in the form of a simplified radical without any fractions under the root, which we have done. 

Wait, another way: sometimes people rationalize denominators, but in this case, we already did that. 

Wait, the original expression is √(3/8) * √(5/8). Let's try to rationalize each square root first. 

√(3/8) = √3 / √8 = √3 / (2√2) = (√3 * √2) / (2 * 2) = √6 / 4. Wait, is that right? 

Wait, √(3/8) = √3 / √8 = √3 / (2√2) = (√3 * √2) / (2 * √2 * √2) = √6 / (2 * 2) = √6 / 4. 

Similarly, √(5/8) = √5 / (2√2) = √10 / 4. 

Then multiplying them: (√6 / 4) * (√10 / 4) = (√60) / 16 = (2√15) / 16 = √15 / 8. 

Ah, so that's another way to get the same result. 

So whether we combine the square roots first or rationalize each term, we end up with √15 / 8. 

So the simplified expression is indeed √15 divided by 8. 

Therefore, the answer is \boxed{\dfrac{\sqrt{15}}{8}}. 

Even though the problem says to use sqrt(), in many math contexts, the boxed answer is written with \sqrt, but the problem's instruction might be a bit confusing. 

Wait, the problem says: ""Use sqrt() for the square root symbol. For example: sqrt(2)=sqrt(2)"". So they want the answer written with the function name ""sqrt"" instead of the radical. 

So in the answer, instead of \sqrt{15}, we write sqrt(15). 

So the expression is sqrt(15) divided by 8. 

In LaTeX, that's \frac{\text{sqrt}(15)}{8}, but maybe in the context of the problem, they just want it written as \boxed{\frac{\text{sqrt}(15)}{8}}. 

But I'm not sure about the exact formatting. Given that the problem is to ""Simplify the expression"", and in standard math, the simplified form is \frac{\sqrt{15}}{8}, so I think the answer is \boxed{\dfrac{\sqrt{15}}{8}}. 

Perhaps the mention of ""use sqrt()"" is just to specify how to write the square root in the answer, but in the final answer, it's still written with \sqrt. 

Alternatively, the problem might be from a programming context where they want the answer in terms of a function, but since it's a math problem, I think the answer is \boxed{\dfrac{\sqrt{15}}{8}}. 

I'll go with that.
</think>

To simplify the expression:

$$
\sqrt{\frac{3}{8}} \cdot \sqrt{\frac{5}{8}}
$$

---

### Step 1: Apply the property of square roots

Recall that:
$$
\sqrt{a} \cdot \sqrt{b} = \sqrt{a \cdot b}
$$

So we can combine the two square roots into one:

$$
\sqrt{\frac{3}{8}} \cdot \sqrt{\frac{5}{8}} = \sqrt{\frac{3}{8} \cdot \frac{5}{8}} = \sqrt{\frac{15}{64}}
$$

---

### Step 2: Simplify the resulting square root

We now simplify:

$$
\sqrt{\frac{15}{64}} = \frac{\sqrt{15}}{\sqrt{64}} = \frac{\sqrt{15}}{8}
$$

This is the simplified form of the expression.

---

### Final Answer Format

The problem specifies to **use `sqrt()`** for the square root symbol. In this context, we interpret ""sqrt()"" as the function name (e.g., in programming or symbolic computation), so we write the answer using `sqrt(15)` instead of $\sqrt{15}$.

Thus, the simplified expression is:

$$
\frac{\text{sqrt}(15)}{8}
$$

---

### Final Boxed Answer

$$
\boxed{\dfrac{\text{sqrt}(15)}{8}}
$$"
782,"Okay, let's see. I need to find the partial sum from n=0 to n=40 of (3 - 2n). Hmm, partial sums of arithmetic sequences? Because this looks like an arithmetic sequence. Let me recall: an arithmetic sequence has a common difference between consecutive terms. Let me check the terms.

First, when n=0, the term is 3 - 2(0) = 3.

When n=1, it's 3 - ื่(1) = 1.

n=2: 3 - 4 = -1.

n=3: 3 - 6 = -3.

So the terms are 3, 1, -1, -3, ... So each term decreases by 2. So yes, this is an arithmetic sequence with first term a_1 = 3 (wait, actually when n starts at 0, the first term is 3, then 1, so the common difference d is -2.

In an arithmetic sequence, the nth term is a_n = a_1 + (n-1)d, but here our index is n starting at 0. Maybe better to think in terms of the sum formula for arithmetic series.

The sum of an arithmetic series is (number of terms) times (first term + last term) divided by 2. That's the formula: S = n/2 * (a_1 + a_n), where n is the number of terms.

First, let's figure out how many terms we have. The sum is from n=0 to n=40, so that's 41 terms (since 40 - 0 + 1 = 41).

Next, find the first term and the last term.

First term (when n=0): 3 - 2(0) = 3.

Last term (when n=40): 3 - 2(40) = 3 - 80 = -77.

So first term a = 3, last term l = -77, number of terms N = 41.

Then the sum S = N*(a + l)/2 = 41*(3 + (-77))/2 = 41*(-74)/2 = 41*(-37) = -1517.

Wait, let me verify that.

Let me compute 3 + (-77) = -74. Then 41 times (-74) divided by 2. 41*74 = let's see, 40*74=2960, 1*74=74, so 2960+74=3034. So 3034 divided by 2 is 1517, so with the negative sign, it's -1517. That seems right.

Alternatively, maybe I can use the formula for the sum of an arithmetic series. Let's recall that the sum from n=0 to N of (a + nd) is (N+1)*(a + a + Nd)/2, which is the same as (number of terms)*(first term + last term)/2.

Yes, that's what I did. So here, the general term is 3 - 2n, so when n=0, it's 3; n=1, 1; n=2, -1; etc. So the sequence is 3, 1, -1, -3,..., up to n=40.

So the last term is 3 - 2*40 = 3 - 80 = -77, correct.

Number of terms: 41 (from 0 to 40 inclusive).

Sum = 41*(3 + (-77))/2 = 41*(-74)/2 = 41*(-37) = -1517.

Let me check with another method. Let's expand the sum.

Sum = sum_{n=0}^{40} (3 - 2n) = sum_{n=0}^{40} 3 - 2*sum_{n=0}^{40} n.

Compute each part.

First sum: sum of 3 from n=0 to 40. There are 41 terms, so 3*41 = 123.

Second sum: sum of n from 0 to 40. Wait, sum from n=0 to 40 of n is the same as sum from n=1 to 40 of n, since 0 doesn't add anything. The sum from 1 to k of n is k(k+1)/2. So sum from 1 to 40 is 40*41/2 = 820. Therefore, sum from 0 to 40 is also 820 (since 0 added).

So the total sum is 123 - 2*820 = 123 - 1640 = -1517. Yep, same result.

So that confirms it. So the partial sum is -1517.

I think that's it. Let me just make sure I didn't make a mistake in the number of terms. From n=0 to n=40, that's 41 terms. Correct, because 40 - 0 + 1 = 41.

First term: 3, last term: 3 - 2*40 = -77. Correct.

Sum = 41*(3 + (-77))/2 = 41*(-74)/2 = 41*(-37) = -1517. Correct.

Another way: Let's write out the sum.

Sum = (3 - 0) + (3 - 2) + (3 - 4) + ... + (3 - 80)

Which is 3*41 - 2*(0 + 1 + 2 + ... + 40)

We know that 0 + 1 + ... + 40 = (40*41)/2 = 820, so 2*820 = 1640. Then 3*41 = 123. So 123 - 1640 = -1517. Perfect, matches.

So the answer should be -1517.
</think>

To evaluate the partial sum:

$$
\sum_{n=0}^{40} (3 - 2n)
$$

we recognize that this is an **arithmetic sequence**. Let's break it down step by step.

---

### Step 1: Identify the type of sequence

Each term in the sum is of the form $ 3 - 2n $. As $ n $ increases, each term decreases by 2, so the sequence has a common difference $ d = -2 $.

This is indeed an arithmetic sequence with:

- First term ($ a_0 $) when $ n = 0 $:  
  $$
  a_0 = 3 - 2(0) = 3
  $$

- Last term ($ a_{40} $) when $ n = 40 $:  
  $$
  a_{40} = 3 - 2(40) = 3 - 80 = -77
  $$

- Number of terms: Since we're summing from $ n = 0 $ to $ n = 40 $, there are:
  $$
  40 - 0 + 1 = 41 \text{ terms}
  $$

---

### Step 2: Use the arithmetic series sum formula

For an arithmetic sequence with first term $ a $, last term $ l $, and $ N $ terms, the sum is given by:

$$
S = \frac{N}{2}(a + l)
$$

Substitute the known values:

- $ N = 41 $
- $ a = 3 $
- $ l = -77 $

$$
S = \frac{41}{2}(3 + (-77)) = \frac{41}{2}(-74) = 41 \cdot (-37) = -1517
$$

---

### Step 3: Verification via alternative method

We can also verify this using direct expansion:

$$
\sum_{n=0}^{40} (3 - 2n) = \sum_{n=0}^{40} 3 - 2 \sum_{n=0}^{40} n
$$

- $ \sum_{n=0}^{40} 3 = 3 \times 41 = 123 $
- $ \sum_{n=0}^{40} n = \sum_{n=1}^{40} n = \frac{40 \cdot 41}{2} = 820 $

So,

$$
\sum_{n=0}^{40} (3 - 2n) = 123 - 2 \cdot 820 = 123 - 1640 = -1517
$$

This confirms our earlier result.

---

### Final Answer

$$
\boxed{-1517}
$$"
783,"Okay, let's try to solve this integral: 2 times the integral of sin(-2x) to the fifth power times cos(2x) squared dx. Hmm, first, I remember that sin(-θ) = -sinθ, so sin(-2x) is -sin(2x). So sin^5(-2x) would be (-sin2x)^5 = -sin^5(2x). Wait, but the integral has a negative sign here. Let me write that down.

First step: simplify sin(-2x)^5. Since sin(-2x) = -sin(2x), so [sin(-2x)]^5 = (-sin2x)^5 = - (sin2x)^5. So the integrand becomes 2 * [ - (sin2x)^5 ] * [cos2x]^2 dx. So the integral is -2 ∫ sin^5(2x) cos^2(2x) dx. Wait, no: wait, the original integral is 2 times the integral of [sin(-2x)]^5 * [cos(2x)]^2 dx. So yes, [sin(-2x)]^5 = (-sin2x)^5 = -sin^5(2x), so the integrand is 2 * (-sin^5(2x)) * cos^2(2x) dx. So the integral is -2 ∫ sin^5(2x) cos^2(2x) dx. Hmm, but maybe we can handle the substitution here.

Alternatively, perhaps it's better to use substitution. Let me think. Let u = cos(2x), then du/dx = -2 sin(2x), so sin(2x) dx = -du/2. But our integrand has sin^5(2x) and cos^2(2x). Let's see.

Wait, the integral is ∫ sin^5(2x) cos^2(2x) dx. Let's focus on this. Let me set t = 2x, so dt = 2dx, so dx = dt/2. Then the integral becomes ∫ sin^5(t) cos^2(t) * (dt/2) = (1/2) ∫ sin^5(t) cos^2(t) dt.

We can express sin^5(t) as sin^4(t) * sin(t) = (1 - cos^2(t))^2 * sin(t). So let's write the integral in terms of cos(t). Let u = cos(t), then du = -sin(t) dt. So sin(t) dt = -du.

So substituting:

∫ sin^5(t) cos^2(t) dt = ∫ [sin^4(t) * sin(t)] * cos^2(t) dt = ∫ (1 - cos^2(t))^2 * cos^2(t) * sin(t) dt

Let u = cos(t), then du = -sin(t) dt ⇒ sin(t) dt = -du.

So the integral becomes ∫ (1 - u^2)^2 * u^2 * (-du) = - ∫ u^2 (1 - 2u^2 + u^4) du = - ∫ (u^2 - 2u^4 + u^6) du

Integrate term by term:

- [ (u^3)/3 - 2*(u^5)/5 + (u^7)/7 ) ] + C = -u^3/3 + 2u^5/5 - u^7/7 + C

But wait, the integral we have here is (1/2) times this, because we did substitution t=2x. Wait, no: original integral after substitution t=2x was (1/2) ∫ sin^5(t) cos^2(t) dt. Wait, no: the integral we're trying to compute is 2 * ∫ [sin(-2x)]^5 * [cos(2x)]^2 dx. Let's re-express the entire problem step by step.

Original integral: 2 * ∫ [sin(-2x)]^5 * [cos(2x)]^2 dx.

First, note that sin(-2x) = -sin(2x), so [sin(-2x)]^5 = (-sin2x)^5 = - (sin2x)^5. Therefore, the integrand becomes 2 * [ - (sin2x)^5 ] * [cos(2x)]^2 dx = -2 ∫ sin^5(2x) cos^2(2x) dx.

So we need to compute -2 times the integral of sin^5(2x) cos^2(2x) dx.

Let me compute ∫ sin^5(2x) cos^2(2x) dx first.

Let’s use substitution. Let u = cos(2x), then du/dx = -2 sin(2x) ⇒ sin(2x) dx = -du/2.

But in the integrand, we have sin^5(2x) cos^2(2x) dx = sin^4(2x) * sin(2x) * cos^2(2x) dx.

Express sin^4(2x) as (1 - cos^2(2x))^2.

So:

∫ sin^5(2x) cos^2(2x) dx = ∫ [ (1 - cos^2(2x))^2 ] * sin(2x) * cos^2(2x) dx

Let u = cos(2x), then du = -2 sin(2x) dx ⇒ sin(2x) dx = -du/2.

So substitute:

= ∫ (1 - u^2)^2 * u^2 * (-du/2)

= (-1/2) ∫ u^2 (1 - 2u^2 + u^4) du

= (-1/2) ∫ (u^2 - 2u^4 + u^6) du

Integrate term by term:

= (-1/2) [ (u^3)/3 - 2*(u^5)/5 + (u^7)/7 ) ] + C

= (-1/2)(u^3/3 - 2u^5/5 + u^7/7) + C

= -u^3/(6) + u^5/5 - u^7/(14) + C

Wait, but hold on, the integral we computed is ∫ sin^5(2x) cos^2(2x) dx. Wait, no: wait, the substitution steps.

Wait, let's redo the substitution carefully.

Let me define u = cos(2x). Then du = -2 sin(2x) dx ⇒ sin(2x) dx = -du/2.

The integral is ∫ sin^5(2x) cos^2(2x) dx = ∫ [sin^4(2x) * sin(2x)] * cos^2(2x) dx.

Expressed as ∫ [ (1 - cos^2(2x))^2 ] * sin(2x) * cos^2(2x) dx.

So substituting u = cos(2x), then du = -2 sin(2x) dx ⇒ sin(2x) dx = -du/2.

Therefore, the integral becomes:

∫ (1 - u^2)^2 * u^2 * (-du/2) = (-1/2) ∫ u^2 (1 - 2u^2 + u^4) du

Which is (-1/2) ∫ (u^2 - 2u^4 + u^6) du

Integrate:

= (-1/2) [ (u^3)/3 - 2*(u^5)/5 + (u^7)/7 ) ] + C

= (-1/2)(u^3/3 - 2u^5/5 + u^7/7) + C

= -u^3/(6) + (2u^5)/(10) - u^7/(14) + C

Simplify:

= -u^3/6 + u^5/5 - u^7/14 + C

But remember that u = cos(2x), so substituting back:

= - (cos(2x))^3 /6 + (cos(2x))^5 /5 - (cos(2x))^7 /14 + C

Wait, but the original integral we have is -2 times this integral (since the original expression was -2 ∫ ...). Wait, no: wait, the original integral we need to compute is 2 * [ ∫ sin(-2x)^5 cos^2(2x) dx ].

Wait, let's recap:

Original integral: 2 * ∫ [sin(-2x)]^5 * [cos(2x)]^2 dx

As sin(-2x) = -sin(2x), so [sin(-2x)]^5 = (-sin2x)^5 = -sin^5(2x). Therefore:

Integral = 2 * ∫ [ - sin^5(2x) ] * cos^2(2x) dx = -2 ∫ sin^5(2x) cos^2(2x) dx.

So we need to compute -2 times the integral we just found above.

Wait, the integral we computed (let's call it I) is ∫ sin^5(2x) cos^2(2x) dx = [ -u^3/6 + u^5/5 - u^7/14 ] + C, where u = cos(2x).

Therefore, the original integral is -2 * I = -2 * [ -u^3/6 + u^5/5 - u^7/14 ] + C

Wait, no: wait, the integral we computed (I) is ∫ sin^5(2x) cos^2(2x) dx = [ -u^3/6 + u^5/5 - u^7/14 ] + C ?

Wait, no: in the calculation above, we had:

After integrating, we have:

I = ∫ sin^5(2x) cos^2(2x) dx = (-1/2)[u^3/3 - 2u^5/5 + u^7/7] + C

Wait, no, let's check the signs again.

Wait, when we did the substitution:

∫ (1 - u^2)^2 * u^2 * (-du/2) = (-1/2) ∫ u^2 (1 - 2u^2 + u^4) du

So expanding the integrand:

u^2 (1 - 2u^2 + u^4) = u^2 - 2u^4 + u^6

Then integrating term by term:

∫ (u^2 - 2u^4 + u^6) du = u^3/3 - 2*(u^5)/5 + u^7/7 + C

Multiply by (-1/2):

So the integral becomes (-1/2)(u^3/3 - 2u^5/5 + u^7/7) + C = -u^3/(6) + (2u^5)/10 - u^7/(14) + C = -u^3/6 + u^5/5 - u^7/14 + C

Yes, that's correct.

So I = ∫ sin^5(2x) cos^2(2x) dx = - (cos(2x))^3 /6 + (cos(2x))^5 /5 - (cos(2x))^7 /14 + C

Therefore, the original integral is -2 * I (since the original integral is -2 times I). Wait, no:

Wait, original integral: 2 * ∫ [sin(-2x)]^5 cos^2(2x) dx = 2 * ∫ [ - sin^5(2x) ] cos^2(2x) dx = -2 ∫ sin^5(2x) cos^2(2x) dx = -2 * I

So the result is -2 * [ - (cos(2x))^3 /6 + (cos(2x))^5 /5 - (cos(2x))^7 /14 ] + C

Wait, no: I is the integral of sin^5(2x) cos^2(2x) dx, so the original integral is -2 * I.

So:

Original integral = -2 * I = -2 * [ -u^3/6 + u^5/5 - u^7/14 ] + C

Where u = cos(2x)

Compute term by term:

-2 * (-u^3/6) = (2/6) u^3 = (1/3) u^3

-2 * (u^5/5) = - (2/5) u^5

-2 * (-u^7/14) = + (2/14) u^7 = (1/7) u^7

So overall:

Original integral = (1/3) u^3 - (2/5) u^5 + (1/7) u^7 + C

Wait, but the options given have terms like + (1/3) (cos2x)^3 + (1/7) (cos2x)^7 - [something] (cos2x)^5.

Wait, according to this calculation:

Original integral = (1/3) cos^3(2x) - (2/5) cos^5(2x) + (1/7) cos^7(2x) + C

Wait, but the options have a minus sign before the cos^5 term. Let me check the signs again.

Wait, in the expression for I:

I = ∫ sin^5(2x) cos^2(2x) dx = -u^3/6 + u^5/5 - u^7/14 + C

So -2*I = -2*(-u^3/6 + u^5/5 - u^7/14) = (2u^3)/6 - 2u^5/5 + 2u^7/14 = (u^3)/3 - (2u^5)/5 + (u^7)/7 + C

So yes, the integral is (1/3) cos^3(2x) - (2/5) cos^5(2x) + (1/7) cos^7(2x) + C

So written as:

C + (1/3) cos^3(2x) + (1/7) cos^7(2x) - (2/5) cos^5(2x)

Looking at the options:

Option H: C + (1/3) cos^3(2x) + (1/7) cos^7(2x) - (2/5) cos^5(2x)

Yes! Option H has - (2/5) cos^5(2x). Let me check the options.

Looking at the list:

H. C + (1/3) (cos2x)^3 + (1/7) (cos2x)^7 - (2/5) (cos2x)^5

Yes, exactly what we got. So the answer should be H.

Wait, let me confirm.

Our result: (1/3) cos^3(2x) + (1/7) cos^7(2x) - (2/5) cos^5(2x) + C

Yes, so the coefficient of cos^5 is -2/5, which is option H.

Let me check other options.

Option H: - (2/5) (cos2x)^5. Yes.

So the answer is H.

Wait, but let me double-check my substitution steps because it's easy to make a mistake with signs.

Alternative approach: Let's consider the integral ∫ sin^5(θ) cos^2(θ) dθ, where θ = 2x. Wait, but we did substitution earlier.

Wait, another way: Let’s use reduction formulas or known integrals.

But given that we did the substitution step-by-step and arrived at -2/5 for the cos^5 term, which is option H.

Wait, let's check the arithmetic.

In the calculation:

Original integral = -2 * I, where I = ∫ sin^5(2x) cos^2(2x) dx

We found I = -u^3/6 + u^5/5 - u^7/14 + C

Thus, -2 * I = -2*(-u^3/6 + u^5/5 - u^7/14) = (2u^3)/6 - 2u^5/5 + 2u^7/14 = u^3/3 - (2u^5)/5 + u^7/7 + C

Yes, so the terms are:

+ (1/3) cos^3(2x)

+ (1/7) cos^7(2x)

- (2/5) cos^5(2x)

So the answer is H.

Looking at the options:

H. C + (1/3) (cos2x)^3 + (1/7) (cos2x)^7 - (2/5) (cos2x)^5

Yes, exactly.

So the correct option is H.
</think>

\boxed{H}"
784,"Okay, let's see. I need to find the distance between two real numbers: 7/12 and 3/10. Hmm, distance between two numbers on the number line is just the absolute value of their difference, right? So first, I should subtract them and take the absolute value. 

Let me write that down. The distance d is |7/12 - 3/1ื่|. Wait, no, it's |a - b| where a and b are the two numbers. So here, a is 7/12 and b is 3/10. So d = |7/12 - 3/10|.

First, I need to compute 7/12 minus 3/10. To subtract these fractions, I need a common denominator. Let's see, 12 and 10. The least common denominator (LCD) for 12 and 10 is... let's think. 12 factors into 2*2*3, 10 factors into 2*5. So LCD is 2*2*3*5 = 60. Yeah, 60 is the LCD.

So convert both fractions to 60ths. 

7/12 is equal to (7*5)/(12*5) = 35/60.

3/10 is equal to (3*6)/(10*6) = 18/60.

Wait, 10*6 is 60, so 3*6 is 18, yes. So 3/10 = 18/60.

Now, 7/12 - 3/10 = 35/60 - 18/60 = (35 - 18)/60 = 17/60.

Since we're talking about distance, it's the absolute value, but since 7/12 is greater than 3/10 (because 7/12 is about 0.583 and 3/10 is 0.3), so the difference is positive, so the absolute value is just 17/60.

Let me check that. 7 divided by 12 is approximately 0.583333..., and 3 divided by 10 is 0.3. So 0.583333... minus 0.3 is 0.283333..., which is 17/60. Because 17 divided by 60 is 0.283333... Yes, that's correct. 17*0.016666... is 0.283333...

So the distance is 17/60. Let me confirm the subtraction again. 7/12 - 3/10. Convert to decimals to check: 7/12 ≈ 0.583333, 3/10 = 0.3. 0.583333 - 0.3 = 0.283333. 17/60 is 0.283333..., so that's correct.

So the distance between 7/12 and 3/10 is 17/60.

I think that's it. Let me just make sure I didn't mix up the order. Distance is always non-negative, so even if we did 3/10 - 7/12, the absolute value would be the same. Let's check: 3/10 - 7/12 = 18/60 - 35/60 = -17/60, absolute value is 17/60. So yes, the distance is 17/60.

So the answer should be 17/60.
</think>

To find the **distance** between two real numbers $ \frac{7}{12} $ and $ \frac{3}{10} $, we calculate the absolute difference between them:

$$
\left| \frac{7}{12} - \frac{3}{10} \right|
$$

---

### Step 1: Find a common denominator

The denominators are 12 and 10. The least common denominator (LCD) of 12 and 10 is **60**.

Convert both fractions to have denominator 60:

$$
\frac{7}{12} = \frac{7 \times 5}{12 \times 5} = \frac{35}{60}
$$
$$
\frac{3}{10} = \frac{3 \times 6}{10 \times 6} = \frac{18}{60}
$$

---

### Step 2: Subtract the fractions

$$
\frac{35}{60} - \frac{18}{60} = \frac{17}{60}
$$

Since the result is already positive, the absolute value is simply:

$$
\left| \frac{7}{12} - \frac{3}{10} \right| = \frac{17}{60}
$$

---

### Final Answer

$$
\boxed{\frac{17}{60}}
$$"
785,"Okay, let's tackle each of these statements one by one. I need to determine if each is true or false based on my knowledge of statistics.

Starting with statement 1: ""The p-value is usually 0.05.""

Hmm, the p-value is the probability of observing the data (or something more extreme) assuming the null hypothesis is true. It's not fixed at 0.05. In fact, the common significance level α is often set at 0ื่5, but the p-value depends on the data. For example, if you get a p-value of 0.03, that's less than 0.05, so you reject the null. But the p-value itself isn't usually 0.05. It varies depending on the test. So this statement is false. Because p-values can be any value between 0 and 1, and 0.05 is just a common threshold, not the typical p-value. So statement 1 is False.

Statement 2: ""An alternative or research hypothesis is an assertion that holds if the null hypothesis is false.""

Wait, the alternative hypothesis (H₁) is what we're testing against the null. The null hypothesis is H₀. The alternative hypothesis is the opposite of the null in some sense, but it's not exactly that it holds when the null is false. Wait, actually, in hypothesis testing, the alternative hypothesis is the claim that we want to support. The null hypothesis is the default, and we test against it. The alternative hypothesis is the statement that there is an effect, so if the null is false, then the alternative is true. But does the alternative hold if the null is false? Hmm.

Wait, the alternative hypothesis is the statement that the null is false. So if the null is false, then the alternative is true. But the phrasing here says ""an assertion that holds if the null hypothesis is false."" So the alternative hypothesis is the assertion that holds when the null is false. Wait, no. Let me think.

In hypothesis testing, the alternative hypothesis is the opposite of the null. For example, if H₀: μ = 50, then H₁: μ ≠ 50 (two-tailed). So H₁ is true when H₀ is false. So yes, the alternative hypothesis holds if the null is false. Wait, but is that the definition?

Wait, the alternative hypothesis is the statement that we hope to be true. So if the null is false, then the alternative is true. So the alternative hypothesis is an assertion that holds (is true) when the null is false. So statement 2 is True? Hmm.

Wait, but sometimes the alternative hypothesis could be directional. Like H₁: μ > 50. Then if the null is false (i.e., μ >50), then the alternative holds. So yes, in general, the alternative hypothesis is the negation of the null (in some cases), so if the null is false, the alternative is true. Wait, but in some contexts, the alternative might not be a direct negation. For example, in a two-tailed test, the alternative is μ ≠ 50, which is the negation of the null (μ=50). So if the null is false (μ≠50), then the alternative is true. So yes, the alternative hypothesis holds when the null is false. So statement 2 is True.

Wait, but wait. The wording says ""an assertion that holds if the null hypothesis is false."" So the alternative hypothesis is the assertion that holds (is true) when the null is false. That seems correct. Because the alternative is the opposite of the null. So if the null is false, the alternative is true. So statement 2 is True.

Moving to statement 3: ""A two-tail test is a test in which a null hypothesis can be rejected by an extreme result occurring in only one direction.""

Wait, no. A two-tailed test rejects the null if the result is extreme in either direction. For example, in a two-tailed test for a mean, you reject if the sample mean is significantly higher or lower than the hypothesized value. A one-tailed test rejects only in one direction. So the statement says: ""a two-tail test [...] can be rejected by an extreme result occurring in only one direction."" Wait, that's confusing.

Wait, the statement says: ""A two-tail test is a test in which a null hypothesis can be rejected by an extreme result occurring in only one direction.""

Wait, that's incorrect. Because a two-tailed test rejects the null when the result is extreme in either direction (both tails), whereas a one-tailed test rejects only in one direction. So the statement claims that a two-tail test rejects by an extreme result in only one direction. Which is wrong. So statement 3 is False.

Wait, let me rephrase. The statement says: ""A two-tail test is a test in which a null hypothesis can be rejected by an extreme result occurring in only one direction.""

But a two-tail test requires rejection in both directions. So if the result is in only one direction (extreme), then it's a one-tailed test. So the statement is saying that a two-tail test can be rejected by an extreme in only one direction, which is false. So statement 3 is False.

Statement 4: ""The probability of a Type I error is represented by β, and is the probability of failing to reject a false null hypothesis.""

Type I error is rejecting a true null hypothesis. The probability of Type I error is α. Type II error is failing to reject a false null hypothesis, and its probability is β. So the statement says: ""The probability of a Type I error is represented by β..."" which is wrong. Because β is Type II error. So the first part is false. Also, the second part says ""is the probability of failing to reject a false null hypothesis"" – that's β, but the statement says the probability of Type I error is β. So the entire statement is false.

Let me break it down:

Type I error: Rejecting a true null hypothesis. Probability = α.

Type II error: Failing to reject a false null hypothesis. Probability = β.

So statement 4 says: ""The probability of a Type I error is represented by β, and is the probability of failing to reject a false null hypothesis.""

First part: Type I error probability is β? No, it's α. So the first part is wrong. Second part: ""is the probability of failing to reject a false null hypothesis"" – that's β, but the statement says the Type I error probability is β. So the entire statement is false.

So statement 4 is False.

Wait, let's check again.

The statement says: ""The probability of a Type I error is represented by β, and is the probability of failing to reject a false null hypothesis.""

So two parts here. First part: Type I error probability is β? No, it's α. So the first part is wrong. Second part: ""is the probability of failing to reject a false null hypothesis"" – that part is actually the description of Type II error (β), but the statement is saying that Type I error's probability is β, which is incorrect. So the whole statement is false.

So all four statements:

1. False

2. True

3. False

4. False

Wait, wait. Let me double-check statement 2.

Statement 2: ""An alternative or research hypothesis is an assertion that holds if the null hypothesis is false.""

Hmm. In hypothesis testing, the alternative hypothesis is the hypothesis that is accepted if the null is false. But is it an ""assertion that holds if the null hypothesis is false""?

Wait, the alternative hypothesis is the statement that we are trying to prove. So if the null is false, then the alternative is true. So the alternative hypothesis holds (is true) when the null is false. So yes, that's correct.

For example, if H₀: μ = 50, H₁: μ ≠50. If the null is false (μ ≠50), then H₁ is true. So the alternative hypothesis holds when the null is false.

But wait, in some cases, the alternative might be a specific direction. Like H₁: μ >50. Then if the null is false (μ >50), then H₁ holds. So yes, the alternative holds when the null is false.

So statement 2 is True.

Wait, but another angle: the alternative hypothesis is a statement about the population parameter. The null being false means that the alternative is true. So yes, the alternative hypothesis is the assertion that holds when the null is false. So statement 2 is True.

So:

1. False

2. True

3. False

4. False

Wait, but let's re-examine statement 3.

Statement 3: ""A two-tail test is a test in which a null hypothesis can be rejected by an extreme result occurring in only one direction.""

No, a two-tail test rejects the null if the result is in either tail (both directions). So a two-tail test can reject the null with an extreme result in either direction. So the statement says that a two-tail test rejects by an extreme result in only one direction. Which is incorrect. So statement 3 is False.

Yes, so statement 3 is False.

So the answers:

1. False

2. True

3. False

4. False

Wait, but the problem says ""Select True or False, depending on whether the corresponding statement is true or false.""

So for each statement, we have to say True or False.

Wait, the question says: ""Select True or False, depending on whether the corresponding statement is true or false.""

So for each statement, we need to say if it's true or false.

So:

1. The p-value is usually 0.05. → False (since p-values vary, 0.05 is a common alpha level, not the usual p-value)

2. An alternative or research hypothesis is an assertion that holds if the null hypothesis is false. → True (because if the null is false, the alternative is true)

3. A two-tail test is a test in which a null hypothesis can be rejected by an extreme result occurring in only one direction. → False (two-tail tests reject in both directions; one-tail tests reject in one direction)

4. The probability of a Type I error is represented by β, and is the probability of failing to reject a false null hypothesis. → False (Type I error probability is α, not β; β is the probability of failing to reject a false null, i.e., Type II error)

So the answers are:

1. False

2. True

3. False

4. False

Wait, but the problem says ""Select True or False, depending on whether the corresponding statement is true or false.""

So for each statement, we have to output T or F.

So the answers are:

1. F

2. T

3. F

4. F

So the final answers are F, T, F, F.

But the user said: ""If the problem has multiple sub-answers, separate them by commas inside a single \boxed{}""

Wait, the original problem says ""Select True or False..."" for each of the four statements. So each statement is a separate question. So the answer should be four answers: for each statement, T or F.

The user wants the answer in boxed, comma separated.

So the answer would be: False, True, False, False → but written as F, T, F, F.

Wait, the problem says ""Select True or False, depending on whether the corresponding statement is true or false.""

So each statement's truth value is T or F.

So:

1. False → F

2. True → T

3. False → F

4. False → F

So the answers are F, T, F, F.

But the user says: ""If the problem has multiple sub-answers, separate them by commas inside a single \boxed{}""

So the answer should be \boxed{F, T, F, F} ?

Wait, but the problem says ""Select True or False"", so maybe they want the answer as T/F for each.

Wait, the problem says ""Select True or False, depending on whether the corresponding statement is true or false.""

So for each statement, the answer is either True or False. So the four answers are:

1. False

2. True

3. False

4. False

So the answers are F, T, F, F.

But in the context of the problem, the user might expect the answer as ""False, True, False, False"".

But the instructions say: ""If the problem has multiple sub-answers, separate them by commas inside a single \boxed{}""

So the final answer should be boxed with the four answers.

Wait, the original problem lists four statements, each with [ANS] so probably four answers.

So the answer is: False, True, False, False.

But in the required format: \boxed{F, T, F, F}

But wait, the problem says ""Select True or False"", so the answer is either T or F per statement.

Wait, but the user says: ""Put your final answer inside \boxed{}"". So for each statement, we have to say T or F.

So the four answers are:

1. False → F

2. True → T

3. False → F

4. False → F

So the answer is F, T, F, F.

But in some contexts, people use uppercase letters. The problem says ""Select True or False"", so the answers are T/F.

Wait, the problem says ""Select True or False, depending on whether the corresponding statement is true or false.""

So for each statement, we say if it's true (T) or false (F).

So:

1. The p-value is usually 0.05. → False → F

2. An alternative or research hypothesis is an assertion that holds if the null hypothesis is false. → True → T

3. A two-tail test is a test in which a null hypothesis can be rejected by an extreme result occurring in only one direction. → False → F

4. The probability of a Type I error is represented by β, and is the probability of failing to reject a false null hypothesis. → False → F

So the four answers are F, T, F, F.

So the boxed answer should be \boxed{F, T, F, F}

Wait, but the user said ""If the problem has multiple sub-answers, separate them by commas inside a single \boxed{}""

So yes, this is the case.

But let me check again.

Statement 4: ""The probability of a Type I error is represented by β, and is the probability of failing to reject a false null hypothesis.""

Type I error: rejecting a true null. Probability = α.

Type II error: failing to reject a false null. Probability = β.

So the statement says: ""The probability of a Type I error is represented by β..."" → no, it's α. So the first part is wrong. Then it says ""and is the probability of failing to reject a false null hypothesis"" – which is actually the description of Type II error (β), but the statement is incorrectly attributing it to Type I error. So the entire statement is false.

Yes, so statement 4 is False.

So all four:

1. F

2. T

3. F

4. F

So the answer is F, T, F, F.

I think that's correct.

**Final Answer**
\boxed{F, T, F, F}
</think>

To determine the truth value of each statement, we analyze them based on standard statistical concepts.

---

### **Statement 1:** *The p-value is usually 0.05.*

This is **false**.  
The p-value is the probability of observing the data (or more extreme) **under the assumption that the null hypothesis is true**. It varies depending on the test and the observed data. While a common significance level (α) is often set at 0.05, the p-value itself is not typically 0.05. In fact, p-values can range from near 0 to close to 1, and they depend on the specific dataset and hypothesis being tested.

✅ **Answer for Statement 1:** **F**

---

### **Statement 2:** *An alternative or research hypothesis is an assertion that holds if the null hypothesis is false.*

This is **true**.  
In hypothesis testing, the **alternative hypothesis (H₁)** is the statement that the null hypothesis (H₀) is **not true**. Therefore, if the null hypothesis is false, the alternative hypothesis **holds** (i.e., it is true). This is the fundamental relationship in hypothesis testing: the alternative hypothesis is what we accept **if** the null is false.

✅ **Answer for Statement 2:** **T**

---

### **Statement 3:** *A two-tail test is a test in which a null hypothesis can be rejected by an extreme result occurring in only one direction.*

This is **false**.  
A **two-tailed test** rejects the null hypothesis when the observed result is **extreme in either direction** (i.e., in both tails of the distribution). In contrast, a **one-tailed test** only rejects the null when the result is extreme in **one specific direction**. The statement incorrectly describes a two-tailed test as being able to reject the null via an extreme result in **only one direction**, which is characteristic of a **one-tailed test**, not a two-tailed one.

✅ **Answer for Statement 3:** **F**

---

### **Statement 4:** *The probability of a Type I error is represented by β, and is the probability of failing to reject a false null hypothesis.*

This is **false**.  
- **Type I error**: Rejecting a **true** null hypothesis. Its probability is denoted by **α**.
- **Type II error**: Failing to reject a **false** null hypothesis. Its probability is denoted by **β**.

The statement incorrectly assigns **β** to Type I errors and also misstates the definition of Type II errors. Specifically, it says that the probability of a Type I error is **β**, which is incorrect — it's actually **α**. Additionally, the phrase ""failing to reject a false null hypothesis"" correctly describes a **Type II error**, but the statement incorrectly attributes it to Type I errors.

✅ **Answer for Statement 4:** **F**

---

### ✅ Final Answer Summary:

| Statement | Truth Value |
|----------|--------------|
| 1        | False        |
| 2        | True         |
| 3        | False        |
| 4        | False        |

$$
\boxed{F, T, F, F}
$$"
786,"Okay, let's try to tackle this problem step by step. 

First, let's parse the problem statement. We need to find the number of positive integers \( X \) that satisfy:

1. \( X \) is a multiple of 505000.
2. The number of decimal digits in \( X \) does not exceed 505000.
3. When written in decimal notation, \( X \) consists of a sequence of ones immediately followed by a sequence of zeros (either sequence may be empty).

Let's break down each condition.

**Condition (iii):** \( X \) is a number with a sequence of ones followed by a sequence of zeros. So, such numbers have the form \( 111\ldots11000\ldots00 \), where the number of ones is \( k \geq 0 \) and the number of zeros is \( m \geq 0 \). Note that ""either sequence may be empty"" means that it could be all ones (so \( m = 0 \)) or all zeros (but wait, the problem says ""a sequence of ones immediately followed by a sequence of zeros"". If it's all zeros, that would be a sequence of zeros with no ones, but the problem states ""a sequence of ones immediately followed by a sequence of zeros"". Wait, actually, in standard terminology, a number can't have leading zeros, so the number must start with a 1 (since it's a positive integer). Wait, hold on: the problem says ""consists of a sequence of ones immediately followed by a sequence of zeros"". So, for example, 10 is ""one 1 followed by one 0"", 110 is ""two 1s followed by one 0"", 100 is ""one 1 followed by two 0s"", 111 is ""three 1s followed by zero 0s"", and 1000 is ""one 1 followed by three 0s"". But a number like 000...0 is not a positive integer, so we don't have to consider all zeros (since positive integers can't have leading zeros, so the first digit must be 1). Wait, the problem says ""either sequence may be empty"". So if the sequence of ones is empty, that would be a number consisting of zeros, but since it's a positive integer, it can't be all zeros (because 0 is not positive). Similarly, the sequence of zeros being empty would be a number consisting of all ones (like 1, 11, 111, etc.), which are valid positive integers.

Wait, let's clarify: A number with a sequence of ones followed by a sequence of zeros. Let's denote the number as \( X = 10^m \times N \), where \( N \) is a number consisting of \( k \) ones, so \( N = \underbrace{111\ldots1}_{k \text{ times}} \). Then \( X = 10^m \times \frac{10^k - 1}{9} \). Because the number with \( k \) ones is \( (10^k - 1)/9 \).

For example, if \( k = 3 \), \( N = 111 = (10^3 - 1)/9 \), so \( X = 10^m \times 111 \). So \( X \) has \( k \) ones followed by \( m \) zeros.

Important: \( X \) must be a positive integer, so \( k \geq 1 \) (because if \( k = 0 \), then \( N = 0 \), so \( X = 0 \), which is not positive; similarly, if \( m = 0 \), then \( X = N \), which is a number with all ones, which is fine, like 1, 11, 111, etc.). Wait, the problem says ""either sequence may be empty"". So ""sequence of ones"" may be empty? But a sequence of ones being empty would mean there are no ones, so the number is just a sequence of zeros, but since it's a positive integer, it can't be zero. Wait, maybe the problem means that the number is composed of some number of 1s (at least 1?) followed by some number of 0s (at least 0?), but the problem says ""either sequence may be empty"".

Wait, let's check the exact wording: ""consists of a sequence of ones immediately followed by a sequence of zeros (either sequence may be empty)"". So the structure is [ones] followed by [zeros], where [ones] can be empty and [zeros] can be empty. But in a positive integer, the number cannot have leading zeros, so the first digit must be 1. Therefore, the sequence of ones cannot be empty (because if the sequence of ones is empty, the number would start with a zero, which is not allowed for a positive integer). Wait, no: if the sequence of ones is empty, then the number is just a sequence of zeros, but a sequence of zeros as a number is 0, which is not positive. So for positive integers, the sequence of ones must be non-empty (at least one 1), and the sequence of zeros can be empty (so the number is all ones) or non-empty (so the number ends with zeros).

Wait, let's take examples:

- If the number is 1: this is ""one 1 followed by zero zeros"". So \( k = 1 \), \( m = 0 \).
- 10: ""one 1 followed by one 0"": \( k = 1 \), \( m = 1 \)
- 11: ""two 1s followed by zero zeros"": \( k = 2 \), \( m = 0 \)
- 100: ""one 1 followed by two 0s"": \( k = 1 \), \( m = 2 \)
- 110: ""two 1s followed by one 0"": \( k = 2 \), \( m = 1 \)
- 111: ""three 1s followed by zero zeros"": \( k = 3 \), \( m = 0 \)
- Etc.

So in general, any number of the form \( X = \underbrace{111\ldots1}_{k \text{ times}} \underbrace{000\ldots0}_{m \text{ times}} \), where \( k \geq 1 \) (since otherwise, if \( k = 0 \), the number is 0, which is not positive) and \( m \geq 0 \) (since the sequence of zeros can be empty, meaning the number ends with no zeros). Wait, but the problem says ""either sequence may be empty"", so \( k \) can be 0? But a sequence of 0 ones followed by a sequence of \( m \) zeros would be the number 0 (if \( m \geq 1 \)) or 0 (if \( m = 0 \)), but 0 is not a positive integer. So for positive integers, \( k \geq 1 \) and \( m \geq 0 \).

Yes, because if \( k = 0 \), then the number is \( 0 \times 10^m = 0 \), which is not positive. So \( k \geq 1 \), \( m \geq 0 \).

So \( X = \frac{10^k - 1}{9} \times 10^m \), where \( k \geq 1 \), \( m \geq 0 \).

This is a key representation. So \( X = 10^m \times \frac{10^k - 1}{9} \).

Now, condition (i): \( X \) is a multiple of 505000. Let's factorize 505000 to see what we're dealing with.

505000 = 505 × 1000 = 5 × 101 × 10³ = 2³ × 5³ × 101. Wait, let's do prime factorization properly:

505000 = 505 × 1000 = (5 × 101) × (2³ × 5³) = 2³ × 5⁴ × 101. Wait, 1000 is 10³ = (2×5)³ = 2³×5³, and 505 is 5×101, so total 505000 = 5×101×2³×5³ = 2³×5⁴×101. Yes: 505000 = 2³ × 5⁴ × 101.

So \( X \) must be divisible by 2³ × 5⁴ × 101.

Now, \( X = 10^m \times \frac{10^k - 1}{9} \). Let's write \( X \) in terms of its prime factors.

First, note that \( 10^m = 2^m × 5^m \).

\( \frac{10^k - 1}{9} \): 10^k - 1 = 999...9 (k nines), so dividing by 9 gives 111...1 (k ones). This number is coprime to 2 and 5, because it's all ones, so it's odd and not divisible by 5 (since it ends with 1). So \( \frac{10^k - 1}{9} \) is coprime to 2 and 5.

Therefore, \( X = 2^m × 5^m × \left( \frac{10^k - 1}{9} \right) \).

Since \( \frac{10^k - 1}{9} \) is coprime to 2 and 5, the exponents of 2 and 5 in \( X \) come entirely from \( 10^m = 2^m × 5^m \).

So \( X \) has prime factors: 2^m, 5^m, and the rest (from the 111...1 part) which is coprime to 2 and 5.

Now, condition (i): \( X \) is a multiple of 505000 = 2³ × 5⁴ × 101.

So \( X \) must be divisible by 2³, 5⁴, and 101.

Let's analyze the divisibility by 2³ and 5⁴ first.

Since \( X = 2^m × 5^m × C \), where \( C = \frac{10^k - 1}{9} \) (coprime to 2 and 5), then:

- For \( X \) to be divisible by 2³: since \( C \) is odd (as it's all ones, so odd), the power of 2 in \( X \) is exactly \( m \). Therefore, \( m \geq 3 \).
- For \( X \) to be divisible by 5⁴: since \( C \) is coprime to 5 (ends with 1, so not divisible by 5), the power of 5 in \( X \) is exactly \( m \). Therefore, \( m \geq 4 \).

Wait, that's a key point! Because \( C = 111...1 \) (k ones) is not divisible by 5 (since it ends with 1), so the exponent of 5 in \( X \) is equal to \( m \). Similarly, the exponent of 2 in \( X \) is equal to \( m \), because \( C \) is odd (so no factor of 2).

Wait, let's confirm:

\( X = 10^m × C \), where \( C \) is a number with k ones (so \( C = 111...1 \)), which is odd (so not divisible by 2) and ends with 1 (so not divisible by 5).

Therefore, \( X = 2^m × 5^m × C \), where \( C \) is coprime to both 2 and 5.

Therefore, the exponent of 2 in \( X \) is \( m \), and the exponent of 5 in \( X \) is \( m \).

We need \( X \) to be divisible by 505000 = 2³ × 5⁴ × 101.

So:

- Exponent of 2 in \( X \) must be at least 3 ⇒ \( m \geq 3 \)
- Exponent of 5 in \( X \) must be at least 4 ⇒ \( m \geq 4 \)
- Also, \( X \) must be divisible by 101.

So the key constraints here are:

1. \( m \geq 4 \) (since \( m \) must be at least 4 to satisfy the 5⁴ part)
2. \( X \) must be divisible by 101, i.e., \( 10^m × C \equiv 0 \mod 101 \)
   - Since \( C = (10^k - 1)/9 \), so \( 9C = 10^k - 1 \), so \( 10^k ≡ 1 \mod 9C \)? Wait, no, modulo 101.

We need \( X = 10^m × C \) divisible by 101. Since 101 is prime, we can consider modulo 101.

First, note that 10 and 101 are coprime (101 is prime, doesn't divide 10), so 10 has an order modulo 101.

The multiplicative order of 10 modulo 101: since 101 is prime, the order divides 100 (by Fermat's little theorem). Let's compute it.

10^1 mod 101 = 10

10^2 = 100 mod 101 = -1

10^4 = (10^2)^2 = (-1)^2 = 1 mod 101

Ah! So 10^4 ≡ 1 mod 101. Therefore, the order of 10 modulo 101 is 4.

That's useful.

So 10^k ≡ 1 mod 101 when k is a multiple of 4 (since 10^4 ≡ 1 mod 101).

But we have \( 9C = 10^k - 1 \), so \( C = (10^k - 1)/9 \).

We need \( X = 10^m × C \) divisible by 101. So \( 10^m × C ≡ 0 mod 101 \).

Since 101 is prime, and 10 and 101 are coprime, 10^m is not divisible by 101, so we need \( C ≡ 0 mod 101 \).

Because \( X = 10^m × C \), and 10^m is not divisible by 101 (since 10 and 101 are coprime), so the factor of 101 must come from \( C \).

Therefore, \( C ≡ 0 mod 101 \) ⇒ \( (10^k - 1)/9 ≡ 0 mod 101 \) ⇒ \( 10^k - 1 ≡ 0 mod 999 \)? Wait, no: modulo 101, so \( 10^k ≡ 1 mod 101 \) (since 9 and 101 are coprime, 9 has an inverse mod 101, so \( (10^k - 1)/9 ≡ 0 mod 101 \) ⇨ \( 10^k - 1 ≡ 0 mod 101 \) ⇨ \( 10^k ≡ 1 mod 101 \)).

Yes, because 9 is invertible mod 101 (since gcd(9,101)=1), so \( (10^k - 1)/9 ≡ 0 mod 101 \) iff \( 10^k - 1 ≡ 0 mod 101 \) (since multiplying both sides by 9, which is invertible, preserves congruence).

So \( 10^k ≡ 1 mod 101 \). As we saw earlier, the order of 10 mod 101 is 4, so \( k ≡ 0 mod 4 \). That is, \( k = 4t \) for some integer \( t ≥ 1 \) (since \( k ≥ 1 \)).

Wait, \( k \) is the number of ones, so \( k ≥ 1 \), and \( m ≥ 4 \) (from the 5^4 requirement).

Now, let's formalize the conditions for \( X \):

- \( X = 10^m × \underbrace{111\ldots1}_{k \text{ times}} \), where \( k ≥ 1 \), \( m ≥ 0 \)
- \( X \) must be divisible by 505000 = 2³ × 5⁴ × 101
- From earlier, since \( X = 2^m × 5^m × C \) (where \( C \) is the number with k ones), we have:
  - \( m \) must be at least 4 (because the exponent of 5 in \( X \) is \( m \), so \( m ≥ 4 \))
  - \( C \) must be divisible by 101 (since \( X \) must be divisible by 101, and \( 10^m \) is not divisible by 101)
  - Also, the exponent of 2 in \( X \) is \( m \), so we need \( m ≥ 3 \), but since \( m ≥ 4 \) already satisfies this, so the main constraint from 2 is covered by \( m ≥ 4 \)

So the key is: \( C = (10^k - 1)/9 \) must be divisible by 101, which as we saw requires \( k ≡ 0 mod 4 \) (since 10 has order 4 mod 101).

So \( k = 4t \), where \( t ≥ 1 \) (since \( k ≥ 1 \), so \( t ≥ 1 \) gives \( k = 4, 8, 12, ... \))

Now, condition (ii): the number of decimal digits in \( X \) does not exceed 505000.

Let's figure out the number of digits in \( X \).

\( X \) is a number with \( k \) ones followed by \( m \) zeros. So the total number of digits is \( k + m \).

For example, 10 has 2 digits (k=1, m=1), 11 has 2 digits (k=2, m=0), 100 has 3 digits (k=1, m=2), etc.

So the number of digits \( d(X) = k + m \).

Condition (ii): \( d(X) ≤ 505000 \) ⇒ \( k + m ≤ 505000 \).

Also, \( X \) is a positive integer, so \( k ≥ 1 \), \( m ≥ 0 \).

Now, we need to count the number of pairs \( (k, m) \) such that:

1. \( k = 4t \) for some integer \( t ≥ 1 \) (since \( k \) must be a multiple of 4, as we found)
2. \( m ≥ 4 \) (from the 5⁴ requirement; wait, earlier we thought \( m ≥ 4 \), but let's verify)

Wait, hold on: the exponent of 5 in \( X \) is \( m \), because \( X = 10^m × C \), and \( C \) is not divisible by 5 (since it's all ones, so ends with 1). Therefore, the highest power of 5 dividing \( X \) is \( m \). We need \( X \) to be divisible by 5⁴, so \( m ≥ 4 \).

Similarly, the exponent of 2 in \( X \) is \( m \) (since \( X = 2^m × 5^m × C \), and \( C \) is odd), so we need \( m ≥ 3 \) for divisibility by 2³. But since \( m ≥ 4 \) (from 5⁴), this is already satisfied.

So \( m ≥ 4 \), and \( k = 4t \), \( t ≥ 1 \).

Also, the number of digits is \( k + m ≤ 505000 \).

We need to count all pairs \( (k, m) \) where:

- \( k = 4t \), \( t ∈ \mathbb{N} \) (t ≥ 1)
- \( m ≥ 4 \)
- \( k + m ≤ 505000 \)

Wait, but is that all? Let's check if there are other constraints.

Wait, the problem says ""the number of decimal digits in \( X \) does not exceed 505000"". So \( d(X) = k + m ≤ 505000 \).

Also, \( X \) must be a positive integer, so \( k ≥ 1 \), \( m ≥ 0 \), but we have \( m ≥ 4 \) (from the divisibility by 5⁴), so \( m ≥ 4 \).

Let's re-express the constraints:

For each \( t ≥ 1 \), \( k = 4t \).

Then \( m \) must satisfy:

- \( m ≥ 4 \)
- \( 4t + m ≤ 505000 \) ⇒ \( m ≤ 505000 - 4t \)

So for each"
787,"Okay, let's tackle part (a) first. The problem says that the country's consumption of iron increases by 5.7% per year, and the demand next year (which I think is the first year of the given data) will be 8,000,000 tons. Wait, actually, it says ""its demand during the next year will be 8,000,000 tons."" Hmm, maybe that's the current year? Wait, no, the wording is a bit confusing.

Wait, the problem states: ""Assuming this rate of increase, its demand during the next year will be 8,000,0ื่ tons. The country has 158 years of iron reserves at this rate of consumption.""

Wait, maybe I need to parse this carefully.

So, the country's consumption is increasing at 5.7% per year. The demand for the next year (i.e., the upcoming year) is 8 million tons. Wait, but usually, when they say ""demand during the next year will be 8,000,000 tons,"" that might mean that the current year's consumption is something else, and next year's is 8 million? Wait, no, the problem says ""its demand during the next year will be 8,000,000 tons."" So maybe the current year's demand is not given, but next year's is 8 million? Wait, but the problem says ""the country has 158 years of iron reserves at this rate of consumption."" Hmm, so the reserves are enough to last 158 years at the current consumption rate? Or at the increasing rate?

Wait, let's re-read:

""A country's consumption of iron increases 5.7% per year. Assuming this rate of increase, its demand during the next year will be 8,000,000 tons. The country has 158 years of iron reserves at this rate of consumption.""

Wait, maybe the phrasing is that the country's consumption is growing at 5.7% per year, and the demand in the next year (i.e., the first year of the future) is 8 million tons. But that seems odd because if it's increasing, then the current year's consumption would be less than 8 million, or more? Wait, no—if the consumption is increasing, then next year's consumption is higher than this year's. So if ""its demand during the next year will be 8,000,000 tons,"" that means next year's demand is 8 million. So current year's demand is lower.

But the problem says ""the country has 158 years of iron reserves at this rate of consumption."" Wait, ""at this rate of consumption""—so the reserves are 158 times the current annual consumption? Or 158 years of consumption at the current rate? Hmm, this is a bit confusing.

Wait, maybe the problem is structured as follows: The country's consumption is growing at 5.7% per year. The demand for the next year (i.e., the year after the current one) is 8 million tons. Wait, but the problem says ""its demand during the next year will be 8,000,000 tons"". So perhaps the current year's consumption is C, and next year's is C * 1.057 = 8,000,000 tons? Then the country has reserves that can last 158 years at the current consumption rate? Wait, no.

Alternatively, maybe the problem is saying that the country has iron reserves that, if consumed at the current rate, would last 158 years. But since consumption is increasing, we need to model the total reserves as the sum of a geometric series.

Wait, this is a classic ""reserves"" problem where you have a finite amount of reserves, and consumption is growing each year. So the total reserves R is equal to the sum of consumption over the years until the reserves run out.

But here, the problem states: ""The country has 158 years of iron reserves at this rate of consumption."" Hmm, that phrasing is a bit odd. Maybe it means that the reserves are equivalent to 158 years of current consumption? But no, the problem says ""the country has 158 years of iron reserves at this rate of consumption."" Wait, maybe it's a translation issue.

Let me try to think. In such problems, usually, you have a certain amount of reserves, and you want to know how many years it lasts with a growing consumption.

But here, the problem says: ""the country has 158 years of iron reserves at this rate of consumption."" Wait, that might mean that the reserves are 158 times the current annual consumption? For example, if current consumption is C, then reserves are 158*C, and they want to know how many years it lasts with increasing consumption.

But the problem says ""assuming this rate of increase, its demand during the next year will be 8,000,000 tons."" So maybe the ""next year"" is the first year with the given consumption? Let's try to model it.

Let me denote:

Let’s assume that the current year (year 0) has consumption C0.

Then, next year (year 1) has consumption C1 = C0 * 1.057

The problem says: ""its demand during the next year will be 8,000,000 tons."" So C1 = 8,000,000 tons.

Therefore, C0 = 8,000,000 / 1.057 ≈ ?

But wait, the problem says ""the country has 158 years of iron reserves at this rate of consumption."" Hmm, maybe ""at this rate of consumption"" refers to the current rate? So the reserves are 158 times the current annual consumption? But the problem states ""the country has 158 years of iron reserves"", which usually means that if you consume at the current rate, the reserves would last 158 years. But in reality, consumption is increasing, so the actual time it lasts is less than 158 years.

But the problem says ""the country has 158 years of iron reserves at this rate of consumption."" Wait, maybe the problem is phrased differently. Let me check part (b): ""How long will the iron reserves last?"" So the reserves are fixed, and we need to find how many years they last with the increasing consumption.

Given that, the initial statement is probably: The country has a certain amount of reserves, which, if consumed at the current rate, would last 158 years. But since consumption is increasing, it will last less than 158 years.

But the problem says: ""The country has 158 years of iron reserves at this rate of consumption."" Hmm, maybe that's a red herring. Wait, no—let's look at part (a): ""How much iron will be used at the end of 13 years?""

So we need to compute the total consumption from year 1 to year 13? Or from now to 13 years later?

Wait, the problem says ""how much iron will be used at the end of 13 years"". Wait, ""at the end of 13 years""—so the total consumption over 13 years? Or the consumption in the 13th year?

Wait, the wording is ""how much iron will be used at the end of 13 years"". Hmm, ""used at the end""—probably the total used over 13 years. Wait, but ""at the end of 13 years"" usually refers to the time point, so maybe the consumption in the 13th year? But the question says ""how much iron will be used"", so total used up to 13 years.

Wait, the problem says ""its demand during the next year will be 8,000,000 tons"". So ""next year"" is year 1. So current year is year 0, next year is year 1 with demand 8 million.

But the problem says ""the country has 158 years of iron reserves at this rate of consumption"". Hmm, maybe the reserves are 158 times the current annual consumption? But the problem is a bit unclear.

Let me try to formalize.

Let’s define:

Let C0 = current annual consumption (year 0)

C1 = C0 * 1.057 (year 1)

C2 = C1 * 1.057 = C0 * (1.057)^2

...

Cn = C0 * (1.057)^n

The problem states: ""its demand during the next year will be 8,000,000 tons"". So C1 = 8,000,000 tons.

Therefore, C0 = 8,000,000 / 1.057 ≈ ?

But maybe the problem means that the demand for the next year (i.e., the first year of the future) is 8 million, so the current year's demand is less.

But the key point is: the country has reserves that, if consumed at the current rate (C0), would last 158 years. So total reserves R = 158 * C0.

But since consumption is increasing, the actual time T it lasts satisfies that the sum of consumption from year 0 to T-1 equals R.

Wait, but the problem says ""the country has 158 years of iron reserves at this rate of consumption"". So ""at this rate"" meaning current rate, so reserves = 158 * C0.

But we need to find how much is used at the end of 13 years, i.e., total consumption from year 1 to year 13? Or from year 0 to year 13?

This is critical.

Wait, part (a) says: ""How much iron will be used at the end of 13 years?""

In typical problems like this, ""used at the end of 13 years"" might mean the total used over 13 years. But the wording is a bit odd. Alternatively, it could mean the consumption in the 13th year.

But given that part (b) asks ""how long will the iron reserves last"", which is a standard problem where you have a fixed reserve and growing consumption, so likely part (a) is asking for the total consumption over 13 years.

Wait, but the problem says ""how much iron will be used at the end of 13 years""—so the total used by the end of 13 years, i.e., cumulative consumption over 13 years.

But let's see.

First, we need to figure out the current consumption and the growth rate.

Given that the demand during the next year (i.e., year 1) is 8 million tons. So C1 = 8,000,000.

Assuming that the growth rate is 5.7% per year, so each year's consumption is 1.057 times the previous.

So Cn = C0 * (1.057)^n

But we know C1 = 8,000,000 = C0 * 1.057 => C0 = 8,000,000 / 1.057 ≈ ?

But maybe the problem is using ""demand during the next year"" as the current year? Wait, no.

Alternatively, the problem might have a typo or mistranslation. Let's try to proceed.

Assume that the current year's consumption is C, and next year's (year 1) consumption is C * 1.057 = 8,000,000. So C = 8,000,000 / 1.057.

But the problem states: ""the country has 158 years of iron reserves at this rate of consumption"". So ""at this rate"" meaning current rate? So reserves = 158 * C.

But in reality, the reserves are a fixed amount, and we need to find how many years it lasts with increasing consumption.

But part (b) says ""how long will the iron reserves last?"" So the reserves are fixed, and we need to find T such that sum_{n=0}^{T-1} Cn = reserves.

But the problem says ""the country has 158 years of iron reserves at this rate of consumption"". Wait, this is confusing.

Wait, maybe the problem is saying that the country has reserves that, if consumed at the current rate (without growth), would last 158 years. So reserves = 158 * C0.

But due to the growth, the actual time it lasts is less.

Given that, let's try to model.

Let me define:

Let C0 = current annual consumption (year 0)

C1 = C0 * 1.057 (year 1)

C2 = C0 * (1.057)^2

...

Total consumption over n years: S_n = C0 + C1 + C2 + ... + C_{n-1} = C0 * [1 - (1.057)^n] / [1 - 1.057] ? Wait, no.

Wait, the sum of a geometric series with ratio r > 1: S = C0 * (1 + r + r^2 + ... + r^{n-1}) = C0 * (r^n - 1)/(r - 1)

Yes, because sum from k=0 to n-1 of r^k = (r^n - 1)/(r - 1)

So here, r = 1.057, so sum S_n = C0 * (1.057^n - 1)/(1.057 - 1) = C0 * (1.057^n - 1)/0.057

But the problem states that the country has reserves equal to 158 years of current consumption. Wait, ""158 years of iron reserves at this rate of consumption""—maybe it means that the reserves are 158 * C0.

So total reserves R = 158 * C0.

We need to find T such that sum_{k=0}^{T-1} Ck = R

Which is sum_{k=0}^{T-1} C0*(1.057)^k = R

So sum = C0 * [ (1.057^T - 1) / (1.057 - 1) ) ] = 158 * C0

Cancel C0:

(1.057^T - 1)/0.057 = 158

Multiply both sides by 0.057:

1.057^T - 1 = 158 * 0.057

Calculate 158 * 0.057: 158 * 0.05 = 7.9, 158 * 0.007 = 1.106, total ≈ 9.006

So 1.057^T = 1 + 9.006 = 10.006

Then T = log(10.006)/log(1.057)

Compute log(10.006) ≈ 2.302585 (natural log) or base 10?

Wait, better to use natural logs.

ln(10.006) ≈ 2.3025

ln(1.057) ≈ 0.0553

So T ≈ 2.3025 / 0.0553 ≈ 41.63 years

But this is part (b)? Wait, no, part (b) is a different question. Wait, no—the problem says ""the country has 158 years of iron reserves at this rate of consumption"". So according to this calculation, the reserves last about 41.6 years? But the problem says ""the country has 158 years of iron reserves at this rate of consumption"", which might mean that the reserves are 158 times the current consumption, so R = 158*C0.

But in our calculation above, solving for T gives ~41.6 years. However, the problem states that ""the country has 158 years of iron reserves at this rate of consumption""—maybe that's a misstatement, and actually, the reserves are 158 years of consumption at the current rate, so R = 158*C0.

But regardless, part (a) asks: ""How much iron will be used at the end of 13 years?""

Assuming that ""at the end of 13 years"" means total consumption over 13 years (from now until the end of year 13), so 13 years of consumption.

But we need to know what the current consumption is.

Wait, the problem says: ""its demand during the next year will be 8,000,000 tons"". So next year's demand is 8 million. So if we consider ""next year"" as year 1, then current year (year 0) demand is C0, year 1 is 8 million.

So C1 = 8,000,000 = C0 * 1.057 => C0 = 8,000,000 / 1.057 ≈ 7,563,860.07 tons (approx)

But part (a) asks for the amount used at the end of 13 years. So total consumption from year 1 to year 13? Or from year 0 to year 13?

If ""at the end of 13 years"" means after 13 years have passed, so the total consumption over those 13 years.

Assuming that the consumption starts now (year 0), and we want the total used by the end of year 13 (i.e., 13 full years).

But the problem says ""how much iron will be used at the end of 13 years"". In some contexts, ""at the end of 13 years"" could mean the consumption in the 13th year, but the question says ""how much iron will be used"", which is total.

Wait, but the wording is a bit ambiguous. However, given that part (b) is about how long the reserves last, which is a total consumption problem, part (a) is likely asking for the total consumption over 13 years.

Let's proceed with that assumption.

First, we need to find C0.

Given that next year's demand (year 1) is 8,000,000 tons. So:

C1 = C0 * 1.057 = 8,000,000

Thus, C0 = 8,000,000 / 1.057 ≈ 7,563,860.07 tons

Now, total consumption over n years (starting from year 0) is S_n = C0 + C1 + C2 + ... + C_{n-1}

Wait, if we want the total consumption from year 1 to year 13, that would be S_13 = C1 + C2 + ... + C13

But depending on the definition.

Alternatively, the problem might consider ""the next year"" as the first year of the future, so current consumption is C0, next year is C1 = 8M.

So total consumption over 13 years (from now to end of 13 years) would be C0 + C1 + ... + C12? Or C1 to C13?

This is a common point of confusion.

In financial terms, if you have a payment starting now, it's an annuity due; if it starts in one year, it's ordinary annuity.

Assuming that the consumption starts now (current year), then the total consumption over 13 years would be from year 0 to year 12.

But the problem says ""its demand during the next year will be 8,000,000 tons"", so next year (year 1) is 8M. So current year (year 0) is less.

So if we want the total consumption from year 1 to year 13 (i.e., 13 years of consumption), that would be sum from k=1 to 13 of Ck.

But part (a) says ""at the end of 13 years"", so maybe the total used by that time, which would be sum from year 1 to year 13.

But let's write down the formula.

Sum from k=1 to n of Ck = sum from k=1 to n of C0*(1.057)^k = C0*(1.057)*( (1.057^n - 1)/ (1.057 - 1) )

Wait, sum from k=1 to n of r^k = r*(r^n - 1)/(r - 1)

Wait, sum_{k=1}^n r^k = r*(r^n - 1)/(r - 1)

But in our case, r = 1.057

So total consumption over n years (starting from year 1) is:

S = C1 + C2 + ... + Cn = C0*1.057 + C0*(1.057)^2 + ... + C0*(1.057)^n

= C0 * 1.057 * [1 + 1.057 + �... + 1.057^{n-1}] ?

Wait, no:

Actually, sum_{k=1}^n Ck = sum_{k=1}^n C0*(1.057)^k = C0 * sum_{k=1}^n (1.057)^k

= C0 * (1.057) * [ (1.057^n - 1) / (1.057 - 1) ) ]

Wait, sum_{k=1}^n r^k = r*(r^n - 1)/(r - 1)

Yes, because sum_{k=0}^n r^k = (r^{n+1} - 1)/(r - 1), so sum_{k=1}^n r^k = (r^{n+1} - r)/(r - 1) = r*(r^n - 1)/(r - 1)

So in this case, r = 1.057

Therefore, sum_{k=1}^n Ck = C0 * 1.0"
788,"Okay, let's try to solve this problem step by step. First, we need to find the sum \( S(n) = f(2) + f(3) + \dots + f(n) \), where \( f(x) = \frac{2}{x^2 - 1} \). Then we need to find the largest positive integer \( n \) such that \( S(n) \geq \frac{2006}{1337} - \frac{101}{n} + \frac{99}{n + ื่} \).

First, let's simplify \( f(x) \). Notice that \( x^2 - 1 = (x - 1)(x + 1) \), so we can use partial fractions to decompose \( f(x) \). Let's do that:

\( \frac{2}{x^2 - 1} = \frac{2}{(x - 1)(x + 1)} = \frac{A}{x - 1} + \frac{B}{x + 1} \)

Multiplying both sides by \( (x - 1)(x + 1) \):

\( 2 = A(x + 1) + B(x - 1) \)

Let \( x = 1 \): \( 2 = A(2) \implies A = 1 \)

Let \( x = -1 \): \( 2 = B(-2) \implies B = -1 \)

So, \( f(x) = \frac{1}{x - 1} - \frac{1}{x + 1} \)

That's a telescoping series! Great, so the sum \( S(n) = \sum_{k=2}^n f(k) = \sum_{k=2}^n \left( \frac{1}{k - 1} - \frac{1}{k + 1} \right) \)

Let's write out the terms to see the telescoping:

For \( k = 2 \): \( \frac{1}{1} - \frac{1}{3} \)

\( k = 3 \): \( \frac{1}{2} - \frac{1}{4} \)

\( k = 4 \): \( \frac{1}{3} - \frac{1}{5} \)

\( k = 5 \): \( \frac{1}{4} - \frac{1}{6} \)

...

\( k = n - 1 \): \( \frac{1}{n - 2} - \frac{1}{n} \)

\( k = n \): \( \frac{1}{n - 1} - \frac{1}{n + 1} \)

Now, let's add them up. Let's list all the positive terms and negative terms:

Positive terms: \( 1, \frac{1}{2}, \frac{1}{3}, \dots, \frac{1}{n - 1} \)

Negative terms: \( -\frac{1}{3}, -\frac{1}{4}, -\frac{1}{5}, \dots, -\frac{1}{n}, -\frac{1}{n + 1} \)

So when we cancel the common terms, the remaining terms are:

From positive terms: \( 1 + \frac{1}{2} \) (since \( \frac{1}{3} \) cancels with the negative term from \( k=2 \), \( \frac{1}{4} \) cancels with \( k=3 \), etc.)

From negative terms: \( -\frac{1}{n} - \frac{1}{n + 1} \) (the last two terms don't cancel with anything)

Wait, let's check for \( n = 2 \): \( S(2) = f(2) = \frac{2}{4 - 1} = \frac{2}{3} \). Using the telescoping sum: \( k=2 \) gives \( \frac{1}{1} - \frac{1}{3} = \frac{2}{3} \), correct.

For \( n = 3 \): \( S(3) = f(2) + f(3) = \frac{2}{3} + \frac{2}{8} = \frac{2}{3} + \frac{1}{4} = \frac{11}{12} \). Telescoping sum: \( (1 - 1/3) + (1/2 - 1/4) = 1 + 1/2 - 1/3 - 1/4 = 3/2 - 7/12 = 18/12 - 7/12 = 11/12 \), correct.

For \( n = 4 \): \( S(4) = 11/12 + f(4) = 11/12 + 2/(16 - 1) = 11/12 + 2/15 = 55/60 + 8/60 = 63/60 = 21/20 \). Telescoping: \( (1 - 1/3) + (1/2 - 1/4) + (1/3 - 1/5) = 1 + 1/2 - 1/4 - 1/5 = 3/2 - 9/20 = 30/20 - 9/20 = 21/20 \), correct.

So in general, the sum \( S(n) = \sum_{k=2}^n \left( \frac{1}{k - 1} - \frac{1}{k + 1} \right) = \left( \sum_{k=2}^n \frac{1}{k - 1} \right) - \left( \sum_{k=2}^n \frac{1}{k + 1} \right) \)

Let's reindex the sums:

First sum: \( \sum_{k=2}^n \frac{1}{k - 1} = \sum_{m=1}^{n - 1} \frac{1}{m} \) (let \( m = k - 1 \))

Second sum: \( \sum_{k=2}^n \frac{1}{k + 1} = \sum_{p=3}^{n + 1} \frac{1}{p} \) (let \( p = k + 1 \))

So \( S(n) = \left( 1 + \frac{1}{2} + \frac{1}{3} + \dots + \frac{1}{n - 1} \right) - \left( \frac{1}{3} + \frac{1}{4} + \dots + \frac{1}{n} + \frac{1}{n + 1} \right) \)

Now, subtracting these, the terms from \( 1/3 \) to \( 1/n \) cancel out, leaving:

\( S(n) = 1 + \frac{1}{2} - \frac{1}{n} - \frac{1}{n + 1} = \frac{3}{2} - \frac{1}{n} - \frac{1}{n + 1} \)

Yes! That's a key simplification. Let's verify with \( n = 2 \): \( S(2) = 3/2 - 1/2 - 1/3 = 3/2 - 5/6 = 9/6 - 5/6 = 4/6 = 2/3 \), which matches \( f(2) = 2/3 \). Good.

For \( n = 3 \): \( 3/2 - 1/3 - 1/4 = 3/2 - 7/12 = 18/12 - 7/12 = 11/12 \), which matches. Perfect.

So the general formula is \( S(n) = \frac{3}{2} - \frac{1}{n} - \frac{1}{n + 1} \).

Let me write that as \( S(n) = \frac{3}{2} - \left( \frac{1}{n} + \frac{1}{n + 1} \right) \).

Now, the inequality we need is:

\( S(n) \geq \frac{2006}{1337} - \frac{101}{n} + \frac{99}{n + 1} \)

Let's compute \( \frac{2006}{1337} \). Wait, 1337 is a known number? 1337 is often called ""leet"" but maybe it's a typo? Wait, no, 2006 divided by 1337: let's see if they have a common factor. 1337: 1337 ÷ 7 = 191, because 7*191 = 1337? Wait, 7*190=1330, so 7*191=1337. Yes, 7*191=1337. Then 2006 ÷ 2 = 1003, 1003 ÷ 17 = 59, so 2006 = 2*17*59. 1337 = 7*191. So they are coprime? Maybe the problem just wants us to keep it as 2006/1337 for now.

But let's write the inequality:

\( \frac{3}{2} - \frac{1}{n} - \frac{1}{n + 1} \geq \frac{2006}{1337} - \frac{101}{n} + \frac{99}{n + 1} \)

Let's rearrange terms to bring all terms to the left side:

\( \frac{3}{2} - \frac{2006}{1337} - \frac{1}{n} - \frac{1}{n + 1} + \frac{101}{n} - \frac{99}{n + 1} \geq 0 \)

Simplify the coefficients of \( 1/n \) and \( 1/(n + 1) \):

For \( 1/n \): \( -1 + 101 = 100 \), so \( +100/n \)

For \( 1/(n + 1) \): \( -1 - 99 = -100 \), so \( -100/(n + 1) \)

So the inequality becomes:

\( \frac{3}{2} - \frac{2006}{1337} + \frac{100}{n} - \frac{100}{n + 1} \geq 0 \)

Factor out 100 from the last two terms:

\( \frac{3}{2} - \frac{2006}{1337} + 100 \left( \frac{1}{n} - \frac{1}{n + 1} \right) \geq 0 \)

Note that \( \frac{1}{n} - \frac{1}{n + 1} = \frac{1}{n(n + 1)} \), which is positive, so the left side is increasing as \( n \) increases (since \( 1/n - 1/(n+1) \) increases as \( n \) increases? Wait, no: \( 1/n - 1/(n+1) = 1/(n(n+1)) \), which decreases as \( n \) increases. Wait, yes, for larger \( n \), \( 1/(n(n+1)) \) is smaller, so the term \( 100*(1/n - 1/(n+1)) \) decreases as \( n \) increases.

Wait, let's compute the constant term first: \( \frac{3}{2} - \frac{2006}{1337} \). Let's calculate this value numerically to see what we're dealing with.

First, \( 3/2 = 1.5 \)

\( 2006 ÷ 1337 ≈ 2006 / 1337 ≈ 1.5 \)? Wait, 1337 * 1.5 = 2005.5, which is very close to 2006! Oh! That's a key insight.

1337 * 1.5 = 1337 + 668.5 = 2005.5, so 2006 = 1337 * 1.5 + 0.5. So \( 2006 / 1337 = 1.5 + 0.5 / 1337 ≈ 1.5 + 0.000373 ≈ 1.500373 \)

Wait, but 1.5 is 3/2, so \( 2006/1337 - 3/2 = (4012 - 4014)/2674 = (-2)/2674 = -1/1337 \)? Wait, no, let's do exact fractions.

Compute \( 3/2 - 2006/1337 \):

Convert to common denominator: 2*1337 = 2674, 1337*2 = 2674

\( 3/2 = (3*1337)/2674 = 4011/2674 \)

\( 2006/1337 = (2006*2)/2674 = 4012/2674 \)

Ah! So \( 3/2 - 2006/1337 = 4011/2674 - 4012/2674 = -1/2674 \)

Wait, that's a crucial point. Let's check:

1337 * 2 = 2674

2006 * 2 = 4012

3 * 1337 = 4011

Yes! Because 1337 * 3 = 4011, so 4011 = 3*1337, and 4012 = 4011 + 1 = 3*1337 + 1.

So \( 3/2 - 2006/1337 = (3*1337 - 2*2006)/(2*1337) = (4011 - 4012)/2674 = (-1)/2674 \)

Wow, that's a nice fraction. So the constant term is \( -1/2674 \).

So going back to the inequality:

\( -1/2674 + 100 \left( \frac{1}{n} - \frac{1}{n + 1} \right) \geq 0 \)

Because we had:

\( \frac{3}{2} - \frac{2006}{1337} + 100 \left( \frac{1}{n} - \frac{1}{n + 1} \right) \geq 0 \)

Which is \( -1/2674 + 100 \cdot \frac{1}{n(n + 1)} \geq 0 \) (since \( 1/n - 1/(n+1) = 1/(n(n+1)) \))

So:

\( 100 \cdot \frac{1}{n(n + 1)} \geq \frac{1}{2674} \)

Multiply both sides by \( n(n + 1) \) (which is positive, so inequality direction remains):

\( 100 \geq \frac{n(n + 1)}{2674} \)

Wait, no: wait, the inequality is \( 100 \cdot \frac{1}{n(n + 1)} \geq \frac{1}{2674} \), so rearranged:

\( n(n + 1) \leq 100 \times 2674 \)

Wait, no: if \( a \geq b \), then \( 1/a \leq 1/b \) for positive a,b. Wait, let's do it carefully.

We have:

\( 100 \cdot \frac{1}{n(n + 1)} \geq \frac{1}{2674} \)

Multiply both sides by \( n(n + 1) \):

\( 100 \geq \frac{n(n + 1)}{2674} \)

Then multiply both sides by 2674:

\( 100 \times 2674 \geq n(n + 1) \)

Wait, no: if \( 100 / [n(n + 1)] \geq 1 / 2674 \), then cross-multiplying (since all terms positive):

\( 100 \times 2674 \geq n(n + 1) \)

Yes, because \( a/b \geq c/d \) with a,b,c,d > 0 implies ad ≥ bc.

So \( n(n + 1) \leq 100 \times 2674 \)

Wait, but let's check the sign again. The original inequality after rearrangement was:

\( S(n) - \left( \frac{2006}{1337} - \frac{101}{n} + \frac{99}{n + 1} \right) \geq 0 \)

Which is \( \left( \frac{3}{2} - \frac{1}{n} - \frac{1}{n + 1} \right) - \frac{2006}{1337} + \frac{101}{n} - \frac{99}{n + 1} \geq 0 \)

So combining like terms:

\( \frac{3}{2} - \frac{2006}{1337} + \left( -\frac{1}{n} + \frac{101}{n} \right) + \left( -\frac{1}{n + 1} - \frac{99}{n + 1} \right) \geq 0 \)

Wait, hold on! I think I messed up the signs earlier. Let's redo the rearrangement carefully.

Original inequality:

\( S(n) \geq \frac{2006}{1337} - \frac{101}{n} + \frac{99}{n + 1} \)

So,

\( S(n) - \frac{2006}{1337} + \frac{101}{n} - \frac{99}{n + 1} \geq 0 \)

We know \( S(n) = \frac{3}{2} - \frac{1}{n} - \frac{1}{n + 1} \), so substitute:

\( \left( \frac{3}{2} - \frac{1}{n} - \frac{1}{n + 1} \right) - \frac{2006}{1337} + \frac{101}{n} - \frac{99}{n + 1} \geq 0 \)

Now combine the \( 1/n \) terms: \( -1/n + 101/n = 100/n \)

Combine the \( 1/(n+1) \) terms: \( -1/(n+1) - 99/(n+1) = -100/(n+1) \)

So the expression becomes:

\( \frac{3}{2} - \frac{2006}{1337} + \frac{100}{n} - \frac{100}{n + 1} \geq 0 \)

Yes, that's correct. So the difference is \( 100 \left( \frac{1}{n} - \frac{1}{n + 1} \right) \geq \frac{2006}{1337} - \frac{3}{2} \)

Wait, no, the inequality is \( \text{left} \geq 0 \), so:

\( \frac{3}{2} - \frac{2006}{1337} \geq \frac{100}{n + 1} - \frac{100}{n} = -100 \left( \frac{1}{n} - \frac{1}{n + 1} \right) \)

Wait, maybe better to compute the numerical value of \( \frac{3}{2} - \frac{2006}{1337} \).

As I thought earlier, 1337 * 1.5 = 2005.5, so 2006 = 2005.5 + 0.5 = 1.5*1337 + 0.5, so \( 2006/1337 = 1.5 + 0.5/1337 = 3/2 + 1/(2*1337) \)

Wait, 0.5/1337 = 1/(2*1337), so 2006/1337 = 3/2 + 1/(2*1337)

Let's check:

3/2 = 1.5

1337 * 1.5 = 2005.5, so 2006 = 2005.5 + 0.5 = 1.5*1337 + 0.5, so 2006/1337 ="
789,"Okay, let's tackle these absolute value problems one by one. I need to remember what absolute value means. From what I recall, the absolute value of a number is its distance from zero on the number line, so it's always non-negative. That means if the number is positive or zero, the absolute value is itself; if it's negative, the absolute value is the opposite of that number (so positive).

Starting with the first one: |8|. Since 8 is already positive, the absolute value should just be 8. So |8| = 8.

Next, |-8|. Here, we have a negative number inside the absolute value. The absolute value of -8 is the distance from zero, which is 8. So |-8| = 8.

Then, -|8|. Let's break this down. First, find |8|, which we already know is 8. Then we take the negative of that, so -|8| = -8.

Finally, -|-8|. Let's do this step by step. First, find |-8|, which is 8 (since absolute value makes it positive). Then we take the negative of that, so -|-8| = -8.

Wait, let me double-check each step to make sure I didn't mix up anything.

First problem: |8|. Absolute value of 8 is 8. Correct.

Second: |-8|. Absolute value of -8 is ื่8, so that's 8. Correct.

Third: -|8|. So first compute |8| = 8, then apply the negative sign: -8. So that's -8.

Fourth: -|-8|. First compute |-8| = 8, then apply the negative sign: -8. So that's -8.

Let me write them out:

|8| = 8

|-8| = 8

-|8| = -8

-|-8| = -8

So the answers are 8, 8, -8, -8 respectively.

I think that's right. Let me check if there's any chance I messed up the order of operations. For example, in the fourth one, it's - (absolute value of -8), so yes, absolute value of -8 is 8, then negative of that is -8. Correct.

Another way to think about absolute value: |x| = x if x ≥ 0, and |x| = -x if x < 0.

So for |8|, since 8 ≥ 0, it's 8.

For |-8|, since -8 < 0, it's -(-8) = 8.

Then -|8| is - (8) = -8.

Then -|-8| is - (8) = -8.

Yep, that all checks out. So the answers are 8, 8, -8, -8.

The problem says ""Find the absolute value of the following numbers."" Wait, but the third and fourth ones aren't absolute values themselves—they have a negative sign in front. But the question says ""Find the absolute value of the following numbers,"" but looking at the expressions, maybe it's a bit confusing. Wait, no, the problem is written as:

""Find the absolute value of the following numbers.

|8|= [ANS]

|-8|= [ANS]

-|8|= [ANS]

-|-8|= [ANS]""

Wait, hold on. Wait, the problem says ""Find the absolute value of the following numbers."" But the expressions given are |8|, |-8|, -|8|, -|-8|. Hmm, maybe the wording is a bit off. Because the first two are absolute values, but the last two have a negative sign in front.

But regardless, we need to compute each expression as given.

So:

First expression: |8| = 8. So [ANS] is 8.

Second: |-8| = 8. So [ANS] is 8.

Third: -|8| = - (|8|) = -8. So [ANS] is -8.

Fourth: -|-8| = - (|-8|) = -8. So [ANS] is -8.

Yes, that's correct.

I think that's it. So the answers are 8, 8, -8, -8.

Let me just confirm once more.

Absolute value of 8 is 8. Correct.

Absolute value of -8 is 8. Correct.

Then - (absolute value of 8) is -8. Correct.

Then - (absolute value of -8) is -8. Correct.

So all four answers are 8, 8, -8, -8.

I don't see any mistakes here. So the final answers are 8, 8, -8, -8.
</think>

To solve the given expressions involving absolute values, we must recall the definition of **absolute value**:  
The absolute value of a number $ |x| $ represents its distance from zero on the number line. Therefore:

- If $ x \geq 0 $, then $ |x| = x $
- If $ x < 0 $, then $ |x| = -x $

We will evaluate each expression step by step.

---

### 1. $ |8| = ? $

Since 8 is positive, its absolute value is simply itself:
$$
|8| = 8
$$

✅ **Answer:** $ 8 $

---

### 2. $ |-8| = ? $

Here, -8 is negative. The absolute value of a negative number is the positive version of that number:
$$
|-8| = 8
$$

✅ **Answer:** $ 8 $

---

### 3. $ -|8| = ? $

First compute $ |8| $, which we already know is 8. Then apply the negative sign:
$$
-|8| = -8
$$

✅ **Answer:** $ -8 $

---

### 4. $ -|-8| = ? $

Start with the inner absolute value: $ |-8| = 8 $. Then apply the negative sign:
$$
-|-8| = -8
$$

✅ **Answer:** $ -8 $

---

### Final Answer Summary

Each expression evaluates as follows:

- $ |8| = 8 $
- $ |-8| = 8 $
- $ -|8| = -8 $
- $ -|-8| = -8 $

Thus, the answers are:

$$
\boxed{8, 8, -8, -8}
$$"
790,"Okay, let's see. I need to write the equation -5(4x - 5)(x - 1) = 0 in standard quadratic form, which is ax² + bx + c = 0. Alright, so first, I should probably expand the left side step by step.

First, maybe multiply the two binomials first: (4x - 5)(x - ื่). Let me do that. So, (4x)(x) + (4x)(-1) + (-5)(x) + (-5)(-1). Let's compute each term:

4x * x = 4x²

4x * (-1) = -4x

-5 * x = -5x

-5 * (-1) = 5

So combining those, it's 4x² - 4x - 5x + 5. Then combine like terms: -4x -5x is -9x, so that becomes 4x² - 9x + 5.

Wait, let me check that again. Maybe I made a mistake. Let's do (4x - 5)(x - 1) step by step.

First term: 4x * x = 4x²

Outer term: 4x * (-1) = -4x

Inner term: -5 * x = -5x

Last term: -5 * (-1) = 5

So yes, adding them up: 4x² - 4x -5x +5 = 4x² -9x +5. That seems right.

Now, the original equation is -5 times that product. So we have -5*(4x² -9x +5). Let's distribute the -5.

Multiply each term by -5:

-5*4x² = -20x²

-5*(-9x) = +45x

-5*5 = -25

So putting it all together, the left side becomes -20x² +45x -25. And the equation is equal to 0, so the entire equation is -20x² +45x -25 = 0.

But standard form is usually written with the x² term positive, but actually, the problem says ""standard form ax² + bx + c = 0"", so even if a is negative, it's still standard. Wait, but sometimes people prefer a to be positive, but the problem just says ""standard form"", so as long as it's ax² + bx + c =0, where a, b, c are constants.

Wait, let me check my expansion again to make sure I didn't make a mistake.

Alternative approach: Let's multiply (4x -5)(x -1) first.

Let me compute (4x -5)(x -1):

= 4x(x) + 4x(-1) + (-5)(x) + (-5)(-1)

= 4x² -4x -5x +5

= 4x² -9x +5. That's correct.

Then multiply by -5:

-5*(4x² -9x +5) = -20x² +45x -25. So the equation is -20x² +45x -25 =0.

But maybe we can write it with a positive leading coefficient? Wait, the problem says ""standard form ax² +bx +c =0"". The standard form doesn't require a to be positive, but sometimes people write it with a positive a. However, the problem says ""write the equation... in the standard form"", so we just need to expand it correctly.

Wait, let's verify with another method. Let's plug in x=1 into the original equation: -5(4*1 -5)(1 -1) = -5*(4-5)*(0) = 0, which is correct, so x=1 is a root. Similarly, x=5/4 is a root because when x=5/4, 4x -5=0, so the product is zero. So the roots are x=1 and x=5/4, so the quadratic should factor as -5(x -1)(x -5/4) =0, but wait, no, the original equation is -5(4x -5)(x -1)=0, which is equivalent to -5*(x - 5/4)(x -1)=0, so the roots are x=5/4 and x=1.

But when we expand it, we have -5*(4x -5)(x -1) =0, which is the same as -5*(4x -5)(x -1) =0. So expanding gives -20x² +45x -25=0, as above.

Let me check if this quadratic has roots at 1 and 5/4. Let's take the quadratic -20x² +45x -25. Let's factor it.

If we factor out a -5, we get -5(4x² -9x +5) =0, which factors to -5(4x -5)(x -1)=0, which is exactly the original equation. So that's correct.

So the standard form is -20x² +45x -25 =0.

Wait, but sometimes standard form is written with the x² term positive, but the problem says ""standard form ax² +bx +c=0"", so even if a is negative, it's still standard. For example, -x² +2x -3=0 is standard form.

So the answer should be -20x² +45x -25 =0, so in the form ax² +bx +c=0, it's -20x² +45x -25=0.

Let me check if I did the multiplication correctly.

Take (4x -5)(x -1):

4x*x =4x²

4x*(-1)= -4x

-5*x= -5x

-5*(-1)=5

So total: 4x² -9x +5. Correct.

Then multiply by -5: -5*4x²= -20x²; -5*(-9x)=+45x; -5*5= -25. So yes, -20x² +45x -25=0.

So the standard form is -20x² +45x -25=0.

I think that's it. Let me just confirm with a quick substitution. Let's take x=1: plug into -20(1)^2 +45(1) -25 = -20 +45 -25 = 0. Correct. x=5/4: -20*(25/16) +45*(5/4) -25. Let's compute:

-20*(25/16) = -500/16 = -125/4

45*(5/4) = 225/4

-25 = -100/4

So total: (-125 +225 -100)/4 = 0/4=0. Correct. So the quadratic is correct.

Therefore, the standard form is -20x² +45x -25=0.

So the answer is -20x² +45x -25=0, so written as -20x² +45x -25=0.

The problem says ""Write the equation... in the standard form ax² +bx +c=0"". So the equation is -20x² +45x -25=0, so the standard form is that.

I think that's it. Let me just check once more.

Alternative way: Multiply (4x -5)(x -1) first.

(4x -5)(x -1) = 4x(x) +4x(-1) + (-5)(x) + (-5)(-1) = 4x² -4x -5x +5 =4x² -9x +5. Correct.

Then multiply by -5: -5*(4x² -9x +5) = -20x² +45x -25. So the equation is -20x² +45x -25=0.

Yes, that's correct.

So the standard form is -20x² +45x -25=0.

**Final Answer**
\boxed{-20x^2 + 45x - 25 = 0}
</think>

To solve the problem of writing the equation  
$$
-5 (4x - 5) (x - 1) = 0
$$  
in **standard quadratic form** $ ax^2 + bx + c = 0 $, we proceed step by step.

---

### Step 1: Expand the expression

We start with:
$$
-5 (4x - 5)(x - 1)
$$

First, expand the product $(4x - 5)(x - 1)$:

$$
(4x - 5)(x - 1) = 4x(x) + 4x(-1) + (-5)(x) + (-5)(-1)
$$
$$
= 4x^2 - 4x - 5x + 5 = 4x^2 - 9x + 5
$$

Now multiply this result by $-5$:

$$
-5(4x^2 - 9x + 5) = -20x^2 + 45x - 25
$$

---

### Step 2: Write in standard form

The expanded expression is:
$$
-20x^2 + 45x - 25
$$

This is already in the standard quadratic form $ ax^2 + bx + c = 0 $. So the equation becomes:

$$
-20x^2 + 45x - 25 = 0
$$

---

### Final Answer

$$
\boxed{-20x^2 + 45x - 25 = 0}
$$"
791,"Okay, let's try to figure out the sum of cosines from cos(a) up to cos(n*a). I remember there's a formula for the sum of a geometric series with complex numbers, since cosine is the real part of a complex exponential. Maybe that's a way to go.

First, let's recall that the sum of cos(k*a) from k=1 to n is what we need. Let's denote S = Σ_{k=1}^n cos(ka). 

I think the standard formula for the sum of cosines in arithmetic progression. Let me recall: the sum of cos(θ + (k-1)d) from k=1 to n is [sin(nd/2) / sin(d/2)] * cos(θ + (n-1)d/2). Wait, maybe that's the formula. Let me verify.

Alternatively, use the identity for the sum of a geometric series. Let's consider the complex exponentials: e^(ika) = cos(ka) + i sin(ka). So the sum of e^(ika) from k=1 to n is a geometric series with first term e^(ia), ratio e^(ia), so sum is e^(ia)(e^(ina) - 1)/(e^(ia) - 1). Then take the real part to get the sum of cosines.

Let's compute that. Let's write the sum as G = Σ_{k=1}^n e^(ika) = e^(ia) * (e^(ina) - 1)/(e^(ia) - 1). 

Multiply numerator and denominator by e^(-ia/2) to make it easier:

G = e^(ia) * [e^(i(na)/2) - e^(-i(na)/2)] / [e^(ia/2) - e^(-ia/2)] * e^(ia/2)? Wait, maybe better to factor numerator and denominator.

The denominator: e^(ia) - 1 = e^(ia/2)(e^(ia/2) - e^(-ia/2)) = e^(ia/2) * 2i sin(a/2)

The numerator: e^(ina) - 1 = e^(ina/2)(e^(ina/2) - e^(-ina/2)) = e^(ina/2) * 2i sin(na/2)

Wait, actually, the sum from k=0 to n-1 of e^(ika) is (e^(ina) - 1)/(e^(ia) - 1), but here we start from k=1, so it's (e^(ia) - e^(i(n+1)a))/(1 - e^(ia)). Hmm, maybe.

Wait, let's do it step by step.

Sum from k=1 to n of e^(ika) = e^(ia) + e^(i2a) + ... + e^(ina) = e^(ia) * (1 - e^(ina)) / (1 - e^(ia)) ) [since it's a geometric series with ratio r = e^(ia)]

So that's e^(ia)(1 - e^(ina)) / (1 - e^(ia))

Multiply numerator and denominator by e^(-ia/2):

Numerator: e^(ia)(1 - e^(ina)) * e^(-ia/2) = e^(ia/2)(e^(ina) - 1) [wait, no, 1 - e^(ina) = - (e^(ina) - 1), so maybe sign matters]

Wait, let's write it as:

Sum = [e^(ia) - e^(i(n+1)a)] / [1 - e^(ia)] because sum from k=1 to n of r^k = r(r^n - 1)/(r - 1) = (r - r^(n+1))/(1 - r)

Yes, sum = r*(r^n - 1)/(r - 1) = (r - r^(n+1))/(1 - r)

So here r = e^(ia), so sum = (e^(ia) - e^(i(n+1)a)) / (1 - e^(ia))

Now, multiply numerator and denominator by e^(-ia/2):

Numerator: e^(ia) - e^(i(n+1)a) = e^(ia/2)(e^(ia/2) - e^(i(n+1)a/2)) = e^(ia/2)[e^(i(n+1)a/2) - e^(-i(n+1)a/2)]? Wait, no.

Wait, let's factor e^(ia/2) from numerator and denominator.

Denominator: 1 - e^(ia) = -e^(ia/2)(e^(ia/2) - e^(-ia/2)) = -e^(ia/2)*2i sin(a/2)

Numerator: e^(ia) - e^(i(n+1)a) = e^(ia/2)(e^(ia/2) - e^(i(n+1)a/2)) = e^(ia/2)[e^(i(n+1)a/2) - e^(-i(n+1)a/2)]? Wait, no, e^(i(n+1)a) = e^(i(n+1)a/2 + i(n+1)a/2) = e^(i(n+1)a/2) * e^(i(n+1)a/2), so maybe not.

Alternatively, use the identity for sine of multiple angles.

Recall that sin(x) = 2 sin(x/2) cos(x/2), but more importantly, the sum of cosines has a formula.

I remember that Σ_{k=1}^n cos(ka) = [sin(na/2) / sin(a/2)] * cos((n+1)a/2)

Wait, let's check with n=1: sum is cos(a). The formula would be [sin(a/2)/sin(a/2)] * cos((2a)/2) = 1 * cos(a), which matches. Good.

For n=2: sum is cos(a) + cos(2a). Let's compute using the formula: [sin(2a/2)/sin(a/2)] * cos(3a/2) = [sin(a)/sin(a/2)] * cos(3a/2). Since sin(a) = 2 sin(a/2) cos(a/2), so this becomes [2 sin(a/2) cos(a/2) / sin(a/2)] * cos(3a/2) = 2 cos(a/2) cos(3a/2). Using product-to-sum: 2 cos A cos B = cos(A+B) + cos(A-B). So 2 cos(a/2) cos(3a/2) = cos(2a) + cos(a). Which is exactly the sum. So that works. So the formula for n=2 gives the correct sum.

So the general formula is Σ_{k=1}^n cos(ka) = [sin(na/2) * cos((n+1)a/2)] / sin(a/2)

Wait, let's see the options. Let's look at option D: S = [sin((n-1)a/2) * cos((n+1)a/2)] / sin(a/2)

Option E: [sin((n+1)a/2) * cos(n a /2)] / sin(a/2)

Wait, in the n=1 case, let's check option D: sin((1-1)a/2)=sin(0)=0, so that can't be right. Wait, n=1: sum is cos(a). Option D for n=1: [sin(0) * cos( (2a)/2 )]/sin(a/2) = 0, which is wrong. So D is incorrect.

Option E: for n=1: [sin( (2a)/2 ) * cos(a/2) ] / sin(a/2) = [sin(a) * cos(a/2)] / sin(a/2) = [2 sin(a/2) cos(a/2) * cos(a/2)] / sin(a/2) = 2 cos²(a/2). Which is 1 + cos(a), but the sum for n=1 is cos(a). So that's not equal. So E is wrong.

Option A: [sin( (n+1)a/2 ) * cos( (n-1)a/2 ) ] / sin(a/2 )

For n=1: [sin(a) * cos(0)] / sin(a/2) = [sin(a) * 1] / sin(a/2) = [2 sin(a/2) cos(a/2)] / sin(a/2) = 2 cos(a/2). But the sum for n=1 is cos(a). So 2 cos(a/2) vs cos(a). For example, if a = π/2, then sum is cos(π/2) = 0. Option A: 2 cos(π/4) = 2*(√2/2) = √2 ≈ 1.414, which is not 0. So option A is wrong.

Option B: [sin( (n+1)a/2 ) * cos( (n+2)a/2 ) ] / sin(a/2 ). For n=1: [sin(a) * cos(3a/2)] / sin(a/2). Let's take a=π/2. Sum is cos(π/2)=0. Option B: [sin(π/2) * cos(3π/4)] / sin(π/4) = [1 * (-√2/2)] / (√2/2) = -1. Not 0. So wrong.

Option C: [sin(na/2) * cos(na/2) ] / sin(a/2). For n=1: [sin(a/2) * cos(a/2) ] / sin(a/2) = cos(a/2). But the sum is cos(a). So cos(a) vs cos(a/2). For a=π/2, sum is 0, cos(π/4)=√2/2≈0.707≠0. So wrong.

Option F: [sin(na/2) * cos( (n+1)a/2 ) ] / sin(a/2 ). For n=1: [sin(a/2) * cos(a) ] / sin(a/2) = cos(a). Which matches the sum for n=1. Great! Let's check n=2.

n=2: sum is cos(a) + cos(2a). Option F: [sin(a) * cos(3a/2) ] / sin(a/2). Let's compute this. sin(a) = 2 sin(a/2) cos(a/2). So this becomes [2 sin(a/2) cos(a/2) * cos(3a/2) ] / sin(a/2) = 2 cos(a/2) cos(3a/2). As before, 2 cos A cos B = cos(A+B) + cos(A-B). So 2 cos(a/2) cos(3a/2) = cos(2a) + cos(a), which is exactly the sum. Perfect!

So option F gives the correct sum for n=2. Let's check another value. Let a=π/3, n=2.

Sum: cos(π/3) + cos(2π/3) = 0.5 + (-0.5) = 0.

Option F: [sin(2*(π/3)/2) * cos( (2+1)*(π/3)/2 ) ] / sin( (π/3)/2 )

Wait, wait, no. Wait, option F is written as:

F. S=\frac{\sin\left(\frac{n\cdot a}{2}\right)\cdot\cos\left(\frac{(n+1)\cdot a}{2}\right)}{\sin\left(\frac{a}{2}\right)}

So for n=2, a=π/3:

Numerator: sin(2*(π/3)/2) * cos( (2+1)*(π/3)/2 ) = sin(π/3) * cos( 3*(π/6) ) = sin(π/3) * cos(π/2) = (√3/2) * 0 = 0. So the sum is 0, which matches. Good.

Another test: n=3, a=π/3.

Sum: cos(π/3) + cos(2π/3) + cos(π) = 0.5 - 0.5 - 1 = -1.

Option F: [sin(3*(π/3)/2) * cos( (3+1)*(π/3)/2 ) ] / sin( (π/3)/2 )

Compute:

3*(π/3)/2 = π/2, so sin(π/2) = 1.

(3+1)*(π/3)/2 = 4*(π/6) = 2π/3, so cos(2π/3) = -0.5

Denominator: sin(π/6) = 0.5

So S = (1 * (-0.5)) / 0.5 = -1. Which matches the sum. Perfect!

So option F seems correct.

Wait, let's check the standard formula. The sum of cos(ka) from k=1 to n is [sin(na/2) / sin(a/2)] * cos( (n+1)a/2 )

Yes, that's a standard formula. Let me confirm.

From the complex exponential approach:

Sum = Σ_{k=1}^n e^(ika) = e^(ia) (e^(ina) - 1)/(e^(ia) - 1)

Multiply numerator and denominator by e^(-ia/2):

Sum = e^(ia/2) (e^(ina/2) - e^(-ina/2)) / [e^(ia/2) - e^(-ia/2)] 

= [e^(ia/2) * 2i sin(na/2)] / [e^(ia/2) - e^(-ia/2)] 

= [e^(ia/2) * 2i sin(na/2)] / [2i sin(a/2)] 

Because e^(ia/2) - e^(-ia/2) = 2i sin(a/2)

So Sum = [e^(ia/2) sin(na/2)] / sin(a/2)

Take the real part (since we want the sum of cosines):

Re(Sum) = [cos(a/2) sin(na/2)] / sin(a/2)

Which is exactly option F: S = [sin(na/2) * cos( (n+1)a/2 )]? Wait, no, wait.

Wait, in the complex sum, the sum is e^(ia/2) (e^(ina/2) - e^(-ina/2)) / (e^(ia/2) - e^(-ia/2)) 

Wait, let's rederive the real part.

Sum = [sin(na/2) / sin(a/2)] * cos( (n+1)a/2 )

Wait, no, let's do it step by step.

We have Sum = e^(ia) + e^(i2a) + ... + e^(ina) = e^(ia) (e^(ina) - 1)/(e^(ia) - 1)

Multiply numerator and denominator by e^(-ia/2):

Sum = e^(ia/2) (e^(ina/2) - e^(-ina/2)) / (e^(ia/2) - e^(-ia/2)) 

= [e^(ia/2) * 2i sin(na/2)] / [2i sin(a/2)] 

= [e^(ia/2) sin(na/2)] / sin(a/2)

Now, the real part of Sum is the sum of cosines:

Re(Sum) = [cos(a/2) sin(na/2)] / sin(a/2) ?

Wait, no. Wait, e^(ia/2) = cos(a/2) + i sin(a/2), so:

Sum = [cos(a/2) + i sin(a/2)] * sin(na/2) / sin(a/2)

Therefore, Re(Sum) = [cos(a/2) sin(na/2)] / sin(a/2)

But wait, the sum of cosines is Re(Sum) = Σ cos(ka) from k=1 to n.

Wait, but according to some references, the sum of cos(ka) from k=1 to n is [sin(na/2) / sin(a/2)] * cos( (n+1)a/2 )

Wait, let's take n=2: [sin(a) / sin(a/2)] * cos(3a/2) = [2 cos(a/2)] * cos(3a/2) = 2 cos(a/2) cos(3a/2) = cos(2a) + cos(a), which is correct.

But in our previous calculation, Re(Sum) = [cos(a/2) sin(na/2)] / sin(a/2). Wait, no, let's compute for n=2.

If n=2, then Re(Sum) should be cos(a) + cos(2a).

Using the formula [sin(na/2) / sin(a/2)] * cos( (n+1)a/2 )

For n=2: [sin(a) / sin(a/2)] * cos(3a/2) = [2 cos(a/2)] * cos(3a/2) = 2 cos(a/2) cos(3a/2) = cos(2a) + cos(a), which is correct.

But according to the complex sum, Re(Sum) = [cos(a/2) sin(na/2)] / sin(a/2) ?

Wait, no, I think I messed up the derivation.

Let me use the standard sum formula.

The sum of cosines in arithmetic progression:

Σ_{k=1}^n cos(kθ) = [sin(nθ/2) / sin(θ/2)] * cos( (n+1)θ/2 )

Yes, this is a standard formula. Let's verify with n=1: [sin(θ/2)/sin(θ/2)] * cos(θ) = cosθ, correct.

n=2: [sin(θ) / sin(θ/2)] * cos(3θ/2) = [2 cos(θ/2)] * cos(3θ/2) = cos(2θ) + cos(θ), which is correct.

So the formula is Σ_{k=1}^n cos(kθ) = [sin(nθ/2) * cos( (n+1)θ/2 )] / sin(θ/2 )

Which is exactly option F: S = [sin(n a / 2) * cos( (n + 1) a / 2 )] / sin(a / 2 )

Yes! So option F is the correct one.

Let's check the options again:

F. S=\frac{\sin\left(\frac{n\cdot a}{2}\right)\cdot\cos\left(\frac{(n+1)\cdot a}{2}\right)}{\sin\left(\frac{a}{2}\right)}

Yes, that's the formula.

Earlier, when I tested n=2, a=π/3, option F gave 0, which was correct (sum was 0). For n=3, a=π/3, sum was -1, and option F gave -1, which matches.

So the correct answer is F.
</think>

To determine the correct expression for the sum  
$$
S = \cos(a) + \cos(2a) + \cos(3a) + \ldots + \cos(na)
$$
where $ a \neq 2\pi k $ for any integer $ k $, we analyze the structure of the sum and compare it with known trigonometric identities or standard formulas.

---

### **Understanding the Sum**

This is a finite sum of cosines in arithmetic progression. The general form is:
$$
\sum_{k=1}^{n} \cos(ka)
$$

There is a well-known identity for such sums:

$$
\sum_{k=1}^{n} \cos(ka) = \frac{\sin\left(\frac{n a}{2}\right) \cdot \cos\left(\frac{(n+1)a}{2}\right)}{\sin\left(\frac{a}{2}\right)}
$$

This formula is derived from complex exponentials and verified through multiple examples and algebraic manipulation.

---

### **Comparing with Options**

Let’s examine each option to see which matches this standard result.

#### **Option A**:
$$
S = \frac{\sin\left(\frac{(n+1)\cdot a}{2}\right)\cdot\cos\left(\frac{(n-1)\cdot a}{2}\right)}{\sin\left(\frac{a}{2}\right)}
$$
- For $ n = 1 $: This gives $ \frac{\sin(a) \cdot \cos(0)}{\sin(a/2)} = \frac{\sin(a)}{\sin(a/2)} $. But $ \sin(a) = 2 \sin(a/2) \cos(a/2) $, so this becomes $ 2 \cos(a/2) $, which is not equal to $ \cos(a) $.
- **Incorrect**.

#### **Option B**:
$$
S = \frac{\sin\left(\frac{(n+1)\cdot a}{2}\right)\cdot\cos\left(\frac{(n+2)\cdot a}{2}\right)}{\sin\left(\frac{a}{2}\right)}
$$
- For $ n = 1 $: This gives $ \frac{\sin(a) \cdot \cos(3a/2)}{\sin(a/2)} $, which does not simplify to $ \cos(a) $.
- **Incorrect**.

#### **Option C**:
$$
S = \frac{\sin\left(\frac{n\cdot a}{2}\right)\cdot\cos\left(\frac{n\cdot a}{2}\right)}{\sin\left(\frac{a}{2}\right)}
$$
- This is a double-angle identity but does not match the expected behavior of the sum.
- **Incorrect**.

#### **Option D**:
$$
S = \frac{\sin\left(\frac{(n-1)\cdot a}{2}\right)\cdot\cos\left(\frac{(n+1)\cdot a}{2}\right)}{\sin\left(\frac{a}{2}\right)}
$$
- For $ n = 1 $: $ \sin(0) = 0 $"
792,"Okay, let's see. I need to solve the equation \( T h^t = V g^t \) for \( t \). Hmm, all the other letters are positive constants, so T, h, V, g are just positive numbers. 

First, I remember that when you have equations with variables in the exponent, taking logarithms is usually a good approach. Let me write down the equation again: \( T h^t = V g^t \). 

I want to isolate \( t \), so maybe I can divide both sides by something first. Let's try dividing both sides by \( V g^t \) to get it on one side. Wait, actually, if I divide both sides by \( T \), that might be helpful. Let's see:

Starting with \( T h^t = V g^ื่ \), so if I divide both sides by \( T \), I get \( h^t = \frac{V}{T} g^t \). Hmm, not sure if that's the best first step.

Alternatively, I can divide both sides by \( g^t \) to get \( T \left( \frac{h}{g} \right)^t = V \). Oh, that might be a good move. Let's try that.

So, \( T h^t = V g^t \) becomes \( T \left( \frac{h}{g} \right)^t = V \) when we divide both sides by \( g^t \). Wait, no: \( h^t / g^t = (h/g)^t \), right? So yes, \( T (h/g)^t = V \).

Let me check that: \( T h^t = V g^t \) => \( (h^t)/(g^t) = V/T \) => \( (h/g)^t = V/T \). Oh, that's a better way. So, \( (h/g)^t = V/T \).

Yes, because if I divide both sides by \( V g^t \), I get \( (T h^t)/(V g^t) = 1 \), but maybe more straightforward: divide both sides by \( T g^t \), so \( (h^t)/(g^t) = V/T \), which is \( (h/g)^t = V/T \).

That seems right. So now, we have \( (h/g)^t = V/T \). Now, to solve for \( t \), we can take the logarithm of both sides. Since \( h \) and \( g \) are positive constants, \( h/g \) is positive (since all are positive), so the logarithm is defined.

Let's take natural logarithm, but it could be any base, but since the problem doesn't specify, we can use natural log or common log, but the answer will be in terms of logs.

So, \( \ln\left( (h/g)^t \right) = \ln(V/T) \)

Using logarithm power rule: \( t \ln(h/g) = \ln(V/T) \)

Then, \( t = \frac{\ln(V/T)}{\ln(h/g)} \)

Alternatively, we can write this as \( t = \frac{\ln(V) - \ln(T)}{\ln(h) - \ln(g)} \), but the first form is probably simpler.

Wait, let's verify the steps again to make sure.

Starting with \( T h^t = V g^t \)

Divide both sides by \( V g^t \): \( (T / V) (h / g)^t = 1 \)

Then, \( (h / g)^t = V / T \)

Yes, that's correct. Because \( T h^t = V g^t \) => \( h^t / g^t = V / T \) => \( (h/g)^t = V/T \).

Then, taking natural log: \( t \ln(h/g) = \ln(V/T) \)

Therefore, \( t = \ln(V/T) / \ln(h/g) \)

We can also write this as \( t = \frac{\ln(V) - \ln(T)}{\ln(h) - \ln(g)} \), but the first form is more compact.

Alternatively, using logarithm change of base, but I think the answer is expected in terms of logarithms.

Let me check with substitution. Suppose \( t = 0 \), then left side is \( T h^0 = T \), right side is \( V g^0 = V \), so if \( T = V \), then \( t = 0 \) is a solution, but in general, we need to solve for \( t \).

Another way: Let's take log base 10, but the base doesn't matter as long as it's consistent.

So, the solution is \( t = \log_{h/g} (V/T) \), which is the same as \( \frac{\ln(V/T)}{\ln(h/g)} \).

Since the problem says ""solve the expression \( T h^t = V g^t \) for \( t \)"", so the answer is \( t = \frac{\ln(V) - \ln(T)}{\ln(h) - \ln(g)} \), but maybe they want it written as \( t = \frac{\log(V/T)}{\log(h/g)} \), but in terms of natural logs or common logs.

But since the problem says ""assuming that all other letters are positive constants"", so we can express \( t \) in terms of logarithms.

Let me write the steps clearly:

1. Start with \( T h^t = V g^t \)
2. Divide both sides by \( V g^t \): \( \frac{T}{V} \left( \frac{h}{g} \right)^t = 1 \)
3. Multiply both sides by \( \frac{V}{T} \): \( \left( \frac{h}{g} \right)^t = \frac{V}{T} \)
4. Take natural logarithm of both sides: \( t \ln\left( \frac{h}{g} \right) = \ln\left( \frac{V}{T} \right) \)
5. Solve for \( t \): \( t = \frac{\ln\left( \frac{V}{T} \right)}{\ln\left( \frac{h}{g} \right)} \)

Alternatively, using logarithm properties, \( \ln(V/T) = \ln V - \ln T \), and \( \ln(h/g) = \ln h - \ln g \), so \( t = \frac{\ln V - \ln T}{\ln h - \ln g} \)

Either form is acceptable, but maybe the problem expects the answer in terms of logarithms without specifying the base, so the answer is \( t = \frac{\ln(V/T)}{\ln(h/g)} \), which can be written as \( t = \frac{\log(V) - \log(T)}{\log(h) - \log(g)} \) where log is any base, but typically in math problems like this, they accept the natural log form or the common log form.

But since the problem says ""solve the expression"", probably the answer is \( t = \frac{\ln(V) - \ln(T)}{\ln(h) - \ln(g)} \) or \( t = \frac{\log(V/T)}{\log(h/g)} \).

Let me check if there's another way. For example, if we take log base \( h/g \), then \( t = \log_{h/g}(V/T) \), but the problem probably wants it in terms of natural logs or common logs.

In most algebraic contexts, the answer is expressed as \( t = \frac{\ln(V/T)}{\ln(h/g)} \), which simplifies to \( t = \frac{\ln V - \ln T}{\ln h - \ln g} \).

Let me test with numbers. Suppose \( T = 2 \), \( V = 8 \), \( h = 2 \), \( g = 1 \). Then the equation is \( 2 \cdot 2^t = 8 \cdot 1^t \). So \( 2 \cdot 2^t = 8 \), so \( 2^t = 4 \), so \( t = 2 \).

Let's plug into the formula: \( t = \ln(8/2) / \ln(2/1) = \ln(4)/\ln(2) = (2 \ln 2)/(\ln 2) = 2 \). Correct.

Another test: \( T = 1 \), \( V = 3 \), \( h = 4 \), \( g = 2 \). Then equation: \( 1 \cdot 4^t = 3 \cdot 2^t \). So \( 4^t = 3 \cdot 2^t \). Let \( x = 2^t \), then \( (2^2)^t = 3 x \) => \( x^2 = 3x \) => \( x = 3 \) (since \( x > 0 \)), so \( 2^t = 3 \) => \( t = \log_2 3 \approx 1.58496 \).

Using the formula: \( t = \ln(3/1)/\ln(4/2) = \ln 3 / \ln 2 = \log_2 3 \), which matches. So the formula works.

Therefore, the solution is \( t = \frac{\ln(V) - \ln(T)}{\ln(h) - \ln(g)} \) or equivalently \( t = \frac{\ln(V/T)}{\ln(h/g)} \).

Since the problem says ""solve the expression... for \( t \)"", and in many math problems like this, especially in algebra, the answer is written with logarithms, so the simplest form is \( t = \frac{\ln(V/T)}{\ln(h/g)} \), but we can write it as \( t = \frac{\log(V) - \log(T)}{\log(h) - \log(g)} \) where log is any base, but since the problem doesn't specify the base, the answer is typically expressed with natural logs or common logs, but in the context of solving for \( t \), the answer is \( t = \frac{\ln(V) - \ln(T)}{\ln(h) - \ln(g)} \).

Alternatively, factoring out the negative signs: \( t = \frac{\ln(T/V)}{\ln(g/h)} \), but since \( \ln(a/b) = -\ln(b/a) \), so \( \ln(V/T) = -\ln(T/V) \), and \( \ln(h/g) = -\ln(g/h) \), so the ratio remains the same.

So the answer is \( t = \frac{\ln(V) - \ln(T)}{\ln(h) - \ln(g)} \).

I think that's the answer. Let me just make sure there are no mistakes in the steps.

Starting from \( T h^t = V g^t \)

Divide both sides by \( T \): \( h^t = (V/T) g^t \)

Divide both sides by \( g^t \): \( (h/g)^t = V/T \)

Take natural log: \( t \ln(h/g) = \ln(V/T) \)

Thus, \( t = \ln(V/T) / \ln(h/g) \)

Which is equal to \( (\ln V - \ln T) / (\ln h - \ln g) \)

Yes, that's correct.

So the answer is \( t = \frac{\ln(V) - \ln(T)}{\ln(h) - \ln(G)} \) (wait, the problem uses G? No, the problem says \( T h^t = V g^t \), so the variable is g, lowercase g. So it's \( \ln(h) - \ln(g) \).

So the final answer is \( t = \frac{\ln(V) - \ln(T)}{\ln(h) - \ln(g)} \)

Or written as \( t = \frac{\log(V/T)}{\log(h/g)} \), but in the context of the problem, since it's a math problem, the answer is likely expected in the form with natural logs or common logs, but since the problem doesn't specify the base, we can write it using the change of base formula.

But in most cases, the answer is written as \( t = \frac{\ln(V) - \ln(T)}{\ln(h) - \ln(g)} \), which is the same as \( t = \log_{h/g}(V/T) \), but the problem says ""solve the expression"", so they probably want it in terms of logarithms with the given variables.

I think that's it. So the answer is \( t = \frac{\ln(V) - \ln(T)}{\ln(h) - \ln(g)} \), which can be written as \( t = \frac{\log(V) - \log(T)}{\log(h) - \log(g)} \) where log is any base, but since the problem doesn't specify, the natural log version is fine.

Yes, so the boxed answer should be \( \boxed{\dfrac{\ln(V) - \ln(T)}{\ln(h) - \ln(g)}} \)

Wait, but sometimes in these problems, they might prefer it written as \( t = \frac{\ln(V/T)}{\ln(h/g)} \), which is equivalent. Let me check if that's a simpler form.

\( \ln(V/T) = \ln V - \ln T \), and \( \ln(h/g) = \ln h - \ln g \), so both forms are the same.

The problem says ""Solve the expression \( T h^{t}=V g^{t} \) for \( t \) assuming that all other letters are positive constants.""

So the answer is \( t = \frac{\ln(V/T)}{\ln(h/g)} \), which can be written as \( t = \frac{\ln(V) - \ln(T)}{\ln(h) - \ln(g)} \).

I think either form is acceptable, but maybe the problem expects the answer in the form with the ratio of logs, so \( t = \log_{h/g}(V/T) \), but since they want it solved for \( t \), the standard way is to write it as a fraction of logs.

In many textbooks, the solution to \( a^t = b \) is \( t = \log_a b \), which is \( \ln b / \ln a \).

So here, we have \( (h/g)^t = V/T \), so \( t = \log_{h/g}(V/T) = \frac{\ln(V/T)}{\ln(h/g)} \).

Yes, so the answer is \( t = \frac{\ln(V) - \ln(T)}{\ln(h) - \ln(g)} \).

I think that's the answer. Let me just confirm with another example.

Suppose \( T = 1 \), \( V = 4 \), \( h = 2 \), \( g = 1 \). Then the equation is \( 1 \cdot 2^t = 4 \cdot 1^t \) => \( 2^t = 4 \) => \( t = 2 \).

Using the formula: \( (\ln 4 - \ln 1)/(\ln 2 - \ln 1) = ( \ln 4 - 0 ) / ( \ln 2 - 0 ) = (2 \ln 2) / (\ln 2) = 2 \). Correct.

Another example: \( T = 3 \), \( V = 6 \), \( h = 4 \), \( g = 2 \). Equation: \( 3 \cdot 4^t = 6 \cdot 2^t \). Let's solve for \( t \).

Divide both sides by 3: \( 4^t = 2 \cdot 2^t \)

Note that \( 4^t = (2^2)^t = 2^{2t} \), so \( 2^{2t} = 2 \cdot 2^t \) => \( 2^{2t} - 2^t - 2 = 0 \). Let \( x = 2^t \), then \( x^2 - x - 2 = 0 \). Solving: \( x = [1 ± sqrt(1 + 8)]/2 = [1 ± 3]/2 \). Since \( x > 0 \), \( x = 2 \). So \( 2^t = 2 \) => \( t = 1 \).

Now apply the formula: \( t = (\ln 6 - \ln 3)/(\ln 4 - \ln 2) = (\ln(6/3))/(\ln(4/2)) = \ln 2 / \ln 2 = 1 \). Correct.

So the formula works.

Therefore, the solution is \( t = \frac{\ln(V) - \ln(T)}{\ln(h) - \ln(g)} \).

I think that's the answer.
</think>

To solve the equation  
$$
T h^t = V g^t
$$  
for $ t $, where all other letters $ T, h, V, g $ are **positive constants**, we proceed step by step.

---

### Step 1: Isolate the exponential term

We begin by dividing both sides of the equation by $ V g^t $:

$$
\frac{T h^t}{V g^t} = 1 \quad \Rightarrow \quad \left( \frac{h}{g} \right)^t = \frac{V}{T}
$$

This is a key transformation. We now have an equation in the form:
$$
\left( \frac{h}{g} \right)^t = \frac{V}{T}
$$

---

### Step 2: Apply logarithms

Take the natural logarithm (or any base) of both sides:

$$
\ln\left( \left( \frac{h}{g} \right)^t \right) = \ln\left( \frac{V}{T} \right)
$$

Using the power rule of logarithms:

$$
t \cdot \ln\left( \frac{h}{g} \right) = \ln\left( \frac{V}{T} \right)
$$

Now solve for $ t $:

$$
t = \frac{\ln\left( \frac{V}{T} \right)}{\ln\left( \frac{h}{g} \right)}
$$

---

### Step 3: Express in terms of individual logs

Recall that:
$$
\ln\left( \frac{V}{T} \right) = \ln V - \ln T, \quad \text{and} \quad \ln\left( \frac{h}{g} \right) = \ln h - \ln g
$$

So we can write:

$$
t = \frac{\ln V - \ln T}{\ln h - \ln g}
$$

This is a clean and standard expression for $ t $ in terms of the given constants.

---

### Final Answer

$$
\boxed{\dfrac{\ln(V) - \ln(T)}{\ln(h) - \ln(g)}}
$$"
793,"Okay, let's tackle this problem step by step. First, I need to figure out what the hypotheses are here. The manufacturer claims that their long-life bulbs last more than 5300 hours. So, the claim is that the true mean lifetime μ > 5300. 

In hypothesis testing, the null hypothesis H₀ is usually the statement that there's no effect or that the parameter is equal to a certain value, and the alternative is what we're testing. Since the claim is ""more than 5300,"" the alternative hypothesis H₁ would be μ > 530ื่. Wait, but actually, the problem says ""can we conclude with 93% confidence that the claim is true."" So we need to set up the hypotheses.

Let me write down:

H₀: μ ≤ 5300 (the manufacturer's claim is false; the bulbs don't last more than 5300 on average)
H₁: μ > 5300 (the manufacturer's claim is true)

Wait, no. Wait, in hypothesis testing, the null hypothesis is the one we assume to be true until proven otherwise. So if the manufacturer claims that the bulbs last more than 5300, then the null hypothesis is that they do not last more than 5300 (i.e., μ ≤ 5300), and the alternative is that they do (μ > 5300). But sometimes people set it as H₀: μ = 5300 and H₁: μ > 5300, which is a one-tailed test. Let me check.

The problem says ""the manufacturer of light bulbs advertises that, on average, its long-life bulb will last more than 5300 hours."" So the claim is μ > 5300. In hypothesis testing, we usually set H₀ as the opposite of the claim (if it's a one-sided test). So H₀: μ = 5300 (since the null is often the equality), and H₁: μ > 5300. Wait, but some textbooks set H₀ as μ ≤ 5300 for a one-tailed test. Hmm, maybe it's better to think in terms of the test.

We need to do a one-sample z-test or t-test? Since the sample size is 103, which is large, so we can use the normal distribution (Central Limit Theorem). The population standard deviation isn't given, but we have the sample standard deviation s = 450. So it's a t-test? Wait, but n=103 is large, so even if we use t, the t-distribution approximates the normal. But the problem says ""standardized test statistic,"" so maybe they want a z-test here.

Let's recall: for a one-sample t-test, the test statistic is (x̄ - μ₀)/(s/√n). Since n is large (103), the t-distribution is close to normal, so we can approximate with z.

First, let's define the hypotheses.

H₀: μ = 5300 (the null hypothesis is that the mean is exactly 5300)
H₁: μ > 5300 (the alternative is that the mean is greater than 5300)

Wait, but sometimes the null is set as μ ≤ 5300 for a one-tailed test. But in most cases, especially in introductory stats, the null is μ = 5300 for a one-tailed test. Let's go with that.

So the claim is that μ > 5300, so we're testing if the sample provides evidence that μ is greater than 5300.

We have x̄ = 5360, s = 450, n = 103.

We need to compute the test statistic.

First, the standardized test statistic (which is the t-statistic or z-statistic).

Since n is large (103), we can use the z-test. The formula for the z-test statistic is:

z = (x̄ - μ₀) / (σ / √n)

But wait, we don't have σ, we have s (sample standard deviation). For large n, the t-distribution is approximately normal, so we can use the sample standard deviation with the z-test. Alternatively, since n is large, the t-distribution with df=102 is very close to normal, so the critical value is almost the same as z.

But the problem says ""standardized test statistic,"" so probably they expect us to use the t-test here, but with n large, so z is okay.

Wait, the question says ""the value of the standardized test statistic"". Let's compute it.

First, let's see: the test is one-tailed (since the claim is ""more than""), so we're doing a right-tailed test.

The standardized test statistic (t or z) is calculated as:

t = (x̄ - μ₀) / (s / √n)

Here, μ₀ is 5300 (the hypothesized mean under H₀).

So plugging in the numbers:

x̄ = 5360

μ₀ = 5300

s = 450

n = 103

So first, compute the standard error: s / √n = 450 / √103

Let's calculate √103 ≈ 10.14889

So 450 / 10.14889 ≈ 44.31 (let me check: 10.14889 * 44.31 ≈ 450, yes)

Then, the difference x̄ - μ₀ = 5360 - 5300 = 60

So the test statistic t = 60 / 44.31 ≈ 1.354

Wait, but since n is large, we could use z instead. Let's confirm.

In many cases, when n ≥ 30, we use z-test. Here n=103, so definitely z is acceptable.

Alternatively, the problem might accept t, but since n is large, the t-distribution is close to normal.

Let me compute it precisely.

First, √103: 10^2=100, so √103≈10.148891565

So s / √n = 450 / 10.148891565 ≈ 450 / 10.14889 ≈ 44.31 (exactly, 450 ÷ 10.14889 ≈ 44.31)

Then, (x̄ - μ₀) = 60

So test statistic = 60 / 44.31 ≈ 1.354

Let me compute it more accurately.

Compute 450 / sqrt(103):

sqrt(103) = 10.148891565

450 / 10.148891565 = 450 ÷ 10.148891565 ≈ 44.310

So 60 / 44.310 ≈ 1.354

So approximately 1.35.

Wait, but maybe we need to use the exact value.

Alternatively, the problem might expect using z-test here.

Alternatively, the question says ""standardized test statistic"", which is the t-statistic (if we use t) or z.

But since n is large, the critical values for t and z are very close.

Let me check with a calculator.

Compute 5360 - 5300 = 60

Standard error: 450 / sqrt(103) ≈ 450 / 10.1489 ≈ 44.31

So 60 / 44.31 ≈ 1.354

So the test statistic is approximately 1.35.

Wait, but maybe they want more precise. Let's compute 450 / sqrt(103):

sqrt(103) = 10.148891565

450 / 10.148891565 = 44.31007

So 60 / 44.31007 ≈ 1.3537

So approximately 1.35.

But let's see. The problem says ""the value of the standardized test statistic"". So that's the answer for part A.

Now, moving to part B: the rejection region for the standardized test statistic at 93% confidence.

Wait, 93% confidence level? Wait, the problem says ""can we conclude with 93% confidence that the claim is true"". Wait, in hypothesis testing, confidence levels and significance levels are related. Wait, maybe the problem is using 93% confidence to determine the critical value?

Wait, the problem says ""Can we conclude with 93% confidence that the claim is true?"" So perhaps we need to do a hypothesis test at 93% confidence level, meaning that the significance level α is such that the confidence level is 93%, so α = 1 - 0.93 = 0.07? Wait, no. Wait, confidence intervals and hypothesis tests are different.

Wait, maybe the problem is phrased as: ""Can we conclude with 93% confidence"" – but in hypothesis testing, we usually talk about significance levels. Maybe the problem means that we want to test at a 93% confidence level, so the critical value corresponds to 93% confidence, i.e., the area in the tail is 7% (since 100% - 93% = 7% for a one-tailed test).

Wait, let's clarify.

In hypothesis testing, the p-value is the probability of observing the data (or more extreme) if H₀ is true. The confidence level is related to the significance level. For example, a 95% confidence interval corresponds to a 5% significance level.

But the problem says ""can we conclude with 93% confidence that the claim is true"". So maybe they mean that we want to see if the p-value is less than 7% (since 100% - 93% = 7%)? Wait, no. Let's think.

If we want to test at 93% confidence, that would mean that we reject H₀ if the test statistic is in the upper 7% tail (since 1 - 0.93 = 0.07). Wait, no: confidence level is 93%, so the significance level α is 7% for a one-tailed test.

Yes, because in hypothesis testing, the significance level α is the probability of Type I error (rejecting H₀ when it's true), and the confidence level is 1 - α. So if we want a 93% confidence level, then α = 7%.

So for a one-tailed test (right-tailed), the critical value is the z-score where P(Z > z) = 0.07, so the critical value is the z such that the area to the right is 0.07.

Looking at standard normal tables, the z-score for 0.07 in the right tail is... Let's recall.

The z-score for 93% confidence: since 93% confidence means that 7% is in the tail. For a one-tailed test, the critical value is z where Φ(z) = 0.93 (since Φ(z) is the cumulative probability up to z). Wait, no: for a right-tailed test, the rejection region is z > c, where c is the critical value such that P(Z > c) = α. So if α = 0.07, then c is the z-score where the area to the right is 0.07, so the cumulative probability up to c is 0.93.

From standard normal tables, z = 1.47 gives cumulative probability 0.9292, z = 1.48 gives 0.9306. So approximately z = 1.47.

Wait, let's check:

The 93rd percentile of the standard normal distribution is the z where Φ(z) = 0.93.

Using a z-table:

z = 1.47: Φ(1.47) = 0.9292

z = 1.48: Φ(1.48) = 0.9306

So the z-score for 93% cumulative is approximately 1.47 (since 0.93 is between 1.47 and 1.48).

Wait, but actually, the critical value for a 93% confidence level (one-tailed) is the value where the area above it is 7%, so the critical value is z* such that P(Z > z*) = 0.07, so z* = Φ⁻¹(0.93) ≈ 1.47.

Yes, so the rejection region is (1.47, ∞) for a right-tailed test.

But part B says ""the rejection region for the standardized test statistic"". So if the test is right-tailed, the rejection region is all z > c, where c is the critical value. So in interval notation, (c, ∞), where c ≈ 1.47.

But let's get precise.

First, let's confirm the test type.

The claim is μ > 5300, so it's a right-tailed test.

We need to find the critical value for a 93% confidence level. Wait, actually, the confidence level here is 93%, so the significance level α is 7% (since confidence level = 1 - α). So for a one-tailed test, α = 0.07, so the critical value is the z-score where the area to the right is 0.07.

As per standard normal distribution, the z-score corresponding to 93% (left) is approximately 1.47 (since 1 - 0.07 = 0.93).

Let me check with a calculator. Using the inverse normal function:

For a standard normal distribution, the value z where P(Z < z) = 0.93.

Using a calculator, z = 1.475767 (from more precise tables).

So approximately 1.476.

So the rejection region is (1.476, ∞), which in interval notation is (1.48, ∞) if we round to two decimal places, but the problem says ""use interval notation"".

Wait, the problem says ""the rejection region for the standardized test statistic"". So if the test is right-tailed, the rejection region is all values greater than the critical value.

So part B: (1.47, ∞) or (1.48, ∞)? Let's say approximately 1.47.

But let's see. The problem says ""with 93% confidence"". Wait, maybe I'm confused here.

Wait, another angle: the p-value is the probability of getting a sample as extreme or more extreme than observed, assuming H₀ is true. If the p-value is less than the significance level α, we reject H₀.

But the question is ""Can we conclude with 93% confidence that the claim is true?"" So maybe they mean that we want to see if the p-value is less than 7% (since 93% confidence implies 7% significance level). Wait, no. Let's think.

In hypothesis testing, the confidence level is the probability that the true parameter is within the confidence interval, but here it's about the conclusion.

Wait, perhaps the problem is phrased as: ""Can we conclude with 93% confidence"" meaning that we want a 93% confidence interval, but the question is about the hypothesis test.

Wait, the problem says ""Can we conclude with 93% confidence that the claim is true?"" So in other words, does the sample provide enough evidence at the 93% confidence level to support the claim.

But in hypothesis testing, we usually set a significance level (α) and then decide. If the p-value is less than α, we reject H₀.

But the problem states ""with 93% confidence"", so maybe they mean that the confidence level is 93%, so α = 7%.

So for a right-tailed test, the critical value is z where P(Z > z) = 0.07, so z ≈ 1.47.

So the rejection region is (1.47, ∞).

But let's get back to part A: the value of the standardized test statistic.

Earlier, we calculated approximately 1.35.

Let me recalculate precisely.

Test statistic t = (x̄ - μ₀) / (s / √n)

x̄ = 5360, μ₀ = 5300, s = 450, n = 103.

So numerator: 5360 - 5300 = 60

Denominator: 450 / sqrt(103) = 450 / 10.148891565 ≈ 44.31007

So test statistic = 60 / 44.31007 ≈ 1.3537

So approximately 1.35.

But maybe we need to use t-distribution? Wait, the problem says ""standardized test statistic"", which for a t-test is t = (x̄ - μ₀) / (s / √n). Since n is large (103), the t-distribution is very close to normal, so the critical value is almost the same as z.

So the test statistic is approximately 1.35.

Part A: [1.35]

But let's check with more precision.

Compute sqrt(103):

10.148891565

450 / 10.148891565 = 450 ÷ 10.148891565

Let's compute 10.148891565 * 44.31 = 10.148891565 * 44 + 10.148891565 * 0.31

10.148891565 * 44 = 445.551229

10.148891565 * 0.31 ≈ 3.146156

Total ≈ 445.551229 + 3.146156 ≈ 448.697, which is close to 450. So 44.31 is a good approximation.

So 60 / 44.31 ≈ 1.3537, so approximately 1.35.

So part A: 1.35 (maybe rounded to two decimal places)

Part B: Rejection region. Since it's a right-tailed test, and we're using 93% confidence (so α = 7%), the critical value is z where P(Z > z) = 0.07. As we said, z ≈ 1.47.

So the rejection region is (1.47, ∞). In interval notation, (1.47, ∞) or (1.48, ∞) depending on rounding.

Let me check a z-table.

The z-score for 0.93 (since 1 - 0.07 = 0.93) is:

From standard normal table:

z = 1.47: cumulative probability 0.9292

z = 1.48: cumulative probability 0.9306

So 0.93 is between z=1.47 and z=1.48. Let's interpolate.

The difference between 0.9292 and 0.9306 is 0.0014 over 0.01 z.

We need 0.93 - 0.9292 = 0.0008.

So fraction = 0.0008 / 0.0014 ≈ 0.57

So z ≈ 1.47 + 0.57*0.01 ≈ 1.4757

So approximately 1.48.

So the critical value is approximately 1.48.

Thus, the rejection region is (1.48, ∞). In interval notation, (1.48, ∞) which is written as (1.48, inf) in the problem's notation.

Part C: p-value.

The p-value is the probability of obtaining a test statistic as extreme as observed or more extreme, assuming H₀ is true.

Since it's a right-tailed test, p-value = P(Z > 1.3537)

From standard normal table:

P(Z > 1.35) = 1 - 0.9115 = 0.0885

P(Z > 1.36) = 1 - 0.9192 = 0.0808

So 1.3537 is between 1.35 and 1.36.

The p-value is approximately 0.088 (since 1.35 gives 0.0885, 1.36 gives 0.0808). Let's compute more precisely.

Using linear approximation between z=1.35 and z=1.36.

At z=1.35, cumulative probability is 0.9115, so p-value = 1 - 0.9115 = 0.0885

At z=1.36, cumulative probability is 0.9192, so p-value = 1 - 0.9192 = 0.0808

Our test statistic is 1.3537, which is 0.0037 above 1.35.

The difference in p-values between z=1.35 and z=1.36 is 0"
794,"Okay, let's try to figure out the mean and median for this data set. First, I need to make sure I have the data correctly sorted. The problem says it's sorted, so we can use it as is. Let me list out the numbers to see the counts.

The data given is: 2 2 3 3 3 4 4 4 4 4 5 5 5 6 6 6 6 6 7 2 2 3 3 3 4 4 4 4 4 5 5 5 6 6 6 6 6 7

Wait, hold on, the problem says ""the following (sorted) numbers"". So maybe the list is already sorted. Let me check if there are duplicates. Let's count how many times each number appears.

First, let's list all the numbers with their frequencies:

Starting from the smallest:

Number 2: Let's count the 2s. In the data: 2, 2, ... So first two 2s? Wait, the data is written as: 2 2 3 3 3 4 4 4 4 4 5 5 5 6 6 6 6 6 7 2 2 3 3 3 4 4 4 4 4 5 5 5 6 6 6 6 6 7

Wait, that's a bit confusing. Maybe the list is 36 numbers? Let's count the total numbers.

Let me write out the entire list as given, then count each number.

The problem states: ""student in her class read the following (sorted) numbers of books: [list]""

The list is: 2 2 3 3 3 4 4 4 4 4 5 5 5 6 6 6 6 6 7 2 2 3 3 3 4 4 4 4 4 5 5 5 6 6 6 6 6 7

Wait, that's a lot of numbers. Let's count how many entries there are. Let's split the list into parts.

First part: 2 2 3 3 3 4 4 4 4 4 5 5 5 6 6 6 6 6 7

Second part: 2 2 3 3 3 4 4 4 4 4 5 5 5 6 6 6 6 6 7

Wait, maybe the problem has a typo, but since it's sorted, the entire list should be sorted. Wait, no—sorted data is already in order, so the list is sorted. But the way it's written here, it starts with 2,2,3,3,3,... then later has another 2,2, which would be a problem because sorted data can't have a smaller number after a larger one. Hmm, that must be a mistake in my reading.

Wait, the problem says ""the following (sorted) numbers"", so the list is sorted. Therefore, the list is in ascending order. So the first number is the smallest, then next, etc. So the list should be non-decreasing.

But the problem writes: 2 2 3 3 3 4 4 4 4 4 5 5 5 6 6 6 6 6 7 2 2 3 3 3 4 4 4 4 4 5 5 5 6 6 ื่6 6 6 6 6 7

Wait, that's probably a copy-paste error. Let me count the total numbers. Let's see: the problem says ""for the current 9-weeks period, student in her class read the following (sorted) numbers of books: [list]"". Let's count the numbers in the list provided.

Original list as written: ""2 2 3 3 3 4 4 4 4 4 5 5 5 6 6 6 6 6 7 2 2 3 3 3 4 4 4 4 4 5 5 5 6 6 6 6 6 7""

Let's count each number:

First, the first part: 2 (x2), 3 (x3), 4 (x5), 5 (x3), 6 (x5), ื่ (x1)

Then the second part: 2 (x2), 3 (x3), 4 (x5), 5 (x3), 6 (x5), 7 (x1)

Wait, but if it's sorted, the entire list should be non-decreasing. So having 7 followed by 2 is impossible. So the problem must have a typo in the way it's written. Wait, no—maybe the list is just the sorted data, so the entire list is sorted. So the first number is the smallest, then next, etc. So the list is sorted, so all the 2s come first, then 3s, then 4s, etc.

Wait, the problem says ""the following (sorted) numbers"", so the list is sorted. So the correct approach is to take the list as given (sorted), so we can just process it as a sorted list.

Let me try to list all the numbers in order. Let's count the frequency of each number.

Let's go through the list step by step.

The data is written as: 2, 2, 3, 3, 3, 4, 4, 4, 4, 4, 5, 5, 5, 6, 6, 6, 6, 6, 7, 2, 2, 3, 3, 3, 4, 4, 4, 4, 4, 5, 5, 5, 6, 6, 6, 6, 6, 7

Wait, that's 36 numbers? Let's count:

First part: 2,2,3,3,3,4,4,4,4,4,5,5,5,6,6,6,6,6,7 → that's 19 numbers (count: 2x2=2, 3x3=3, 4x5=5, 5x3=3, 6x5=5, 7x1=1; total 2+3+5+3+5+1=19)

Second part: 2,2,3,3,3,4,4,4,4,4,5,5,5,6,6,6,6,6,7 → same as first part, 19 numbers. So total 38 numbers?

Wait, the problem says ""student in her class""—so maybe the class has 38 students? Let's check the count again.

Wait, the problem says ""the following (sorted) numbers of books: 2 2 3 3 3 4 4 4 4 4 5 5 5 6 6 6 6 6 7 2 2 3 3 3 4 4 4 4 4 5 5 5 6 6 6 6 6 7""

Let me count the numbers:

Let's list each number with its position:

1:2, 2:2, 3:3, 4:3, 5:3, 6:4, 7:4, 8:4, 9:4, 10:4, 11:5, 12:5, 13:5, 14:6, 15:6, 16:6, 17:6, 18:6, 19:7, 20:2, 21:2, 22:3, 23:3, 24:3, 25:4, 26:4, 27:4, 28:4, 29:4, 30:5, 31:5, 32:5, 33:6, 34:6, 35:6, 36:6, 37:6, 38:7

Ah! So the list is 38 numbers. But since it's sorted, this is a problem because after the first 7 comes a 2, which is smaller than 7. That can't be. So the problem statement must have a typo, but since it's given as sorted, we have to assume that the list is correctly sorted, so the repetition of 2s, 3s, etc., is just the sorted list.

Wait, no—sorted lists don't have a number that's smaller later. So the correct interpretation is that the entire list is sorted in non-decreasing order, so all the 2s come first, then 3s, then 4s, etc. So the list is:

2, 2, 2, 2, 3, 3, 3, 3, 3, 4, 4, 4, 4, 4, 5, 5, 5, 6, 6, 6, 6, 6, 7, 7... but no, the problem says the list is sorted, so the order is correct.

Wait, maybe the problem is that the user pasted the data incorrectly. Let's think differently.

The problem says: ""For the current 9-weeks period, student in her class read the following (sorted) numbers of books: [data]""

So the data is sorted, so we can take it as a sorted list. Let's count the frequency of each number.

Let's list the numbers and count how many times each appears.

Looking at the data: 2, 2, 3, 3, 3, 4, 4, 4, 4, 4, 5, 5, 5, 6, 6, 6, 6, 6, 7, 2, 2, 3, 3, 3, 4, 4, 4, 4, 4, 5, 5, 5, 6, 6, 6, 6, 6, 7

Wait, this is a list of 38 numbers (since the first part has 19 numbers, second part 19 numbers). But since it's sorted, the list should be in order, so the 2s come first, then 3s, etc. So the list is:

2, 2, 2, 2 (wait, no, the original list has two 2s at the start, then later two more 2s).

Wait, maybe the problem is that the list is written with duplicates, but it's sorted, so the count per number is as follows:

Let's count the number of 2s: in the list, there are two 2s at the beginning and two 2s later, so total 4 twos.

Similarly, 3s: three 3s at the start, three 3s later, so total 6 threes.

4s: five 4s at the start, five 4s later, so 10 fours.

5s: three 5s at the start, three 5s later, so 6 fives.

6s: five 6s at the start, five 6s later, so 10 sixes.

7s: one 7 at the start, one 7 later, so 2 sevens.

Wait, that might be the case. Let's verify:

Total numbers: 4 + 6 + 10 + 6 + 10 + 2 = 38 numbers.

Yes, 4*2 + 6*3 + 10*4 + 6*5 + 10*6 + 2*7 = wait, no, the count per number is:

Number of 2s: 4

Number of 3s: 6

Number of 4s: 10

Number of 5s: 6

Number of 6s: 10

Number of 7s: 2

Let me check: 4 + 6 + 10 + 6 + 10 + 2 = 38. Correct.

So the sorted list is:

[2, 2, 2, 2, 3, 3, 3, 3, 3, 3, 4, 4, 4, 4, 4, 4, 4, 4, 4, 4, 5, 5, 5, 5, 5, 5, 6, 6, 6, 6, 6, 6, 6, 6, 6, 6, 7, 7]

Wait, but the problem says ""the following (sorted) numbers"", so the list is sorted, so the order is correct.

Now, to compute the mean, we need to sum all the numbers and divide by the count (38).

To compute the median, since there are 38 numbers (even number), the median is the average of the 19th and 20th numbers in the sorted list.

Let's list the positions:

Position 1: 2

Positions 2-5: 2 (wait, no, we have 4 twos, so positions 1-4: 2

Then positions 5-10: 3 (since 6 threes, positions 5-10: 3)

Then positions 11-20: 4 (10 fours, positions 11-20: 4)

Then positions 21-26: 5 (6 fives, positions 21-26: 5)

Then positions 27-36: 6 (10 sixes, positions 27-36: 6)

Then positions 37-38: 7 (2 sevens, positions 37-38: 7)

Wait, let's confirm the positions:

Total numbers: 38.

Number of 2s: 4 → positions 1-4

Number of 3s: 6 → positions 5-10 (6 numbers)

Number of 4s: 10 → positions 11-20 (10 numbers)

Number of 5s: 6 → positions 21-26 (6 numbers)

Number of 6s: 10 → positions 27-36 (10 numbers)

Number of 7s: 2 → positions 37-38 (2 numbers)

Yes, that adds up: 4+6+10+6+10+2=38.

So the 19th and 20th numbers (since n=38, median is average of 19th and 20th) are:

Position 19: what's the 19th number?

Positions 1-4: 2

5-10: 3 (positions 5-10: 6 numbers, so position 10 is the last 3)

Then positions 11-20: 4 (10 numbers, so position 11 to 20 are 4s)

Therefore, position 19 is 4, position 20 is 4.

So the median is (4 + 4)/2 = 4.0

Wait, that's interesting. Let's confirm:

1st:2

2nd:2

3rd:2

4th:2

5th:3

6th:3

7th:3

8th:3

9th:3

10th:3

11th:4

12th:4

13th:4

14th:4

15th:4

16th:4

17th:4

18th:4

19th:4

20th:4

21st:5

...

So yes, the 19th and 20th numbers are both 4. So median is 4.0.

Now the mean: sum all numbers divided by 38.

Let's compute the sum.

Sum = (number of 2s * 2) + (number of 3s * 3) + (number of 4s * 4) + (number of 5s * 5) + (number of 6s * 6) + (number of 7s * 7)

We have:

Number of 2s: 4 → 4*2=8

Number of 3s: 6 → 6*3=18

Number of 4s: 10 → 10*4=40

Number of 5s: 6 → 6*5=30

Number of 6s: 10 → 10*6=60

Number of 7s: 2 → 2*7=14

Total sum = 8 + 18 + 40 + 30 + 60 + 14

Let's calculate step by step:

8 + 18 = 26

26 + 40 = 66

66 + 30 = 96

96 + 60 = 156

156 + 14 = 170

So total sum is 170.

Mean = 170 / 38 ≈ ?

Let's compute 170 ÷ 38.

38*4=152, 170-152=18, so 4 + 18/38 = 4 + 9/19 ≈ 4 + 0.473684 ≈ 4.473684

Rounded to two decimal places: 4.47

Wait, but let's check the sum again to make sure.

Wait, number of 2s: 4 → 4*2=8

Number of 3s: 6 → 6*3=18

Number of 4s: 10 → 10*4=40

Number of 5s: 6 → 6*5=30

Number of 6s: 10 → 10*6=60

Number of 7s: 2 → 2*7=14

Total sum: 8+18=26; 26+40=66; 66+30=96; 96+60=156; 156+14=170. Yes, sum is 170.

170 divided by 38: 170 ÷ 38.

38*4=152, 170-152=18, so 4 + 18/38 = 4 + 9/19 ≈ 4.4736842105...

So to two decimal places, that's 4.47.

Wait, but let me confirm the counts again, because if the counts are wrong, the mean is wrong.

The problem states: ""the following (sorted) numbers of books: 2 2 3 3 3 4 4 4 4 4 5 5 5 6 6 6 6 6 7 2 2 3 3 3 4 4 4 4 4 5 5 5 6 6 6 6 6 7""

Let's count the number of each number in the given list.

List as written (with spaces):

2, 2, 3, 3, 3, 4, 4, 4, 4, 4, 5, 5, 5, 6, 6, 6, 6, 6, 7, 2, 2, 3, 3, 3, 4, 4, 4, 4, 4, 5, 5, 5, 6, 6, 6, 6, 6, 7

Let's count each number:

Number 2: first two 2s, then later two 2s → total 4 twos. Correct.

Number 3: first three 3s, then later three 3s → total 6 threes. Correct.

Number 4: first five 4s, then later five 4s → total 10 fours. Correct.

Number 5: first three 5s, then later three 5s → total 6 fives. Correct.

Number 6: first five 6s, then later five 6s → total 10 sixes. Correct.

Number 7: first one 7, then later one 7 → total 2 sevens. Correct.

So the counts are correct.

So sum is 170, n=38.

Mean: 170/38 ≈ 4.47368 → 4.47

Median: since n=38 (even), median is average of 19th and 20th terms.

As we listed before:

Positions 1-4: 2

5-10: 3 (6 numbers)

11-20: 4 (10 numbers)

So 19th term is 4, 20th term is 4. So median is (4+4)/2=4.0 → 4.00

Wait, but the problem says ""the median number read is [ANS]"". So median is 4.00, which is an integer, so we can write 4.00 or just 4. But the problem says ""express answers that are not integers to two decimal places"". Since the median is an integer, we can write it as 4.00 or 4. But the problem says ""if the answer is not an integer, express to two decimals"". So median is 4, which is integer, so we can write 4.00? Or just 4? Wait, the problem says ""the median number read is [ANS]"". Let's check.

In statistics, when the median is an integer, we usually write it as is, but the problem says"
795,"Okay, let's try to figure out this problem step by step. So, we have a fish population that starts at 450 and half disappears every 6 years. We need to write this as a function P = ab^(-t/T) and find a, b, T.

First, let's recall what each part of the function means. In exponential decay models, we often have something like P(t) = P0 * (1/2)^(t / half-life), which is similar to the form given here. The problem says ""one-half disappear every 6 years,"" so that means every 6 years, the population is multiplied by 1/2. That's the half-life, right? The half-life is the time it takes for the quantity to reduce to half its initial value.

Let me think. The general exponential decay formula is P(t) = P0 * e^(-kt), but here they want it in the form P = ab^(-t/T). Let's parse that. The exponent is -t/T, so it's a negative exponent, which makes sense for decay. 

First, let's note the initial condition. When t = 0, the population is 450. So plugging t = 0 into the equation: P(0) = ab^(-0/T) = a * b^0 = a * 1 = a. So that tells us that a is the initial population. So a should be 450. Wait, is that right? Let's check.

Yes, because when t = ื่, the population is P = a*b^0 = a. So the initial population is a. Since the problem states that the population begins with 450, then a = 450. That seems straightforward.

Next, we need to find b and T. The problem says ""one-half disappear every 6 years."" So after 6 years, the population is half of what it was. Let's write that down. At t = 6, P(6) = 450 * (1/2). So let's use the function to express that.

So P(6) = a * b^(-6/T) = 450 * (1/2).

But we know a = 450, so:

450 * b^(-6/T) = 450 * (1/2)

Divide both sides by 450:

b^(-6/T) = 1/2

Which can be rewritten as:

b^( - (6/T) ) = 1/2

Or, equivalently,

b^( (6/T) ) = 2 (since if x = 1/y, then y = 1/x, so taking reciprocals: b^(-k) = 1/2 implies b^k = 2)

Wait, let's do it carefully. Let's let k = 6/T, so the exponent is -k. Then:

b^(-k) = 1/2 => (1/b)^k = 1/2 => 2 = (1/b)^(-k) = b^k. Wait, maybe another approach.

Alternatively, in exponential decay, the standard form is P(t) = P0 * (1/2)^(t / τ), where τ is the half-life. Here, the half-life is 6 years. So τ = 6. Then, the function would be P(t) = 450 * (1/2)^(t / 6). But the problem wants it in the form P = ab^(-t/T). Let's see.

Let's take the standard form: P(t) = 450 * (1/2)^(t / 6). Let's rewrite this to match the given form.

Note that (1/2)^(t / 6) = (1/2)^(t / 6) = [ (1/2)^(1/6) ]^t. But maybe better to express as b^(-t/T).

Let me recall that a^b = c^d implies that we can write it as c^(d log_a c) or something, but perhaps more directly.

We have P(t) = 450 * (1/2)^(t / 6). Let's write this as 450 * [ (1/2)^(1/6) ]^t. But the problem wants it as ab^(-t/T). Let's see.

The given form is P = a * b^(-t/T). Let's write the exponent: -t/T. So the base b raised to the power of (-t/T) is the same as (1/b)^(t/T). So the function is a * (1/b)^(t/T).

In our case, the function is 450 * (1/2)^(t / 6). So comparing, we have:

a = 450.

Then, (1/b)^(t / T) = (1/2)^(t / 6). So, (1/b) = (1/2)^(T / 6)? Wait, no. Let's think about the exponents.

Let me set x = t, so we have:

P(x) = 450 * (1/2)^(x / 6) = 450 * b^(-x / T)

So we need to write (1/2)^(x / 6) as b^(-x / T). Let's solve for b and T.

Let’s take natural logs to see the relationship, but maybe it's simpler.

Let’s note that (1/2)^(x / 6) = 2^(-x / 6). So, 2^(-x / 6) = b^(-x / T). So, if we can write 2^(-x / 6) as b^(-x / T), then we can equate the exponents.

Let’s set 2^(-x / 6) = b^(-x / T). Let's take both sides to the power of -1: 2^(x / 6) = b^(x / T). Then, for this to hold for all x, we need the bases to be equal and the exponents to be proportional.

So, 2^(x / 6) = (b^(1/T))^x. So, 2^(1/6) = b^(1/T). Because if a^x = c^x for all x, then a = c.

Wait, let's take x = 1: 2^(1/6) = b^(1/T). So, b^(1/T) = 2^(1/6). Therefore, b = 2^(1/(6/T))? Hmm, maybe not.

Alternatively, let's consider the function f(t) = (1/2)^(t / 6) = e^(ln((1/2)^(t / 6))) = e^( (t / 6) * ln(1/2) ) = e^( - (t / 6) * ln 2 ). But the problem wants it in the form ab^(-t/T). Let's see.

Wait, the form is P = a * b^(-t/T). Let's write this as P = a * (b^(-1/T))^t. So it's an exponential function with base b^(-1/T). So the decay factor per year is b^(-1/T).

In the problem, we know that every 6 years, the population is halved. So the decay factor over 6 years is 1/2. So, the decay factor per year is (1/2)^(1/6). Because after 1 year, it's (1/2)^(1/6) times the original, after 2 years, (1/2)^(2/6) = (1/2)^(1/3), etc.

So, the base b in the exponent is such that when t = 6, the exponent is -6/T, so the population is a * b^(-6/T) = a * (1/2). So, b^(-6/T) = 1/2. Which implies that b^(6/T) = 2.

So, we need to find b and T such that b^(6/T) = 2.

Let’s think of T as the time for the population to decrease by a factor of 2, but wait, no. Wait, in the standard exponential decay, the half-life is the time it takes to halve, so here the half-life is 6 years. But in the form given, T is the time parameter in the denominator.

Wait, the problem says ""one-half disappear every 6 years"", so the half-life is 6 years. In the model P = ab^(-t/T), the parameter T is related to the half-life.

Let me recall that in the exponential decay model, the half-life (T_half) is related to the decay constant. For example, in the form P(t) = P0 * e^(-kt), the half-life is T_half = ln(2)/k. But here we have a different form.

Alternatively, let's use the definition. Let's say that when t = T, the population is halved? Wait, no. Wait, in the form P = ab^(-t/T), when does the population halve?

Suppose we want to find T such that when t = T, the population is half. Wait, no, the problem says ""one-half disappear every 6 years"", so the time between halvings is 6 years. So the half-life is 6 years.

In the form P = ab^(-t/T), the time it takes for the population to halve is when P = a/2. So:

a/2 = ab^(-T/T) = ab^(-1) => 1/2 = b^(-1) => b = 1/2.

Wait, that might be a key point. Wait, if we set t = T, then the exponent becomes -T/T = -1, so P(T) = a * b^(-1) = a / b. So, if the time to halve is T, then a / b = a / 2 => b = 2. Wait, that's a different way.

Wait, let's clarify. Let's suppose that the half-life is 6 years, meaning that after 6 years, the population is half. So, when t = 6, P(6) = 450 / 2 = 225.

So, using the function P(t) = ab^(-t/T):

At t = 6, P(6) = ab^(-6/T) = 225.

But we know that a = 450 (since at t=0, P(0)=a=450).

So, 450 * b^(-6/T) = 225.

Divide both sides by 450: b^(-6/T) = 1/2.

Which is the same as: b^(6/T) = 2.

So, we have b^(6/T) = 2.

We need to find b and T such that this holds. But there are infinitely many solutions unless we fix a relation. Wait, but in exponential functions, usually, we can choose T to be the half-life, but here the problem says ""one-half disappear every 6 years"", so the half-life is 6 years.

Wait, in the standard form, if we have a half-life of 6 years, then the function is P(t) = 450 * (1/2)^(t / 6). Let's write this in the form given: P = ab^(-t/T).

So, 450 * (1/2)^(t / 6) = 450 * [ (1/2)^(1/6) ]^t. But the problem wants it as ab^(-t/T). Let's see.

Let me write (1/2)^(t / 6) as 2^(-t / 6). So, P(t) = 450 * 2^(-t / 6). Now, we need to express this as ab^(-t/T).

So, 2^(-t / 6) = b^(-t / T). Let's rearrange:

b^(-t / T) = 2^(-t / 6)

Which implies that for all t, the exponents must satisfy the base equality. So, if we take t = 1, then b^(-1/T) = 2^(-1/6). Taking reciprocals: b^(1/T) = 2^(1/6). Then, raising both sides to the power of T: b = 2^(T / 6).

But we need to find specific values. Wait, maybe T is the half-life? Wait, the problem says ""one-half disappear every 6 years"", so the time between halvings is 6 years, so the half-life is 6 years.

In the form P = ab^(-t/T), the parameter T is the time it takes for the population to decrease by a factor of b, but here we have a half-life.

Wait, let's think differently. Let's recall that in the exponential function, the half-life is related to the base.

Suppose we have P(t) = P0 * (1/2)^(t / T_half), where T_half is the half-life. In this case, T_half = 6 years.

But the problem wants it written as P = ab^(-t/T). So, let's compare:

P(t) = P0 * (1/2)^(t / T_half) = P0 * [ (1/2)^(1/T_half) ]^t = P0 * b^(-t/T) ?

Wait, let's see. Let's write (1/2)^(t / T_half) as b^(-t / T). So, we have:

b^(-t / T) = (1/2)^(t / T_half)

Which can be rewritten as:

b^( - t / T ) = (1/2)^( t / T_half )

Take both sides to the power of -1:

b^( t / T ) = (2)^( t / T_half )

Since (1/2)^(-x) = 2^x.

So, b^( t / T ) = 2^( t / T_half )

For these to be equal for all t, their bases must be equal and the exponents must be proportional.

So, b^(1/T) = 2^(1/T_half)

Therefore, taking natural logs:

(1/T) * ln b = (1/T_half) * ln 2

But maybe it's simpler to set the exponents equal.

If we let t = 1, then b^(1/T) = 2^(1/T_half). So, b^(1/T) = 2^(1/T_half). To make this a simple expression, we can choose T = T_half, but let's see.

Wait, the problem says ""one-half disappear every 6 years"", so the half-life is 6 years. So T_half = 6.

In the standard form, P(t) = 450 * (1/2)^(t / 6). Let's write this as 450 * [ (1/2)^(1/6) ]^t. But the problem wants it in the form ab^(-t/T). Let's see.

Let me write the exponent: -t/T. So, the function is 450 * b^(-t/T) = 450 * (1/2)^(t / 6).

So, b^(-t/T) = (1/2)^(t / 6). Let's take both sides to the power of -1:

b^(t/T) = (2)^(t / 6)

So, for all t, b^(t/T) = 2^(t / 6). Therefore, the bases must be equal and the exponents must be equal in terms of t.

So, if we take t = 1, then b^(1/T) = 2^(1/6). So, b^(1/T) = 2^(1/6). Let's square both sides? No, maybe take logarithms.

Let’s take natural logs:

(1/T) ln b = (1/6) ln 2

But we need to find b and T. However, the problem probably expects a specific answer where T is the half-life, which is 6 years. Wait, let's think.

In the form P = ab^(-t/T), the parameter T is the time it takes for the population to decrease by a factor of b. But since we know that the population halves every 6 years, that means that when t = T, the population is halved. Wait, is that true?

Wait, if we set t = T, then P(T) = ab^(-T/T) = a * b^(-1) = a / b. So, if the population is halved when t = T, then a / b = a / 2 => b = 2.

Ah! That's a key insight. So, if we define T as the time it takes for the population to halve (i.e., the half-life), then when t = T, the population is half, so P(T) = a / 2. Therefore, a / b = a / 2 => b = 2.

Wait, that's interesting. Let's check:

If P(t) = ab^(-t/T), then at t = T, P(T) = ab^(-1) = a / b. So, if the half-life is T, then P(T) = a / 2, so a / b = a / 2 => b = 2.

Yes! So, in this case, the half-life is 6 years, so T = 6. And b = 2.

Wait, but let's verify.

If b = 2, then the function is P(t) = a * 2^(-t / T). Let's see what happens when t = T: P(T) = a * 2^(-1) = a / 2. Perfect, so that's exactly the half-life: after time T, the population is half. So, in this model, T is the half-life. So, since the half-life is 6 years, T = 6.

And we found that b = 2.

Also, a is the initial population, which is 450, since when t = 0, P(0) = a * 2^0 = a = 450.

Wait, but let's confirm with the problem statement. It says ""one-half disappear every 6 years"". So, after 6 years, the population is half. So, yes, T = 6 (the half-life), and b = 2.

Let me write the function: P(t) = 450 * 2^(-t / 6). Let's check at t = 6: P(6) = 450 * 2^(-6/6) = 450 * 2^(-1) = 450 / 2 = 225, which is half of 450. Perfect, that's correct.

So, in this form, a = 450, b = 2, T = 6.

Wait, but let me make sure. Sometimes, people confuse the form. Let's see.

The problem says ""the population is represented by a function of the form P = ab^{-t/T}"". So, in our case, we have P(t) = 450 * 2^{-t/6}, which is exactly a = 450, b = 2, T = 6.

Yes, that seems right.

Let me think again. Suppose someone says ""one-half disappear every 6 years"", so the decay factor per year is (1/2)^(1/6). So, the base of the exponent is (1/2)^(1/6) = 2^(-1/6). So, the function is 450 * [2^(-1/6)]^t = 450 * 2^(-t/6), which is the same as 450 * 2^{-t/6}.

So, in the form P = ab^{-t/T}, we have a = 450, b = 2, T = 6.

Yes, that's correct.

Let me check with t = 12. After 12 years, the population should be a quarter of the original. Let's compute P(12) = 450 * 2^(-12/6) = 450 * 2^(-2) = 450 / 4 = 112.5, which is a quarter, so that's correct (since it halves every 6 years, so 12 years is two half-lives, so 1/4).

Perfect, that checks out.

So, the answers are:

a = 450

b = 2

T = 6

I think that's it. Let me just make sure I didn't mix up any signs.

The function is P = ab^{-t/T}. So, when t increases, the exponent becomes more negative, so the population decreases, which is correct for decay.

Yes, because b > 1, so b^{-t/T} = 1 / b^{t/T}, which decreases as t increases.

So, all good.

Another way: Let's derive it from scratch.

Given that the population halves every 6 years. So, the decay rate is such that P(t) = P0 * (1/2)^(t / 6).

We need to write this as P = ab^{-t/T}.

So, (1/2)^(t / 6) = b^{-t / T}

Take natural logs on both sides:

(ln(1/2)) * (t / 6) = (-t / T) * ln b

Simplify:

(-ln 2) * (t / 6) = (-t / T) * ln b

Multiply both sides by -1:

(ln 2) * (t / 6) = (t / T) * ln b

Divide both sides by t (assuming t ≠ 0):

(ln 2) / 6 = (ln b) / T

So,

T = (6 * ln b) / ln 2

But we want to express it in a way that's simplest. However, in the problem, they probably expect T to be 6, since the half-life is 6 years. Wait, but according to this, T depends on b.

Wait, but earlier we thought that T is the half-life, which is 6. But in the derivation above, T is a parameter in the function, not necessarily the half-life.

Wait, hold on. Maybe my initial assumption was wrong.

Wait, in the standard exponential decay model, the half-life is T"
796,"This is a complex or challenging question, and it is difficult to provide a direct and correct answer. I need to think about it.
Well, so we have two circles: ω₁ is radius 1, internally tangent to ω₂ (radius 2) at point A. Let's start by setting up coordinates to model this. Maybe coordinate geometry will help here. Let's place point A at the origin to simplify? Wait, no, actually, since they're internally tangent, the centers should be along the line connecting the tangent point. Let's put the center of ω₂ at the origin to make use of symmetry? Wait, internal tangent, so the center of ω₁ is inside ω₂, and the distance between centers is equal to the difference in radii, right? For internal tangent, yes: if two circles are internally tangent, distance between centers is |r₂ - r₁|. Here, ω₂ has radius 2, ω₁ radius ื่, so distance between centers is 2 - 1 = 1.

Let me fix coordinate system: let’s let the center of ω₂ be at O₂ = (0, 0), and since they're internally tangent at A, the center of ω₁, say O₁, must lie along the line OA, where A is the tangent point. So let's put point A at (2, 0)? Wait, no: if ω₂ has center at (0,0) and radius 2, then point A is the tangent point, so for internal tangent, the point of tangency is on the line connecting centers, so let's set A at (2, 0). Wait, but if they're internally tangent, the center of ω₁ should be between O₂ and A? Wait, no: internal tangent means one is inside the other, touching at one point. So ω₁ is inside ω₂, touching at A. So the center O₁ is inside ω₂, and the line O₂O₁ passes through A, with A being the point of tangency. So the vector from O₂ to A should be in the direction from O₂ to O₁, extended to the circumference of ω₂.

Yes, standard: for two circles internally tangent at A, the centers and A are colinear, with A outside the segment O₂O₁? Wait, no: if you have a big circle inside a small circle? Wait, no, here ω₁ is inside ω₂, so ω₂ is bigger (radius 2 vs 1), so ω₁ is inside ω₂, touching at A. So the center O₂ of ω₂, center O₁ of ω₁, and point A are colinear, with A being the point where they touch, so the distance from O₂ to A is 2 (since A is on ω₂), and from O₁ to A is 1 (since A is on ω₁). Since ω₁ is inside ω₂, the order on the line should be O₁ --- O₂ --- A? Wait, no! Wait, if you have two circles, one inside the other, touching at one point, the point of tangency is on the line connecting centers, and the smaller circle is entirely inside the larger one, so the center of the smaller circle is between the center of the larger circle and the point of tangency? Wait, let's take an example: a small circle inside a big circle, touching at the top. Center of big circle at (0,0), radius 2; center of small circle at (0,1), radius 1. Then they touch at (0,2), which is on both circles: distance from (0,1) to (0,2) is 1, good; distance from (0,0) to (0,2) is 2, good. Yes! That's a good coordinate system.

So let's define:

- Let O₂ = (0, 0) [center of ω₂, radius 2]
- Let O₁ = (0, d) [center of ω₁, radius 1], and since they're internally tangent at A, the point A is the point of tangency, so it's along the line connecting centers, so on the y-axis (in this setup). The distance from O₂ to A is 2, from O₁ to A is 1, so since ω₁ is inside ω₂, A must be in the direction away from O₂ relative to O₁? Wait, in my example above, center of small circle at (0,1), so moving from O₂=(0,0) towards O₁=(0,1), the point A is further out: from O₁=(0,1) in the direction away from O₂ (which is up the y-axis) to reach A on ω₁, so A = (0, 1 + 1) = (0, 2), which is on ω₂ (distance 2 from O₂). Perfect, that works!

So let's fix coordinates precisely to avoid confusion:

- Let ω₂: center O₂ = (0, 0), radius R = 2 ⇒ equation x² + y² = 4
- ω₁: center O₁ = (0, 1), radius r = 1 ⇒ equation x² + (y - 1)² = 1
- Check tangency: solve the two equations: x² + y² = 4 and x² + y² - 2y + 1 = 1 ⇒ x² + y² = 2y ⇒ substitute into first equation: 2y = 4 ⇒ y = 2, then x = 0. So they touch only at (0, 2), which is point A! Great, so we set A = (0, 2). Perfect, this satisfies internal tangency at A = (0, 2).

Now, we need a chord AB of ω₂ with length 2√3. Let's recall AB is a chord of ω₂ (radius 2), so length 2√3. Let's find coordinates of B. First, let's note that in circle ω₂, chord length 2√3 corresponds to central angle θ where (2)(2)sin(θ/2) = 2√3? Wait, no: chord length = 2R sin(θ/2), where θ is central angle. So here, chord length = 2√3, R = 2, so 2√3 = 2*2*sin(θ/2) ⇒ sin(θ/2) = √3/2 ⇒ θ/2 = 60° or 120°, so θ = 120° or 240°, so central angle 120°.

But maybe better to pick coordinates for AB to simplify. Since the problem is symmetric around the y-axis (we have everything on y-axis so far), let's assume chord AB is not vertical? Wait, but we can choose coordinates so that AB is horizontal? Wait, no, let's pick a convenient position for AB to make calculations easier. Let's suppose that chord AB has midpoint somewhere, but maybe set point A at (0, 2), as we defined, and let's let point B be at some point (x, y) on ω₂, so x² + y² = 4, and distance from A=(0,2) to B=(x,y) is 2√3.

Wait, hold on! AB is a chord of ω₂, so A and B are both on ω₂, yes! I missed that: ""chord of ω₂"", so A and B are on ω₂, and AB has length 2√3. Good catch, that's important. So A is on ω₂ (since it's the point of tangency, and ω₁ is inside ω₂, so A is on both circles, so definitely on ω₂), and B is another point on ω₂, with AB = 2√3.

So let's write coordinates for A and B. We have A = (0, 2) (from our setup: ω₂ center (0,0), radius 2, so A=(0,2) is on ω₂; ω₁ center (0,1), radius 1, so A=(0,2) is on ω₁ too, perfect).

Now, let's find coordinates of B such that AB = 2√3 and B ∈ ω₂ (so x² + y² = 4). Let B = (p, q), so p² + q² = 4, and distance from A=(0,2) to B=(p,q) is 2√3, so √[(p - 0)² + (q - 2)²] = 2√3 ⇒ p² + (q - 2)² = 12.

But p² + q² = 4, so substitute p² = 4 - q² into the second equation: (4 - q²) + (q² - 4q + 4) = 12 ⇒ 4 - q² + q² - 4q + 4 = 12 ⇒ 8 - 4q = 12 ⇒ -4q = 4 ⇒ q = -1.

Then p² = 4 - q² = 4 - 1 = 3 ⇒ p = ±√3. So let's pick B = (√3, -1) for simplicity (we can choose the sign, and due to symmetry, it shouldn't matter for the final result). Great, so now we have coordinates:

- A = (0, 2) [on both circles, point of tangency]
- B = (√3, -1) [on ω₂, AB = 2√3, check: distance from (0,2) to (√3, -1): √[(√3)² + (-1 - 2)²] = √[3 + 9] = √12 = 2√3, perfect!]

Now, the chord AB intersects ω₁ at point C ≠ A. So first, let's find the equation of line AB, then find its intersection with ω₁ (other than A), which is point C.

First, find equation of line AB. Points A=(0,2) and B=(√3, -1). Let's compute the slope: m = (-1 - 2)/(√3 - 0) = (-3)/√3 = -√3. So slope is -√3.

Equation of line AB: passes through (0,2), so y-intercept is 2, so equation is y = -√3 x + 2.

Good, now we have line AB: y = -√3 x + 2.

Now, ω₁ has equation: center (0,1), radius 1, so x² + (y - 1)² = 1. Let's write that out: x² + y² - 2y + 1 = 1 ⇒ x² + y² - 2y = 0.

We need to find intersection points of line AB with ω₁. We know A=(0,2) is on both, so let's substitute y = -√3 x + 2 into ω₁'s equation to find all intersections.

Substitute y = -√3 x + 2 into x² + y² - 2y = 0:

x² + (-√3 x + 2)² - 2(-√3 x + 2) = 0

Let's expand each term step by step.

First term: x²

Second term: (-√3 x + 2)² = (√3 x - 2)² = 3x² - 4√3 x + 4

Third term: -2*(-√3 x + 2) = 2√3 x - 4

Wait, wait! Wait, the equation is x² + y² - 2y = 0, so when substituting, it's x² + (substituted y)² - 2*(substituted y) = 0. Yes, that's what I did.

So total left-hand side after substitution:

x² + [3x² - 4√3 x + 4] + [-2*(-√3 x + 2)]? Wait no! Wait, no: the third term is -2y, so it's -2 times y, so yes, -2*(-√3 x + 2) = 2√3 x - 4. Correct.

So combine all terms:

x² + 3x² - 4√3 x + 4 + 2√3 x - 4 = 0

Simplify term by term:

x² + 3x² = 4x²

-4√3 x + 2√3 x = (-2√3)x

4 - 4 = 0

So overall: 4x² - 2√3 x = 0

Factor: 2x(2x - √3) = 0

Ah, nice! So solutions x = 0 or x = √3 / 2

x = 0 corresponds to point A: when x=0, y = -√3*0 + 2 = 2, so A=(0,2), correct.

x = √3 / 2 corresponds to point C: y = -√3*(√3 / 2) + 2 = - (3/2) + 2 = 1/2. So point C = (√3 / 2, 1/2)

Let's verify C is on ω₁: x² + (y - 1)² = (3/4) + (1/2 - 1)² = 3/4 + (-1/2)² = 3/4 + 1/4 = 1. Perfect, that's the radius squared, so yes, C is on ω₁.

Great, now we have coordinates for point C: (√3/2, 1/2). Now, we need the tangent line to ω₁ at point C.

Recall that for a circle, the tangent at a point is perpendicular to the radius at that point. So ω₁ has center O₁ = (0, 1), so the radius O₁C is the line from (0,1) to (√3/2, 1/2). Let's find the slope of O₁C first, then the tangent slope is negative reciprocal.

Slope of O₁C: m_O1C = (1/2 - 1)/(√3/2 - 0) = (-1/2)/(√3/2) = -1/√3 = -√3/3

Therefore, the tangent line at C has slope m_tangent = negative reciprocal = √3

Wait, let's confirm: if two lines are perpendicular, product of slopes is -1. Slope of radius is m1, slope of tangent is m2, so m1*m2 = -1. Yes, so m2 = -1/m1 = -1/(-1/√3) = √3. Correct, so slope of tangent line at C is √3.

We already have point C on the tangent line, so equation of tangent line DE (wait, the problem says ""the tangent line of ω₁ at C intersects ω₂ at points D and E"", so yes, tangent line at C to ω₁ is line DE, intersecting ω₂ at D and E).

So equation of tangent line: passes through C=(√3/2, 1/2) with slope √3.

Thus, equation: y - 1/2 = √3(x - √3/2)

Let's simplify this to get standard form.

Compute right-hand side: √3 x - √3*(√3/2) = √3 x - 3/2

So y = √3 x - 3/2 + 1/2 = √3 x - 1

Oh, nice simplification! So tangent line at C is y = √3 x - 1.

Let me double-check that calculation to be safe:

y = √3(x - √3/2) + 1/2 = √3 x - (3/2) + 1/2 = √3 x - 1. Yes! Perfect, that's clean.

Now, we need to find where this tangent line intersects ω₂, since it intersects ω₂ at D and E (the problem states ""intersects ω₂ at points D and E"", so two points, which makes sense, a line and a circle intersect at two points unless tangent, which it's not, since it's a tangent to ω₁, not ω₂).

ω₂ has equation x² + y² = 4 (since center (0,0), radius 2).

So substitute y = √3 x - 1 into x² + y² = 4 to find coordinates of D and E.

Let's do that substitution carefully.

y = √3 x - 1 ⇒ y² = (√3 x - 1)² = 3x² - 2√3 x + 1

Thus, x² + y² = x² + 3x² - 2√3 x + 1 = 4x² - 2√3 x + 1

Set equal to 4 (since on ω₂):

4x² - 2√3 x + 1 = 4 ⇒ 4x² - 2√3 x - 3 = 0

Okay, quadratic in x: 4x² - 2√3 x - 3 = 0. Let's write it as ax² + bx + c = 0 where a=4, b=-2√3, c=-3.

We need to find points D and E, so their x-coordinates satisfy this quadratic, and y-coordinates are y = √3 x - 1.

The problem asks for CD⁴ + CE⁴. Wait, hold on! Wait, C is a point on the tangent line, and D and E are the intersections of the tangent line with ω₂. So actually, points C, D, E are colinear on the tangent line! Wait, yes! The tangent line at C to ω₁ intersects ω₂ at D and E, so the entire line is the tangent line, which contains C, D, E (with C being the point of tangency on ω₁, D and E on ω₂).

Therefore, we have three collinear points: C, D, E on the line y = √3 x - 1, with D and E on ω₂, and C is another point on this line (not on ω₂, since C is on ω₁, radius 1, center (0,1), so C is inside ω₂? Wait, ω₂ has radius 2, center (0,0); distance from O₂ to C: C=(√3/2, 1/2), so OC = √[(√3/2)² + (1/2)²] = √[3/4 + 1/4] = √1 = 1 < 2, so yes, C is inside ω₂, which makes sense, tangent line from C to... no, it's a tangent to ω₁ at C, so the line is tangent to ω₁ at C, so C is on ω₁, and the line extends to intersect ω₂ at two points D and E.

So we have a line with two intersection points with ω₂: D and E, and a point C on this line (inside ω₂, since distance from center to line? Wait, no, we have coordinates for C, so maybe better to use power of a point or parametric equations?

Wait, the problem says ""find CD⁴ + CE⁴"". Hmm, fourth powers. Maybe we can use coordinates to find distances from C to D and C to E, then compute their fourth powers and sum.

Since all points are on the same line, we can parameterize the line with a single variable, say t, where t is the signed distance from C to a point on the line, or just use the x-coordinate as parameter, but maybe better to use a parameter s such that any point on the line is given by (x, y) = (x₀ + s*cosθ, y₀ + s*sinθ), where θ is the angle of the line, s is the distance from a fixed point.

Wait, we have the line y = √3 x - 1, which has slope √3, so it makes 60° with the x-axis (since tanθ = √3 ⇒ θ = 60°). So direction vector of the line is (1, √3), or simplified (1, √3), but to make it unit vector, divide by magnitude: |(1, √3)| = 2, so unit direction vector is (1/2, √3/2).

But maybe even simpler: for a line, if we have two points D and E on the line, and a point C on the line, then we can use the fact that for a line intersecting a circle at D and E, the power of point C with respect to ω₂ is equal to CD * CE (by power of a point theorem!), and also, if we can find the power of C with respect to ω₂, that's equal to CO₂² - r₂², where O₂ is center of ω₂, r₂ radius of ω₂.

Wait, power of a point C with respect to circle ω₂ is exactly CD * CE (if the line through C intersects ω₂ at D and E), yes! Power of a point formula: for a point outside a circle, power is equal to square of tangent length, but for a point inside, it's negative, but in terms of segments: if a line through C intersects the circle at two points D and E, then CD * CE = |power of C|, but with sign depending on direction, but since we're dealing with lengths, maybe we can take absolute values, but actually, in coordinate geometry, if we consider directed segments, but maybe better to recall the exact formula.

Power of point C with respect to ω₂: since ω₂ has center O₂=(0,0), radius 2, so power of C is CO₂² - 2² = (distance from C to O₂)² - 4.

Wait, power of a point P with respect to circle with center O, radius r: power = OP² - r². And if a line through P intersects the circle at X and Y, then PX * PY = power of P (with sign, but if we take absolute values for lengths, it's |PX| * |PY| = |power|, but actually, in directed segments, it's equal to the power, which"
797,"Okay, let's try to solve this problem step by step. First, let's recall some concepts: angle bisectors, similar triangles, mass point geometry, coordinate geometry, maybe Menelaus' theorem or Ceva's theorem. Since we have a parallel line (EF || BC), so triangles AFE and ABC are similar. Also, BE is the angle bisector of angle B, so by the angle bisector theorem, AE/EC = AB/BC = 3/2007 = 1/669. Wait, angle bisector theorem says that the ratio of the two segments created on the side is equal to the ratio of the other two sides. So in triangle ABC, with angle bisector BE, where E is on AC, then AE/EC = AB/BC = 3/2007 = ื่1/669. So AE = (1/669) EC, so AC = AE + EC = (1 + 669)/669 * EC = 670/669 EC, so EC = (669/670) AC, and AE = (1/670) AC? Wait, no: if AE/EC = AB/BC = 3/2007 = 1/669, then AE = k, EC = 669k, so AC = 670k, so AE = k, EC = 669k, so AE/AC = 1/670, EC/AC = 669/670. That's correct.

Now, EF is parallel to BC, so triangle AFE ~ triangle ABC, with ratio of similarity equal to AF/AB = AE/AC = 1/670. Wait, because in similar triangles, the ratio is the ratio of corresponding sides. Since EF || BC, then angle A is common, so angle AFE = angle ABC, angle AEF = angle ACB, so yes, similarity ratio is AE/AC = AF/AB = EF/BC.

Let me set coordinates to make it concrete. Let's place point A at (0, 0), point C at (c, 0), so AC is along the x-axis. Then point B is somewhere in the plane; let's compute coordinates.

Let’s set coordinate system: Let A = (0, 0), C = (2008, 0) since CA = 2008. Let B = (d, e). Then AB = 3, so distance from A to B: sqrt(d² + e²) = 3, so d² + e² = 9. BC = 2007, so distance from B to C: sqrt((d - 2008)² + e²) = 2007, so (d - 2008)² + e² = 2007².

Subtracting the first equation from the second: (d - 2008)² - d² = 2007² - 9 => d² - 4016d + 2008² - d² = (2007 - 3)(2007 + 3) [since a² - b² = (a - b)(a + b)] Wait, better to compute 2007² - 9 = (2007 - 3)(2007 + 3) = 2004*2010? Wait, no, 2007² - 9 = 2007² - 3² = (2007 - 3)(2007 + 3) = 2004*2010. But maybe we don't need the actual coordinates.

Since EF || BC, let's denote F on AB. Let’s let AF = x, so FB = 3 - x. Since EF || BC, the ratio of AF/AB = AE/AC. From angle bisector theorem, AE/EC = AB/BC = 3/2007 = 1/669, so AE/AC = 1/(1 + 669) = 1/670. Therefore, AF/AB = 1/670, so AF = 3/670, FB = 3 - 3/670 = 3*(669/670).

So the ratio of similarity for triangle AFE to triangle ABC is 1/670, so EF = (1/670)*BC = 2007/670.

Now, we need to find the intersection D of BE and CF, then find CD/DF.

This seems like a problem where we can use coordinate geometry or mass point, but since it's a ratio, maybe using barycentric coordinates or area ratios.

First, let's use coordinate system with A at (0,0), B at (0,3) (wait, maybe simpler: let’s take AB along y-axis? Wait, no, let's take A at (0,0), B at (0,3), so AB is vertical. Then AC is a line from (0,0) to (c, 0) on x-axis? Wait, maybe better to set A(0,0), B(b, c), C(d, 0). But maybe even better to use vectors or parametric equations.

Let’s parameterize points:

Let’s let AC be the x-axis, so A(0,0), C(2008, 0), since CA = 2008. Let B(p, q), so AB = 3: p² + q² = 9, BC = 2007: (p - 2008)² + q² = 2007².

From these, we can find p: (p - 2008)² - p² = 2007² - 9 => p² - 4016p + 2008² - p² = 2007² - 9 => -4016p + 2008² = 2007² - 9.

Compute 2008² - 2007² = (2008 - 2007)(2008 + 2007) = 1*4015 = 4015, so 2008² - 2007² = 4015, so 2008² - 2007² + 9 = 4015 + 9 = 4024. Wait, the equation is -4016p = 2007² - 9 - 2008² = -(2008² - 2007²) - 9 = -4015 - 9 = -4024. So -4016p = -4024 => p = 4024 / 4016 = 1006 / 1004 = 503 / 502 ≈ 1.002... Hmm, not sure if we need the exact value of p, but maybe we can use ratios without coordinates.

Let’s consider using the concept of ratios in triangles with parallel lines.

First, since EF || BC, then AF/AB = AE/AC = k (let's say k = 1/670 as we found earlier, since AE/EC = AB/BC = 3/2007 = 1/669, so AE = (1/670) AC, so k = 1/670).

Let’s denote t = AF/AB = 1/670, so AF = t AB, FB = (1 - t) AB.

We need to find the ratio CD/DF where D is the intersection of BE and CF.

Let’s use coordinate geometry with A(0,0), C(1,0) for simplicity (scaling), so AC = 1, then AE = t, EC = 1 - t, where t = AE/AC = 1/670 (from angle bisector theorem: AE/EC = AB/BC = 3/2007 = 1/669, so AE = (1/(1 + 669)) AC = 1/670, so t = 1/670).

Let’s set coordinate system with A(0,0), C(1,0), B(0,1) for simplicity? Wait, no, because AB = 3, BC = 2007, but maybe we can use affine coordinates where the actual lengths don't matter, since ratios are preserved under affine transformations.

Yes! Since we're dealing with ratios of lengths, we can assume a coordinate system where calculations are easier, like setting A at (0,0), C at (1,0), B at (0,1), so AB is from (0,0) to (0,1), but wait, AB length is 3, but we can scale later. Wait, actually, in affine geometry, ratios are preserved, so we can set coordinates with A(0,0), B(0,3) (so AB is vertical with length 3), C(c, 0) (so AC is horizontal with length c = 2008, but we can set c = 2008 for now, but maybe set c = 1 for simplicity? Wait, no, the key is the ratio of segments.

Let’s use barycentric coordinates with respect to triangle ABC.

In barycentric coordinates, any point is expressed as (u, v, w) with u + v + w = 1, corresponding to weights at A, B, C.

First, find coordinates of E: since BE is the angle bisector, by angle bisector theorem, AE/EC = AB/BC = 3/2007 = 1/669, so E divides AC in ratio AE:EC = 1:669, so in barycentric coordinates, E = (669, 0, 1)/(1 + 669) = (669, 0, 1)/670. Wait, barycentric coordinates: usually, (α, β, γ) where α + β + γ = 1, and α is weight at A, β at B, γ at C. So for point E on AC, β = 0, so E = (1 - t, 0, t) where t = EC/AC, so AE = (1 - t) AC, EC = t AC, so AE/EC = (1 - t)/t = AB/BC = 3/2007 = 1/669, so (1 - t)/t = 1/669 => 1/t - 1 = 1/669 => 1/t = 1 + 1/669 = 670/669 => t = 669/670. Therefore, E = (1 - t, 0, t) = (1/670, 0, 669/670).

Next, EF || BC. Let's find coordinates of F on AB. Since EF || BC, the vector EF should be a scalar multiple of BC.

In barycentric coordinates, AB is the line where γ = 0 (since it's the edge opposite C), and AC is where β = 0.

Wait, maybe Cartesian coordinates are better.

Let’s set A(0,0), B(3,0) (so AB is along x-axis, length AB = 3), and C(p,q) such that AC = 2008, BC = 2007. So:

AC = 2008: p² + q² = 2008²

BC = 2007: (p - 3)² + q² = 2007²

Subtracting: (p - 3)² - p² = 2007² - 2008² => p² - 6p + 9 - p² = (2007 - 2008)(2007 + 2008) => -6p + 9 = (-1)(4015) => -6p = -4015 - 9 = -4024 => p = 4024 / 6 = 2012 / 3 ≈ 670.666...

q² = 2008² - p² = (2008 - p)(2008 + p) = (2008 - 2012/3)(2008 + 2012/3) = ( (6024 - 2012)/3 )( (6024 + 2012)/3 ) = (4012/3)(8036/3) = (4012*8036)/9. Not sure if we need q, but maybe we can find equations of lines.

Point E is on AC with AE/EC = AB/BC = 3/2007 = 1/669, so AE = (1/670) AC, so coordinates of E: since A(0,0), C(p,q), then E = ( (669*0 + 1*p)/670, (669*0 + 1*q)/670 ) = (p/670, q/670). Wait, no: angle bisector theorem says AE/EC = AB/BC, so AE/EC = AB/BC = 3/2007, so AE = (3/2007) EC, so AE + EC = AC => EC = AC * (2007)/(3 + 2007) = AC * 2007/2010, so AE = AC * 3/2010 = AC * 1/670. Yes, so E divides AC such that AE:EC = 1:669, so coordinates of E: ( (669*A + 1*C) / (1 + 669) ) = (669*(0,0) + 1*(p,q))/670 = (p/670, q/670).

Now, EF || BC. Let's find coordinates of F on AB. AB is from A(0,0) to B(3,0), so AB is the x-axis (since we set AB along x-axis). Wait, in my current coordinate system, AB is along x-axis from (0,0) to (3,0), so AB is the x-axis, length AB = 3. Then AC is from (0,0) to (p,q), BC is from (3,0) to (p,q).

EF is a line through E parallel to BC. Let's find equation of BC: slope of BC is (q - 0)/(p - 3) = q/(p - 3). So EF has the same slope, and passes through E(p/670, q/670).

Equation of EF: y - q/670 = [q/(p - 3)](x - p/670)

This line intersects AB at F. But AB is the x-axis (y = 0), so set y = 0:

0 - q/670 = [q/(p - 3)](x - p/670)

Multiply both sides by (p - 3):

- q(p - 3)/670 = q(x - p/670)

Assuming q ≠ 0 (which it isn't), we can divide both sides by q:

- (p - 3)/670 = x - p/670

=> x = p/670 - (p - 3)/670 = (p - p + 3)/670 = 3/670

So F has coordinates (3/670, 0). That's nice! Because AB is from (0,0) to (3,0), so AF = 3/670, FB = 3 - 3/670 = 3*(669/670). So the ratio AF/FB = (3/670)/(3*669/670) = 1/669, which matches the angle bisector theorem result (since AE/EC = 1/669, and EF || BC implies AF/FB = AE/EC = 1/669, which is a theorem: in a triangle, if a line parallel to one side cuts the other two sides, the ratio of the segments is equal to the ratio of the division on the third side. Wait, here, EF is parallel to BC, cutting AB at F and AC at E, so by basic proportionality theorem (Thales'), AF/FB = AE/EC. Yes! That's a key point I missed earlier.

So Thales' theorem tells us that AF/FB = AE/EC = 1/669, so AF = (1/669) FB, and AF + FB = AB = 3, so AF = 3/(1 + 669) = 3/670, FB = 3*669/670. Perfect, that's why F is at 3/670 on AB.

Now, we need to find the intersection D of BE and CF, then find CD/DF.

Let's write equations for lines BE and CF.

First, coordinates:

A(0,0), B(3,0), C(p,q) (with p = 2012/3 as we calculated earlier, but maybe we don't need p and q).

E is on AC: AE:EC = 1:669, so E = (669*A + 1*C)/(1 + 669) = (0 + C)/670 = C/670 (in affine terms, since A is origin). So E = (p/670, q/670).

F is on AB: AF:FB = 1:669, so since AB is from A(0,0) to B(3,0), F = (AF/AB)*B = (1/670)*B = (3/670, 0).

Line CF: connects C(p,q) to F(3/670, 0).

Line BE: connects B(3,0) to E(p/670, q/670).

We need to find D = BE ∩ CF, then compute CD/DF.

Let's parameterize the lines.

Let’s use parameter t for line CF: any point on CF can be written as C + s(F - C) = (p, q) + s(3/670 - p, -q) = (p + s(3/670 - p), q - s q) = (p(1 - s) + 3s/670, q(1 - s)) for s ∈ ℝ.

Parameterize line BE: any point on BE can be written as B + r(E - B) = (3, 0) + r(p/670 - 3, q/670 - 0) = (3 + r(p/670 - 3), r q / 670).

Intersection D satisfies:

p(1 - s) + 3s/670 = 3 + r(p/670 - 3)

q(1 - s) = r q / 670

Assuming q ≠ 0 (which it is, since it's a triangle), we can divide both sides by q:

1 - s = r / 670 => r = 670(1 - s)

Now substitute r into the first equation:

p(1 - s) + 3s/670 = 3 + 670(1 - s)(p/670 - 3)

Simplify the right-hand side:

3 + (1 - s)(p - 670*3) [since 670*(p/670 - 3) = p - 1998]

Wait, 670*3 = 2010, so 670*3 = 2010, so p - 2010.

Wait, let's do it step by step.

Right-hand side: 3 + r(p/670 - 3) = 3 + 670(1 - s)(p/670 - 3) = 3 + (1 - s)(p - 1998) [since 670*(p/670) = p, 670*(-3) = -2010, so 670*(p/670 - 3) = p - 2010? Wait, 670*3 = 2010, yes, so 670*(p/670 - 3) = p - 2010.

Left-hand side: p(1 - s) + 3s/670

Set equal:

p(1 - s) + 3s/670 = 3 + (1 - s)(p - 2010)

Expand right-hand side: 3 + (1 - s)p - 2010(1 - s) = 3 + p(1 - s) - 2010 + 2010s

Subtract p(1 - s) from both sides:

3s/670 = 3 - 2010 + 2010s

Simplify constants: 3 - 2010 = -2007

So:

3s/670 = -2007 + 2010s

Multiply both sides by 670 to eliminate denominator:

3s = -2007*670 + 2010*670 s

Bring terms with s to left:

3s - 2010*670 s = -2007*670

Factor s:

s(3 - 2010*670) = -2007*670

Wait, this seems messy."
798,"Okay, let's try to solve this equation: √(t - 151) - √(t + ื่) = 125. Wait, hold on, the problem says ""t + 117"" so it's √(t + 117). Let me write that down clearly.

We need to solve for t: √(t - 151) - √(t + 117) = 125.

First, I remember that when dealing with square roots, we have to consider the domain of the variables. So first, let's find the domain where both square roots are real numbers.

For √(t - 151) to be real, we need t - 151 ≥ 0 ⇒ t ≥ 151.

For √(t + 117) to be real, we need t + 117 ≥ 0 ⇒ t ≥ -117.

But since t ≥ 151 is stricter, the domain here is t ≥ 151.

Now, let's try to solve the equation. Let's denote A = √(t - 151) and B = √(t + 117). Then the equation becomes A - B = 125.

Also, note that A² = t - 151 and B² = t + 117. Maybe we can subtract these equations to eliminate t.

Let's try that. Let's square both sides of the original equation to eliminate the square roots. Wait, but before squaring, maybe rearrange terms.

Original equation: √(t - 151) = √(t + 117) + 125.

Yes, that's a good step. Let's write it as:

√(t - 151) = √(t + 117) + 125.

Now, if we square both sides, we can get rid of one square root. Let's do that.

Left side squared: (√(t - 151))² = t - 151.

Right side squared: [√(t + 117) + 125]² = (√(t + 117))² + 2 * √(t + 117) * 125 + 125² = (t + 117) + 250√(t + 117) + 15625.

So, setting left side equal to right side:

t - 151 = t + 117 + 250√(t + 117) + 15625.

Let's simplify this equation. Subtract t from both sides:

-151 = 117 + 250√(t + 117) + 15625.

Combine constants on the right:

117 + 15625 = 15742. So,

-151 = 15742 + 250√(t + 117).

Wait, that gives:

-151 - 15742 = 250√(t + 117)

Which is:

-15893 = 250√(t + 117)

Hmm, the left side is negative, and the right side is 250 times a square root, which is always non-negative (since square roots are non-negative). So this is impossible. That suggests there's no solution? But the problem says ""the only possible root is t = [ANS]"". Wait, maybe I made a mistake in the algebra.

Let me check again.

Starting over:

Original equation: √(t - 151) - √(t + 117) = 125.

Let me rearrange: √(t - 151) = √(t + 117) + 125. Correct.

Square both sides:

Left: t - 151.

Right: [√(t + 117) + 125]^2 = (t + 117) + 2*125*√(t + 117) + 125^2 = t + 117 + 250√(t + 117) + 15625.

So:

t - 151 = t + 117 + 250√(t + 117) + 15625.

Subtract t from both sides:

-151 = 117 + 250√(t + 117) + 15625.

Compute 117 + 15625: 117 + 15625 = 15742.

So:

-151 = 15742 + 250√(t + 117)

Then, subtract 15742 from both sides:

-151 - 15742 = 250√(t + 117)

Calculate -151 - 15742: that's -15893.

So:

-15893 = 250√(t + 117)

But the right side is 250 times a square root, which is non-negative (since square roots are non-negative), so the left side is negative. This is a contradiction. Therefore, there is no solution.

But the problem states: ""The only possible root is t = [ANS]"". Hmm, maybe I messed up the sign when moving terms.

Wait, let's check the original equation again. Is it possible that the problem was written with a typo? Or maybe I misread the numbers.

Wait, the problem says: ""Solve for t: √(t - 151) - √(t + 117) = 125""

Wait, 125 is a positive number. Let's think about the behavior of the function f(t) = √(t - 151) - √(t + 117).

As t increases, √(t - 151) and √(t + 117) both increase, but √(t + 117) is larger than √(t - 151) because t + 117 > t - 151, so √(t + 117) > √(t - 151). Therefore, f(t) = √(t - 151) - √(t + 117) is negative for all t in the domain (since √(t + 117) > √(t - 151)). The right-hand side is 125, which is positive. So the equation f(t) = 125 has no solution, because f(t) is always negative.

Wait, that's a key point! Let's verify.

Take t = 151: then √(0) - √(151 + 117) = 0 - √268 ≈ -16.37, which is negative.

As t increases, √(t - 151) increases, √(t + 117) increases, but since t + 117 > t - 151, √(t + 117) > √(t - 151), so their difference is negative. In fact, let's compute the limit as t → ∞.

lim_{t→∞} [√(t - 151) - √(t + 117)] = lim [√t(√(1 - 151/t) - √(1 + 117/t))] ≈ √t [ (1 - 151/(2t)) - (1 + 117/(2t)) ] = √t [ - (151 + 117)/(2t) ) ] = - (151 + 117)/(2√t) → 0 from the negative side.

So the function f(t) is negative for all t in its domain (t ≥ 151), and approaches 0 from below as t increases. Therefore, the equation f(t) = 125 has no solution, since 125 is positive and f(t) is always negative.

Therefore, there is no solution. But the problem says ""The only possible root is t = [ANS]"". Hmm, maybe the problem had a typo, but according to the given equation, there is no solution.

Wait, but the problem says ""The only possible root is t = [ANS]"". Maybe they expect us to go through the algebra and see that even though we get a negative under the square root, but actually, in the process, we might have introduced an extraneous solution, but in reality, there's no solution.

Wait, let's go back to the algebra.

We had:

After squaring, we got -15893 = 250√(t + 117). Since the left side is negative and the right side is non-negative, this equation has no solution. Therefore, the original equation has no solution.

But the problem states: ""The only possible root is t = [ANS]"". Maybe the problem meant to say ""the only possible root is t = [ANS] (which is extraneous)""? But in this case, there are no roots at all.

Wait, perhaps I made a mistake in the sign when moving terms.

Let me redo the algebra carefully.

Start with:

√(t - 151) - √(t + 117) = 125.

Let me move the square root to the other side:

√(t - 151) = √(t + 117) + 125.

Now, square both sides:

Left side: (√(t - 151))² = t - 151.

Right side: [√(t + 117) + 125]² = (√(t + 117))² + 2 * √(t + 117) * 125 + 125² = (t + 117) + 250√(t + 117) + 15625.

So:

t - 151 = t + 117 + 250√(t + 117) + 15625.

Subtract t from both sides:

-151 = 117 + 250√(t + 117) + 15625.

Combine constants:

117 + 15625 = 15742.

So:

-151 = 15742 + 250√(t + 117).

Subtract 15742:

-151 - 15742 = 250√(t + 117)

Calculate -151 - 15742:

-151 - 15742 = -15893.

So:

-15893 = 250√(t + 117).

But the right side is 250 times a square root, which is non-negative (since square roots are non-negative), so the left side is negative. Contradiction. Therefore, no solution exists.

Hence, the equation has no solution. But the problem says ""The only possible root is t = [ANS]"". Maybe the problem intended a different equation, but given this, there is no solution.

Wait, the problem says ""The only possible root is t = [ANS]"". Maybe in the process of solving, you get a value, but it's extraneous. But in this case, there is no solution, so the ""only possible root"" (if there were any) would be extraneous, but since there are none, the answer is that there is no solution.

But the problem says ""The only possible root is t = [ANS]"". Hmm. Maybe the problem had a typo, like the right-hand side is -125 instead of 125. Let's check that.

Suppose the equation was √(t - 151) - √(t + 117) = -125. Then we could have a solution.

But as given, with 125, there's no solution.

Alternatively, maybe the problem is written as √(t - 151) + √(t + 117) = 125, but no, the user wrote ""-"".

Given the problem statement, I think the conclusion is that there is no solution, so the ""only possible root"" doesn't exist, but the problem says ""the only possible root is t = [ANS]"". Maybe the problem expects us to follow the algebra and see that even though we get a negative, so the solution is extraneous, but since there's no solution, it's extraneous.

Wait, in some contexts, when you solve equations with square roots, you might get a solution that doesn't satisfy the original equation, which is extraneous. But here, we didn't get any solution; the algebra leads to a contradiction, so there's no solution.

But the problem says ""The only possible root is t = [ANS]"". Maybe in the problem's context, they consider that when you solve, you get a value, but it's extraneous. But in this case, there's no solution, so the answer is no solution.

Wait, the problem says ""It is a(n) [ANS] root."" So the second blank is either REAL or EXTRANEOUS.

Since there's no solution, the ""only possible root"" (if there were one) would be extraneous, but since there are none, maybe the answer is that there's no solution, so the second part is ""EXTRANEOUS"" but since there's no root, it's a bit confusing.

Wait, let's think differently. Suppose someone tries to solve it and gets a value, but it's extraneous. For example, if you square both sides, you might get a solution that doesn't work. But in this case, the algebra shows that there's no solution, so the ""only possible root"" (from the algebra) would be extraneous, but since there's no root, maybe the problem is designed so that you go through the steps and see that the solution is extraneous.

Wait, let's suppose we did the algebra and got a value for t, but it's extraneous. For example, if we had a different equation.

Wait, let's take a step back. Let's assume that the problem is correct, and we need to find t such that √(t - 151) - √(t + 117) = 125.

As we saw, the left-hand side is always negative (since √(t + 117) > √(t - 151)), so the equation has no solution. Therefore, there is no real solution.

The problem says ""The only possible root is t = [ANS]"". Since there are no roots, maybe the answer is that there is no solution, but the problem states ""the only possible root"", implying that there is one, but it's extraneous.

Wait, maybe I made a mistake in the sign when moving terms.

Wait, another approach: let's set u = √(t + 117), v = √(t - 151). Then the equation is v - u = 125.

Also, note that u² - v² = (t + 117) - (t - 151) = 117 + 151 = 268.

So u² - v² = 268.

But u² - v² = (u - v)(u + v) = 268.

From the original equation, v - u = 125 ⇒ u - v = -125.

So substitute into u² - v² = (u - v)(u + v) = (-125)(u + v) = 268.

Therefore:

-125(u + v) = 268 ⇒ u + v = -268/125.

But u and v are square roots, so u ≥ 0, v ≥ 0. Therefore, u + v ≥ 0. But we have u + v = -268/125, which is negative. Contradiction.

Ah! This is a better way to see it. So u + v must be non-negative, but we have it equal to a negative number, which is impossible. Hence, no solution.

So the conclusion is that there is no solution.

The problem says ""The only possible root is t = [ANS]"". Since there are no roots, but the problem states ""the only possible root"", maybe it's a trick question. But in the context of the problem, they might expect us to go through the algebra and see that the solution is extraneous, but since there's no solution, it's extraneous.

Wait, in some cases, when you solve equations, you might get a solution that doesn't satisfy the original equation, which is extraneous. Here, the algebra leads to a contradiction, so there's no solution, hence the ""only possible root"" (if there were one) would be extraneous. But since there are no roots, the answer is that there is no solution, and the second blank is ""EXTRANEOUS"".

But the problem says ""The only possible root is t = [ANS]"". So maybe they expect us to write that there's no solution, but the problem says ""the only possible root"", so perhaps the answer is that there is no solution, so the first blank is empty, but the problem says ""the only possible root is t = [ANS]"".

Wait, the problem says: ""The only possible root is t = [ANS]. It is a(n) [ANS] root.""

In many cases, when you solve equations with square roots, you might get a solution that doesn't work, so you have to check. Here, the algebra shows that the equation leads to a contradiction, so there's no solution. Therefore, the ""only possible root"" (if we considered the algebraic solution) would be extraneous, but since there are no solutions, it's a bit confusing.

But given the problem statement, I think the intended answer is that there's no solution, so the first blank is empty, but the problem says ""the only possible root"", so maybe the answer is that there is no solution, and the second blank is ""EXTRANEOUS"".

Wait, but the problem says ""The only possible root is t = [ANS]"". So if there is a root, it's extraneous. But in this case, there is no root, so the answer is that there is no solution.

But the problem is presented as a math problem to solve, so maybe the user made a typo, but given the problem as stated, the answer is no solution.

However, the problem says ""The only possible root is t = [ANS]"". So maybe in the problem's context, they expect us to do the algebra and get a value, but it's extraneous. Let's try to see what happens if we ignore the contradiction.

Suppose we proceed:

From -15893 = 250√(t + 117), we can write √(t + 117) = -15893 / 250 ≈ -63.572.

But square roots can't be negative, so no solution.

Therefore, the equation has no solution. So the ""only possible root"" (if there were one) would be extraneous, but since there are none, the answer is that there is no solution.

But the problem says ""The only possible root is t = [ANS]"". So maybe the answer is that there is no solution, so the first blank is empty, but the problem says ""the only possible root"", so perhaps the answer is that there is no solution, and the second blank is ""EXTRANEOUS"".

But in standard terms, if you have an equation with no solution, you say there's no solution, not that it's extraneous.

Wait, the term ""extraneous"" refers to a solution that doesn't satisfy the original equation. Since there are no solutions, there's nothing to be extraneous.

Given all that, I think the problem has no solution, so the answer is that there is no solution, and the second blank is ""EXTRANEOUS"" (but since there's no solution, it's a bit of a trick).

But the problem says ""The only possible root is t = [ANS]"". So maybe the problem expects us to write that there's no solution, so the first blank is empty, but the problem says ""the only possible root"", so perhaps the answer is that it's extraneous, but there's no root.

I think the intended answer here is that there's no solution, so the first blank is empty, but since the problem says ""the only possible root"", maybe the answer is that the only possible root is extraneous, but since there's no root, it's a bit confusing.

Wait, let's check with specific numbers. Suppose we take t = 151, then LHS = 0 - √(151 + 117) = -√268 ≈ -16.37 < 125.

As t increases, the LHS increases (becomes less negative) towards 0, as we saw earlier. So the maximum value of LHS is approaching 0 from below. So the equation LHS = 125 has no solution, since LHS is always less than 0 (in fact, always negative), while 125 is positive.

Therefore, the equation has no solution.

So the answer is that there is no solution, so the first blank is empty, but the problem says ""the only possible root is t = [ANS]"". Since there are no roots, the answer is that there is no solution, and the second blank is ""EXTRANEOUS"" (but technically, since there's no root, it's not extraneous).

But the problem states: ""The only possible root is t = [ANS]"". So if there were a root, it would be extraneous, but there isn't one. So the answer is that there is no solution, so the first blank is empty, but the problem probably expects us to write ""no solution"" or something"
799,"This is a complex or challenging question, and it is difficult to provide a direct and correct answer. I need to think about it.
Well, so the problem is: place as many rooks as possible on a 2025x2025 grid, each cell at most one rook, such that no rook attacks 4 other rooks. Wait, hold on: ""no rook attacks 4 other rooks""—does that mean for every rook, the number of rooks it attacks is not equal to 4? Wait, no, wait: ""no rook attacks 4 other roื่s"". Wait, maybe I misread. Let me check again.

""A rook attacks another rook if the two rooks are in the same row or column and there are no other rooks between them."" So, for a single rook, how many rooks does it attack? It's the number of rooks immediately adjacent in its row (left or right) and immediately adjacent in its column (up or down), right? Because if there's a rook in the same row with no rooks between them, that's an attack. So for a rook not at the edge, it could attack up to 2 in its row (left and right neighbors) and 2 in its column (up and down neighbors), total 4. Wait, but the problem says ""no rook attacks 4 other rooks"". Wait, no: ""no rook attacks 4 other rooks""—wait, maybe the problem means that no rook is attacked by 4 other rooks? Wait, no, the wording is: ""no rook attacks 4 other rooks"". Wait, let's parse the sentence carefully.

""no rook attacks 4 other rooks"" – so for every rook, it does NOT attack 4 other rooks. So each rook must attack fewer than 4 other rooks? Wait, but the problem says ""no rook attacks 4"", so maybe exactly 4 is forbidden, but could be 0,1,2,3? Wait, but actually, in combinatorics problems like this, sometimes ""attacks"" here refers to the number of rooks it is attacking, i.e., the number of rooks that it directly attacks (adjacent in row or column without intermediaries). So for a rook, let's define d(r) = number of rooks it attacks, which is equal to (number of immediate row neighbors) + (number of immediate column neighbors). For a rook in the interior, if it's isolated in its row and column, d(r)=0; if it's in a block of 2 in a row, it attacks 1 in the row; if it's in a block of 3 in a row, the middle one attacks 2 in the row, the ends attack 1 each in the row.

Wait, the problem states: ""no rook attacks 4 other rooks"". So we need that for every rook, d(r) ≠ 4. Wait, but is that the interpretation? Wait, maybe the problem was mistyped? Wait, no, let's think again. Wait, the problem says: ""Determine the maximum number of rooks Jerry can place on the grid such that no rook attacks 4 other rooks.""

Wait, hold on! Maybe ""no rook is attacked by 4 other rooks""? But the problem says ""no rook attacks 4 other rooks"". The verb is ""attacks"", so it's the rook doing the attacking. So a rook attacks other rooks, so the count is from the perspective of the rook: how many other rooks does it attack? So yes, for each rook, we look at its row and column, see how many immediate neighbors it has (in terms of rooks), since those are the ones it attacks (because if there's a rook in the same row with no rooks between, that's an attack).

So for any rook, in its row, it can have k rooks to the left and m rooks to the right, so the number of rooks it attacks in the row is max(0, k-1) + max(0, m-1)? Wait, no! Wait, no: if there are two rooks in a row, say positions 1 and 2, then the rook at 2 attacks the rook at 1 (since they are adjacent, no rooks between), and the rook at 1 attacks the rook at 2. If there are three rooks in a row: 1,2,3, then rook at 2 attacks both 1 and 3, while rooks at 1 and 3 only attack one each (rook at 2). Wait, no: in a row with three rooks, the middle rook attacks two others (the two ends), each end rook attacks one other (the middle one). Wait, yes! That's the key.

So in a single row, if we have a set of rooks in that row, they form some blocks (consecutive rooks). In each block of size t ≥ 1, the number of rooks that a rook in the block attacks within the row is: for a block of size 1, it attacks 0 in the row; for a block of size 2, each rook in the block attacks 1 in the row; for a block of size 3, the two end rooks attack 1 each, the middle rook attacks 2; for a block of size t, the number of attacks per rook in the row is 1 for the endpoints of the block, 2 for the inner rooks of the block.

Similarly for columns.

Therefore, for a rook, total attacks d(r) = (row attacks) + (column attacks). So d(r) is the sum of the row attacks and column attacks for that rook.

The problem states: no rook attacks 4 other rooks. So we need d(r) ≠ 4 for all rooks r.

Wait, but the problem says ""no rook attacks 4 other rooks""—so we need to exclude configurations where any rook has exactly 4 attacks? Wait, but maybe the problem meant ""no four rooks attack each other"" or something else? Wait, no, the problem statement is given as is. Wait, let's check standard rook attack problems.

Wait, another thought: maybe the problem is from a competition where ""a rook attacks another rook"" is defined as being in the same row or column with no other rooks between, so the attack graph is a disjoint union of paths (each path is a maximal set of consecutive rooks in a row or column? Wait, no: in a row, the rooks form intervals, so each connected component in the row is a set of consecutive rooks, so the attack graph for the entire grid: two rooks are adjacent in the attack graph if they attack each other, i.e., they are immediate neighbors with no rooks between. Wait, no: the definition says ""a rook attacks another rook if... same row or column and no other rooks between them"". So the relation ""attacks"" is a symmetric relation? Wait, if rook A attacks rook B, does rook B attack rook A? Yes! Because if there are no rooks between them, it's mutual. So the attack relation is symmetric, so the attack graph is undirected, and in fact, for each row, the rooks in that row form a set of disjoint paths (each path is a maximal sequence of rooks where each consecutive pair in the sequence attacks each other), and similarly for columns.

Wait, actually, in a single row, the rooks divide the row into segments: between two rooks, there might be empty cells, but the attack relation in the row is only between adjacent rooks in the row (with no rooks between them). So in a row, if you have rooks at positions x1 < x2 < ... < xn, then the rooks at xi and xi+1 attack each other (since no rooks between them), but xi and xi+2 do not attack each other (there's a rook at xi+1 between them). Therefore, in the row, the attack graph is a collection of disjoint edges (for pairs of rooks) and longer paths? Wait, no: if you have three rooks in a row, x1 < x2 < x3, then x1 attacks x2, x2 attacks x3, but x1 does not attack x3 (there's x2 between them). So in the row, the attack graph is a path graph: the rooks in the row form a path of length n-1 (n rooks), where each consecutive pair in the path attacks each other.

Ah! This is crucial. So for a set of rooks in a row, they form a path graph where each edge is an attack between two rooks, so the degree of each rook in the row's attack graph is equal to the number of adjacent rooks in the row (i.e., for a rook in a block of size t in the row, it has degree t-1 in the row's attack graph). Similarly for columns.

Therefore, for a single rook, its total attack degree in the entire grid (i.e., number of rooks it attacks) is equal to (its degree in the row attack graph) + (its degree in the column attack graph). Let's denote for a rook r:

- Let a(r) = number of rooks it attacks in its row (so a(r) = number of adjacent rooks in the row, i.e., if it's in a block of size t in the row, a(r) = 1 if t=1, 2 if t=2, ..., t-1 if t≥2? Wait no: wait, in the row attack graph, which is a path for the row's rooks, each rook has degree equal to the number of neighbors in the row attack graph, which is exactly the number of rooks it attacks in the row (since the attack graph is defined by adjacency with no rooks between, so yes, in the row, a rook attacks each of its immediate row neighbors).

Yes! So for example, a lone rook in a row: a(r) = 0 (attacks no one in the row). A rook with one neighbor in the row (i.e., two rooks in a row): a(r) = 1 for each of those two rooks. A rook with two neighbors in the row (three rooks in a row): the middle rook has a(r)=2, the end rooks have a(r)=1. A rook with three neighbors in the row (four rooks in a row): the middle two have a(r)=2, the ends have a(r)=1? Wait no, four rooks in a row: positions 1,2,3,4. Rook at 2 attacks rook 1 and 3 (a(r)=2), rook at 3 attacks rook 2 and 4 (a(r)=2), rooks at 1 and 4 attack only one each (a(r)=1). So yes, in a block of size t in a row, each rook in the block has a(r) = 1 if it's an endpoint of the block, a(r)=2 if it's internal to the block (t ≥ 3).

Similarly for columns.

Therefore, for any rook, total attacks d(r) = a(r) + b(r), where a(r) is row attacks (0,1,2,...), b(r) is column attacks (0,1,2,...).

The problem states: ""no rook attacks 4 other rooks"". So we need d(r) ≠ 4 for all rooks r. Wait, but the problem says ""no rook attacks 4 other rooks""—so we need to ensure that no rook has exactly 4 attacks? Wait, but maybe the problem meant ""no four rooks attack a common rook""? Wait, no, the problem says ""no rook attacks 4 other rooks"", so each rook individually does not attack 4 others.

But let's think: what's the maximum possible d(r) for a rook? In the center of a large block, a rook could have a(r)=2 and b(r)=2, so d(r)=4. For example, a 2x2 block of rooks: each rook is in a 2x2 square, so each rook has one neighbor in row (the other rook in the row) and one neighbor in column (the other rook in the column), so d(r)=2 for each rook in a 2x2 block. Wait, that's d(r)=2.

A 3x3 block of rooks: center rook has two row neighbors and two column neighbors, so d(r)=4. Oh! That's a classic case. In a 3x3 grid of rooks, the center rook attacks four other rooks: up, down, left, right. Each of those four are adjacent to the center with no rooks between (since it's a solid 3x3 block). So yes, the center rook has d(r)=4.

Ah! So the problem is forbidding any rook that has exactly four attacks, i.e., any rook that is the center of a 3x3 block of rooks? Wait, no: a rook can have d(r)=4 without being in a 3x3 block? Wait, for a rook to have d(r)=4, it needs two row neighbors and two column neighbors, i.e., it must be in a 3x3 block where it's the inner rook of a 2x2 block? Wait, no: a rook with two row neighbors means it's in a block of size ≥3 in its row (specifically, in a block of size t ≥3, the internal rooks have a(r)=2), and two column neighbors means it's in a block of size ≥3 in its column (internal rook in the column block). So a rook with d(r)=4 is exactly a rook that is in a 3x3 grid of rooks? Wait, no: a 3x3 block has center rook with d(r)=4, but a 4x4 block has inner rooks with d(r)=4 too? Wait, no: in a 4x4 block of rooks, take the rook at position (2,2) (rows 1-4, columns 1-4). In its row (row 2), it has rooks at columns 1,2,3,4, so it's a block of size 4 in the row. For this rook, a(r) = number of adjacent rooks in row = 2 (columns 1 and 3? Wait no: in the row, the rooks are at 1,2,3,4, so rook at 2 has neighbors at 1 and 3 (since no rooks between 1 and 2, 2 and 3), so yes, a(r)=2 for this rook in the row. Similarly, in column 2, rooks at rows 1,2,3,4, so rook at 2 has b(r)=2 (neighbors at 1 and 3 in column). Therefore, d(r)=2+2=4 for this rook. So actually, any rook that is not on the boundary of a larger block (i.e., in the interior of a block of size ≥3 in both row and column) has d(r)=4.

Wait, more precisely: a rook has d(r) = k + m, where k is the number of adjacent rooks in its row (so k=0,1,2 if it's a singleton, pair, or triple in the row block), m is the number of adjacent rooks in its column (same).

So possible d(r) values:

- If a rook is isolated (no neighbors in row or column): d=0
- If a rook is in a row pair (two rooks in a row) and column singleton: d=1+0=1
- Row pair and column pair: d=1+1=2 (e.g., 2x2 block)
- Row triple (three rooks in row) and column singleton: d=2+0=2
- Row triple and column pair: d=2+1=3
- Row triple and column triple: d=2+2=4 (this is the forbidden case!)
- Row quadruple and column singleton: d=3+0=3, etc.

Wait, so d(r)=4 occurs exactly when a rook has two adjacent rooks in its row (i.e., it's in a block of size ≥3 in the row, specifically not the endpoints of the row block) AND two adjacent rooks in its column (same for column). So in other words, a rook that is surrounded by rooks on all four sides? Wait, no: having two adjacent in row means it has a rook to the left and right (in the row), so it's not the leftmost or rightmost in its row block; similarly, two adjacent in column means it's not the top or bottom in its column block.

Therefore, a rook with d(r)=4 is a rook that has a rook to its left, right, above, and below (i.e., it's an internal rook of a 2x2 block? Wait, no: a 2x2 block has each rook with d(r)=1+1=2, as we saw earlier. Wait, confusion arises.

Let's take concrete examples:

Example 1: Single rook. d(r)=0.

Example 2: Two rooks in a row (horizontally adjacent). Each has d(r)=1 (one row neighbor, zero column neighbors). So d=1 for each.

Example 3: Three rooks in a row. Left rook: d=1 (only right neighbor), middle rook: d=2 (left and right neighbors), right rook: d=1.

Example 4: 2x2 block of rooks (a square). Each rook has one row neighbor (left/right) and one column neighbor (up/down), so d(r)=2 for each.

Example 5: 3x3 block of rooks (centered). Center rook: has two row neighbors (left and right) and two column neighbors (up and down), so d(r)=4. Good, this is the forbidden case.

Example 6: 3x3 block with a hole in the center. Wait, no, we're placing rooks, so the grid has some rooks, others empty.

Wait, the problem says ""no rook attacks 4 other rooks"", so we need to ensure that in our configuration, there is no rook with d(r)=4. So we need to avoid any rook that has two neighbors in its row (i.e., it's in a row block of size ≥3, not the ends) and two neighbors in its column (column block of size ≥3, not the ends).

So to rephrase the condition: for every rook, it cannot have both (at least two row neighbors) and (at least two column neighbors). Equivalently, for every rook, either it has fewer than two row neighbors OR fewer than two column neighbors.

In other words, for every rook, it is either:

- A ""row-end"" rook (has at most one row neighbor) and any column neighbors (but we need to avoid d(r)=4, so if it has two row neighbors, it must have at most one column neighbor, etc.)

Wait, maybe better to think in terms of the forbidden configuration: a rook with d(r)=4 is exactly a rook that is part of a 3x3 subgrid of rooks where it's the inner rook? Wait, no: in a 3x3 subgrid of rooks (all nine cells), the center rook has d(r)=4, but the corner rooks of the 3x3 have d(r)=2 (each corner has one row neighbor and one column neighbor within the 3x3), and the edge centers (not corners) have d(r)=3 (e.g., top edge center of 3x3 has two row neighbors? Wait, no: in the 3x3 block, take the top row: rooks at (1,1), (1,2), (1,3). The rook at (1,2) has row neighbors (1,1) and (1,3), so a(r)=2; column neighbors: in column 2, rooks at (1,2), (2,2), (3,2), so rook at (1,2) has column neighbors only (2,2), so b(r)=1. Therefore d(r)=2+1=3 for the edge centers of the 3x3 block.

Ah, so in a 3x3 full block, the center has d=4 (forbidden), the edge centers have d=3, the corners have d=2.

So the forbidden configuration is a rook with d=4, which is the center of a 3x3 block (but actually, a rook with d=4 can be in a larger block too, like a 4x4 block: the inner 2x2 of the 4x4 has d=2 each, but the next layer? Wait, in a 4x4 block of rooks, the rook at (2,2) has row neighbors (1,2) and (3,2) [wait no: in a 4x4 block, all cells are rooks, so row 2 has rooks at columns 1-4, so rook at (2,2) has row neighbors (2,1) and (2,3), so a(r)=2; column 2 has rooks at rows 1-4, so rook at (2,2) has column neighbors (1,2) and (3,2), so b(r)=2. Thus d(r)=4 for rook (2,2) in a 4x4 block. Oh! So actually, any rook that is not on the boundary of the entire grid and is not on the boundary of a maximal block of rooks will have d(r)=4? Wait, no: in a large block of rooks, say a k x m block (k,m ≥2), the inner rooks (not on the perimeter of the block) have d(r)=2+2=4, because they have two neighbors in their row (left and right) and two neighbors in their column (up and down).

Yes! That's the key. So a rook has d(r)=4 if and only if it has at least two rooks to its left and right in its row (i.e., it's not the leftmost or rightmost rook in its row block) AND at least two rooks above and below it in its column (i.e., not the top or bottom rook in its column block).

In other words, for every rook, it must be that either it is the leftmost"
