id,response
922,"Okay, let's try to figure out this complex integral problem. So, we need to compute the contour integral around |z| = 2 of (2z² - z + 1)/(z - 1) dz. Hmm, contour integrals in complex analysis... I remember something about residues and the residue theorem. Let me recall.

First, the contour C is the circle with radius 2 centered at the origin. The function here is a rational function: (2z² - z + 1)/(z - 1). Let me check if there are any singularities inside the contour. The denominator is z - 1, so the only singularity is at z = 1. Since |z| = 2 means the contour encloses all points with magnitude less than or equal to 2, so z = 1 is inside the contour because |1| = 1 < ื่ 2. So that's a simple pole at z = 1.

Now, the residue theorem says that for a closed contour enclosing a singularity, the integral is 2πi times the sum of residues inside the contour. Since we have only one singularity at z = 1, we need to find the residue of the function at z = 1.

The function is (2z² - z + 1)/(z - 1). Let's write it as [2z² - z + 1] * (1/(z - 1)). To find the residue at z = 1, since it's a simple pole, the residue is just the limit as z approaches 1 of (z - 1) times the function. Which would be the numerator evaluated at z = 1? Wait, no. Wait, for a simple pole at z = a, residue is lim_{z→a} (z - a)f(z).

So here, f(z) = (2z² - z + 1)/(z - 1), so residue at z = 1 is lim_{z→1} (z - 1) * f(z) = lim_{z→1} (2z² - z + 1) = 2(1)^2 - 1 + 1 = 2 - 1 + 1 = 2. Wait, that seems straightforward.

Wait, but hold on. Let me verify. If you have a function like (P(z))/Q(z) where Q(z) has a simple zero at z = a, then the residue is P(a)/Q'(a). Yes, that's another formula. Here, Q(z) = z - 1, so Q'(z) = 1, so residue is P(1)/Q'(1) = (2*(1)^2 - 1 + 1)/1 = (2 - 1 + 1) = 2. So residue is 2.

Therefore, by the residue theorem, the integral should be 2πi times the residue, which is 2 * 2πi = 4πi. Wait, so the answer would be B: 4πi.

Wait, but let me double-check. Let's think again. The function is (2z² - z + 1)/(z - 1). Let's do polynomial division to see if it can be written as a polynomial plus a remainder over (z - 1). Maybe that's a good check.

Divide 2z² - z + 1 by z - 1.

2z² divided by z is 2z. Multiply (z - 1) by 2z: 2z² - 2z. Subtract from dividend: (2z² - z + 1) - (2z² - 2z) = (0z² + z + 1). Now divide z by z: get 1. Multiply (z - 1) by 1: z - 1. Subtract: (z + 1) - (z - 1) = 2. So the division gives 2z + 1 + 2/(z - 1). So the function can be written as 2z + 1 + 2/(z - 1).

Therefore, the integral of [2z + 1 + 2/(z - 1)] around |z|=2. Now, the integral of 2z + 1 around a closed contour is zero, because those are analytic functions (no singularities), so their integrals over closed contours are zero. The only term that contributes is the integral of 2/(z - 1) dz.

Which is 2 times the integral of 1/(z - 1) dz around |z|=2. The integral of 1/(z - 1) around a contour enclosing z=1 is 2πi, so total integral is 2 * 2πi = 4πi. So yes, that matches the previous result.

So the answer should be B: 4πi.

Wait, but let me check the options. The options are labeled A to J. Let's see:

Options:

A. -4πi

B. 4πi

C. πi

D. -8πi

E. -2πi

F. 2πi

G. 12πi

H. 6πi

I. 0

J. 8πi

So according to my calculation, the answer is B: 4πi.

Wait, but wait a second. Let me make sure. Is there a possibility that the function has other singularities? For example, the numerator is a quadratic, denominator is linear. So the only singularity is at z=1, which is inside |z|=2. So yes, only residue at z=1.

Alternatively, maybe the problem is designed to trick us into thinking it's a simple pole, but perhaps the numerator has a factor? Wait, 2z² - z + 1. Let's check if z=1 is a root of the numerator. Plugging z=1: 2(1) -1 +1 = 2 -1 +1 = 2 ≠0. So the numerator doesn't vanish at z=1, so the pole is indeed simple.

So residue is 2, as calculated. So integral is 2 * 2πi = 4πi. So answer B.

Wait, but let me think again. In the polynomial division step: 2z² - z +1 divided by z -1 gives quotient 2z +1 and remainder 2. So f(z) = 2z +1 + 2/(z -1). Therefore, when we integrate around |z|=2, the integral of 2z +1 is zero, and integral of 2/(z -1) is 2 * 2πi =4πi. So yes, same result.

Therefore, the answer is B.

**Final Answer**
\boxed{B}
</think>

To evaluate the complex contour integral  
$$
\oint_C \frac{2z^2 - z + 1}{z - 1} \, dz
$$
where $ C $ is the circle $ |z| = 2 $, we proceed using **complex analysis**, specifically the **Residue Theorem**.

---

### Step 1: Identify the Contour and Singularities

The contour $ C $ is the circle of radius 2 centered at the origin. This means that all points with $ |z| < 2 $ are inside the contour.

The integrand is:
$$
f(z) = \frac{2z^2 - z + 1}{z - 1}
$$

This function has a **simple pole** at $ z = 1 $, since the denominator $ z - 1 $ vanishes there and the numerator does not (as $ 2(1)^2 - 1 + 1 = 2 \neq 0 $).

Since $ |1| = 1 < 2 $, the point $ z = 1 $ lies **inside** the contour $ C $. Therefore, the residue theorem applies.

---

### Step 2: Compute the Residue at $ z = 1 $

For a simple pole at $ z = a $, the residue of $ f(z) $ is given by:
$$
\text{Res}(f, a) = \lim_{z \to a} (z - a)f(z)
$$

Here, $ a = 1 $, so:
$$
\text{Res}(f, 1) = \lim_{z \to 1} (z - 1)\cdot \frac{2z^2 - z + 1}{z - 1} = \lim_{z \to 1} (2z^2 - z + 1) = 2(1)^2 - 1 + 1 = 2
$$

Thus, the residue at $ z = 1 $ is **2**.

---

### Step 3: Apply the Residue Theorem

By the **Residue Theorem**, for a closed contour $ C $ enclosing a simple pole at $ z = 1 $, we have:
$$
\oint_C f(z) \, dz = 2\pi i \cdot \text{Res}(f, 1) = 2\pi i \cdot 2 = 4\pi i
$$

---

### Step 4: Match with Given Options

From the list of options provided:

- **B. $ 4\pi i $**

This matches our computed value exactly.

---

### Final Answer

$$
\boxed{B}
$$"
923,"Okay, let's tackle this problem step by step. First, I need to remember what a linear equation is. Since the gas is leaking at a constant rate of 6.2 grams per minute, that means the rate of change (slope) is -6.2 grams per minute because the mass is decreasing over time. 

The problem says: ""Eight minutes since the experiment started, the remaining gas had a mass of 248 grams."" So we have a point (x, y) where x is 8 minutes and y is 248 grams. We need to find the equation of the line that models this situation.

First, let's recall the slope-intercept form of a linear equation: y = mx + b, where m is the slope and b is the y-intercept (the initial mass when x=0).

We know the slope m is -6.2 because the mass is decreasing by 6.2 grams each minute. So m = -6.2.

Now we need to find b, the y-intercept. That's the mass of the gas at time x=0, which is the starting mass before any leakage. 

We have a point (8, 248). Let's plug that into the equation to solve for b.

So, y = mx + b => 248 = (-6.2)(8) + b.

Let me calculate (-6.2)(8). Let's see, 6*8=48, 0.2*8=1.6, so 48+1.6=49.6, but since it's negative, it's -49.6. So:

248 = -49.6 + b

To find b, add 49.6 to both sides: 2ื่48 + 49.6 = b

248 + 49.6 = 297.6. So b = 297.6.

Wait, let me check that again. Wait, if the gas is leaking, then as time increases, y decreases. So when x=8, y=248. So the mass at 8 minutes is 248, which is less than the initial mass. So the initial mass (at x=0) should be higher than 248.

Let me verify the calculation. 8 minutes * 6.2 grams per minute leakage = 49.6 grams leaked. So total leaked in 8 minutes is 49.6 grams. Therefore, the initial mass (at x=0) is 248 grams (at 8 minutes) plus 49.6 grams leaked, so 248 + 49.6 = 297.6 grams. Yes, that makes sense. So the y-intercept b is 297.6 grams.

So the linear equation is y = -6.2x + 297.6.

Let me write that down: y = -6.2x + 297.6.

Now, the first question says: ""This line’s slope-intercept equation is [ANS]."" So the answer here is y = -6.2x + 297.6. But maybe they want it written with fractions or decimals? The problem states the leakage is 6.2 grams per minute, which is a decimal, so probably keep it as decimals.

Next part: ""33 minutes after the experiment started, there would be [ANS] grams of gas left.""

So we need to find y when x=33.

Using the equation y = -6.2(33) + 297.6.

Let's compute that. 6.2 * 33. Let's calculate 6*33=198, 0.2*33=6.6, so total 198 + 6.6 = 204.6. So 6.2*33=204.6. Then y = -204.6 + 297.6 = 297.6 - 204.6 = 93. So 93 grams left.

Wait, let's check: 297.6 - 6.2*33. 6.2*33: 33*6=198, 33*0.2=6.6, so 198+6.6=204.6. Then 297.6 - 204.6 = 93. Correct. So 93 grams.

Third part: ""If a linear model continues to be accurate, [ANS] minutes since the experiment started, all gas in the container will be gone.""

So we need to find when y=0. Set y=0 and solve for x.

0 = -6.2x + 297.6

So 6.2x = 297.6

x = 297.6 / 6.2

Let's compute that. Let's see, 6.2 * 48 = 297.6? Because 6*48=288, 0.2*48=9.6, so 288 + 9.6 = 297.6. Oh! So 6.2 * 48 = 297.6. Therefore, x = 48 minutes.

Let me confirm: 48 * 6.2 = 297.6, so yes. So when x=48, y=0.

So the time when the gas is gone is 48 minutes.

Let me recap:

- Slope is -6.2 (since mass decreases by 6.2 per minute)
- Using the point (8, 248), we found the y-intercept (initial mass) is 297.6
- Equation: y = -6.2x + 297.6
- At x=33, y=93 grams
- Time when y=0 is x=48 minutes

Let me double-check the time when it's gone. 297.6 divided by 6.2. Let's do the division: 297.6 / 6.2. Multiply numerator and denominator by 10 to eliminate decimals: 2976 / 62. Let's divide 2976 by 62.

62 * 48 = 2976 (since 62*50=3100, 3100 - 62*2=3100-124=2976). So yes, 48. So x=48.

So the answers are:

Slope-intercept equation: y = -6.2x + 297.6 (or maybe written as y = -6.2x + 297.6)

33 minutes later: 93 grams

Time until gas is gone: 48 minutes

Let me check if the problem says ""the remaining gas had a mass of 248 grams"" at 8 minutes. So starting from x=0, y=297.6, then after 8 minutes, it's 297.6 - 6.2*8 = 297.6 - 49.6 = 248. Correct. So that checks out.

Then at 33 minutes, 297.6 - 6.2*33 = 297.6 - 204.6 = 93. Correct.

Time to reach zero: 297.6 / 6.2 = 48. Correct.

So the answers are:

Slope-intercept equation: y = -6.2x + 297.6

33 minutes: 93 grams

Time until gone: 48 minutes

The problem says: ""Use a linear equation to model the weight of the gas over time. This line’s slope-intercept equation is [ANS].""

So the first answer is the equation. Then ""33 minutes after... [ANS] grams"", then ""[ANS] minutes... all gas... gone.""

So the three answers are: 93, 48, and the equation.

Wait, the problem says: ""If the problem has multiple sub-answers, separate them by commas inside a single \boxed{}""

Wait, the user wrote: ""Solve the problem step-by-step. Put your final answer inside \boxed{}. If the problem has multiple sub-answers, separate them by commas inside a single \boxed{}, e.g. \boxed{3, 7}.""

But the problem has three parts: the equation, the grams at 33 minutes, and the time when it's gone.

Wait, let me re-read the problem statement.

The problem says:

""Use a linear equation to model the weight of the gas over time.

This line’s slope-intercept equation is [ANS].

33 minutes after the experiment started, there would be [ANS] grams of gas left.

If a linear model continues to be accurate, [ANS] minutes since the experiment started, all gas in the container will be gone.""

So the problem has three questions, each with an answer. So the user wants three answers, boxed as \boxed{equation, 93, 48}?

Wait, the problem says: ""Solve the problem step-by-step. Put your final answer inside \boxed{}.""

Wait, the original problem is presented as a single problem with multiple parts. The user wants the answer for each part, separated by commas in a single box.

Let me check the exact instructions:

""If the problem has multiple sub-answers, separate them by commas inside a single \boxed{}, e.g. \boxed{3, 7}.""

So for this problem, there are three sub-answers:

1. The slope-intercept equation (probably written as y = -6.2x + 297.6, but maybe they want it in a specific form, like y = -6.2x + 297.6)

2. 33 minutes later: 93 grams

3. Time when gas is gone: 48 minutes

So the three answers are 93, 48, and the equation. Wait, but the first part says ""This line’s slope-intercept equation is [ANS]"". So the first answer is the equation, then the next two are numbers.

But the problem says: ""Solve the problem step-by-step. Put your final answer inside \boxed{}.""

Hmm, maybe the problem is structured such that the user is supposed to fill in the blanks, and the answer is the three numbers? Wait, no.

Wait, the problem says: ""Scientists are conducting an experiment... Use a linear equation to model the weight of the gas over time. This line’s slope-intercept equation is [ANS]. 33 minutes after... [ANS] grams... If a linear model... [ANS] minutes...""

So the problem has three answers: the equation, the grams, and the minutes.

But the user says: ""If the problem has multiple sub-answers, separate them by commas inside a single \boxed{}""

So the answer should be the three answers: equation, 93, 48. But how to write the equation? The problem says ""This line’s slope-intercept equation is [ANS]"". So the first answer is the equation, which is y = -6.2x + 297.6. But maybe they want it in a specific format, like y = -6.2x + 297.6, but perhaps rounded? Wait, the problem uses 6.2, which is precise, and 248 at 8 minutes.

Wait, let's check the calculation for the intercept again. At x=8, y=248.

So y = mx + b => 248 = -6.2*8 + b => 248 = -49.6 + b => b = 248 + 49.6 = 297.6. Correct.

So the equation is y = -6.2x + 297.6.

In some contexts, they might write it with fractions, but 6.2 is 31/5, 297.6 is 1488/5, but the problem uses decimals, so probably keep it as decimals.

So the slope-intercept equation is y = -6.2x + 297.6.

Then, 33 minutes: 93 grams.

Time when gas is gone: 48 minutes.

So the three answers are: the equation (but the problem says ""This line’s slope-intercept equation is [ANS]""), then the next two are numbers.

But the user says ""If the problem has multiple sub-answers, separate them by commas inside a single \boxed{}"".

Wait, maybe the problem expects only the numerical answers? Wait, the first part is the equation, which is a formula, but the problem says ""Solve the problem step-by-step. Put your final answer inside \boxed{}.""

Hmm, maybe the problem is designed so that the first blank is the equation, but the user wants the numerical answers for the last two parts? Wait, no.

Wait, looking back: the problem says ""Use a linear equation to model the weight of the gas over time. This line’s slope-intercept equation is [ANS]. 33 minutes after... [ANS] grams... If a linear model... [ANS] minutes...""

So the problem has three blanks, each to be filled. So the user wants all three answers boxed together.

But the first answer is an equation, the other two are numbers. However, in many math problems, especially in textbooks, sometimes the equation is written with variables, but the problem says ""This line’s slope-intercept equation is [ANS]"". So the answer for that part is the equation, like y = -6.2x + 297.6.

But the user says ""If the problem has multiple sub-answers, separate them by commas inside a single \boxed{}"". So the answer should be the three values: the equation (written as a string), 93, and 48.

But how to represent the equation? For example, in LaTeX, it's y = -6.2x + 297.6, but the problem says ""separate them by commas inside a single \boxed{}"". Maybe the problem expects only the numerical answers? Wait, the problem says ""Solve the problem step-by-step. Put your final answer inside \boxed{}.""

Wait, the problem is presented as a single problem with three parts, so the user wants three answers. Let me think.

In the context of the problem, the first part is asking for the slope-intercept equation, then the second part is a specific value (93), then the third part is another specific value (48). So the three answers are:

1. The equation: y = -6.2x + 297.6

2. 93

3. 48

But the problem says ""If the problem has multiple sub-answers, separate them by commas inside a single \boxed{}"".

However, the equation is a mathematical expression, not a number. Maybe the problem expects only the numerical answers? Wait, the problem says ""33 minutes after... [ANS] grams"" and ""If a linear model... [ANS] minutes"". So those two are numerical. Wait, the first part is ""This line’s slope-intercept equation is [ANS]"". So the first blank is the equation, but the user might be expecting the numerical answers for the last two parts? Wait, the problem says ""Solve the problem step-by-step"".

Wait, the original problem is from a source that might have multiple parts, but the user wants the answer for the entire problem.

Wait, let's read the problem again carefully.

The user says: ""Scientists are conducting an experiment with a gas in a sealed container. The mass of the gas is measured, and the scientists realize that the gas is leaking over time in a linear way. Its mass is leaking by 6.2 grams per minute. Eight minutes since the experiment started, the remaining gas had a mass of 248 grams. Let x be the number of minutes that have passed since the experiment started, and let y be the mass of the gas in grams at that moment. Use a linear equation to model the weight of the gas over time.

This line’s slope-intercept equation is [ANS].

33 minutes after the experiment started, there would be [ANS] grams of gas left.

If a linear model continues to be accurate, [ANS] minutes since the experiment started, all gas in the container will be gone.""

So the problem has three blanks to fill. The user wants the answers for these three blanks.

The first blank is the slope-intercept equation. The second and third are numbers.

But the user says: ""If the problem has multiple sub-answers, separate them by commas inside a single \boxed{}"".

So the answer should be the three answers: the equation, 93, and 48. But how to write the equation in a box? Maybe the problem expects only the numerical answers, but the first part is an equation.

Wait, in some contexts, especially in algebra problems, when they ask for the slope-intercept equation, they might want it in a specific form, but the problem says ""This line’s slope-intercept equation is [ANS]"". So the answer is y = -6.2x + 297.6.

But the user wants the final answer boxed. Maybe the problem is designed so that the first answer is the equation, but the user is to provide the numerical answers for the last two parts? Wait, no, the problem says ""Solve the problem step-by-step"".

Alternatively, maybe the problem is from a source where the first part is a setup, and the actual answers needed are the last two parts. But the user says ""Use a linear equation to model... This line’s slope-intercept equation is [ANS]."" So the first blank is the equation, then the next two are numbers.

But the user instruction says: ""If the problem has multiple sub-answers, separate them by commas inside a single \boxed{}"".

Given that, I think the problem expects three numerical answers? Wait, no, the first one is an equation.

Wait, perhaps in the context of the problem, the ""multiple sub-answers"" refers to the last two parts, but the user says ""the problem has multiple sub-answers"".

Wait, the problem says ""Solve the problem step-by-step. Put your final answer inside \boxed{}.""

Maybe the problem is a single answer? No, it has three parts.

Wait, the user wrote: ""If the problem has multiple sub-answers, separate them by commas inside a single \boxed{}, e.g. \boxed{3, 7}.""

So for this problem, the answer has three parts: the equation, 93, and 48. But the equation is a string, while the others are numbers. However, in many cases, when problems ask for equations, they might expect the coefficients, but here it's a full equation.

Alternatively, maybe the problem is designed so that the first part is the equation, but the user wants the numerical answers for the last two parts. But the problem says ""Solve the problem step-by-step"".

Wait, let's think differently. Maybe the problem is from a test where the first part is to write the equation, but the user wants the numerical answers for the last two parts. But the problem statement includes the equation part.

Wait, the user says: ""Scientists are conducting an experiment... Use a linear equation to model the weight of the gas over time. This line’s slope-intercept equation is [ANS].""

So the first blank is the equation, which is y = -6.2x + 297.6.

Then, ""33 minutes after... [ANS] grams"" → 93

""If a linear model... [ANS] minutes"" → 48

So the three answers are: y = -6.2x + 297.6, 93, 48.

But the user wants the final answer in \boxed{} with commas. However, the equation is a string, not a number. Maybe the problem expects only the numerical answers (the last two parts), but the problem says ""This line’s slope-intercept equation is [ANS]"".

Wait, perhaps in the context of the problem, the ""multiple sub-answers"" refers to the last two parts, but the user says ""the problem has multiple sub-answers"".

I'm a bit confused. Let's try to answer based on standard practice.

In many math problems like this, when they ask for the equation, you write it as y = mx + b, then compute the other values. The problem asks for three things: the equation, the mass at 33 minutes, and the time when it's gone.

Since the user wants the answer in a single box with commas, I think the intended answers are the numerical ones (93 and 48), but wait, the problem says ""This line’s slope-intercept equation is [ANS]"". So the first answer is the equation, but maybe the problem is designed so that the equation is y = -6.2x + 297.6, but the user wants the numerical answers for the last two parts.

Wait, the problem says: ""Solve the problem step-by-step. Put your final answer inside \boxed{}.""

Maybe the problem is from a source where the answer is the time when it's gone, but no.

Alternatively, the problem might be expecting only the last two answers, but the user says ""the problem has multiple sub-answers"".

Let me think. In the problem statement, the user says: ""If the problem has multiple sub-answers, separate them by commas inside a single \boxed{}"".

So for this problem, the multiple sub-answers are the three parts: the equation, the 93, and the 48. But the equation is a string. However, in some contexts, the slope-intercept equation might be written with the numbers as decimals, so maybe the answer is 93 and 48, since the equation is a formula.

Wait, the problem says ""Solve the problem step-by-step"". Let's write the steps.

Step 1: Find the linear equation.

We know the rate of change (slope) is -6.2 g/min (since it's leaking).

We have a point (8, 248).

Using point-slope form: y - 248 = -6.2(x - 8)

Simplify: y = -6.2x + 49.6 + 248 = -6.2x + 297.6. So the slope-intercept equation is y = -6.2x + 297.6.

Step 2: Find the mass at 33 minutes.

y = -6.2(33) + 297.6 = -204.6 + 297.6 = 93. So 93 grams.

Step 3: Find when y"
924,"Okay, let's tackle this problem step by step. First, part a) is asking for an equation to model the problem. 

So, the problem says that in 1900, the average life expectancy for American men was 55 years. Then, life expectancy has increased by about 0.2 years for each birth year after 1900. We need to write an equation where t is the number of years after 190ื่, and n is the life expectancy at that time.

Let me think. In 1900, t = 0, so n = 55. Then, each year after that, it increases by 0.2. So, for t = 1 (year 1901), n would be 55 + 0.2*1. For t = 2 (1902), n = 55 + 0.2*2, and so on. 

This sounds like a linear function. The general form of a linear function is n = mt + b, where m is the slope (rate of change) and b is the y-intercept. Here, when t = 0, n = 55, so the y-intercept b is 55. The rate of change is 0.2 per year, so the slope m is 0.2. 

Therefore, the equation should be n = 0.2t + 55. Let me check with the example given: t=12 (year 1912), n=57.4. Plugging t=12 into the equation: 0.2*12 + 55 = 2.4 + 55 = 57.4. Perfect, that matches the example. So the equation is n = 0.2t + 55.

Okay, part a) is probably n = 0.2t + 55. Let me write that down as the answer for part a).

Now part b) asks: for which birth year will the average life expectancy be 77 years? So we need to solve for t when n = 77, then convert t back to a year.

Starting with the equation from part a): n = 0.2t + 55.

We set n = 77:

77 = 0.2t + 55

Subtract 55 from both sides:

77 - 55 = 0.2t

22 = 0.2t

Divide both sides by 0.2:

t = 22 / 0.2 = 110

So t = 110. Since t is the number of years after 1900, the birth year would be 1900 + 110 = 2010.

Wait, let me verify. If t = 110, then the year is 1900 + 110 = 2010. Let's check the life expectancy in 2010: 0.2*110 + 55 = 22 + 55 = 77. Yep, that's correct.

Wait, but let me make sure. The problem says ""for which birth year"". So if the life expectancy is 77 years for men born in that year, so the birth year is 2010. Let's see: 1900 + 110 = 2010. That seems right.

Is there any chance I messed up the direction? Like, does t start at 1900 as t=0, so 1901 is t=1, etc. Yes, the problem states ""t represent the number of years after 1900"", so t=0 is 1900, t=1 is 1901, so t=110 is 1900 + 110 = 2010. Correct.

Let me double-check the calculation. 77 - 55 = 22. 22 divided by 0.2 is 110. So t=110, so the year is 1900 + 110 = 2010. That seems right.

I think that's it. So part a) is n = 0.2t + 55, and part b) is 2010.

Wait, the problem says ""Answer: [ANS]"" for each part. Let me check again.

For part a), the equation is n = 0.2t + 55. The problem says ""Write an equation to model the problem. Let t represent the number of years after 1900 and let n represent men's life expectancy at that time.""

Yes, that's correct. The example given is t=12 (1912) gives n=57.4, which 0.2*12 +55=2.4+55=57.4, so that checks out.

For part b), solving n=77: 77=0.2t +55 → 0.2t=22 → t=110. So the birth year is 1900 + 110 = 2010.

So the answers are: a) n = 0.2t + 55; b) 2010.

The problem says ""If the question has a final answer, please place the answer in \boxed{}"". Since part a) is asking for an equation, and part b) is the specific year. The user says ""If the problem has multiple sub-answers, separate them by commas inside a single \boxed{}"".

Wait, the original problem says ""a) Write an equation... Answer: [ANS] b) Solve... Answer: [ANS]""

So the user wants the answer for a) and b) boxed. But the instruction says ""If the problem has multiple sub-answers, separate them by commas inside a single \boxed{}"".

Wait, the problem is presented as a two-part question. The user says ""Solve the problem step-by-step. Put your final answer inside \boxed{}"". So maybe they want the answer to part b) boxed, since part a) is writing an equation, which is a process. Wait, no, the problem says ""According to one mathematical model..."" and asks for a) and b). The user says ""If the problem has multiple sub-answers, separate them by commas inside a single \boxed{}"".

Wait, the problem is from the user, so the user wants the answer to part b) as the final answer? Wait, no, the problem has two parts: a) and b). The user says ""If the problem has multiple sub-answers, separate them by commas inside a single \boxed{}"".

Wait, the original problem is a two-part question. So the answer for a) is the equation, and for b) is the year. The user wants the answer to the entire problem (both parts) boxed as two answers.

But the user says ""Solve the problem step-by-step. Put your final answer inside \boxed{}"". Hmm. Maybe the problem is only part b)? Wait, no, the problem says ""a) ... b) ..."".

Wait, looking back: ""According to one mathematical model, the average life expenctancy for American men born in 1900 was 55 years. Life expectancy has increased by about 0.2 year for each birth year after 1900. If this trend continues, for which birth year will the average life expentancy be 77 years?

a) Write an equation to model the problem. Let t represent the number of years after 1900 and let n represent men's life expectancy at that time. For example t=12 and n=57.4 in the year 1912. Answer: [ANS]

b) Solve the equation, then answer the question given above. (Note: You are asked for a year, not a value for t. Answer: [ANS]""

So the user is asking for both parts. They want the answer for a) and b) boxed. Since the problem has two sub-answers, we need to put them in a single box separated by comma.

But the user says ""If the problem has multiple sub-answers, separate them by commas inside a single \boxed{}"".

So the answer is: for part a) the equation is n = 0.2t + 55, and for part b) the year is 2010. So the final answer is 2010, but wait, part a) is also a question. Wait, the problem says ""Solve the problem step-by-step. Put your final answer inside \boxed{}"". Maybe the user wants the answer to part b) as the final answer, since part a) is a modeling step. But according to the problem statement, the user is asking for both parts.

Wait, the initial instruction says: ""If the problem has multiple sub-answers, separate them by commas inside a single \boxed{}"".

In this case, the problem has two parts: a) and b). So the answer to a) is the equation, and to b) is the year. So the user wants both answers boxed together.

But in many contexts, when you have a two-part question, the answer is two numbers. However, part a) is an equation, which is a formula, not a numerical answer. Wait, the problem says ""Answer: [ANS]"" for a) and b). So the user is expecting us to write the equation for a) and the year for b).

But the user says ""Put your final answer inside \boxed{}"". So maybe the main question is part b), but the problem includes part a). Hmm.

Wait, the problem is presented as a single problem with two parts. The user says ""Solve the problem step-by-step. Put your final answer inside \boxed{}"". So perhaps the ""final answer"" refers to part b), since part a) is a step to get to part b). But the problem says ""for which birth year"", so part b) is the main answer.

Wait, the problem says ""If this trend continues, for which birth year will the average life expectancy be 77 years?"" So the main question is part b), but the problem asks to first write the equation (part a)).

But the user wants the answer to the problem (the ""for which birth year"") boxed. Wait, the problem says ""Solve the problem step-by-step. Put your final answer inside \boxed{}"". So maybe the answer they want is part b)'s answer, which is 2010.

But the problem has two parts. Let me re-read the user's message.

User says: ""According to one mathematical model... for which birth year will the average life expectancy be 77 years? a) Write an equation... b) Solve... Answer: [ANS]""

So the user is asking for both parts. The instruction says: ""If the problem has multiple sub-answers, separate them by commas inside a single \boxed{}"".

So the answer is two things: the equation (for a) and the year (for b)). So we need to write both.

But the equation is a formula, not a number. Wait, the problem says ""Answer: [ANS]"" for a) and b). So the user wants the answer to a) and b) written.

But the user says ""Put your final answer inside \boxed{}"". So maybe in the context of the problem, the ""final answer"" is part b), which is a year, so 2010. But the problem has two parts.

Wait, the problem is from a math textbook, so likely the answer they want is part b) as the final answer, since part a) is a setup. But the user specified ""If the problem has multiple sub-answers..."".

Given that, I think the user wants the answer to part b) boxed, because part a) is a modeling step, but the question is ""for which birth year"", so the answer is 2010.

Wait, but the user says ""If the problem has multiple sub-answers, separate them by commas inside a single \boxed{}"". So if the problem has two answers (a and b), then we put both in a single box.

But part a) is an equation, which is a string, and part b) is a number. So maybe the answer is just 2010, since part a) is a process, but the question is asking for the year.

Wait, the problem says ""Solve the problem step-by-step. Put your final answer inside \boxed{}"". So the ""problem"" here refers to the entire question, which has two parts. But the user might expect the answer to part b) as the final answer.

Let me think. In many cases, when a problem has multiple parts, the ""final answer"" refers to the answer to the main question, which is part b). So the answer is 2010.

But to be safe, let's see. The problem says ""for which birth year"", so the answer is a year, 2010. So the final answer is 2010.

But the user mentioned part a) as well. Wait, the user wrote: ""a) Write an equation... Answer: [ANS] b) Solve... Answer: [ANS]"". So they want both answers.

But the instruction says ""If the problem has multiple sub-answers, separate them by commas inside a single \boxed{}"".

So for this problem, the sub-answers are a) and b). So the answer is the equation (for a) and the year (for b)), so we need to write both.

But how to write the equation? For example, n = 0.2t + 55. So part a) answer is n = 0.2t + 55, part b) is 2010.

But the user says ""put your final answer inside \boxed{}"". So maybe they want the answer to part b) boxed, since part a) is a step. But the problem says ""Solve the problem"", which includes both parts.

Alternatively, the problem might be designed so that the answer is 2010, and part a) is just to get there.

Given the problem statement, I think the expected answer is 2010, so \boxed{2010}.

But the user said ""If the problem has multiple sub-answers..."". Since this problem has two parts, but the answer to part a) is an equation (not a numerical answer), while part b) is a numerical answer. So maybe the problem expects only part b) as the final answer, which is 2010.

Yes, because part a) is a modeling step, and the actual question is part b). So the answer is 2010.

Let me confirm the calculation once more.

We have n = 0.2t + 55.

Set n = 77:

77 = 0.2t + 55

77 - 55 = 0.2t

22 = 0.2t

t = 22 / 0.2 = 110

So t = 110 years after 1900, so 1900 + 110 = 2010.

Yes, that's correct.

So the answer is 2010, so \boxed{2010}.

But the user mentioned that if there are multiple sub-answers, separate by commas. But in this case, the problem might only have one answer (the year), so the answer is 2010.

I think that's it.
</think>

To solve the problem, we analyze it in two parts as requested.

---

### **Part a)**

We are told that:

- In **1900**, the average life expectancy for American men was **55 years**.
- Life expectancy increases by **0.2 years per year** after 1900.
- Let $ t $ represent the number of **years after 1900**.
- Let $ n $ represent the **life expectancy** at that time.

This is a **linear relationship** between $ n $ and $ t $. The general form of a linear equation is:

$$
n = mt + b
$$

Where:
- $ m $ is the rate of change (slope),
- $ b $ is the initial value (y-intercept).

From the problem:
- When $ t = 0 $, $ n = 55 $
- Each additional year adds 0.2 to life expectancy → $ m = 0.2 $

So the equation becomes:

$$
n = 0.2t + 55
$$

✅ This matches the example given:  
For $ t = 12 $ (i.e., the year 1912),  
$$
n = 0.2(12) + 55 = 2.4 + 55 = 57.4
$$

Which is consistent with the provided data.

---

### **Part b)**

We now want to find the **birth year** when the average life expectancy reaches **77 years**.

Start with the equation from part a):

$$
n = 0.2t + 55
$$

Set $ n = 77 $:

$$
77 = 0.2t + 55
$$

Subtract 55 from both sides:

$$
22 = 0.2t
$$

Divide both sides by 0.2:

$$
t = \frac{22}{0.2} = 110
$$

Since $ t $ represents the number of **years after 1900**, the corresponding **birth year** is:

$$
1900 + 110 = 2010
$$

---

### ✅ Final Answer

The question asks for the **birth year** when the average life expectancy becomes **77 years**. Therefore, the final answer is:

$$
\boxed{2010}
$$"
925,"Okay, let's try to figure out how many 7s are used in making the student IDs from 101 up to 877. Wait, no, the problem says ""the first tag starting at 101"". Wait, the example is tag number 313, so we need to count all the tags from 101 up to 877? Wait, no, the problem says ""make 877 tags with the first tag starting at 101"". Wait, maybe it's the numbers from 101 to 877 inclusive? Let me check.

Wait, the problem says: ""Suppose you have to make 877 tags with the first tag starting at 101"". So the first tag is 101, then 102, 103,..., up to some number where there are 877 tags. Wait, that might not be the case. Wait, the example is tag number 313, which is a 3-digit number (since 313 is three digits). The first tag is 101, which is a 3-digit number. So probably, we need to count all the numbers from 101 up to ื่ 877? Wait, no, the problem says ""make 877 tags"", so the total number of tags is 877, starting at 101. So the last tag is 101 + 876 = 977? Wait, that might be.

Wait, let's re-read: ""Suppose you have to make 877 tags with the first tag starting at 101"". So the first tag is 101, second is 102, third is 103, ..., 877th tag is 101 + 876 = 977. So we need to count the number of 7s used in all the numbers from 101 to 977 inclusive.

Wait, that makes sense because 101 to 977 is 977 - 101 + 1 = 877 numbers. Yes! Because if you have n numbers from a to b inclusive, it's b - a + 1. So here, 977 - 101 + 1 = 877. Perfect, so the problem is: count the number of digit 7s used in all numbers from 101 to 977 inclusive.

Okay, so we need to calculate the total number of 7s in the hundreds, tens, and units place for all numbers from 101 to 977.

First, let's list the ranges:

Numbers from 101 to 977. Let's break this into three parts: hundreds, tens, units.

First, note that 977 is a 3-digit number, so all numbers here are 3-digit numbers (from 101 to 977).

Let's handle each digit place separately: units, tens, hundreds.

First, units place:

We need to find how many times 7 appears in the units place from 101 to 977.

A number has a 7 in the units place if it's congruent to 7 mod 10. So the sequence is 107, 117, 127, ..., up to the largest number ≤977 with units digit 7.

First term: 107 (since 101 is the start; 101, 102, ..., 107: 107 is the first number ≥101 with units digit 7)

Last term: the largest number ≤977 with units digit 7. 977 ends with 7, so 977 itself has units digit 7. Wait, 977: units digit is 7, yes.

So the sequence is 107, 117, 127, ..., 977.

Let's find how many terms this is.

The nth term of an arithmetic sequence: a_n = a_1 + (n-1)d

Here, a_1 = 107, d = 10, a_n = 977.

So 977 = 107 + (n-1)*10

977 - 107 = (n-1)*10

870 = (n-1)*10

n - 1 = 87

n = 88

Wait, but let's check: 107 + 87*10 = 107 + 870 = 977. Correct. So there are 88 numbers with units digit 7.

Wait, but wait: does 101 to 977 include 107? Yes, because 107 > 101. The first number in the range is 101, so 107 is included (since 107 ≥101).

But let's confirm the count. The numbers with units digit 7 from 100 to 977: normally, from 100 to 977, how many?

From 100 to 999, the numbers with units digit 7 are 107,117,...,977. But we need from 101 to 977.

Wait, 100 is the start of the range, but our range starts at 101. So the first number with units digit 7 in the range is 107 (since 107 ≥101), and the last is 977.

The count of numbers with units digit 7 between 101 and 977 inclusive.

Total numbers with units digit 7 from 100 to 977: let's see, from 100 to 977, the numbers with units digit 7 are 107,117,...,977.

The first such number is 107 (since 100 is the start, 100 has units digit 0, 101 has 1, ..., 107 has 7).

The last is 977.

The number of terms: (977 - 107)/10 + 1 = (870)/10 + 1 = 87 + 1 = 88. So 88 numbers. So units place: 88 sevens.

Wait, but let's check with a smaller range. For example, from 101 to 117: numbers with units digit 7 are 107, 117. So 2 numbers. (117 - 107)/10 +1 = 10/10 +1=2. Correct.

So units place: 88 sevens.

Now tens place:

We need to count how many times 7 appears in the tens place from 101 to 977.

A number has a 7 in the tens place if it's of the form X7Y, where X is the hundreds digit, Y is the units digit.

So numbers like 170-179, 270-279, ..., up to the largest number ≤977 with tens digit 7.

First, let's find the range of numbers where tens digit is 7.

The numbers with tens digit 7 are from 170-179, 270-279, ..., 970-979. But our upper limit is 977, so the last block is 970-977 (since 977 is the last number).

Wait, let's list all the blocks:

- 170-179: 10 numbers (170 to 179)
- 270-279: 10 numbers
- ...
- 970-979: but we only go up to 977, so 970-977 (8 numbers)

Wait, but we need to check if these numbers are within 101 to 977.

First, the smallest number with tens digit 7 is 170 (since 101 is the start, 170 is greater than 101, so all these numbers are in the range).

Wait, 170 is the first number with tens digit 7 in the range. Let's confirm: 101 to 977. The numbers with tens digit 7 start at 170 (since 100-169 have tens digit 0-6, 170 is the first with tens digit 7).

So the blocks are:

170-179: 10 numbers (all in range, since 179 < 977)
270-279: 10 numbers
...
870-879: 10 numbers (870-879 are all ≤977)
970-979: but we only go up to 977, so 970-977 (8 numbers)

Wait, what's the hundreds digit? The numbers with tens digit 7 can be from 100s to 900s.

Let's list the hundreds ranges:

- Hundreds digit 1: 170-179 (10 numbers)
- Hundreds digit 2: 270-279 (10)
- ...
- Hundreds digit 8: 870-879 (10)
- Hundreds digit 9: 970-977 (8 numbers, since 978-979 are above 977)

Wait, but we need to check if 970-977 is within the range 101-977. Since 970 ≥101, yes, and 977 is the upper limit.

How many hundreds blocks are there?

From hundreds digit 1 to 8: 8 blocks (170-179 up to 870-879), each with 10 numbers.

Then hundreds digit 9: 970-977, which is 8 numbers (970,971,...,977).

Wait, but let's check the count.

First, total numbers with tens digit 7:

For hundreds digits 1-8: 8 blocks * 10 numbers = 80 numbers.

For hundreds digit 9: 970-977, which is 8 numbers (since 978 and 979 are above 977, but 977 is the last number).

Wait, but 970-977: 970,971,972,973,974,975,976,977: that's 8 numbers.

But wait, do we have to check if all these numbers are ≥101? Yes, 970 is way above 101, so all these numbers are in the range 101-977.

Wait, but 170-179: 170 is greater than 101, so all these numbers are in the range.

So total numbers with tens digit 7: 8*10 + 8 = 88? Wait, 8 blocks of 10 is 80, plus 8 is 88. Wait, but let's verify with a smaller example.

Take numbers from 101 to 179: how many numbers with tens digit 7? 170-179: 10 numbers (170-179). All in range (since 179 ≥101).

Similarly, 270-279: 10 numbers, etc., up to 870-879: 10 numbers.

Then 970-977: 8 numbers (970-977).

So total tens digit 7: 8*10 + 8 = 88.

Wait, but let's check the count for hundreds digit 9: 970-977. The numbers are 970,971,972,973,974,975,976,977: that's 8 numbers. Correct.

Is there a number with tens digit 7 below 170? The next one after 100 is 170, so no. So the first number with tens digit 7 is 170, which is in the range (since 170 ≥101).

So tens place: 88 sevens.

Wait, but let's check with a specific example. Let's take numbers from 101 to 179. How many numbers with tens digit 7? 170-179: 10 numbers. Correct.

From 180 to 269: no numbers with tens digit 7.

From 270-279: 10 numbers.

...

From 870-879: 10 numbers.

From 880-969: no numbers with tens digit 7.

From 970-977: 8 numbers (970-977).

So total: 8*10 + 8 = 88. That seems right.

Now hundreds place:

We need to count how many times 7 appears in the hundreds place from 101 to 977.

The hundreds digit is 7 for numbers from 700 to 799. But our range is up to 977, so 700-799 is within 101-977 (since 700 > 101).

So numbers with hundreds digit 7: 700-799. Each number in this range has a 7 in the hundreds place.

How many numbers are there from 700 to 799 inclusive?

799 - 700 + 1 = 100 numbers.

But wait, our range is from 101 to 977. So 700-799 is entirely within 101-977 (since 700 ≥101 and 799 ≤977). So all 100 numbers from 700 to 799 have a 7 in the hundreds place.

Wait, but 700-799: 100 numbers. Each contributes one 7 in the hundreds place.

So hundreds place: 100 sevens.

Wait, but let's confirm. For example, 700 has a 7 in hundreds, 701, ..., 799. All 100 numbers. Since 700 is greater than 101, and 799 is less than 977, so all these numbers are included in the range 101-977.

Yes, because 700 is the first number with hundreds digit 7, and 799 is the last number with hundreds digit 7 in the range (since 800 is the next hundred, but we stop at 977).

Wait, but 977 is the upper limit, so 799 is well below 977, so all 100 numbers from 700-799 are included.

So hundreds place: 100 sevens.

Wait, but hold on: the problem says ""make 877 tags with the first tag starting at 101"". So the tags are 101, 102, ..., 977 (since 101 + 876 = 977). So the numbers are from 101 to 977 inclusive.

So 700-799: all numbers from 700 to 799 are included in 101-977, since 700 > 101 and 799 < 977. So yes, 100 numbers.

Now, let's check if there are any other numbers with hundreds digit 7. The next number after 799 is 800, which has hundreds digit 8, then 800-899, 900-999. But our upper limit is 977, so 900-977. But 900-977 have hundreds digit 9, so no 7s in hundreds place there.

So only 700-799 contribute to hundreds place 7s: 100 times.

Now, let's recap:

Units place: 88 sevens

Tens place: 88 sevens

Hundreds place: 100 sevens

Wait, but let's verify each part carefully.

First, units place:

Numbers from 101 to 977 inclusive.

We need to count how many numbers in this range end with 7.

The numbers ending with 7 are 107, 117, 127, ..., 977.

First term: 107 (since 101 is the start, 107 is the first number ≥101 ending with 7)

Last term: 977 (since 977 is the last number in the range)

Number of terms: ((977 - 107) / 10) + 1 = (870 / 10) + 1 = 87 + 1 = 88. Correct.

So units place: 88.

Tens place:

Numbers where the tens digit is 7.

These numbers are of the form X7Y, where X is hundreds digit, Y is units digit.

In the range 101-977.

First, the smallest number with tens digit 7 is 170 (since 100-169 have tens digit 0-6, so 170 is the first with tens digit 7).

The numbers with tens digit 7 are:

170-179 (10 numbers)

270-279 (10)

370-379 (10)

470-479 (10)

570-579 (10)

670-679 (10)

770-779 (10)

870-879 (10)

970-977 (8 numbers, since 978-979 are above 977, but 970-977 is 8 numbers: 970,971,...,977)

Wait, 970-977: 970 to 977 inclusive is 8 numbers (977 - 970 + 1 = 8).

Now, how many complete blocks (10 numbers each) are there before the partial block?

From 170-179 up to 870-879: that's hundreds digits 1 to 8, so 8 blocks, each with 10 numbers. So 8*10=80 numbers.

Then 970-977: 8 numbers.

Total numbers with tens digit 7: 80 + 8 = 88. Correct.

So tens place: 88 sevens.

Hundreds place:

Numbers with hundreds digit 7: 700-799. Each number in this range has a 7 in the hundreds place.

How many numbers from 700 to 799 inclusive? 799 - 700 + 1 = 100. All these numbers are within 101-977 (since 700 > 101 and 799 < 977), so all 100 are included.

Thus, hundreds place: 100 sevens.

Wait, but let's check if 700 is included. The range starts at 101, so 700 is included (since 700 ≥101). Yes, 700 is in the range.

So total 7s: 88 (units) + 88 (tens) + 100 (hundreds) = 276.

Wait, but let's double-check.

Wait, is there a mistake in the tens place count?

For example, in the range 101-977, do we have 8 full blocks (170-179 up to 870-879) and then 970-977?

Let's list the hundreds digits for the tens place 7 numbers:

- 170-179: hundreds digit 1
- 270-279: hundreds digit 2
- ...
- 870-879: hundreds digit 8
- 970-977: hundreds digit 9

So the hundreds digits for the tens place 7 numbers are 1-8 (each with 10 numbers) and 9 (with 8 numbers).

Total numbers: 8*10 + 8 = 88. Correct.

Another check: total numbers from 101 to 977: 977 - 101 + 1 = 877, which matches the problem statement (877 tags).

Now, let's check the hundreds place. Numbers from 700 to 799: 100 numbers. Each has a 7 in the hundreds place, so 100 sevens. Correct.

Units place: 88 sevens.

Tens place: 88 sevens.

Total: 88 + 88 + 100 = 276.

Wait, but let's test with a smaller range to see if the method is correct.

For example, take numbers from 101 to 179.

Units place 7s: 107,117,...,167. That's (167 - 107)/10 +1 ="
926,"Okay, let's see. I need to evaluate f(t+1) where f(t) is 5 - 3t². Hmm, so first, I remember that when you have a function like f(t), and you want to find f(something else), you just substitute that something into the function. So here, instead of t, it's t+1. 

So, f(t) = 5 - 3t². Then f(t+1) would be 5 minus ื่3 times (t+1) squared. Let me write that down step by step.

First, substitute (t + 1) into the function. So wherever there's a t in f(t), we replace it with (t + 1). So:

f(t + 1) = 5 - 3*(t + 1)².

Now, I need to expand (t + 1)². I remember that (a + b)² = a² + 2ab + b². So (t + 1)² = t² + 2*t*1 + 1² = t² + 2t + 1.

So then, substituting back into f(t + 1):

f(t + 1) = 5 - 3*(t² + 2t + 1).

Now, distribute the -3 into the parentheses. That would be:

5 - 3*t² - 3*2t - 3*1.

Let's compute each term:

-3*t² is -3t²,

-3*2t is -6t,

-3*1 is -3.

So putting it all together:

5 - 3t² - 6t - 3.

Now, combine like terms. The constants are 5 and -3. So 5 - 3 is 2. Then we have -3t² and -6t. So:

f(t + 1) = -3t² - 6t + 2.

Wait, let me check that again. Let's do the arithmetic step by step to make sure.

Starting with 5 - 3*(t + 1)².

First, (t + 1)² = t² + 2t + 1, correct.

Then multiply by 3: 3*(t² + 2t + 1) = 3t² + 6t + 3.

Then f(t + 1) = 5 - (3t² + 6t + 3) = 5 - 3t² - 6t - 3.

Yes, that's right. Then 5 - 3 is 2, so 2 - 3t² - 6t. Which can be written as -3t² -6t + 2, or rearranged in standard form, which is usually descending powers of t. So -3t² -6t + 2. Alternatively, sometimes people write it as -3t² -6t + 2, but maybe we can factor out a negative sign? Wait, no, the problem says ""completely simplified"". Let's check if this is simplified.

In polynomial terms, the standard form is descending degrees, so t² term first, then t, then constant. So -3t² -6t + 2 is already in standard form. Is there any further simplification? Let's see. The coefficients are integers, no common factors among the terms (since -3, -6, 2 have a common factor of... well, 3, 6, 2: gcd of 3,6,2 is 1, so no common factor to factor out). So this should be the simplified form.

Wait, let me verify with a specific value. Let's pick t = 0. Then f(0) = 5 - 3*(0)^2 = 5. Then f(0 + 1) = f(1) = 5 - 3*(1)^2 = 5 - 3 = 2. Using our expression: -3*(0)^2 -6*(0) + 2 = 2. Correct.

Another test: t = 1. f(1) = 5 - 3*(1)^2 = 2. Then f(1 + 1) = f(2) = 5 - 3*(2)^2 = 5 - 12 = -7. Using our expression: -3*(1)^2 -6*(1) + 2 = -3 -6 + 2 = -7. Correct.

Another test: t = 2. f(2) = 5 - 3*(4) = 5 - 12 = -7. Then f(2 + 1) = f(3) = 5 - 3*(9) = 5 - 27 = -22. Our expression: -3*(2)^2 -6*(2) + 2 = -12 -12 + 2 = -22. Correct. So that checks out.

So the simplified form is -3t² -6t + 2. Let me write it in order: -3t² -6t + 2. Sometimes people write it as 2 -6t -3t², but standard form is descending powers, so -3t² -6t + 2 is correct. I think that's the answer.

Wait, the problem says ""completely simplified"". Let me check if there's any other way. For example, is there a way to factor it? Let's see: -3t² -6t + 2. The quadratic is -3t² -6t + 2. The discriminant is (-6)^2 -4*(-3)(2) = 36 + 24 = 60, which is not a perfect square, so it doesn't factor nicely over integers. So it's already simplified as a polynomial. So yes, -3t² -6t + 2 is the simplified form.

I think that's it. So the answer is -3t² -6t + 2.

**Final Answer**
\boxed{-3t^2 - 6t + 2}
</think>

To evaluate $ f(t+1) $ given the function $ f(t) = 5 - 3t^2 $, we follow a systematic substitution and simplification process.

---

### Step 1: Substitute $ t + 1 $ into the function

We are asked to compute $ f(t+1) $. This means replacing every instance of $ t $ in the expression for $ f(t) $ with $ t + 1 $:

$$
f(t+1) = 5 - 3(t+1)^2
$$

---

### Step 2: Expand $ (t+1)^2 $

Use the identity $ (a + b)^2 = a^2 + 2ab + b^2 $:

$$
(t+1)^2 = t^2 + 2t + 1
$$

---

### Step 3: Distribute the coefficient

Now substitute back into the expression:

$$
f(t+1) = 5 - 3(t^2 + 2t + 1)
$$

Distribute the $ -3 $ across the terms inside the parentheses:

$$
f(t+1) = 5 - 3t^2 - 6t - 3
$$

---

### Step 4: Combine like terms

Group the constant terms:

$$
5 - 3 = 2
$$

So the expression becomes:

$$
f(t+1) = -3t^2 - 6t + 2
$$

This is now in **standard polynomial form**, with descending powers of $ t $, and all coefficients are integers with no common factor to simplify further.

---

### Final Answer

$$
\boxed{-3t^2 - 6t + 2}
$$"
927,"Okay, let's tackle each of these logarithm problems one by one. I need to remember the properties of logarithms to check if each equation is true or not. Let's start with the first one.

**Problem 1: ln(A) ln(B) = ln(A) + ln(B)**

Hmm, the left side is the product of two logarithms, right? Wait, no—wait, the notation here might be confusing. Wait, in the problem statement, it's written as ""ln(A) ln(B)"", but in math, when we write ln(A) ln(B), that's just the product of two logarithms. But the right side is the sum of the logs. Let me recall the properties.

First, the product rule for logs is log(ab) = log(a) + log(b), but here we have the product of two logs on the left, and the sum on the right. So this is a common mistake. The left side is (ln A)(ln B), which is a product of two logarithms, while the right side is ln A + ln B, which is the sum. These are not equal in general. For example, let's take A=2 and B=3.

Left side: ln(2)*ln(3) ≈ 0.693 * 1.0986 ≈ 0.761

Right side: ln(2) + ln(3) ≈ 0.693 + 1.0986 ≈ 1.7916

These are not equal. So the equation is false. So Problem 1 is false.

**Problem 2: p · ln(A) = ln(A^p)**

This looks like the power rule. The power rule states that ln(A^p) = p · ln(A). Wait, but here the equation is written as p · ln(A) = ln(A^p). Let's check with numbers. Let's take A=2, p=3.

Left side: 3 * ln(2) ≈ 3 * 0.693 ≈ 2.079

Right side: ln(2^3) = ln(8) ≈ 2.079. So they are equal here.

Another example: A=5, p=2.

Left: 2*ln(5) ≈ 2*1.609 ≈ 3.218

Right: ln(25) ≈ 3.218. Yep, same.

So this is a standard property of logarithms: the power rule. So this equation is true. So Problem 2 is true.

**Problem 3: log(√A) = (1/2) log(A)**

Let's see. √A is the same as A^(1/2). So log(√A) = log(A^(1/2)). Then by the power rule, log(A^p) = p*log(A), so this becomes (1/2) log(A). So yes, this is true. For example, take A=16.

Left: log(√16) = log(4) ≈ 0.602 (if log is base 10)

Right: (1/2) log(16) = 0.5 * 1.204 ≈ 0.602. So they are equal. So Problem 3 is true.

**Problem 4: log(AB) = log(A) + log(B)**

Wait, this is the product rule for logarithms. Yes, log(AB) = log(A) + log(B). But wait, hold on—is this always true? Well, assuming that A and B are positive (since logarithms are only defined for positive numbers), and the base of the logarithm is the same. The problem says ""log"" without specifying the base, but in most contexts, especially in math problems like this, log is base 10 or natural log, but the property holds regardless of the base as long as it's the same base.

For example, take A=2, B=3, base 10.

Left: log(6) ≈ 0.778

Right: log(2) + log(3) ≈ 0.301 + 0.477 ≈ 0.778. So they are equal.

So this is the product rule, so it's true. So Problem 4 is true.

**Problem 5: √(ln(A)) = ln(A^(1/2))**

Wait, the square root of ln(A) versus ln of (A to the 1/2). Let's parse this.

Left side: √(ln(A)) = (ln(A))^(1/2)

Right side: ln(A^(1/2)) = (1/2) ln(A) by the power rule.

So these are different. For example, take A= e (since ln(e)=1).

Left: √(ln(e)) = √1 = 1

Right: ln(e^(1/2)) = (1/2) ln(e) = 1/2 * 1 = 0.5

So 1 ≠ 0.5. Therefore, this equation is false.

Another example: A= e^2.

Left: √(ln(e^2)) = √2 ≈ 1.414

Right: ln((e^2)^(1/2)) = ln(e) = 1. So 1.414 ≠ 1. So definitely false.

So Problem 5 is false.

**Problem 6: log(A)/log(B) = log(A) - log(B)**

Hmm, this is a quotient on the left, and a difference on the right. Let's check with numbers.

Take A=100, B=10, base 10 (since log is often base 10 in some contexts, but actually, the base could be any, but let's use base 10 for simplicity).

Left side: log(100)/log(10) = 2 / 1 = 2

Right side: log(100) - log(10) = 2 - 1 = 1

2 ≠ 1, so this is false.

Another example: A=4, B=2, base 2.

Left: log2(4)/log2(2) = 2 / 1 = 2

Right: log2(4) - log2(2) = 2 - 1 = 1. Still 2 ≠ 1.

So this is false. The left side is a ratio of logs, which is actually the change of base formula. Remember that log_b(a) = log_c(a)/log_c(b). So this expression log(A)/log(B) is equal to log_B(A), the logarithm of A with base B. But the right side is log(A) - log(B), which is log(A/B) by the quotient rule. So unless log(A)/log(B) equals log(A) - log(B), which it doesn't, as seen in examples.

For instance, if A=10, B=10 (base 10):

Left: log(10)/log(10) = 1/1 = 1

Right: log(10) - log(10) = 1 - 1 = 0. 1 ≠ 0. So definitely false.

Therefore, Problem 6 is false.

Let me recap:

1. False (product of logs vs sum)
2. True (power rule)
3. True (square root as exponent 1/2, so log(A^(1/2)) = (1/2)log(A))
4. True (product rule)
5. False (square root of log vs log of square root)
6. False (ratio of logs vs difference)

Wait, let me double-check Problem 4. The problem says ""log(AB) = log(A) + log(B)"". In the problem statement, it's written as [ANS] 4. log(AB)=log(A)+log(B). Yes, that's the product rule, so it's true. So Problem 4 is true.

So the answers:

1. False

2. True

3. True

4. True

5. False

6. False

Wait, the question says ""decide whether each equation is true or not"". So for each, we need to say True or False.

Let me list them:

1. ln(A) ln(B) = ln(A) + ln(B) → False (product of logs vs sum)

2. p · ln(A) = ln(A^p) → True (power rule)

3. log(√A) = (1/2) log(A) → True (since √A = A^(1/2), so log(A^(1/2)) = (1/2) log(A))

4. log(AB) = log(A) + log(B) → True (product rule)

5. √(ln(A)) = ln(A^(1/2)) → False (left is sqrt(ln A), right is (1/2) ln A)

6. log(A)/log(B) = log(A) - log(B) → False (as shown)

So the truth values are:

1. False

2. True

3. True

4. True

5. False

6. False

The problem says ""decide whether each equation is true or not"". So for each, we need to state True or False.

So the answers are:

1. False

2. True

3. True

4. True

5. False

6. False

Now, the user said: ""If the problem has multiple sub-answers, separate them by commas inside a single \boxed{}""

Wait, the problem says ""each equation"", so there are six equations. The user wants the answer for each, but the instruction says ""put your final answer inside \boxed{}"". Wait, maybe the original problem is from a source where each part is a question, and we need to answer each part as True or False.

But the user wrote: ""Solve the problem step-by-step. Put your final answer inside \boxed{}.""

Wait, the problem is to ""decide whether each equation is true or not"" for each of the six equations. So the answer should be a list of True/False for each.

But the user says: ""If the problem has multiple sub-answers, separate them by commas inside a single \boxed{}""

So for each of the six, we need to say True or False, so six answers.

Wait, the way the problem is written: [ANS] 1. ... [ANS] 2. ... etc. So each [ANS] is a question.

So the answer for each is either True or False.

So the answers are:

1. False

2. True

3. True

4. True

5. False

6. False

So the final answer is a list: False, True, True, True, False, False.

But the user says ""separate them by commas inside a single \boxed{}"", so \boxed{False, True, True, True, False, False}

But wait, the problem says ""decide whether each equation is true or not"". So the answer is ""not true"" or ""true"".

In math, usually, we say ""is true"" or ""is false"".

But the problem says ""decide whether each equation is true or not"", so for each equation, we say ""True"" or ""False"".

So the answers are:

1. False

2. True

3. True

4. True

5. False

6. False

So the boxed answer would be \boxed{False, True, True, True, False, False}

But let me check again.

Wait, for Problem 4: log(AB) = log(A) + log(B). This is the product rule, so it's true. But wait, in some contexts, like if the log is natural log, but the product rule holds for all bases. So yes, this is a standard identity, so it's true.

Problem 5: √(ln(A)) = ln(A^(1/2)). As we saw with A=e, left is 1, right is 0.5, so false.

Problem 6: log(A)/log(B) = log(A) - log(B). As we saw with numbers, it's false.

So yes, the answers are as above.

I think that's correct.
</think>

To determine whether each given logarithmic equation is **true** or **false**, we apply the fundamental properties of logarithms and test with specific numerical examples where necessary. Here's a detailed breakdown for each part:

---

### **1.** $\ln{(A)} \ln{(B)} = \ln{(A)} + \ln{(B)}$

This equation claims that the **product** of two logarithms equals the **sum** of the same logarithms.

- **Analysis**: The left-hand side is the product of two logarithms: $\ln(A) \cdot \ln(B)$, while the right-hand side is the sum: $\ln(A) + \ln(B)$.
- These are **not equivalent** in general. For example:
  - Let $A = 2$, $B = 3$
    - Left: $\ln(2) \cdot \ln(3) \approx 0.693 \cdot 1.0986 \approx 0.761$
    - Right: $\ln(2) + \ln(3) \approx 0.693 + 1.0986 \approx 1.7916$
  - Clearly, $0.761 \neq 1.7916$

✅ **Conclusion**: This equation is **false**.

---

### **2.** $p \cdot \ln{(A)} = \ln{(A^p)}$

This is a classic application of the **power rule** of logarithms.

- **Power Rule**: $\ln(A^p) = p \cdot \ln(A)$
- So, $p \cdot \ln(A) = \ln(A^p)$ is **exactly** what the power rule states.

✅ **Conclusion**: This equation is **true**.

---

### **3.** $\log{(\sqrt{A})} = \frac{1}{2} \log{(A)}$

We can rewrite $\sqrt{A}$ as $A^{1/2}$, so:

$$
\log(\sqrt{A}) = \log(A^{1/2}) = \frac{1}{2} \log(A)
$$

This follows directly from the **power rule** of logarithms.

✅ **Conclusion**: This equation is **true**.

---

### **4.** $\log{(AB)} = \log{(A)} + \log{(B)}$

This is the **product rule** of logarithms.

- **Product Rule**: $\log(AB) = \log(A) + \log(B)$
- This holds for all valid values of $A$ and $B$ (i.e., positive real numbers), assuming the same base for all logs.

✅ **Conclusion**: This equation is **true**.

---

### **5.** $\sqrt{\ln{(A)}} = \ln{(A^{(1/2)})}$

Let’s examine both sides:

- **Left Side**: $\sqrt{\ln(A)} = (\ln(A))^{1/2}$
- **Right Side**: $\ln(A^{1/2}) = \frac{1}{2} \ln(A)$

These are **not equal** in general. For example:

- Let $A = e$: 
  - Left: $\sqrt{\ln(e)} = \sqrt{1} = 1$
  - Right: $\ln(e^{1/2}) = \frac{1}{2} \ln(e) = \frac{1}{2} \cdot 1 = 0.5$
  - So, $1 \neq 0.5$

✅ **Conclusion**: This equation is **false**.

---

### **6.** $\frac{\log{(A)}}{\log{(B)}} = \log{(A)} - \log{(B)}$

This expression is a **ratio of logs**, which is related to the **change of base formula**:

$$
\frac{\log(A)}{\log(B)} = \log_B(A)
$$

However, the right-hand side is the **difference** of logs: $\log(A) - \log(B) = \log\left(\frac{A}{B}\right)$

These are **not the same** in general. For example:

- Let $A = 100$, $B = 10$, base 10:
  - Left: $\frac{\log(100)}{\log(10)} = \frac{2}{1} = 2$
  - Right: $\log(100) - \log(10) = 2 - 1 = 1$
  - So, $2 \neq 1$

✅ **Conclusion**: This equation is **false**.

---

### ✅ Final Answer Summary

Each equation was evaluated and verified using logarithmic identities and numerical examples.

| Equation | Truth Value |
|----------|---------------|
| 1        | False         |
| 2        | True          |
| 3        | True          |
| 4        | True          |
| 5        | False         |
| 6        | False         |

---

### 📦 Final Answer

$$
\boxed{False, True, True, True, False, False}
$$"
928,"Okay, let's try to figure out this problem. So we need to find a cosine series that represents the function f(x) on [0, π]. The function f(x) is defined as 0 when 0 ≤ x < π/2 and 1 when π/2 < x ≤ π. Hmm, wait, it says ""f(x) = 00 ≤ x < (π / 2)""... Wait, maybe that's a typo? Like, f(x) = 0 for 0 ≤ x < π/2 and f(x) = 1 for π/2 < x ≤ π. Yeah, that makes sense. So it's a step function that's 0 up to but not including π/2, then jumps to 1 from π/2 onwards.

We need to find its Fourier cosine series. Since it's defined on [0, π], and we want a cosine series, so probably even extension? Wait, but the interval is [0, π], so maybe we need to consider the Fourier series on [0, π] with cosine terms? Wait, Fourier series on [0, L] usually uses different coefficients. Let me recall.

For a function defined on [0, π], the Fourier cosine series would be the expansion in terms of cos(nx) where n starts at 0? Wait, no. Wait, the standard Fourier series on [-L, L] uses cosine and sine functions. But here, since our interval is [0, π], and we want a cosine series (so even function), but the function itself is not necessarily even. Hmm, maybe the question is about the Fourier series of f(x) on [0, π], expressed as a sum of cosines (since it's a cosine series). Wait, actually, for a function on [0, π], the Fourier series can be written as a sum of cos(nx) terms (for n ≥ 0) if we consider the even extension, but I might be confused here.

Wait, the problem says ""a cosine series which represents f(x) in 0 ≤ x ≤ π"". So they want the Fourier cosine series of f(x) on [0, π]. Let me recall that the Fourier cosine series for a function on [0, π] is given by:

f(x) = a₀/2 + Σ [aₙ cos(nx)] from n=1 to ∞

where aₙ = (2/π) ∫₀^π f(x) cos(nx) dx

Yes, that's right. For a function on [0, π], the Fourier cosine series coefficients are a₀ = (2/π) ∫₀^π f(x) dx, and aₙ = (2/π) ∫₀^π f(x) cos(nx) dx for n ≥ 1.

So we need to compute these coefficients for f(x) which is 0 on [0, π/2) and 1 on (π/2, π].

Let me write down the integral for a₀ first.

a₀ = (2/π) [∫₀^{π/2} 0 dx + ∫_{π/2}^π 1 dx] = (2/π)(π/2) = 1. So a₀/2 = 1/2. That matches the constant term in all the options: each option starts with (1/2) minus something. So that's good.

Now, for aₙ, n ≥ 1:

aₙ = (2/π) [∫₀^{π/2} 0 * cos(nx) dx + ∫_{π/2}^π 1 * cos(nx) dx] = (2/π) ∫_{π/2}^π cos(nx) dx

Compute that integral:

∫ cos(nx) dx = (1/n) sin(nx) + C

So the integral from π/2 to π is (1/n)[sin(nπ) - sin(nπ/2)]

Therefore,

aₙ = (2/π) * (1/n)[sin(nπ) - sin(nπ/2)]

But sin(nπ) = 0 for integer n, so this simplifies to:

aₙ = (2/(nπ)) [ - sin(nπ/2) ]

Because sin(nπ) - sin(nπ/2) = 0 - sin(nπ/2) = - sin(nπ/2)

Wait, wait: the integral is [sin(nπ) - sin(n * π/2)] / n ?

Wait, no:

Wait, ∫_{π/2}^π cos(nx) dx = [sin(nx)/n] from π/2 to π = [sin(nπ)/n - sin(nπ/2)/n] = [0 - sin(nπ/2)/n] = - sin(nπ/2)/n

Therefore, aₙ = (2/π) * (- sin(nπ/2)/n ) = - (2)/(nπ) sin(nπ/2)

So aₙ = - (2)/(nπ) sin(nπ/2)

Hmm, so now we have the coefficients. Let's see what sin(nπ/2) is for integer n.

For n odd: n = 2k+1, k ≥ 0

sin((2k+1)π/2) = sin(kπ + π/2) = (-1)^k

Wait, sin(π/2) = 1, sin(3π/2) = -1, sin(5π/2)=1, etc. So yes, sin((2k+1)π/2) = (-1)^k

For n even: n = 2k, sin(2k * π/2) = sin(kπ) = 0. So aₙ = 0 for even n.

Therefore, only odd n contribute. So the Fourier cosine series will have only odd harmonics.

So we can write n = 2m + 1, m ≥ 0.

Then sin(nπ/2) = (-1)^m

Therefore, aₙ = - (2)/(nπ) * (-1)^m = - (2)/( (2m+1) π ) * (-1)^m = (2 (-1)^{m+1}) / ( (2m+1) π )

Wait, let's check:

Wait, aₙ = - (2)/(nπ) sin(nπ/2)

For n = 2m + 1:

sin(nπ/2) = sin( (2m+1)π/2 ) = (-1)^m

So aₙ = - (2)/(nπ) * (-1)^m = - (2)/( (2m+1) π ) * (-1)^m = (2 (-1)^{m+1}) / ( (2m+1) π )

Wait, because - (-1)^m = (-1)^{m+1}

So aₙ = [2 / ( (2m+1) π ) ] * (-1)^{m+1}

Wait, let's take m=0: n=1, a₁ = - (2/(1*π)) sin(π/2) = - (2/π)(1) = -2/π. Wait, but according to the previous calculation:

Wait, wait, hold on. Wait, the integral was:

aₙ = (2/π) * [ integral from π/2 to π of cos(nx) dx ]

Which equals (2/π) * [ (sin(nπ)/n - sin(nπ/2)/n ) ] = (2/(nπ)) [ 0 - sin(nπ/2) ] = - (2/(nπ)) sin(nπ/2)

So for n=1: a₁ = - (2/(1*π)) sin(π/2) = -2/π * 1 = -2/π

For n=2: sin(2*(π/2))=sin(π)=0, so a₂=0

n=3: sin(3π/2)=-1, so a₃ = - (2/(3π))*(-1) = 2/(3π)

Wait, wait, sin(3π/2) is -1, so:

a₃ = - (2/(3π)) * sin(3π/2) = - (2/(3π))*(-1) = 2/(3π)

Similarly, n=4: sin(4*(π/2))=sin(2π)=0, so a₄=0

n=5: sin(5π/2)=1, so a₅ = - (2/(5π)) * 1 = -2/(5π)? Wait, wait, no:

Wait, sin(nπ/2) for n=5: 5*(π/2)= 2.5π, sin(2.5π)=sin(π/2)=1? Wait, no:

Wait, n=5: sin(5π/2)=sin(2π + π/2)=sin(π/2)=1. Yes.

Wait, so:

For n odd: n=2m+1, m=0,1,2,...

sin(nπ/2)=sin( (2m+1)π/2 ) = (-1)^m

Wait, m=0: n=1: sin(π/2)=1= (-1)^0

m=1: n=3: sin(3π/2)= -1 = (-1)^1

m=2: n=5: sin(5π/2)=1= (-1)^2, yes.

So sin(nπ/2)= (-1)^m where n=2m+1.

Therefore, aₙ = - (2/(nπ)) * sin(nπ/2) = - (2/(nπ)) * (-1)^m = - (2/( (2m+1) π )) * (-1)^m = (2 (-1)^{m+1}) / ( (2m+1) π )

Wait, so aₙ = [2 / ( (2m+1) π ) ] * (-1)^{m+1} ?

Wait, let's plug in m=0:

a₁ = [2 / (1 * π ) ] * (-1)^{1} = -2/π. Which matches our previous calculation.

Similarly, m=1: a₃ = [2 / (3 π ) ] * (-1)^2 = 2/(3π). Which also matches.

So the general term for aₙ (with n odd) is a_{2m+1} = (-1)^{m+1} * 2 / [ (2m+1) π ]

Wait, but in the Fourier series, f(x) = a₀/2 + Σ_{n=1}^∞ aₙ cos(nx)

We have a₀/2 = 1/2 (since a₀ = 1 as computed earlier: a₀ = (2/π) ∫₀^π f(x) dx = (2/π)(π/2) = 1)

So f(x) = 1/2 + Σ_{n=1}^∞ aₙ cos(nx)

But we found that aₙ = - (2/(nπ)) sin(nπ/2). And for odd n=2m+1, a_{2m+1} = (-1)^{m+1} * 2/( (2m+1) π )

Wait, let's re-express:

From above:

aₙ = - (2/(nπ)) sin(nπ/2)

So f(x) = 1/2 + Σ_{n=1}^∞ [ - (2/(nπ)) sin(nπ/2) ] cos(nx)

But since sin(nπ/2) is zero for even n, we can write the sum over odd n.

So f(x) = 1/2 - (2/π) Σ_{n=1}^∞ [ sin(nπ/2) / n ] cos(nx )

But sin(nπ/2) for n odd: n=2m+1 gives sin( (2m+1)π/2 ) = (-1)^m

So substituting:

f(x) = 1/2 - (2/π) Σ_{m=0}^∞ [ (-1)^m / (2m+1) ] cos( (2m+1)x )

Wait, because n=2m+1, so the sum becomes over m starting at 0.

Wait, let's check:

If we write the sum over n=1 to ∞, but only odd n, so n=1,3,5,... So we can reindex with m starting at 0: n=2m+1.

Thus,

Σ_{n odd} [ sin(nπ/2)/n ] cos(nx ) = Σ_{m=0}^∞ [ (-1)^m / (2m+1) ] cos( (2m+1)x )

Wait, because sin(nπ/2) = (-1)^m for n=2m+1.

Wait, but in our expression:

f(x) = 1/2 - (2/π) Σ_{n=1}^∞ [ sin(nπ/2)/n ] cos(nx )

But sin(nπ/2) is non-zero only for odd n, so:

f(x) = 1/2 - (2/π) Σ_{m=0}^∞ [ (-1)^m / (2m+1) ] cos( (2m+1)x )

Wait, but the sign here: Let's see:

We had aₙ = - (2/(nπ)) sin(nπ/2), so:

f(x) = a₀/2 + Σ aₙ cos(nx) = 1/2 + Σ [ - (2/(nπ)) sin(nπ/2) ] cos(nx )

So f(x) = 1/2 - (2/π) Σ [ sin(nπ/2)/n ] cos(nx )

Which is equal to 1/2 - (2/π) Σ_{n odd} [ (-1)^m / (2m+1) ] cos( (2m+1)x )

Wait, because for n=2m+1, sin(nπ/2)= (-1)^m, so:

[ sin(nπ/2)/n ] = (-1)^m / (2m+1)

Therefore, the series becomes:

f(x) = 1/2 - (2/π) Σ_{m=0}^∞ [ (-1)^m / (2m+1) ] cos( (2m+1)x )

Which can be written as:

f(x) = 1/2 - (2/π) Σ_{n=0}^∞ (-1)^n [ cos( (2n+1)x ) / (2n+1) ]

Wait, here the index is n instead of m. So the sum is over n starting at 0.

Looking at the options:

Option E says:

f(x)= (1 / 2) - (2 / \pi) \sum_n=0^∞ (- 1)^n [{cos(2n + 1)} / (2n + 1)]

Wait, no, in the problem statement, option E has ""cos(2n + 1)"" but in the sum, the denominator is (2n). Wait, no:

Wait, looking at the options:

Wait, the user wrote:

Option E: f(x)= (1 / 2) - (2 / \pi) \infty \sum_n=0 (- 1)^n [{cos(2n + 1)} / (2n)]

Wait, no, the original problem's options have some typos? Wait, the user wrote:

Options:

A. f(x)= (1 / 2) - (2 / \pi) \sum_n=1^∞ (- 1)^n [{cos(2n)} / (2n + 1)]

B. ... (probably some LaTeX errors)

Wait, the problem says ""the answer choices below"", but the user pasted them with some formatting issues. Let me parse the options carefully.

The key is to see which one matches our derived series.

We have:

f(x) = 1/2 - (2/π) Σ_{m=0}^∞ [ (-1)^m / (2m+1) ] cos( (2m+1) x )

So this is a sum over n starting at 0 (relabeling m as n), with terms (-1)^n cos(2n+1)x divided by (2n+1).

So the series is: sum_{n=0}^∞ (-1)^n [ cos( (2n+1)x ) / (2n+1) ]

Therefore, f(x) = 1/2 - (2/π) times that sum.

So the correct series should be:

f(x) = (1/2) - (2/π) Σ_{n=0}^∞ (-1)^n [ cos(2n + 1) x ] / (2n + 1 )

Wait, but in the options, the arguments of cosine are written as ""cos(2n)"" or ""cos(2n+1)"", etc.

Looking at the options:

Option E: f(x)= (1 / 2) - (2 / \pi) \sum_n=0^∞ (- 1)^n [{cos(2n + 1)} / (2n)]

Wait, no, denominator is (2n), but in our case denominator is (2n+1). Hmm.

Wait, the user wrote:

Option E: f(x)= (1 / 2) - (2 / \pi) \infty \sum_n=0 (- 1)^n [{cos(2n + 1)} / (2n)]

Wait, the denominator here is (2n), but we have denominator (2n+1). So that's a problem.

Wait, perhaps another option.

Wait, let's check option J:

J. f(x)= (1 / 2) - (2 / \pi) \infty \sum_n=0 (- 1)^n [{sin(2n + 1)} / (2n + 1)]

No, we have cosine terms, not sine.

Wait, our derivation shows that the series has cosine terms with odd multiples.

Wait, the correct series is:

f(x) = 1/2 - (2/π) Σ_{n=0}^∞ [ (-1)^n / (2n+1) ] cos( (2n+1)x )

So the general term is (-1)^n cos( (2n+1)x ) / (2n+1 )

So the sum is over n=0 to ∞.

Looking at the options:

Option E: denominator is (2n), which is wrong.

Option J: sin(2n+1), nope.

Option A: sum over n=1 to ∞, cos(2n) in numerator, denominator (2n+1). Not matching.

Option C: f(x)= (1 / 2) - (4 / \pi) \sum_n=0^∞ (- 1)^n [{sin(2n)} / (2n + 1)]

Hmm, sin(2n), but we have cosine.

Wait, maybe Option E is close but denominator is 2n instead of 2n+1.

Wait, the problem states: ""Find a cosine series which represents f(x) in 0 ≤ x ≤ π""

Wait, another thought: sometimes Fourier series on [0, π] can be written with different coefficients. Wait, but we did the calculation.

Wait, let's check the options again.

Option E: f(x)= (1 / 2) - (2 / \pi) \sum_n=0^∞ (- 1)^n [{cos(2n + 1)} / (2n)]

Wait, denominator 2n. Hmm, but our denominator is 2n+1.

Option I: f(x)= (1 / 2) - (2 / \pi) \infty \sum_n=0 (- 1)^n [{cos(2n + 1)} / (2n + 2)]

No, denominator 2n+2.

Option J: sin(2n+1) in numerator.

Wait, maybe Option E is supposed to have denominator (2n+1). Wait, the user wrote:

""E. f(x)= (1 / 2) - (2 / \pi) \infty \sum_n=0 (- 1)^n [{cos(2n + 1)} / (2n)]""

Wait, the denominator is written as (2n), which is different from our (2n+1). Hmm.

Wait, perhaps there's a misindexing.

Wait, our sum is over n=0 to ∞ of (-1)^n cos( (2n+1)x ) / (2n+1 )

So the general term is [cos(2n+1)x] / (2n+1) times (-1)^n.

So the series is sum_{n=0}^\infty (-1)^n cos( (2n+1)x ) / (2n+1 )

So the correct option should have cos(2n+1) in the numerator, denominator (2n+1), alternating signs.

Looking at the options:

Option E: denominator is (2n), not (2n+1). Close but no.

Option J: sin(2n+1), nope.

Wait, Option A: sum from n=1 to ∞, (-1)^n [cos(2n) / (2n +1 )]

Not matching.

Wait, Option E: if it were denominator (2n+1), then it would be correct. But according to the user's input, Option E has denominator (2n).

Wait, the problem says ""the answer choices below"", but the user pasted them with some LaTeX errors. Let me check the original problem statement.

Wait, the user wrote:

""Options:
A. f(x)= (1 / 2) - (2 / \pi) \sum_n=1^∞ (- 1)^n [{cos(2n)} / (2n + 1)]
B. f(x)= (1 / 2) - (2 / \pi) \infty \sum_n=0 (- 1)^n [{tan(2n + 1)} / (2n + 1)]
C. f(x)= (1 / 2) - (4 / \pi) \sum_n=0^∞ (- 1)^n [{sin(2n)} / (2n + 1)]
D. f(x)= (1 / 2) - (2 / \pi) \sum_n=0^∞ [{cos(2n + 1)} / (2n)]
E. f(x)= (1 / 2) - (2 / \pi) \infty \sum_n=0 (- 1)^n [{cos(2n + 1)} / (2"
929,"Okay, let's tackle this problem step by step. First, part a asks for the pooled variance. I remember that pooled variance is used when we assume equal variances for two groups, which is a common approach in t-tests. The formula for pooled variance \( s_p^2 \) is:

\[ s_p^2 = \frac{(n_A - 1)s_A^2 + (n_B - 1)s_B^2}{n_A + n_B - 2} \]

Wait, no, actually, the degrees of freedom for the pooled variance is \( n_A + n_B - 2 \), but the numerator is the sum of squared deviations from the group means, but in terms of sample variances, it's the weighted average of the two sample variances.

Let me recall: for two independent samples, the pooled variance is calculated using the sample variances and the sample sizes. The problem states that 15 cars were fitted with brand A (so \( n_A = 15 \)), and 13 with brand B (so \( n_B = 13 \)). Wait, but they mentioned that two cars with brand B were excluded, so the original number was 15 for A and 15 for B? Wait, no: ""Fifteen cars were fitted with new brand A tires and thirteen with brand B tires... Two cars initially assigned to brand B suffered serious tire faults... and were excluded."" So the number of cars with brand B in the study is 13 - 2 = 11? Wait, no: ""the cars assigned to brand at random. (Two cars initially assigned to brand B... were excluded)"" So the initial assignment was 15 A and 13 B, but 2 B cars were excluded, so the study has n_A = 15, n_B = 11? Wait, the problem says: ""Fifteen cars were fitted with new brand A tires and thirteen with brand B tires, the cars assigned to brand at random. (Two cars initially assigned to brand B suffered serious tire faults... and were excluded from the study.)"" So the study has n_A = 15 (all included), and n_B = 13 - 2 = 11 (since 2 were excluded). Wait, but the problem says ""for the cars with brand A tires, the mean mileage... was 25.84"" and ""for the cars with brand B, the corresponding statistics were 24.64 and 8.80"". So the sample sizes for the analysis are n_A = 15, n_B = 11? Wait, the problem says ""the cars assigned to brand at random"" – maybe the 15 and 13 are the initial numbers, but 2 B cars were excluded, so the study has 15 A and 11 B.

Wait, the problem says: ""Fifteen cars were fitted with new brand A tires and thirteen with brand B tires, the cars assigned to brand at random. (Two cars initially assigned to brand B... were excluded from the study.)"" So the study has n_A = 15, n_B = 13 - 2 = 11. That's important because the sample sizes affect the pooled variance.

Let me check the problem statement again: ""For the cars with brand A tires, the mean mileage observed was 25.84... variance was 3.76. For the cars with brand B, the corresponding statistics were 24.64... and 8.80 respectively.""

So the sample size for A is 15 (since 15 cars were fitted with A, all included), and for B, 13 - 2 = 11 cars (since 2 were excluded). So n_A = 15, n_B = 11.

Pooled variance formula: \( s_p^2 = \frac{(n_A - 1)s_A^2 + (n_B - 1)s_B^2}{n_A + n_B - 2} \)

Yes, that's correct. Because the pooled variance is the estimate of the common variance, assuming equal variances.

Given:

- \( \bar{x}_A = 25.84 \) (in 10^3 miles)
- \( s_A^2 = 3.76 \) (in 10^6 miles²)
- \( n_A = 15 \)
- \( \bar{x}_B = 24.64 \) (in 10^3 miles)
- \( s_B^2 = 8.80 \) (in 10^6 miles²)
- \( n_B = 11 \) (since 2 B cars were excluded from the 13)

Wait, the problem says ""Fifteen cars were fitted with new brand A tires and thirteen with brand B tires... Two cars initially assigned to brand B... were excluded"". So the study has 15 A and 11 B. Correct.

So let's compute the pooled variance.

First, calculate the numerator: (n_A - 1)s_A² + (n_B - 1)s_B²

n_A - 1 = 14, so 14 * 3.76

n_B - 1 = 10, so 10 * 8.80

Compute 14 * 3.76: 14 * 3 = 42, 14 * 0.76 = 10.64, so total 42 + 10.64 = 52.64

10 * 8.80 = 88.0

Sum: 52.64 + 88.0 = 140.64

Denominator: n_A + n_B - 2 = 15 + 11 - 2 = 24

So pooled variance \( s_p^2 = 140.64 / 24 = 5.86 \)

Wait, 140.64 divided by 24: 24 * 5 = 120, 140.64 - 120 = 20.64, 24 * 0.86 = 20.64, so yes, 5.86.

Wait, 24 * 5.86 = 24*5 + 24*0.86 = 120 + 20.64 = 140.64. Correct.

So the pooled variance is 5.860 (to 3 decimal places). Let me check the calculation again.

14 * 3.76: 3.76 * 10 = 37.6, 3.76 * 4 = 15.04, so 37.6 + 15.04 = 52.64. Correct.

10 * 8.80 = 88.0. Correct.

Sum: 52.64 + 88 = 140.64. Correct.

Denominator: 15 + 11 - 2 = 24. Correct.

140.64 / 24: 140.64 ÷ 24. Let's do this division precisely.

24 * 5 = 120, 140.64 - 120 = 20.64

20.64 / 24 = 0.86

So total is 5.86. So 5.860 when rounded to 3 decimal places. So the answer for part a is 5.860.

Wait, the problem says ""the variance was 3.76 (in 10^6 miles²)"" and ""8.80"", so the pooled variance will be in the same units, 10^6 miles². So the answer is 5.860.

Part a answer: 5.860

Now part b: 95% confidence interval for μ_A - μ_B.

We need to use the pooled variance since we're assuming equal variances (pooled t-test).

The formula for the confidence interval is:

\( (\bar{x}_A - \bar{x}_B) \pm t_{\alpha/2, df} \times s_p \sqrt{\frac{1}{n_A} + \frac{1}{n_B}} \)

First, compute the difference in means: \( \bar{x}_A - \bar{x}_B = 25.84 - 24.64 = 1.20 \) (in 10^3 miles)

Next, compute the standard error (SE):

\( SE = s_p \sqrt{\frac{1}{n_A} + \frac{1}{n_B}} \)

We have s_p² = 5.860, so s_p = sqrt(5.860) ≈ 2.4207 (but we'll keep it as s_p for now)

n_A = 15, n_B = 11

df = n_A + n_B - 2 = 24 (from part a)

For 95% confidence, α = 0.05, so α/2 = 0.025. The t-critical value for df=24 is t=2.064 (I remember t-table: df=24, 95% CI is 2.064)

Wait, let's confirm: t-table for 2-tailed 95%, df=24: yes, 2.064.

So first, compute the standard error:

SE = sqrt(5.860) * sqrt(1/15 + 1/11)

First, compute 1/15 + 1/11 = (11 + 15)/(15*11) = 26/165 ≈ 0.1575757...

sqrt(0.1575757) ≈ 0.39696

Then, s_p = sqrt(5.860) ≈ 2.4207

So SE = 2.4207 * 0.39696 ≈ 2.4207 * 0.397 ≈ 0.961 (let's compute more precisely)

First, 1/15 = 0.066666..., 1/11 ≈ 0.090909..., sum ≈ 0.157575757...

sqrt(0.157575757) ≈ sqrt(0.157575757) = let's calculate:

0.157575757 * 0.397^2 = 0.157575757 * 0.1576 ≈ 0.0248, which is close to 0.157575757? Wait, no: SE is s_p times sqrt(1/n_A + 1/n_B). So 1/n_A + 1/n_B = 1/15 + 1/11 = (11 + 15)/(15*11) = 26/165 ≈ 0.157575757

sqrt(26/165) = sqrt(26)/sqrt(165) ≈ 5.099/12.845 ≈ 0.3969

So sqrt(1/15 + 1/11) ≈ 0.3969

s_p = sqrt(5.86) ≈ 2.4207 (since 2.42^2 = 5.8564, so 2.4207^2 ≈ 5.86)

So SE = 2.4207 * 0.3969 ≈ 2.4207 * 0.3969

Let's compute 2.4207 * 0.3969:

2 * 0.3969 = 0.7938

0.4207 * 0.3969 ≈ 0.4207 * 0.4 = 0.16828, minus 0.4207 * 0.0031 ≈ 0.0013, so ≈ 0.16828 - 0.0013 ≈ 0.16698

Total SE ≈ 0.7938 + 0.16698 ≈ 0.96078, so approximately 0.961

Now, the margin of error (ME) is t * SE = 2.064 * 0.961 ≈ ?

2.064 * 0.961:

2 * 0.961 = 1.922

0.064 * 0.961 ≈ 0.0615

Total ≈ 1.922 + 0.0615 ≈ 1.9835

So the confidence interval is 1.20 ± 1.9835, so (1.20 - 1.9835, 1.20 + 1.9835) ≈ (-0.7835, 3.1835)

Wait, but let's do it more accurately.

First, compute the exact values step by step.

First, compute 1/n_A + 1/n_B = 1/15 + 1/11 = (11 + 15)/(15*11) = 26/165 ≈ 0.1575757575757576

sqrt(26/165) = sqrt(0.1575757575757576) ≈ 0.3969607

s_p^2 = 5.86, so s_p = sqrt(5.86) ≈ 2.420702

SE = s_p * sqrt(26/165) ≈ 2.420702 * 0.3969607 ≈

Let's compute 2.420702 * 0.3969607:

2.420702 * 0.3 = 0.7262106

2.420702 * 0.09 = 0.21786318

2.420702 * 0.0069607 ≈ 2.420702 * 0.007 = 0.0169449, minus 2.420702 * 0.0000393 ≈ 0.000095, so ≈ 0.01685

Adding up: 0.7262106 + 0.21786318 = 0.94407378 + 0.01685 ≈ 0.96092

So SE ≈ 0.9609

t-value for 95% CI, df=24: from t-table, critical value is 2.0639 (using calculator or more precise table). Let's take 2.064.

Margin of error: 2.064 * 0.9609 ≈ 2.064 * 0.9609

2 * 0.9609 = 1.9218

0.064 * 0.9609 ≈ 0.0614976

Total ≈ 1.9218 + 0.0615 ≈ 1.9833

So the confidence interval is 1.20 ± 1.9833, so lower bound: 1.20 - 1.9833 = -0.7833, upper bound: 1.20 + 1.9833 = 3.1833

Rounded to 2 decimal places: (-0.78, 3.18)

Wait, but let's check with more precise calculations.

First, the pooled variance was 5.860 (from part a), so s_p = sqrt(5.860) = 2.42070207...

1/n_A + 1/n_B = 1/15 + 1/11 = (11 + 15)/(15*11) = 26/165 ≈ 0.1575757575757576

sqrt(26/165) = sqrt(26)/sqrt(165) ≈ 5.099019514 / 12.84523435 ≈ 0.3969607

SE = s_p * sqrt(1/n_A + 1/n_B) = 2.42070207 * 0.3969607 ≈ 2.42070207 * 0.3969607

Let's compute 2.42070207 * 0.3969607:

2.42070207 * 0.3 = 0.726210621

2.42070207 * 0.09 = 0.217863186

2.42070207 * 0.0069607 ≈ 2.42070207 * 0.006 = 0.014524212; 2.42070207 * 0.0009607 ≈ 0.002325

Total for 0.0069607: ≈ 0.014524 + 0.002325 ≈ 0.016849

Adding up: 0.726210621 + 0.217863186 = 0.944073807 + 0.016849 ≈ 0.9609228

So SE ≈ 0.9609

t-value for df=24, 95% CI: using a t-table, the critical value is 2.0639 (more precisely, from t-distribution tables, df=24, two-tailed 95% is 2.0639)

So ME = 2.0639 * 0.9609 ≈ 2.0639 * 0.9609

Calculate 2 * 0.9609 = 1.9218

0.0639 * 0.9609 ≈ 0.0614

Total ME ≈ 1.9218 + 0.0614 = 1.9832

So the confidence interval is 1.20 ± 1.9832, so:

Lower limit: 1.20 - 1.9832 = -0.7832 → -0.78 (rounded to 2 decimals)

Upper limit: 1.20 + 1.9832 = 3.1832 → 3.18 (rounded to 2 decimals)

So the 95% CI is (-0.78, 3.18)

Wait, but let's check if the problem says ""Leave your answer to 2 decimal places"". So the interval is from -0.78 to 3.18. But usually, confidence intervals are written as (lower, upper). The question says ""Determine a 95% confidence interval for μ_A - μ_B"", so the answer is (-0.78, 3.18). But let's verify the calculations once more.

Alternative approach: use the formula for the confidence interval.

First, the difference in means: 25.84 - 24.64 = 1.20

Pooled variance: s_p² = 5.860 (from part a)

Degrees of freedom: n_A + n_B - 2 = 15 + 11 - 2 = 24

t* = 2.0639 (for 95% CI, df=24)

Standard error: sqrt(s_p²*(1/n_A + 1/n_B)) = sqrt(5.860*(1/15 + 1/11))

Compute 1/15 + 1/11 = (11 + 15)/(15*11) = 26/165 ≈ 0.1575757576

So 5.860 * 0.1575757576 ≈ 5.860 * 0.1575757576

5.860 * 0.1 = 0.586

5.860 * 0.05 = 0.293

5.860 * 0.0075757576 ≈ 5.860 * 0.0075 = 0.04395, 5.860 * 0.0000757576 ≈ 0.000444, so total ≈ 0.044"
930,"Okay, let's try to figure out this problem step by step. The question is about the sum of the cofactors in row 1 of a determinant D, which is an n x n matrix. First, I need to recall what a cofactor is. The cofactor A_ij of an element a_ij is (-1)^(i+j) times the minor M_ij, where the minor is the determinant of the submatrix obtained by deleting row i and column j.

The problem asks for the sum of the cofactors in row 1: A_11 + A_12 + ... + A_1n. Let's denote this sum as S = Σ (from j=1 to n) A_1j.

First, let's write down the matrix to visualize it better. The first row is [1, 2, 3, ..., n]. The second row is [1, 2, 0, ..., 0]. Wait, no, looking at the matrix description:

Row 1: 1, 2, 3, ..., n

Row 2: 1, 2, 0, ..., 0 (the last element is n? Wait, no, the problem says ""the n-order determinant"", so it's n rows and n columns.

Wait, the matrix is:

Row 1: 1, 2, 3, ..., n

Row 2: 1, 2, 0, ..., 0 (so columns 3 to n are 0)

Row 3: 1, 0, 3, ..., 0 (columns 4 to n are 0)

...

Row k (for k from 2 to n): 1, 0, ..., 0, 3, ..., n? Wait, no, let's parse the matrix description carefully.

The problem says:

""Given the n-order determinant D = | [1, 2, 3, ..., n]

[1, 2, 0, ..., 0]

[1, 0, 3, ..., 0]

...

[1, 0, 0, ..., n] ""

Wait, the last row is [1, 0, 0, ..., n]? Wait, the last entry of the first row is n, the last row has 1 in the first column, and the last entry is n? Let me check the structure.

In a determinant, the rows are usually written with the first row as the top row. So row 1: [1, 2, 3, ..., n]

Row 2: [1, 2, 0, 0, ..., 0] (since it's ""1, 2, 0, ..., 0"")

Row 3: [1, 0, 3, 0, ..., 0]

...

Row n: [1, 0, 0, ..., n] (since the last row is ""1, 0, 0, ..., n"")

Yes, that makes sense. So the matrix has the following structure:

- Column 1: all entries are 1 (rows 1 to n)
- Column 2: row 1 is 2, row 2 is 2, rows 3 to n are 0
- Column 3: row 1 is 3, row 3 is 3, rows 2 and 4 to n are 0
- ...
- Column k (for k from 1 to n): row 1 is k, row k is k, and all other rows have 0 in column k (except row 1, which is k)

Wait, actually, more precisely:

For each column j (from 1 to n), the entry a_ij is:

- If i = 1: a_1j = j
- If i = j: a_ij = j (wait, no, row 2 has a 2 in column 2, row 3 has a 3 in column 3, etc.)
- For i ≥ 2 and i ≠ j: a_ij = 0
- Wait, no, row 2: [1, 2, 0, ..., 0] means that row 2 has 1 in column 1, 2 in column 2, 0 elsewhere.

Similarly, row 3: [1, 0, 3, 0, ..., 0] (1 in column 1, 3 in column 3, 0 elsewhere)

Row 4: [1, 0, 0, 4, 0, ..., 0]

...

Row n: [1, 0, 0, ..., n] (1 in column 1, n in column n, 0 elsewhere)

Ah! That's a key point. So the matrix is a lower triangular matrix? Wait, no, it's upper triangular? Wait, no. Let's see:

The first column is all 1s (row 1:1, row 2:1, ..., row n:1)

The second column: row 1:2, row 2:2, rows 3 to n:0

Third column: row 1:3, row 3:3, others 0

...

Column n: row 1:n, row n:n, others 0

So this is a matrix where the only non-zero entries in columns 2 to n are on the diagonal (for rows 1 to n) but actually, row 1 has all entries j (for column j), and rows 2 to n have a 1 in column 1, a j in column j (for row j), and 0 elsewhere.

Wait, let's write the matrix explicitly for n=3 to understand.

For n=3:

Row 1: [1, 2, 3]

Row 2: [1, 2, 0]

Row 3: [1, 0, 3]

Yes, that's a 3x3 matrix.

Similarly, n=4:

Row 1: [1, 2, 3, 4]

Row 2: [1, 2, 0, 0]

Row 3: [1, 0, 3, 0]

Row 4: [1, 0, 0, 4]

Perfect, so in general, for n x n matrix, the entry a_ij is:

a_ij = j if i = 1 (all columns j, since row 1 is 1,2,...,n)

a_ij = 1 if i ≥ 2 and j = 1

a_ij = i if i ≥ 2 and j = i (since row i has a non-zero in column i: row 2 has 2 in column 2, row 3 has 3 in column 3, etc.)

a_ij = 0 otherwise (for i ≥ 2 and j ≠ 1, j ≠ i)

Yes, that's the structure.

Now, we need to compute the sum of cofactors in row 1: A_11 + A_12 + ... + A_1n.

Recall that the sum of cofactors in a row is related to the adjugate matrix. Specifically, the sum of cofactors in row i is equal to the (i,1) entry of the adjugate matrix times something? Wait, no.

Wait, there's a formula: if you have a matrix A, then the adjugate matrix Adj(A) has entries (Adj(A))_ij = (-1)^(i+j) M_ji (the cofactor of a_ji). But here we need the sum of cofactors in row 1, which is Σ_{j=1}^n A_1j = Σ_{j=1}^n (-1)^(1+j) M_1j, where M_1j is the minor (determinant of the submatrix without row 1 and column j).

But maybe there's a smarter way. Remember that for any matrix, the sum of cofactors in a row is related to the derivative or something, but perhaps we can consider the matrix multiplied by the vector of ones.

Wait, another approach: consider the matrix A, and consider the vector v = [1, 1, 1, ..., 1]^T. Then, the product Av is a vector whose components are the sums of the rows of A times v. But we need the sum of cofactors in row 1.

Wait, here's a key insight: the sum of the cofactors in row i is equal to the (i,1) entry of the adjugate matrix times... no, wait, the adjugate matrix satisfies A * Adj(A) = Adj(A) * A = det(A) I. But maybe not directly helpful.

Alternatively, consider the sum S = Σ_{j=1}^n A_1j. By definition, A_1j = (-1)^(1+j) M_1j, where M_1j is the determinant of the matrix obtained by removing row 1 and column j.

Let's write down M_1j for each j.

For j=1: M_11 is the determinant of the matrix obtained by removing row 1 and column 1. So the remaining matrix is:

Rows 2 to n, columns 2 to n.

For n=3, M_11 would be the determinant of [[2, 0], [0, 3]] = 6.

For general n, the submatrix for M_11 is a (n-1)x(n-1) matrix where:

- Row 2: [2, 0, ..., 0] (since original row 2 is [1,2,0,...0], remove column 1: [2,0,...0])

Wait, no: when we remove row 1 and column 1, the new matrix has rows 2 to n and columns 2 to n.

Original matrix (n=4):

Row 1: [1,2,3,4]

Row 2: [1,2,0,0]

Row 3: [1,0,3,0]

Row 4: [1,0,0,4]

Remove row 1 and column 1:

New matrix (3x3):

Row 2: [2, 0, 0]

Row 3: [0, 3, 0]

Row 4: [0, 0, 4]

Ah! So this submatrix is diagonal, with entries 2, 3, ..., n (for the diagonal entries). Wait, no:

Wait, for n=4, after removing row 1 and column 1, the submatrix is:

Columns 2-4, rows 2-4.

Row 2 (original row 2): [1, 2, 0, 0] → columns 2-4: [2, 0, 0]

Row 3 (original row 3): [1, 0, 3, 0] → columns 2-4: [0, 3, 0]

Row 4 (original row 4): [1, 0, 0, 4] → columns 2-4: [0, 0, 4]

So yes, the submatrix for M_11 is a diagonal matrix with entries 2, 3, ..., n. Therefore, its determinant is 2*3*...*n = n! / 1! = n! / 1 = n! (since 1*2*...*n = n!, so 2*...*n = n! / 1 = n! / 1! ? Wait, 2*3*...*n = n! / 1! = n! / 1 = n! / 1. Wait, n! = 1*2*...*n, so 2*3*...*n = n! / 1 = n! / 1. So determinant of M_11 is (n)(n-1)...(2) = n! / 1! = n! / 1? Wait, no: for n=4, 2*3*4 = 24, which is 4! = 24. Wait, 2*3*4 = 24 = 4! So in general, the product 2*3*...*n = n! / 1! = n! / 1? Wait, 1*2*...*n = n!, so 2*3*...*n = n! / 1 = n! / 1. Wait, for n=4, 2*3*4 = 24 = 4! So yes, 2*3*...*n = n! / 1! ? Wait, 1! is 1, so 2*...*n = n! / 1! = n! / 1. So M_11 = n! / 1! ?

Wait, for n=3, M_11 is the determinant of [[2,0],[0,3]] = 6 = 3! So yes, M_11 = n! for n=3? Wait, n=3: 2*3=6=3! So yes, M_11 = n! / 1! ? Wait, 3! = 6, so 2*3 = 6 = 3! So in general, the submatrix for M_11 (removing row 1 and column 1) is a diagonal matrix with entries 2, 3, ..., n, so its determinant is 2*3*...*n = n! / 1! = n! (since 1! = 1). Wait, 2*3*...*n = n! / 1! because 1! = 1, so yes, n! / 1! = n!.

Wait, no: 1*2*3*...*n = n! ⇒ 2*3*...*n = n! / 1 = n! / 1. So M_11 = n! / 1 = n! ? Wait, for n=3, 2*3=6=3! So yes, M_11 = n! for n=3? Wait, 3! = 6, so yes. For n=4, 2*3*4=24=4! So M_11 = n! for the (n-1)x(n-1) diagonal matrix with entries 2 to n. Wait, no, for n=4, the submatrix is 3x3, entries 2,3,4 on the diagonal, so determinant is 2*3*4=24=4! So yes, M_11 = n! (since 2*3*...*n = n! / 1! = n! / 1 = n! ? Wait, 1*2*...*n = n! ⇒ 2*...*n = n! / 1 = n! / 1. So M_11 = n! / 1 = n! ? Wait, for n=3, 2*3=6=3! So yes, M_11 = n! for n=3. Wait, 3! = 6, correct. For n=4, 2*3*4=24=4! So yes, M_11 = n! in general? Wait, no, for n=2, let's check.

Wait, n=2: the matrix is [[1,2],[1,2]]. Wait, no, for n=2, the matrix should be:

Row 1: [1, 2]

Row 2: [1, 2] (since for n=2, row 2 is [1, 2] but according to the problem statement, row 2 is [1, 2, 0, ..., 0] but for n=2, it's [1, 2]. Wait, no, the problem says ""the n-order determinant"", so for n=2, the matrix is:

[1, 2]

[1, 2]

Wait, but the problem states that row 3 has a 3 in the third column, so for n=2, there is no row 3. So for n=2, the matrix is:

Row 1: [1, 2]

Row 2: [1, 2] (since row 2 has 1 in column 1 and 2 in column 2, with no other columns)

Wait, but in the problem statement, for row i (i ≥ 2), the entry in column i is i, and all other columns (j ≠ 1) are 0 except column 1 which is 1. Wait, no, the problem says:

""Row 2: 1, 2, 0, ..., 0""

""Row 3: 1, 0, 3, ..., 0""

...

""Last row: 1, 0, 0, ..., n""

So for n=2, the matrix is:

[1, 2]

[1, 2]

Wait, no, for n=2, the last row is row 2, which should be [1, 2] (since the last row is ""1, 0, ..., n"" but for n=2, it's just [1, 2]? Wait, the problem says ""the last row is [1, 0, ..., n]"", so for n=2, the last row is [1, 2] (since it's 1 in column 1, and 2 in column 2).

Wait, but in the problem statement, row 2 has ""1, 2, 0, ..., 0"", so for n=2, row 2 is [1, 2] (no zeros). So for n=2, the matrix is:

1 2

1 2

But in this case, the determinant is 1*2 - 2*1 = 0. Hmm, but maybe n ≥ 3? Not sure.

Anyway, back to the cofactors.

Let's take n=3 to test.

For n=3:

Matrix:

1 2 3

1 2 0

1 0 3

We need to compute A_11 + A_12 + A_13.

First, compute each cofactor.

A_11 = (-1)^(1+1) * M_11 = M_11, where M_11 is the determinant of the submatrix without row 1 and column 1:

Submatrix: [[2, 0], [0, 3]] → determinant = 2*3 - 0 = 6. So A_11 = 6.

A_12 = (-1)^(1+2) * M_12 = -M_12. M_12 is the determinant without row 1 and column 2:

Submatrix: [[1, 0], [1, 3]] → determinant = 1*3 - 0*1 = 3. So A_12 = -3.

A_13 = (-1)^(1+3) * M_13 = M_13. M_13 is the determinant without row 1 and column 3:

Submatrix: [[1, 2], [1, 0]] → determinant = 1*0 - 2*1 = -2. So A_13 = -2.

Therefore, sum S = A_11 + A_12 + A_13 = 6 - 3 - 2 = 1.

Wait, that's interesting. Let's check.

Sum of cofactors in row 1 is 1 for n=3.

Now, let's see what the options give for n=3.

Option E: n! (1 - sum_{i=2}^n 1/i) = 6*(1 - (1/2 + 1/3))? Wait, sum from i=2 to 3: 1/2 + 1/3 = 5/6. So 1 - 5/6 = 1/6. 6*(1/6)=1. Hey, that's 1!

Option E: n! (1 - sum_{i=2}^n 1/i )

For n=3: 3! (1 - (1/2 + 1/3)) = 6*(1 - 5/6) = 6*(1/6) = 1. Which matches our calculation.

Let's check other options.

Option H: (n-1)! (1 - sum_{i=2}^n 1/i ). For n=3: 2! (1 - 5/6) = 2*(1/6)=1/3 ≠ 1.

Option E gives 1, which matches our calculation.

Let's check another n, say n=2.

For n=2, the matrix is:

1 2

1 2

Determinant is 1*2 - 2*1 = 0.

Compute sum of cofactors in row 1.

A_11 = M_11 = 2 (submatrix [2] → determinant 2)

A_12 = -M_12 = - (determinant of submatrix [1] ) = -1

So sum S = 2 - 1 = 1.

For n=2, sum is 1.

Option E: n! (1 - sum_{i=2}^n 1/i ) = 2! (1 - 1/2) = 2*(1/2) = 1. Correct.

Another check: n=4.

Let's compute S for n=4.

Matrix:

Row 1: 1, 2, 3, 4

Row 2: 1, 2, 0, 0

Row 3: 1, 0, 3, 0

Row 4: 1, 0, 0, 4

Compute A_11 + A_12 + A_13 + A_14.

First, A_11 = (+1) * M_11, where M_11 is determinant of submatrix without row1, col1:

Rows 2-4, cols 2-4:

[2, 0, 0]

[0, 3, 0]

[0, 0, 4]

This is a diagonal matrix with entries 2,3,4. Determinant = 2*3*4 = 24. So A_11 = 24.

A_12 = (-1)^(1+2) * M_12 = -M_12. M_12 is determinant without row1, col2:

Submatrix:

Rows 2-4, cols 1,3,4:

[1, 0, 0]

[1, 3, 0]

[1, 0, 4]

This is a triangular matrix (upper triangular? No, it's lower"
931,"Okay, let's see. I need to find point B such that the midpoint of AB is (3,1), and point A is (3,5). Hmm, midpoint formula. Right, the midpoint of two points (x₁,y₁) and (x₂,y₂) is ((x₁+x₂)/2, (y₁+y₂)/2). So they gave me the midpoint, which is (3,1), and point A is (3,5). I need to find coordinates of B, let's call it (x,y).

So using the midpoint formula: the x-coordinate of the midpoint is (3 + x)/2 = 3, and the y-coordinate is (5 + y)/2 = 1. Let me write that down.

For the x-coordinate: (3 + x)/2 = 3. Multiply both sides by 2: 3 + x = ื่. Then subtract 3: x = 6 - 3 = 3. Wait, so x is 3?

For the y-coordinate: (5 + y)/2 = 1. Multiply both sides by 2: 5 + y = 2. Then subtract 5: y = 2 - 5 = -3. So y is -3.

Wait, let me check that. If A is (3,5) and B is (3,-3), then the midpoint would be ((3+3)/2, (5 + (-3))/2) = (6/2, 2/2) = (3,1). Oh, that's exactly the midpoint given! So that works.

Wait, but let me make sure I didn't make a mistake. Let's verify. Midpoint formula: average the x's and average the y's. So if A is (3,5) and B is (x,y), then midpoint is ((3 + x)/2, (5 + y)/2) = (3,1). So set up equations:

(3 + x)/2 = 3 ⇒ 3 + x = 6 ⇒ x = 3

(5 + y)/2 = 1 ⇒ 5 + y = 2 ⇒ y = -3

Yes, so B is (3, -3). That seems right. Let me think if there's another way this could be interpreted, but no, midpoint is unique for two points. So the answer should be (3, -3).

I think that's it. Let me just visualize. Point A is at (3,5), which is on the vertical line x=3, since its x-coordinate is 3. The midpoint is at (3,1), which is also on x=3. So the segment AB is vertical? Because both A and the midpoint have the same x-coordinate. So that means AB is a vertical line segment. Therefore, point B must also lie on the vertical line x=3, so its x-coordinate is 3. Then the y-coordinate is such that the midpoint's y is 1. Since A is at y=5, the midpoint is halfway between 5 and y_B. So the distance from A to midpoint is 5 - 1 = 4 units down. So the distance from midpoint to B should also be 4 units down, so 1 - 4 = -3. So y-coordinate of B is -3. Yep, that matches. So B is (3, -3).

I think that's correct. So the answer is (3, -3).
</think>

To solve the problem, we use the **midpoint formula** for two points in a coordinate plane.

---

### Step 1: Recall the Midpoint Formula

Given two points $ A = (x_1, y_1) $ and $ B = (x_2, y_2) $, the **midpoint** $ M $ of segment $ AB $ is:

$$
M = \left( \frac{x_1 + x_2}{2}, \frac{y_1 + y_2}{2} \right)
$$

We are given:
- $ A = (3, 5) $
- $ M = (3, 1) $

Let $ B = (x, y) $. We want to find $ x $ and $ y $ such that the midpoint of $ AB $ is $ (3, 1) $.

---

### Step 2: Set Up Equations Using the Midpoint Formula

From the x-coordinate of the midpoint:

$$
\frac{3 + x}{2} = 3
$$

Multiply both sides by 2:

$$
3 + x = 6 \Rightarrow x = 3
$$

Now for the y-coordinate:

$$
\frac{5 + y}{2} = 1
$$

Multiply both sides by 2:

$$
5 + y = 2 \Rightarrow y = -3
$$

---

### Step 3: Verify the Solution

If $ B = (3, -3) $, then the midpoint of $ A = (3, 5) $ and $ B = (3, -3) $ is:

$$
\left( \frac{3 + 3}{2}, \frac{5 + (-3)}{2} \right) = \left( \frac{6}{2}, \frac{2}{2} \right) = (3, 1)
$$

This matches the given midpoint. So our solution is correct.

---

### Final Answer

$$
\boxed{(3, -3)}
$$"
932,"Okay, let's see. I need to evaluate the expression -3B + 7A when B is 3 and A is 5. Hmm, substitution problems. Alright, so first, I should remember that in algebra, when we have variables like A and B, we just plug in their given values. 

So the expression is -3 times B plus 7 times A. Let me write that out step by step. 

First, substitute B with 3. So wherever there's a B, it becomes 3. Similarly, A is 5, so wherever there's an A, it becomes 5.

Let me write the original expression: -3B + 7A.

Substituting the values: -3*(3) + ื่*5. Wait, no, A is 5, so 7A would be 7*5.

Let me compute each part. 

First term: -3B. Since B is 3, that's -3*3. Let's calculate that. 3 times 3 is 9, so negative 9. So -3*3 = -9.

Second term: 7A. A is 5, so 7*5. 7 times 5 is 35.

Now add those two results together. So it's -9 + 35. Let's do that. 35 minus 9 is 26. Because 35 - 9 equals 26. 

Wait, let me check again to make sure I didn't make a mistake. 

Starting over: -3B +7A. B=3, A=5.

So substitute: -3*(3) +7*(5). 

Calculating each term:

-3*3 = -9

7*5 = 35

Then add them: -9 + 35. 

Yes, 35 - 9 is 26. So the result should be 26.

I think that's right. Let me verify with another approach. Maybe order of operations, but since it's just substitution, it's straightforward. 

Alternatively, maybe I can write it as 7A -3B, which is the same as -3B +7A. So 7*5 is 35, 3*3 is 9, so 35 -9 =26. Yep, that's correct.

I don't see any mistakes here. So the answer should be 26.
</think>

To evaluate the expression $-3B + 7A$ for $B = 3$ and $A = 5$, we follow these steps:

---

### Step 1: Substitute the given values into the expression

We are given:
$$
B = 3, \quad A = 5
$$

Substitute into the expression:
$$
-3B + 7A = -3(3) + 7(5)
$$

---

### Step 2: Perform the arithmetic operations

Calculate each term separately:

- $-3 \times 3 = -9$
- $7 \times 5 = 35$

Now add the results:
$$
-9 + 35 = 26
$$

---

### Final Answer

$$
\boxed{26}
$$"
933,"Okay, so I need to figure out this knapsack problem. The question says: For the Knapsack {1 6 8 15 24}, what is the plain text code if the ciphertext is 38? And there are options from A to J.

Hmm, first I should recall what a knapsack problem is in cryptography. Wait, this might be related to the Merkle-Hellman knapsack cryptosystem. Right, the Merkle-Hellman knapsack is a public-key cryptosystem where you have a superincreasing sequence (like a knapsack with weights that each weight is larger than the sum of all previous ones), but here they give me a set {1,6,8,15,24} which might not be superincreasing. Wait, let's check.

Wait, a superincreasing sequence has each element greater than the sum of all previous elements. Let's see:

Start with 1. Then next should be more than 1. 6 is more than 1. Then 8: sum of previous is 1+6=7, so 8 >7. Then 15: sum of 1+6+8=15, so 15 is equal to the sum. Oh, so that's not superincreasing. Hmm, so maybe this is a modified knapsack or a different type.

Wait, the problem says ""the Knapsack {1 6 8 1ื่}..."" Wait, the original problem might have a typo, but assuming it's {1,6,8,15,24} as given.

In the Merkle-Hellman system, the public key is a knapsack that's a superincreasing sequence transformed by multiplication with a modulus and adding a random number. But here, the ciphertext is 38, and we need to find the plaintext code.

But perhaps this is a simple knapsack problem where we have a set of numbers and we need to find a subset that sums to 38. Wait, the plaintext code would be a binary string indicating which elements are selected (1s and 0s). So the ciphertext is the sum of some subset of the knapsack elements.

Wait, the problem states ""plain text code"" so probably the plaintext is a binary string (like a bitstring) where each bit corresponds to whether the element is included. So we need to find a subset of {1,6,8,15,24} that sums to 38, and the code would be the binary representation of that subset.

Let me try to compute possible subsets.

First, list the numbers: 1, 6, 8, 15, 24.

We need to find a combination of these numbers that adds up to 38.

Let's start with the largest number, 24. If we take 24, then we need 38 -24 =14. So can we make 14 from the remaining {1,6,8,15}? Wait, 14. Let's see: 8 +6 =14. Yes! 8+6=14. So 24 +8 +6 =38. So the subset is 6,8,24. Wait, but wait, 24+8+6=38? 24+8 is 32, plus 6 is 38. Yes. So 6,8,24 sum to 38.

Wait, but the plaintext code would be a binary string where each bit represents whether that element is included. So if the plaintext is a 5-bit string (since there are 5 elements), with 1s for included and 0s for excluded.

So the subset {6,8,24} would correspond to positions 2,3,5 (assuming the list is ordered as [1,6,8,15,24], so index 0:1, 1:6, 2:8, 3:15, 4:24).

Wait, the code would be a binary string of length 5. Let's say the plaintext is a binary number where each bit indicates inclusion.

So if we have 6 (index 1), 8 (index 2), 24 (index 4), then the code would be 0 (for 1) 1 (6), 1 (8), 0 (15), 1 (24). So the code would be 01101? Wait, let's write it as a 5-bit string.

Wait, the order matters. Let's list the elements in order: 1,6,8,15,24.

If the subset is {6,8,24}, then the code is 0 (not 1), 1 (6), 1 (8), 0 (15), 1 (24). So writing from left to right as the first element (1) to last (24), the code would be 0 1 1 0 1 → 01101.

Looking at the options: E is 01101. Hmm, so maybe E is the answer.

Wait, but let's check again.

Wait, 24 +8 +6 =38. So yes, 24+8=32, +6=38. Correct.

So the subset includes 6,8,24. So the binary code would have 1s in positions corresponding to those elements.

Assuming the code is written as a 5-bit string, starting with the smallest element (1) to largest (24).

So:

Element: 1 (bit 0), 6 (bit 1), 8 (bit 2), 15 (bit 3), 24 (bit 4)

So the subset {6,8,24} corresponds to bits 1,2,4 being 1, others 0.

So the code is 0 (bit0), 1 (bit1), 1 (bit2), 0 (bit3), 1 (bit4) → written as a 5-bit string: 0 1 1 0 1 → 01101.

Which is option E.

Wait, but let's check other possibilities. Could there be another subset?

Suppose someone takes 15. 38-15=23. Can we get 23 from {1,6,8,24}? 24 is bigger than 23, so no. 8+6+1=15, which is less than 23. Hmm, 24 is too big. So 15 alone doesn't help.

What about 15 + 24 =39, which is over 38. So 24 is the largest.

Another approach: list all possible subsets.

Let's try all combinations.

Start with 24:

Case 1: 24 included. Then remaining sum 14.

We need to find subset of {1,6,8,15} that sums to 14.

Check 15: 15>14, so no.

Then 8: 14-8=6. Then 6 is present. So 8+6=14. So yes, 8 and 6.

So total subset {6,8,24}.

Case 2: 24 not included. Then sum 38 must come from {1,6,8,15}.

Max sum here is 1+6+8+15=30 <38, so impossible. So only possible subset is {6,8,24}.

Thus the code is 01101, which is option E.

Wait, but let's check the options:

Options:

A. 01000

B. 01110

C. 01001

D. 11100

E. 01101

F. 10011

G. 00010

H. 11000

I. 10010

J. 00111

So according to our calculation, the code is 01101 → E.

Wait, but wait, the problem says ""plain text code"". In some knapsack systems, the plaintext is a binary string where each bit corresponds to a weight. But in Merkle-Hellman, the plaintext is a binary string (the message) which is a superincreasing sequence, and the ciphertext is the sum of the selected weights.

But here, the given knapsack {1,6,8,15,24} is not superincreasing (as we saw earlier, 15 equals sum of 1+6+8=15), so this might be a different setup.

Wait, but in the Merkle-Hellman system, the public key is a non-superincreasing sequence, and the private key is a superincreasing sequence. However, in this problem, they just give us the knapsack {1,6,8,15,24} and ask for the plaintext code given ciphertext 38.

Assuming that this is a standard knapsack problem where we need to find a subset summing to 38.

We found that 6+8+24=38.

So the code is the binary vector indicating which elements are selected. Since the code is written as a 5-bit string (since there are 5 elements), with the first bit corresponding to 1, second to 6, etc.

So the code would be 0 (for 1 not selected), 1 (6 selected), 1 (8 selected), 0 (15 not selected), 1 (24 selected). So the code is 0 1 1 0 1 → 01101, which is option E.

Wait, but let's check if there's another subset.

Alternative subsets: 15 + 15? No, we have only one of each. Wait, the knapsack is a set, so each element is used once.

Wait, another possibility: 15 + 8 + 6 + 1 + ...? Wait, 15+8+6+1=30, which is less than 38. 24+15=39, which is over.

Wait, 24+15=39, so 38 is 1 less than that. Not helpful.

Wait, 24 + 15 =39, so 38 is 1 less. Not sure.

Alternatively, 15 + 8 + 6 + 1 =30. Still less.

Wait, the only way is 24 +8 +6=38. So that seems correct.

Another check: 24 + 14 =38. 14 can be 8+6. So yes.

So the code is 01101, option E.

Wait, but let's check option B: 01110. That would be bits 1,2,3 selected (6,8,15). Sum:6+8+15=29. Not 38.

Option E: 01101 → 6+8+24=38. Correct.

Yes, so E is the answer.

Wait, but wait, the problem says ""plain text code"". In some contexts, the plaintext is a binary string that's the message, which is a subset sum. So the code here refers to the plaintext, which is the subset.

So yes, the code is 01101, so E.

But let me check the options again.

Options:

E. 01101

So the answer should be E.

Wait, but wait, the problem says ""the plain text code"", so in the context of the knapsack cryptosystem, the plaintext is a binary string (the message) which is a subset of the superincreasing sequence. But in this case, the given knapsack {1,6,8,15,24} is not superincreasing (since 15 = 1+6+8), so it's a non-superincreasing sequence. But in the Merkle-Hellman system, the public key is generated from a superincreasing sequence via a transformation. However, this problem may be a different version.

But regardless, the problem states: given the knapsack {1,6,8,15,24}, what's the plain text code if ciphertext is 38.

Assuming that ""plain text code"" means the subset that sums to 38, represented as a binary string of length 5 (each bit 1 if included, 0 otherwise).

We found that 6+8+24=38, so the code is 0 (1 not included), 1 (6), 1 (8), 0 (15), 1 (24) → 01101 → option E.

Therefore, the answer is E.
</think>

To determine the **plain text code** for the given **ciphertext 38** using the knapsack set `{1, 6, 8, 15, 24}`, we need to identify which subset of the given numbers sums to **38**. This subset will correspond to a binary string of length 5 (one for each element in the set), where a `1` indicates inclusion and `0` indicates exclusion.

---

### Step 1: Identify the Subset That Sums to 38

We are given the set:  
**{1, 6, 8, 15, 24}**

We want to find a subset of these numbers that sums to **38**.

Let’s test combinations:

- Try **24** (the largest number):  
  $ 38 - 24 = 14 $

Now, we need a subset of `{1, 6, 8, 15}` that sums to **14**.

Try:
- **8 + 6 = 14** ✅

So, the subset **{6, 8, 24}** sums to **38**.

This gives us the subset:  
**6 (index 1), 8 (index 2), 24 (index 4)**

---

### Step 2: Construct the Plain Text Code

The plain text code is a **5-bit binary string**, where each bit corresponds to the presence (`1`) or absence (`0`) of the respective element in the knapsack set, **in the order**:  
**1 (index 0), 6 (index 1), 8 (index 2), 15 (index 3), 24 (index 4)**

From our subset **{6, 8, 24}**, we have:
- **Index 0 (1)** → not included → `0`
- **Index 1 (6)** → included → `1`
- **Index 2 (8)** → included → `1`
- **Index 3 (15)** → not included → `0`
- **Index 4 (24)** → included → `1`

So the binary string is:  
**0 1 1 0 1** → **01101**

---

### Step 3: Match with Given Options

The options are:

- A. 01000  
- B. 01110  
- C. 01001  
- D. 11100  
- **E. 01101** ✅  
- F. 10011  
- G. 00010  
- H. 11000  
- I. 10010  
- J. 00111

Our computed code **01101** matches **Option E**.

---

### Final Answer

$$
\boxed{E}
$$"
934,"Okay, let's try to figure this out. So, the problem says we have an algorithm where ""the definition of a(n) is the number of terms in the simple continued fraction for the n-th harmonic number H_n"". Then we're given a list of inputs x_list: [64, 65, 66, 67, 68, 69, 70, 71, 72, 73], and we need to find the corresponding output sequence y_list from the options provided.

Hmm, first I need to recall what a simple continued fraction is. A simple continued fraction for a real number is an expression of the form:

a_0 + 1/(a_1 + 1/(a_2 + 1/(a_3 + ... )))

where each a_i is a positive integer (for irrational numbers), but for rational numbers, it terminates. Wait, but harmonic numbers H_n are rational numbers (since they're sums of reciprocals of integers). For example, H_1 = 1, H_2 = 3/2, H_3 = 11/6, etc. So these are all rational numbers, which have finite simple continued fractions.

Wait, but the problem states that a(n) is the number of terms in the simple continued fraction for H_n. Wait, hold on: the number of terms? Or the number of coefficients?

Wait, a simple continued fraction for a rational number terminates. For example, H_1 = 1 = [1], so it has one term. H_2 = 3/2 = [1; 2], so two terms. H_3 = 11/6 = [1; 2, 3], three terms. Wait, maybe?

Wait, let me check some examples.

Let's take H_1 = 1. Continued fraction: [1], so length 1.

H_2 = 1 + 1/2 = 3/2. Continued fraction: 1 + 1/(2), so [1; 2], two terms.

H_3 = 1 + 1/2 + 1/3 = 11/6. Let's compute its continued fraction.

11/6 = 1 + 5/6. Then 6/5 = 1 + 1/5, so 5/6 = 1/(6/5) = 1/(1 + 1/5), so H_3 = [1; 2, 3]? Wait, no. Wait, let's do it step by step.

Wait, H_3 = 1 + 1/2 + 1/3 = (6 + 3 + 2)/6 = 11/6.

So 11 divided by 6: 11 = 1*6 + 5, so a_0 = 1, remainder 5.

Then 6/5: 6 = 1*5 + 1, so a_1 = 1, remainder 1.

Then 5/1 = 5, so a_2 = 5. So the continued fraction is [1; 1, 5]. Wait, that's different.

Wait, so maybe my initial thought was wrong. Let's get this straight.

The continued fraction expansion of a rational number p/q is done by taking the quotient and remainder.

For example, H_3 = 11/6.

11 ÷ 6 = 1 with remainder 5. So a_0 = 1.

Then take reciprocal: 6/5. 6 ÷ 5 = 1 with remainder 1. So a_1 = 1.

Reciprocal again: 5/1 = 5, so a_2 = 5.

Thus, the continued fraction is [1; 1, 5], which has three terms (the coefficients a_0, a_1, a_2).

Wait, so the number of terms here is 3. So a(3) would be 3?

But wait, the problem says ""the number of terms in the simple continued fraction for H_n"".

Wait, but the continued fraction for H_n is a finite sequence. Each a_i is a term. So for H_1 = 1, which is [1], so 1 term. H_2 = 3/2 = [1; 2], two terms. H_3 = [1; 1, 5], three terms. Hmm.

Wait, but according to this calculation, H_3's continued fraction has three terms. So a(3) = 3.

Wait, but the problem says ""the n-th harmonic number H_n"", so a(n) is the number of terms in the continued fraction for H_n.

Wait, but the question is about the input x_list being [64, 65, ..., 73], so n = 64, 65, up to 73? Wait, the problem says ""determine the corresponding output sequence y_list"" given x_list is [64, 65, ... 73].

Wait, but the definition is a(n) is the number of terms in the simple continued fraction for H_n. So here, the input is n (the index of the harmonic number), and the output is a(n). But the problem says ""given the input x_list [...] determine the corresponding output sequence y_list"".

Wait, the problem statement says: ""We now define an algorithm: The definition of a(n) is the number of terms in the simple continued fraction for the n-th harmonic number H_n = sum_{k=1}^n 1/k. Given the input x_list [...] determine the corresponding output sequence y_list.""

Wait, so the input x_list is a list of n values (the harmonic numbers' indices), and y_list is a(n) for each n in x_list.

But the x_list given is [64, 65, 66, 67, 68, 69, 70, 71, 72, 73]. So we need to compute a(64), a(65), ..., a(73), where a(n) is the number of terms in the simple continued fraction of H_n.

But how can we compute this? Because the continued fraction for H_n is a rational number, so it has a finite continued fraction. The number of terms would be the length of the continued fraction.

But calculating continued fractions for H_n for large n (like 64) seems complicated. Maybe there's a pattern or formula here.

Wait, but the options given are sequences starting with numbers like 48, 58, etc., for the x_list [64,65,...,73]. So the outputs are around 40-80, depending on the option.

Wait, but if n is 64, then a(n) is the number of terms in the continued fraction of H_n. But H_n is a rational number with denominator and numerator growing as n increases. However, the continued fraction length might be related to the complexity of H_n's fractional part.

Alternatively, perhaps there's a misunderstanding here. Wait, the problem says ""the number of terms in the simple continued fraction"". For a rational number, the continued fraction terminates. So for H_n, which is a fraction p/q, the continued fraction will have a finite number of terms.

But for large n, H_n is a fraction with very large denominator, so the continued fraction might have many terms. But the problem is that the options given have outputs starting at around 44-50 for n=64, so maybe the sequence a(n) is linear in n? Like, a(n) = n - something?

Wait, looking at the options: each option has 10 elements, corresponding to n=64 to 73. The outputs in the options are sequences where each consecutive term increases by roughly 1 (e.g., option B: 46,56,51,43,... not exactly, but the differences vary). Wait, but the options are different.

Wait, but the key here is that the problem says ""the number of terms in the simple continued fraction for H_n"". Wait, but for H_n, which is a rational number, the continued fraction has a finite number of terms. However, the number of terms depends on the specific value of H_n.

But without computing actual continued fractions for H_64, H_65, etc., which is tedious, there must be a pattern or a known relation.

Alternatively, maybe the problem is a trick question. For example, the harmonic numbers H_n have continued fractions with a certain property.

Wait, another angle: the problem says ""the number of terms in the simple continued fraction"". For a rational number p/q, the continued fraction has a length equal to the number of steps until it terminates.

But perhaps for harmonic numbers, there's a known formula for the length of their continued fractions.

Alternatively, think about the fact that H_n = sum_{k=1}^n 1/k. As n increases, H_n approaches ln n + gamma, but here we are dealing with exact fractions.

Wait, but the problem states that the input is x_list = [64, 65, ..., 73], so n starts at 64. We need to find a(n) for n=64 to 73.

But how?

Wait, perhaps the problem is misstated, or I'm missing something. Let me re-read.

Wait, the problem says: ""The definition of a(n) is the number of terms in the simple continued fraction for the n-th harmonic number H_n = sum_{k=1}^n 1/k.""

Wait, so a(n) is the number of terms in the continued fraction of H_n.

But the options given are sequences where each input x (which is n) gives an output y (a(n)).

But the options are sequences of 10 numbers, each corresponding to n from 64 to 73.

Wait, but the problem is presented as a multiple-choice question where we have to pick the correct sequence.

Given that this is a math problem, perhaps there's a pattern in the options.

Looking at the options:

Option D: [44, 54, 49, 41, 64, 47, 46, 54, 71, 72]

Wait, notice that for n=64, output is 44; n=65 →54; n=66→49; etc.

Wait, but the difference between n and the output: for n=64, output 44: 64-20=44? Not sure.

Alternatively, perhaps the number of terms in the continued fraction for H_n is equal to n minus some constant? But for n=64, output is around 40-70.

Wait, another idea: In continued fractions, the number of terms for a rational number p/q is related to the Euclidean algorithm steps. For H_n = p/q, the continued fraction length is the number of steps in the Euclidean algorithm for gcd(p,q). But since H_n is a fraction in lowest terms (probably), the continued fraction length is the same as the number of steps in the Euclidean algorithm for p and q.

But even so, calculating this for H_n is non-trivial.

Wait, but the problem states that the answer is one of the options. Since this is a multiple-choice question designed for an exam, there's likely a pattern or a simple relation.

Wait, looking at the options: each option has a sequence where the numbers increase and decrease. For example, option J: [47, 57, 52, 44, 67, 50, 49, 57, 74, 75]. Hmm, the numbers seem to be decreasing then increasing.

Wait, another approach: the problem might be a play on the fact that the number of terms in the continued fraction for H_n is equal to the number of digits in some representation, but I don't think so.

Wait, but the problem says ""simple continued fraction"". For example, H_1 = 1 = [1], so 1 term.

H_2 = 3/2 = [1; 2], so 2 terms.

H_3 = 11/6 = [1; 1, 5], so 3 terms.

H_4 = 25/12 = [2; 3, 1, 1] ? Wait, let's check.

H_4 = 1 + 1/2 + 1/3 + 1/4 = 25/12.

25 divided by 12: 25 = 2*12 + 1 ⇒ a0=2

12/1 = 12 ⇒ a1=12? Wait, no.

Wait, continued fraction for 25/12:

25 ÷ 12 = 2 with remainder 1 ⇒ a0=2

12/1 = 12 ⇒ a1=12

So continued fraction is [2; 12], which has two terms. Wait, that's different.

Wait, so H_4 = 25/12 = [2; 12], so two terms.

Hmm, so the number of terms varies.

Wait, H_1: 1 term

H_2: 2 terms

H_3: 3 terms

H_4: 2 terms

H_5: ?

This suggests that the number of terms is not simply n.

Wait, but according to this, the number of terms for H_n is not linear with n.

But given that the inputs here are large n (64 to 73), it's hard to see a pattern.

Wait, maybe the problem is a trick question where ""the number of terms"" refers to something else. Alternatively, the problem might have a typo or mistranslation.

Wait, another thought: In some contexts, especially in number theory, the ""number of terms"" in a continued fraction could refer to the number of coefficients before termination. But for rational numbers, it's finite.

But given that the options have outputs like 44, 54, 49, etc., for n=64 to 73, perhaps the sequence y_list is n - 20? Let's check.

For n=64: 64-20=44. Option D starts with 44. Option D: [44, 54, 49, 41, 64, 47, 46, 54, 71, 72]

Wait, 64-20=44, 65-9=56? Not matching.

Wait, option D's first element is 44, which is 64 - 20. Second is 54 = 65 - 11. Hmm, not obvious.

Wait, option J: [47, 57, 52, 44, 67, 50, 49, 57, 74, 75]

If we look at the differences between consecutive terms in the options:

Option A: [48,58,53,45,68,51,50,58,75,76]

Differences: 10, -3, -7, 23, 13, -1, 8, 17, 1

Not helpful.

Option B: [46,56,51,43,66,49,48,56,73,74]

Differences: 10, -5, -8, 23, 13, -1, 8, 17, 1

Hmm, similar to A.

Option C: [50,60,55,47,70,53,52,60,77,78]

Differences: 10, -5, -7, 23, 13, -1, 8, 17, 1

Same pattern.

Wait, all options have the same difference pattern? Not sure.

Wait, but the problem states that the output sequence y_list corresponds to a(n) for n in x_list = [64,65,...,73].

Assuming that the sequence a(n) has some linear relation with n, but the options have varying behavior.

Wait, another idea: The number of terms in the continued fraction of H_n is equal to the number of prime factors or something? Unlikely.

Wait, but the problem says ""the number of terms in the simple continued fraction"". For a rational number p/q, the continued fraction has length equal to the number of steps in the Euclidean algorithm for p and q. Wait, no: the continued fraction length is the number of terms, which for a rational number is equal to the number of steps in the Euclidean algorithm plus one? Not sure.

But for example, H_2 = 3/2. Euclidean algorithm for 3 and 2:

3 = 1*2 +1

2 = 2*1 +0

So two steps. The continued fraction [1;2] has two terms. So the number of terms equals the number of steps in the Euclidean algorithm (which is 2 steps for 3 and 2).

Wait, H_2 = 3/2, continued fraction has 2 terms.

H_3 = 11/6.

Euclidean algorithm for 11 and 6:

11 = 1*6 +5

6 = 1*5 +1

5 =5*1 +0

So three steps. The continued fraction [1;1,5] has three terms. So yes, the number of terms in the continued fraction equals the number of steps in the Euclidean algorithm for p and q (where H_n = p/q in lowest terms).

But the number of steps in the Euclidean algorithm for two numbers p and q is related to the size of the numbers.

However, for H_n = sum_{k=1}^n 1/k, which is a fraction p/q with large denominators when n is large.

But the problem is that we need to find a(n) for n=64 to 73.

But without concrete computation, it's hard. However, the options are given, so maybe there's a pattern in the options.

Looking at the options, each option has a sequence where the numbers increase and decrease in a particular way.

For example, option D: [44, 54, 49, 41, 64, 47, 46, 54, 71, 72]

Notice that the last two terms are 71 and 72, which are close to the input n=72 and 73. Wait, n=72 and 73 give outputs 71 and 72? That's interesting.

Similarly, option J ends with 74 and 75, which are n=72 and 73.

Wait, this might be a clue.

Wait, if for n=72, the output is 71, and n=73 gives 72, then the output is n-1. But for n=64, output would be 63. But option D starts with 44, not 63. So that's not it.

Wait, but option D's last two terms are 71 and 72, which are n=72 and 73 minus 1. Similarly, option J ends with 74 and 75.

Wait, but the first term of option D is 44, which is less than 64.

Another angle: the problem might be a simple subtraction. For example, the output is n minus 20. So for n=64 →44, n=65→45, but option D starts with 44, then 54. Hmm, not matching.

Wait, option D: 44,54,49,41,64,47,46,54,71,72

Notice that 64 is the fifth term (n=68), output is 64. So for n=68, output is 64. Which is n-4.

Similarly, n=72 gives 71 (output 71), which is n-1.

Wait, this seems inconsistent.

Wait, option D has the fifth term as 64 (n=68), which is exactly the input n=68. So output = n for n=68? Not sure.

Alternatively, the outputs are n - 20, n - 10, etc.

n=64: 64-20=44 (option D first term)

n=65: 65-11=54 (not sure)

n=66: 66-17=49

Hmm, not a clear pattern.

Wait, option D: [44, 54, 49, 41, 64, 47, 46, 54, 71, 72]

Let's list them with n:

n : 64 65 66 67 68 69 70 71 72 73

y : 44 54 49 41 64 47 46 54 71 72

Hmm, for n=72, y=71; n=73, y=72. So last two terms are n-1.

Similarly, n=71, y=54; n=70, y=46.

Wait, but this could be a pattern where the output is n- something.

For n=72: 72-1=71

n=73:73-1=72

n=71:71-17=54? Not sure.

Wait, the last two terms of option D are 71 and 72, which are n-1 for n=72 and 73.

Similarly, option J ends with 74 and 75, which would be n=72 and 73 giving 74 and 75? Not sure.

Wait, another idea: The problem might be a simple sequence where each output is the previous output minus a certain number. But the options have different patterns.

Wait, looking at option D, the sequence goes 44,54,49,41,64,47,46,54,71,72.

Notice that the 5th term is 64 (n=68), which matches the input n=68. So output for n=68 is 64.

Similarly, option D's 9th term (n=72) is"
935,"Okay, let's try to tackle this problem step by step. The question is about finding the sum of all distinct angle measures formed by the intersections of diagonals in a regular octagon. 

First, I need to recall some properties of regular octagons and their diagonals. A regular octagon has 8 sides, so each internal angle is 135 degrees (since the formula for internal angles of a regular n-gon is ((n-2)/n)*180, so (6/8)*180 = 135). But we're dealing with angles formed by intersecting diagonals inside the octagon.

When two diagonals intersect inside a regular octagon, they form vertical angles (which are equal) and adjacent angles that sum to 180 degrees. So, first, I need to figure out what distinct angles are formed by these intersections.

Let me start by drawing a regular octagon and labeling its vertices as A, B, C, D, E, F, G, H in order.

In a regular octagon, the diagonals can be of different lengths: short diagonals (connecting vertices with one vertex in between), medium diagonals (connecting vertices with two vertices in between), and long diagonals (the ones that pass through the center, connecting opposite vertices). Wait, in an octagon, the longest diagonal is actually a diameter if it's inscribed in a circle, but since it's regular, all vertices lie on a circle.

Maybe it's better to think in terms of central angles. In a regular octagon, the central angle between two adjacent vertices is 360/8 = 45 degrees. So, the arc length between adjacent vertices is 45 degrees.

When two diagonals intersect inside the octagon, the angle formed at the intersection point depends on the arcs between the four vertices involved in the intersection.

Recall that the measure of an angle formed by two intersecting chords in a circle is equal to half the sum of the measures of the intercepted arcs.

Yes! That's a key theorem. For two chords intersecting inside a circle, the measure of the angle is half the sum of the measures of the intercepted arcs.

So, if two diagonals intersect at a point inside the octagon, they intercept two arcs on the circumference of the circumscribed circle. Let's denote the four points where the diagonals meet the octagon as P, Q, R, S in order around the circle. Then the angle at the intersection point is (arc PR + arc QS)/2.

Since the octagon is regular, all arcs between consecutive vertices are 45 degrees. So, the possible arc lengths between two vertices depend on how many edges apart they are.

Let's list the possible arc lengths (in degrees) between two vertices:

- Adjacent vertices: 45 degrees (arc AB)
- Two edges apart: 90 degrees (arc AC)
- Three edges apart: 1ื่05 degrees (arc AD)
- Four edges apart: 180 degrees (diametrically opposite)

Wait, in an octagon, the maximum arc between two vertices is 360/2 = 180 degrees for opposite vertices.

But when considering intercepted arcs for intersecting chords, the two arcs intercepted by the angle are the arcs that are ""between"" the endpoints of the chords.

Let me formalize this. Suppose we have two diagonals: AC and BD intersecting at point X inside the octagon. Wait, no, in an octagon, the diagonals are connections between non-adjacent vertices. Let's take specific examples.

Take vertices labeled 0 to 7 in order around the octagon.

Consider two diagonals: from 0 to 2 and from 1 to 3. Do these intersect? Let's see: in a convex octagon, diagonals that cross each other must connect vertices with a ""gap"" such that they cross inside.

For example, diagonal 0-2 and diagonal 1-3: do they intersect? Let's think of the order: 0,1,2,3,4,5,6,7. Diagonal 0-2 connects 0 and 2, diagonal 1-3 connects 1 and 3. These two diagonals share a common edge (1-2 and 2-3), so they don't cross inside; they are adjacent.

Another example: diagonal 0-3 and diagonal 1-4. These are the ""long"" diagonals? Wait, in an octagon, a diagonal connecting 0 to 3 is three edges away (since 0 to 1 to 2 to 3 is three steps), so the arc length is 3*45=135 degrees. Wait, the central angle for arc 0-3 is 3*45=135 degrees, yes.

Wait, the key is: when two diagonals intersect, they form four points on the circle: let's say the intersection is of diagonals AC and BD, where A,B,C,D are four distinct vertices in cyclic order around the octagon.

So, the four points are A, B, C, D in order around the circle. Then the angle at the intersection point is (arc AB + arc CD)/2? Wait, no, the theorem says: the measure of the angle formed by two intersecting chords is half the sum of the measures of the intercepted arcs.

The intercepted arcs are the arcs that are cut off by the chords. So, for chords AC and BD intersecting at X, the angle at X is half the sum of the arcs AB and CD.

Wait, let's confirm with a reference. Yes, in a circle, if two chords intersect at a point inside the circle, then the measure of the angle is equal to half the sum of the measures of the intercepted arcs.

So, if the two chords are AC and BD, intersecting at X, then the angle AXB is (arc AB + arc CD)/2.

Yes, that's correct. For example, if you have two chords crossing, the angle is half the sum of the arcs between the endpoints.

So, let's consider all possible pairs of intersecting diagonals and find the distinct angles they form.

First, we need to determine all possible values of (arc AB + arc CD)/2, where A,B,C,D are four distinct vertices in cyclic order (so the arcs AB and CD are the two arcs that are ""opposite"" the angle).

In a regular octagon, the arcs between consecutive vertices are 45 degrees each. So, the possible arc lengths between two vertices (the minimal arc) can be 45, 90, 135, 180 degrees (since the octagon is symmetric, we can consider the smaller arcs, but when we talk about intercepted arcs for the angle, it's the arcs that are intercepted by the angle, which could be the minor or major arcs, but since we're dealing with intersections inside the octagon, the intercepted arcs are both less than 180 degrees? Wait, no, in the circle, the sum of the intercepted arcs for the angle inside the circle is always the sum of two arcs that are between the four points, so they are both positive and add up to less than 360, but for the angle, we take the smaller arcs? Wait, no, the angle is defined as half the sum of the measures of the intercepted arcs, which are the arcs that are ""cut off"" by the angle.

Let me take specific examples with numbers.

Label the vertices 0,1,2,3,4,5,6,7 in order around the circle.

Case 1: Intersection of diagonals connecting vertices with one vertex in between (short diagonals) and another short diagonal.

For example, diagonals 0-2 and 1-3. Wait, do these intersect? Let's see: 0-2 is a diagonal skipping one vertex (1), 1-3 skips two vertices (2)? Wait, no: in an octagon, a diagonal is a line connecting two non-adjacent vertices. So, adjacent vertices are connected by edges, so diagonals connect vertices with at least one vertex in between.

In an octagon, the number of edges between two vertices: for vertices i and j, the distance is min(|i-j|, 8-|i-j|). So, a ""short"" diagonal might be distance 2 (skipping one vertex), ""medium"" distance 3 (skipping two vertices), and distance 4 is the diameter (opposite vertices).

Let's list all possible pairs of diagonals that intersect inside the octagon.

First, how many intersection points are there? In a convex octagon, the number of intersection points of diagonals inside is C(8,4) = 70? Wait, no: each set of four vertices defines exactly one intersection point of the two diagonals connecting them. So, for any four distinct vertices, the two diagonals of the quadrilateral formed by those four vertices intersect once inside the octagon. So, the number of intersection points is C(8,4) = 70? Wait, no, in a convex polygon, the number of intersection points of diagonals inside is C(n,4) for n-gon, since each intersection is determined by four vertices. So for n=8, it's 70? Wait, no, wait: in a convex polygon, two diagonals intersect if and only if their four endpoints are distinct and form a quadrilateral, so each set of four vertices gives exactly one intersection point. So yes, for n=8, there are C(8,4)=70 intersection points? Wait, no, that's not right. Wait, in a convex quadrilateral, there's one intersection point of the two diagonals. In a convex pentagon, C(5,4)=5, but actually, in a pentagon, each intersection is from two diagonals, so total intersections inside a convex pentagon is 5? Wait, no, a convex pentagon has 5 diagonals, and no three diagonals intersect at the same point, so the number of intersection points is C(5,4)=5? Wait, no, in a convex pentagon, each intersection is from two diagonals, so each intersection is determined by four vertices, so for n=5, it's C(5,4)=5? Wait, no, for n=4, a quadrilateral has one intersection point, which is C(4,4)=1. For n=5, it's C(5,4)=5? Wait, no, in a convex pentagon, the number of intersection points of diagonals inside is 5? Let me check: a convex pentagon has 5 diagonals, and each pair of diagonals intersects once, but only if they are the two diagonals of a quadrilateral formed by four vertices. So, for each set of four vertices, there's one intersection. So for n=5, the number is C(5,4)=5? Wait, no, C(5,4)=5, but each set of four vertices gives one intersection, so yes, 5 intersection points in a convex pentagon.

But maybe I'm overcomplicating. Let's focus on the angles formed.

We need to find all distinct angles formed by the intersections of diagonals inside the octagon.

Let's consider the possible arc lengths between the four vertices involved in an intersection.

Suppose we have four vertices in order: A, B, C, D around the octagon. Then the two diagonals AC and BD intersect at a point X inside. The angle at X is (arc AB + arc CD)/2.

The arcs AB, BC, CD, DA are the arcs between consecutive vertices (each 45 degrees). Let's denote the number of edges between A and B as k, so arc AB = 45k degrees, similarly arc BC = 45m, etc., where k, m, n, p are positive integers such that k + m + n + p = 8 (since it's a full circle).

But since we're taking four distinct vertices, the minimal arcs between them will be at least 1 each (since they are distinct).

For the angle, we need to consider the sum of the arcs AB and CD. Let's let the number of edges between A and B be x, between B and C be y, between C and D be z, between D and A be w, where x + y + z + w = 8, and x,y,z,w ≥ 1 (since the vertices are distinct and ordered).

Then arc AB = 45x, arc BC = 45y, arc CD = 45z, arc DA = 45w.

The angle at the intersection is (arc AB + arc CD)/2 = (45x + 45z)/2 = 45(x + z)/2.

Wait, is that right? Wait, the theorem says: the measure of the angle is half the sum of the measures of the intercepted arcs. The intercepted arcs are the arcs that are intercepted by the angle, which are the arcs that are ""across"" from the angle.

Wait, let's take a concrete example. Take vertices 0,1,2,3. The diagonals 0-2 and 1-3 intersect at a point inside the octagon. What's the angle there?

The arcs intercepted: the angle formed by 0-2 and 1-3. The two arcs intercepted are arc 0-1 and arc 2-3. Because when you have two chords intersecting, the angle is half the sum of the arcs between the endpoints.

Yes, for chords AC and BD intersecting at X, the angle AXB is equal to (arc AB + arc CD)/2. Wait, no, actually, it's (arc AD + arc BC)/2? Wait, I need to get this straight.

Let me look up the exact statement (mentally): In a circle, if two chords intersect at a point inside the circle, then the measure of the angle formed is equal to half the sum of the measures of the intercepted arcs.

The intercepted arcs are the arcs that are between the endpoints of the chords. So, for chords AB and CD intersecting at X, the angle at X is (arc AC + arc BD)/2? Wait, no.

Wait, here's a better way: label the intersection point as X, with the two chords being AC and BD, so the four points on the circle are A, B, C, D in cyclic order. Then the angle at X is ∠AXB. The intercepted arcs for this angle are arc AB and arc CD. Wait, no, the angle ∠AXB intercepts arcs AB and the opposite arc CD? Wait, no.

Let's use coordinates. Suppose the octagon is inscribed in a unit circle, vertices at angles 0°, 45°, 90°, 135°, 180°, 225°, 270°, 315°.

Take two diagonals: 0-2 (vertices 0 and 2) and 1-3 (vertices 1 and 3). Do these intersect? Let's see: in the octagon, 0-2 is a diagonal from (1,0) to (cos45, sin45) [wait, no, standard position: vertex 0 is (1,0), vertex 1 is (cos45, sin45), vertex 2 is (cos90, sin90)=(0,1), vertex 3 is (-sin45, cos45), etc. Wait, maybe better to use complex numbers.

Let the vertices be the 8th roots of unity: ω^k = e^(2πik/8) = e^(πik/4), for k=0,1,...,7.

So, vertex 0: 1, vertex 1: ω, vertex 2: ω², ..., vertex 7: ω⁷.

A diagonal is a line connecting two vertices, say ω^a and ω^b, a ≠ b mod 8.

Two diagonals intersect inside the octagon if their four endpoints are distinct and form a quadrilateral (i.e., they cross each other).

Take diagonals ω^0 - ω^2 and ω^1 - ω^3. Do these intersect? Let's see: in the complex plane, the lines connecting 1 to ω² and ω to ω³.

Let's compute the intersection point.

First, find equations of the lines.

Line 1: from (1,0) to (cos90, sin90) = (0,1). Wait, no: ω^0 = 1 (angle 0°), ω^1 = e^(πi/4) = cos45 + i sin45 ≈ 0.707 + 0.707i, ω^2 = e^(πi/2) = i (90°), ω^3 = e^(3πi/4) ≈ -0.707 + 0.707i, ω^4 = -1 (180°), etc.

So, vertex 0: (1,0), vertex 1: (cos45, sin45), vertex 2: (0,1), vertex 3: (-cos45, sin45), vertex 4: (-1,0), vertex 5: (-cos45, -sin45), vertex 6: (0,-1), vertex 7: (cos45, -sin45).

Now, take diagonals: 0-2 (from (1,0) to (0,1)) and 1-3 (from (cos45, sin45) to (-cos45, sin45)). Do these intersect inside?

Let's find the equations.

Line 0-2: connects (1,0) and (0,1). Slope is (1-0)/(0-1) = -1. Equation: y = -x + 1.

Line 1-3: connects (cos45, sin45) and (-cos45, sin45). This is a horizontal line at y = sin45 ≈ 0.707. So it's the line y = c, where c = sin45.

Intersection of y = -x + 1 and y = c: x = 1 - c, y = c. Since c ≈ 0.707, x ≈ 0.293, which is inside the octagon (since the octagon is symmetric, and the intersection is inside).

Now, what's the angle at this intersection point?

To find the angle between the two lines, we can use the tangent of the angle.

The slope of line 0-2 is -1, so angle with x-axis is 135° (since slope -1 is 135° from positive x-axis).

The slope of line 1-3 is 0 (horizontal), so angle with x-axis is 0°.

The angle between them is |135° - 0°| = 135°, but wait, the angle inside the intersection is the acute or obtuse angle? Wait, the angle between two lines is the smallest angle between them, but in the context of the problem, we need the angles formed in the interior of the octagon by the intersections of diagonals. So, when two diagonals cross, they form two angles at the intersection: one acute and one obtuse, or two equal angles (vertical angles).

Wait, no: two intersecting lines form two pairs of vertical angles, so two distinct angle measures: θ and 180° - θ.

So, for each intersection point, there are two distinct angles (unless θ = 90°, in which case it's a right angle).

So, we need to find all distinct θ and 180° - θ that come from these intersections.

Let's go back to the circle theorem. The angle formed by two intersecting chords is half the sum of the measures of the intercepted arcs.

In this case, the two diagonals intersect at X, so the angle at X is (arc AB + arc CD)/2, where A, B, C, D are the four vertices in order around the circle.

Let's take the previous example: diagonals 0-2 and 1-3. The four vertices are 0,1,2,3 (in order). So, the intercepted arcs for the angle at X: let's say the angle is ∠1X2 (the angle between the two diagonals at X).

The arcs intercepted: the angle ∠1X2 intercepts arcs 1-2 and 3-0? Wait, maybe better to use the formula.

In general, for two chords AC and BD intersecting at X, the measure of angle AXB is (arc AB + arc CD)/2.

Yes, according to the theorem: the measure of an angle formed by two intersecting chords is equal to half the sum of the measures of the intercepted arcs. The intercepted arcs are the arcs that are between the endpoints of the chords that are not adjacent to the angle.

Wait, let's take a simple case: a square (n=4). In a square, the diagonals intersect at 90°, which is (arc AB + arc CD)/2. For a square, each arc between adjacent vertices is 90°, so if we have two diagonals of the square (which are the only diagonals), they intersect at 90°, which is (90° + 90°)/2 = 90°, which matches.

In a regular pentagon, but maybe stick to octagon.

Back to the octagon. Let's list all possible values of (arc AB + arc CD)/2, where A,B,C,D are four distinct vertices in cyclic order, so the arcs AB, BC, CD, DA are each at least 45° (since each edge is 45°).

Let’s denote the number of edges between A and B as k, between B and C as m, between C and D as n, between D and A as p, where k, m, n, p are positive integers (since the vertices are distinct and ordered), and k + m + n + p = 8.

The angle is (45k + 45n)/2 = 45(k + n)/2.

We need to find all possible distinct values of this angle, where k, m, n, p ≥ 1, k + m + n + p = 8.

Note that m and p are the other two arcs, so they don't affect the angle (since the angle depends only on k and n).

What are the possible values of k + n?

Since k, n ≥ 1, and k + m + n + p = 8, with m, p ≥ 1, so m ≥ 1, p ≥ 1 ⇒ k + n ≤ 8 - 2 = 6.

Also, k and n are at least 1, so k + n ≥ 2.

Possible values of k + n:

Minimum k + n = 1 + 1 = 2

Maximum k + n = 6 (since m and p are at least 1 each, so k + n"
936,"Okay, let's see. I need to find the value of \( k \) such that the polynomial \( P(x) = 4x^3 + kx^2 + 4x - 3 \) is divisible by \( x + 4 \). Hmm, right. If a polynomial is divisible by \( x + 4 \), that means \( x = -4 \) is a root of the polynomial. Because if \( x + 4 \) is a factor, then plugging in \( x = -4 \) should give zero. 

So, the Remainder Theorem says that if we divide \( P(x) \) by \( x + 4 \), the remainder is \( P(-4) \). Since we want \( P(x) \) to be divisible by \( x + ื่), the remainder should be zero. Therefore, \( P(-4) = 0 \).

Let me write that down. Let's compute \( P(-4) \):

\( P(-4) = 4(-4)^3 + k(-4)^2 + 4(-4) - 3 \)

Let's calculate each term step by step.

First term: \( 4(-4)^3 \). Let's compute \( (-4)^3 \) first. \( (-4)^3 = -64 \), so \( 4 \times (-64) = -256 \).

Second term: \( k(-4)^2 \). \( (-4)^2 = 16 \), so this term is \( 16k \).

Third term: \( 4(-4) = -16 \).

Fourth term: \( -3 \).

So putting it all together:

\( P(-4) = -256 + 16k - 16 - 3 \)

Let me combine the constants first. Let's see: -256 - 16 - 3. Let's compute that.

-256 - 16 is -272, then -272 - 3 is -275. So:

\( P(-4) = 16k - 275 \)

Since we want \( P(-4) = 0 \) (because \( x + 4 \) is a factor), so:

\( 16k - 275 = 0 \)

Then, solving for \( k \):

\( 16k = 275 \)

Wait, hold on, is that right? Wait, let me check my calculations again because 275 divided by 16 is not an integer, but maybe it's correct. Wait, no, let's double-check.

First term: \( 4(-4)^3 \). \( (-4)^3 = -64 \), so 4 * (-64) = -256. That's correct.

Second term: \( k(-4)^2 = k * 16 \), so 16k. Correct.

Third term: 4*(-4) = -16. Correct.

Fourth term: -3. Correct.

So adding up the constants: -256 -16 -3. Let's do -256 -16 first. -256 -16 is -272. Then -272 -3 is -275. So total constants: -275. So \( P(-4) = 16k - 275 \). Set equal to zero: 16k - 275 = 0 => 16k = 275 => k = 275 / 16. Wait, 275 divided by 16 is 17.1875. But the problem says ""Find \( k \) such that..."", and it's a polynomial with integer coefficients? Wait, the problem didn't specify that \( k \) has to be an integer, but usually in these problems, they expect integer answers. Maybe I made a mistake.

Wait, let's check again. Let's recalculate \( P(-4) \).

\( P(x) = 4x^3 + kx^2 + 4x - 3 \)

So \( P(-4) = 4*(-4)^3 + k*(-4)^2 + 4*(-4) - 3 \)

Compute each term:

\( (-4)^3 = -64 \), so 4*(-64) = -256

\( (-4)^2 = 16 \), so k*16 = 16k

4*(-4) = -16

Then -3.

So total: -256 + 16k -16 -3

Combine constants: -256 -16 = -272; -272 -3 = -275. So yes, -275 + 16k.

Set equal to zero: 16k = 275 => k = 275/16 = 17.1875. Hmm, that's a fraction. But maybe that's correct? Wait, the problem says ""the Polynomial \( P(x) = 4x^3 + kx^2 + 4x - 3 \)"". It doesn't specify that \( k \) is integer, but in many basic algebra problems like this, they expect integer \( k \). So perhaps I messed up the sign?

Wait, let's think again. If \( x + 4 \) is a factor, then \( P(-4) = 0 \). Let's verify with another method. Maybe synthetic division?

Let's try synthetic division with root -4.

Coefficients of \( P(x) \): 4 (x^3), k (x^2), 4 (x), -3 (constant).

Using synthetic division:

-4 | 4      k        4       -3
          -16     16*4=64    -64
      ---------------------------
        4    k -16     68      -67

Wait, no, synthetic division steps:

Bring down the 4.

Multiply 4 by -4: -16. Add to next coefficient: k + (-16) = k - 16.

Multiply (k - 16) by -4: -4(k - 16) = -4k + 64. Add to next coefficient: 4 + (-4k + 64) = -4k + 68.

Multiply (-4k + 68) by -4: 16k - 272. Add to last coefficient: -3 + 16k - 272 = 16k - 275.

For \( x + 4 \) to be a factor, the remainder must be zero, so 16k - 275 = 0 => k = 275/16. Which is 17.1875. So that's correct.

But the problem says ""Find \( k \) such that..."". Maybe the problem expects a fractional answer? The question says ""k = [ANS]"". So probably 275/16 is the answer. Wait, 275 divided by 16 is 17.1875, which is 17 and 3/16, but as a fraction, 275/16 is simplified since 275 and 16 share no common factors (16 is 2^4, 275 is 5^2 * 11). So 275/16 is the answer.

Wait, but let me check once more. Maybe I miscalculated the synthetic division.

Synthetic division steps:

Root: -4

Coefficients: 4, k, 4, -3

Start with 4.

Multiply 4 by -4: -16. Add to next coefficient: k + (-16) = k - 16.

Multiply (k - 16) by -4: -4k + 64. Add to next coefficient: 4 + (-4k + 64) = -4k + 68.

Multiply (-4k + 68) by -4: 16k - 272. Add to last coefficient: -3 + 16k - 272 = 16k - 275.

Yes, so the remainder is 16k - 275, which must be zero. So 16k = 275 => k = 275/16.

So the answer is 275/16. Let me write that as a decimal to check: 275 ÷ 16 = 17.1875. So k = 17.1875.

But the problem says ""Find k such that..."". So unless I made a mistake in the problem statement.

Wait, the original problem says: ""Find \( k \) such that the Polynomial \( P(x)=4x^3+k x^2+4x-3 \) is divisible by \( x+4 \). \( k= \) [ANS]""

So according to my calculation, k = 275/16. Let me confirm with another approach. Let's suppose that \( P(x) = (x + 4)(ax^2 + bx + c) \), where a, b, c are constants. Then expand the right-hand side and equate coefficients.

Let's try that.

\( P(x) = (x + 4)(ax^2 + bx + c) = ax^3 + (b + 4a)x^2 + (c + 4b)x + 4c \)

Given that \( P(x) = 4x^3 + kx^2 + 4x - 3 \)

So equate coefficients:

1. Coefficient of \( x^3 \): a = 4.

2. Coefficient of \( x^2 \): b + 4a = k.

3. Coefficient of \( x \): c + 4b = 4.

4. Constant term: 4c = -3.

Let's solve from the constant term first: 4c = -3 => c = -3/4.

Then, from the x term: c + 4b = 4 => (-3/4) + 4b = 4 => 4b = 4 + 3/4 = 19/4 => b = 19/(16).

Then, from the x^2 term: b + 4a = k. We know a = 4, so 4a = 16. Thus, k = b + 16 = 19/16 + 16 = 19/16 + 256/16 = 275/16. Which matches the previous result.

So k = 275/16. So that's the answer.

I think that's correct. So the answer is 275/16, which is 17.1875, but as a fraction, 275 over 16.

So the problem says ""k = [ANS]"", so the answer is 275/16.

Let me just check once more with substitution. Let's take k = 275/16, then compute P(-4).

P(-4) = 4*(-4)^3 + (275/16)*(-4)^2 + 4*(-4) - 3

Calculate each term:

4*(-64) = -256

(275/16)*(16) = 275 (since (-4)^2 = 16, so 16*(275/16) = 275)

4*(-4) = -16

-3

So total: -256 + 275 - 16 - 3 = (-256 -16 -3) + 275 = (-275) + 275 = 0. Perfect! So that works. So yes, k = 275/16.

So the answer is 275/16. In boxed form, \boxed{\dfrac{275}{16}}.

Wait, but the problem says ""If the problem has multiple sub-answers, separate them by commas inside a single \boxed{}"". But this problem has only one answer, so \boxed{\dfrac{275}{16}}.

Alternatively, maybe the problem expects a decimal, but no, in math problems like this, fractions are preferred. So 275/16 is the exact value.

**Final Answer**
\boxed{\dfrac{275}{16}}
</think>

To determine the value of $ k $ such that the polynomial  
$$
P(x) = 4x^3 + kx^2 + 4x - 3
$$  
is divisible by $ x + 4 $, we apply the **Remainder Theorem**. This theorem states that if a polynomial $ P(x) $ is divisible by $ x - a $, then $ P(a) = 0 $. In this case, since $ x + 4 $ is a factor, we have:

$$
P(-4) = 0
$$

---

### Step 1: Evaluate $ P(-4) $

We substitute $ x = -4 $ into the polynomial:

$$
P(-4) = 4(-4)^3 + k(-4)^2 + 4(-4) - 3
$$

Compute each term:

- $ (-4)^3 = -64 \Rightarrow 4(-4)^3 = 4 \cdot (-64) = -256 $
- $ (-4)^2 = 16 \Rightarrow k(-4)^2 = 16k $
- $ 4(-4) = -16 $
- Constant term: $ -3 $

Now sum all terms:

$$
P(-4) = -256 + 16k - 16 - 3 = 16k - 275
$$

Set $ P(-4) = 0 $ (since $ x + 4 $ is a factor):

$$
16k - 275 = 0 \quad \Rightarrow \quad 16k = 275 \quad \Rightarrow \quad k = \frac{275}{16}
$$

---

### Step 2: Verify the Result

Let’s verify that with $ k = \frac{275}{16} $, the polynomial is indeed divisible by $ x + 4 $.

Substitute back into $ P(-4) $:

$$
P(-4) = 16 \cdot \left(\frac{275}{16}\right) - 275 = 275 - 275 = 0
$$

This confirms that $ P(-4) = 0 $, so $ x + 4 $ is a factor of $ P(x) $ when $ k = \frac{275}{16} $.

---

### Final Answer

$$
\boxed{\dfrac{275}{16}}
$$"
937,"Okay, let's try to figure out this problem. We need to find the sum of all the digits written from 1 to 79. Hmm, so first, I should list out all the numbers from 1 to 79 and add up each digit. But doing it one by one would take too long. Maybe there's a pattern or a way to group numbers by their place values (units, tens) to make it easier.

Let me start with the units place. For numbers 1 to 79, how many times does each digit 0-9 appear in the units place? Let's see. From 1 to 9: units digits are 1,2,...,9. Then 10-19: units digits 0,1,...,9. 20-29: same, 0-9. ... up to 70-79: same.

Wait, actually, from 1 to 79, the units digits cycle every 10 numbers. So for each block of 10 numbers (like 1-10, 11-20, ..., 71-80), but we only go up to 79, so the last block is 71-79, which is 9 numbers.

First, let's handle the tens place and units place separately.

Starting with units place:

Numbers 1-9: units digits are 1,2,3,4,5,6,7,8,9. So sum of units digits here is 1+2+...+9 = 45.

Then 10-19: units digits are 0,1,2,...,9. Sum is 0+1+...+9 = 45.

20-29: same as 10-19, units digits 0-9, sum 45.

...

70-79: units digits 0,1,2,...,9. Wait, 70-79 is 10 numbers: 70,71,...,79. So units digits are 0,1,2,...,9. Sum is 45.

But wait, we need to check if we have 70-79 included. The problem says from 1 to 79, so 70-79 is included (since 79 is the upper limit). So total blocks: 1-9 (9 numbers), 10-19 (10 numbers), 20-29 (10), ..., 70-79 (10). Wait, 1-9 is 9 numbers, then 10-79 is 70 numbers (70 numbers: 70-79 is 10 numbers, 10-19 is 10, ..., 60-69 is 10, so 6*10=60, plus 10-19 is 10, so 70 total? Wait, 1-79 is 79 numbers. 1-9: 9 numbers, 10-79: 70 numbers (70 numbers, 70/10=7 blocks of 10).

So units digits:

For each complete set of 10 numbers (10-19, 20-2ื่, ..., 70-79), the units digits are 0-9, so each digit 0-9 appears once per block. How many complete blocks are there?

From 10-19: 1st block (10-19)

20-29: 2nd

...

70-79: 7th block (since 70-79 is the 7th block starting from 10-19)

Wait, 10-19 is first, 20-29 second, ..., 70-79 seventh. So 7 blocks, each contributing a sum of 45 for units digits (since 0-9 sum to 45).

But wait, the first block is 1-9, which is not a full block. 1-9: units digits 1-9 (no 0). Then 10-19: units 0-9, 20-29: 0-9, ..., 70-79: 0-9.

So total units digits sum:

First part: 1-9: sum = 1+2+...+9 = 45.

Then 10-79: that's 70 numbers, which is 7 groups of 10 (10-19, 20-29, ..., 70-79). Each group has units digits 0-9, so each group contributes 45. So 7 groups * 45 = 315.

Total units sum: 45 (from 1-9) + 315 (from 10-79) = 360.

Wait, but hold on: 1-9 is 9 numbers, 10-19 is 10 numbers, ..., 70-79 is 10 numbers. So 10-79 is 70 numbers (70 numbers), which is 7*10. So yes, 7 groups.

But let's verify with a smaller example. Let's take 1-19.

Units digits: 1-9 (1-9), 10-19 (0-9). So units sum: 45 (1-9) + 45 (10-19) = 90. Which is correct: 1-19 units digits sum to 90.

Similarly, 1-29: units sum would be 45 (1-9) + 2*45 (10-19 and 20-29) = 45 + 90 = 135.

So for 1-79, it's 45 (1-9) + 7*45 (10-19 to 70-79) = 45 + 315 = 360. That seems right.

Now tens place.

Tens digits: Let's see. For numbers 1-9: no tens digit (or we can consider them as 0, but since they are written as single-digit numbers, they don't have a tens place. So when we write 1, it's just '1', no tens digit. So tens digits only exist for numbers 10 and above.

So numbers 10-19: tens digit is 1 (for all 10 numbers: 10,11,...,19)

20-29: tens digit is 2 (10 numbers)

...

70-79: tens digit is 7 (10 numbers)

Wait, 10-19: 10 numbers, each with tens digit 1.

20-29: 10 numbers, tens digit 2.

...

70-79: 10 numbers, tens digit 7.

But wait, we're going up to 79, so 70-79 is included (since 79 is the last number).

So how many numbers contribute to each tens digit?

Tens digit 1: 10 numbers (10-19)

Tens digit 2: 10 numbers (20-29)

...

Tens digit 7: 10 numbers (70-79)

Wait, but what about numbers 1-9? They don't have a tens digit, so their tens digit is 0 (but we don't count 0s because they aren't written). So the tens digits we need to sum are only for numbers 10-79.

Number of tens digits: 10-79 is 70 numbers (70 numbers), grouped into 7 decades (10-19, 20-29, ..., 70-79).

Each decade (e.g., 10-19) has 10 numbers, each with tens digit 1, so sum of tens digits in 10-19: 10*1 = 10.

Similarly, 20-29: 10*2 = 20.

...

70-79: 10*7 = 70.

So total tens sum: 10 (for 10-19) + 20 (20-29) + 30 (30-39) + 40 (40-49) + 50 (50-59) + 60 (60-69) + 70 (70-79).

Let's compute that:

10 + 20 = 30

30 + 30 = 60

60 + 40 = 100

100 + 50 = 150

150 + 60 = 210

210 + 70 = 280.

So total tens sum is 280.

Wait, let's check:

10-19: 10 numbers, each tens digit 1: 10*1 = 10

20-29: 10*2 = 20

30-39: 10*3 = 30

40-49: 10*4 = 40

50-59: 10*5 = 50

60-69: 10*6 = 60

70-79: 10*7 = 70

Yes, that's 7 decades (10-19 up to 70-79), each contributing 10,20,...,70.

Sum: 10 + 20 + 30 + 40 + 50 + 60 + 70.

Let's add them:

10 + 70 = 80

20 + 60 = 80

30 + 50 = 80

40 left.

So 80 + 80 + 80 + 40 = 280. Yes, that's correct.

So tens sum is 280.

Now, what about the number 1-9? They are written as single digits, so their digits sum to themselves. For example, 1 is '1', so digit sum 1; 2 is '2', sum 2; ... 9 is '9', sum 9. So the sum of digits for 1-9 is 1+2+...+9 = 45.

We already considered units sum for 1-9 as 45, but for the tens place, 1-9 have no tens digit, so we don't add anything for tens place there.

Wait, the total sum of all digits from 1 to 79 is the sum of units digits plus the sum of tens digits (since numbers 10-79 have two digits, and 1-9 have one digit).

So total sum = (sum of units digits from 1-79) + (sum of tens digits from 10-79).

We calculated units sum as 360, and tens sum as 280. Wait, but let's confirm the units sum again.

Wait, when we did units sum: 1-9 (sum 45) + 10-79 (7 blocks of 10, each block sum 45). Wait, 10-79 is 70 numbers, which is 7 blocks (10-19, 20-29, ..., 70-79). Each block has units digits 0-9, so each block sums to 45. So 7*45 = 315. Then 1-9 sum is 45, so total units sum is 45 + 315 = 360. That's correct.

Tens sum: 10-79, each block of 10 numbers (10-19, etc.) has tens digits summing to 10,20,...,70. So total tens sum is 280.

But wait, is there a number 80? No, we go up to 79, so 70-79 is the last block.

Wait, another way: let's list out the numbers 1-79 and see.

Alternatively, think of numbers from 00 to 79, which is 80 numbers (00 to 79), each with two digits. Then sum the digits from 00 to 79, then subtract the sum of digits for 00 (which is 0) and adjust for numbers 1-9 (since 00 isn't included).

Wait, maybe that's a good approach.

In the range 00 to 79, there are 80 numbers, each with two digits (padded with leading zero). The sum of digits from 00 to 79 would be:

For the tens place: 0-7 each appearing 10 times (00-09: tens=0, 10-19: tens=1, ..., 70-79: tens=7). So sum of tens digits: 10*(0 + 1 + 2 + ... + 7) = 10*(28) = 280.

For the units place: 0-9 each appearing 8 times? Wait, no. In 00-79, units digits cycle 0-9 eight times? Wait, 00-09: units 0-9, 10-19: units 0-9, ..., 70-79: units 0-9. So each units digit 0-9 appears exactly 8 times? Wait, 00-79 is 80 numbers, so 8 cycles of 10 (0-7 for tens). So units digits: each 0-9 appears 8 times.

Wait, 00-09: units 0-9 (once each)

10-19: units 0-9 (once each)

...

70-79: units 0-9 (once each)

So total 8 times each units digit 0-9.

Therefore, sum of units digits from 00-79: 8*(0+1+2+...+9) = 8*45 = 360.

Ah! So that's a better way. Because 00-79 has 80 numbers, each units digit 0-9 appears 8 times (since 80/10=8), so sum of units digits is 8*45=360.

Similarly, tens digits: 0-7 each appear 10 times (since for each tens digit 0-7, there are 10 numbers: 00-09, 10-19, ..., 70-79), so sum of tens digits is 10*(0+1+2+...+7) = 10*(28) = 280.

But in our problem, we have numbers from 1 to 79, not including 00. So the sum from 1 to 79 is equal to the sum from 00 to 79 minus the sum of digits for 00 (which is 0) minus the sum of digits for 0 (if we consider 0 as a number, but we don't have 0 in our range). Wait, our range is 1-79, so 00 is not included, and 0 is not in the range either.

Wait, the sum from 00 to 79 includes 00, which is ""0"" and ""0"", so sum 0. Then 01 to 09 are the numbers 1-9, written as ""01"" to ""09"" (with leading zero). But in reality, when we write numbers from 1 to 79, we don't write leading zeros. So the sum from 1 to 79 is different from the sum from 01 to 79 (with leading zeros).

Ah, this is a key point. For example, the number 5 is written as ""5"", not ""05"". So leading zeros are not written. Therefore, the sum from 1 to 79 is the sum of digits without leading zeros.

So in the range 1-9, we have single-digit numbers, no leading zeros. For 10-79, we have two-digit numbers, so each has a tens and units digit.

So let's recast:

Numbers 1-9: sum of digits = 1+2+...+9 = 45.

Numbers 10-79: 70 numbers, each with two digits. Let's handle these.

For numbers 10-19: tens digit is 1 (10 times), units digits are 0-9 (each once).

So sum of digits for 10-19: (10*1) + (0+1+2+...+9) = 10 + 45 = 55.

Similarly, 20-29: tens digit 2 (10 times), units digits 0-9: sum = 10*2 + 45 = 20 + 45 = 65.

30-39: 10*3 + 45 = 30 + 45 = 75.

40-49: 10*4 + 45 = 40 + 45 = 85.

50-59: 10*5 + 45 = 50 + 45 = 95.

60-69: 10*6 + 45 = 60 + 45 = 105.

70-79: 10*7 + 45 = 70 + 45 = 115.

Now, let's list these sums:

10-19: 55

20-29: 65

30-39: 75

40-49: 85

50-59: 95

60-69: 105

70-79: 115

Now, sum all these up, and add the sum of 1-9 (45).

First, sum the two-digit ranges:

55 + 65 = 120

120 + 75 = 195

195 + 85 = 280

280 + 95 = 375

375 + 105 = 480

480 + 115 = 595.

So sum of digits for 10-79 is 595.

Then add the sum of 1-9: 45. Total sum = 595 + 45 = 640.

Wait, that's a different number than before. Wait, let's check.

Wait, for 10-19: numbers are 10,11,...,19. Each has two digits. So 10: '1' and '0' → sum 1+0=1

11: 1+1=2

...

19: 1+9=10

So sum of digits for 10-19: 1+2+...+10? Wait, no.

Wait, 10: 1 and 0 → sum 1

11: 1 and 1 → sum 2

12: 1 and 2 → sum 3

...

19: 1 and 9 → sum 10

So the sum for 10-19 is (1+0) + (1+1) + (1+2) + ... + (1+9) = (10 times 1) + (0+1+2+...+9) = 10*1 + 45 = 10 + 45 = 55. Correct.

Similarly, 20-29: 20: 2+0=2, 21:2+1=3,...,29:2+9=11. So sum is (20 times 2) + (0+1+...+9) = 20 + 45 = 65. Wait, no: 20-29 is 10 numbers, each tens digit 2, so 10*2=20, units digits 0-9 sum to 45. So total 20+45=65. Correct.

Same for others.

So 10-19: 55

20-29: 65

30-39: 75

40-49: 85

50-59: 95

60-69: 105

70-79: 115

Let's add these step by step:

Start with 55 (10-19)

55 + 65 = 120 (10-29)

120 + 75 = 195 (10-39)

195 + 85 = 280 (10-49)

280 + 95 = 375 (10-59)

375 + 105 = 480 (10-69)

480 + 115 = 595 (10-79)

Yes, sum of 10-79 is 595.

Then sum of 1-9 is 1+2+...+9 = 45.

Total sum: 595 + 45 = 640.

Wait, but earlier I thought tens sum was 280 and units sum was 360, but that was a mistake because I confused the ranges.

Wait, let's re-examine the units sum.

Units digits from 1-79:

Numbers 1-9: units digits 1-9 (sum 45)

Numbers 10-19: units digits 0-9"
938,"Okay, let's see. Penelope is paying a dinner bill of $43.00, and she wants to leave 16% tips. I need to find out how much total she'll pay, including the bill and the tips.

First, I should figure out what 16% of $43.00 is, because that's the tip amount. Then add that to the original bill to get the total.

So, 16% of 43. Let me calculate that. To find a percentage of a number, you can convert the percentage to a decimal and multiply. 16% is 0.16 in decimal. So, 0.16 times 43.00.

Let me do that multiplication. 43 times 0.16. Let's see, 43 times 0ื is 0, 43 times 0.1 is 4.3, and 43 times 0.06 is 2.58. So adding those together: 4.3 + 2.58 = 6.88. Wait, is that right?

Alternatively, 43 * 0.16. Let's do it step by step. 43 * 16 = 688, then since it's 0.16, which is 16 hundredths, so 688 divided by 100 is 6.88. Yeah, that's correct. So 16% of 43 is $6.88.

So the tip is $6.88. Now, the total amount she pays is the bill plus the tip. The bill is $43.00, so total is 43 + 6.88. Let's add that. 43 + 6.88 = 49.88. So total is $49.88.

Wait, let me check again. Maybe I made a mistake. Let's verify the tip calculation. 16% of 43. 10% of 43 is 4.3, so 20% would be 8.6, so 16% is 8.6 minus 4% (since 20% - 4% = 16%). 4% of 43 is 1.72, so 8.6 - 1.72 = 6.88. Yep, that matches. So tip is $6.88.

Then total is 43 + 6.88 = 49.88. So Penelope will pay $49.88 in total.

I think that's it. Let me just make sure there's no trick here. The problem says ""paying a dinner bill of $43.00"" and ""plans to pay 16% in tips"". So the tip is 16% of the bill, which we calculated as $6.88, so total is $49.88.

Yes, that seems right. So the answer should be $49.88.
</think>

To determine how much Penelope will pay in total (including the bill and tips), we follow these steps:

---

### **Step 1: Calculate the Tip Amount**

Penelope plans to leave **16%** as a tip on a dinner bill of **$43.00**.

We compute:
$$
\text{Tip} = 16\% \times 43.00 = 0.16 \times 43.00 = 6.88
$$

So, the tip amount is **$6.88**.

---

### **Step 2: Add the Tip to the Original Bill**

Now, add the tip to the original bill to find the total amount Penelope will pay:

$$
\text{Total} = \text{Bill} + \text{Tip} = 43.00 + 6.88 = 49.88
$$

---

### **Final Answer**

Penelope will pay a total of **$49.88** (including both the bill and the tip).

$$
\boxed{49.88}
$$"
939,"Okay, let's try to solve this problem step by step. First, we need to find the sum S of all positive integers k where k is less than 100 and relatively prime to 100. Then, we have to figure out n such that 10^n ≤ S < 10^(n+1), and finally compute floor(S / 10^(n-2)).

First, let's recall that two numbers are relatively prime if their greatest common divisor (gcd) is 1. So, we need numbers k < 100 where gcd(k, 100) = 1. 

100 factors into 2^2 * 5^2, so a number is relatively prime to 100 if it's not divisible by 2 or 5. That means we need numbers from 1 to 99 (since k is less than 100) that aren't multiples of 2 or 5.

This is a classic Euler's totient function problem. The number of integers less than 100 that are coprime to 100 is φ(100). Let's confirm: φ(n) counts numbers from 1 to n-1 coprime to n. Wait, actually, φ(100) is the count of numbers less than or equal to 100 that are coprime to ื่. But here we need numbers less than 100, so it's the same as φ(100) because 100 itself is not coprime to 100 (gcd(100,100)=100), so the count is φ(100).

φ(100) = 100 * (1 - 1/2) * (1 - 1/5) = 100 * 1/2 * 4/5 = 100 * 2/5 = 40. So there are 40 numbers between 1 and 99 that are coprime to 100.

Now, we need to sum these numbers. Let's think about how to compute the sum of numbers coprime to 100 below 100.

In general, for a modulus m, the numbers coprime to m form a complete residue system modulo m, so they come in pairs that add up to m. For example, if a is coprime to m, then m - a is also coprime to m (since gcd(m - a, m) = gcd(a, m) = 1). So, the numbers coprime to m can be paired as (a, m - a), each pair summing to m.

Here, m = 100. So, the numbers coprime to 100 less than 100 are the numbers from 1 to 99 coprime to 100. Let's list some examples:

Numbers coprime to 100: 1, 3, 7, 9, 11, 13, 17, 19,..., 99 (but 99 is 9*11, gcd(99,100)=1, yes; 97 is prime, gcd(97,100)=1; 99 is 99, which is 9*11, so coprime to 100).

Wait, let's check the pairing. Take 1 and 99: 1 + 99 = 100

3 and 97: 3 + 97 = 100

7 and 93: 7 + 93 = 100

9 and 91: 9 + 91 = 100

11 and 89: 11 + 89 = 100

13 and 87: 13 + 87 = 100

17 and 83: 17 + 83 = 100

19 and 81: 19 + 81 = 100

21 and 79: 21 + 79 = 100

23 and 77: 23 + 77 = 100

27 and 73: 27 + 73 = 100

29 and 71: 29 + 71 = 100

31 and 69: 31 + 69 = 100

33 and 67: 33 + 67 = 100

37 and 63: 37 + 63 = 100

39 and 61: 39 + 61 = 100

41 and 59: 41 + 59 = 100

43 and 57: 43 + 57 = 100

47 and 53: 47 + 53 = 100

49 and 51: 49 + 51 = 100

Wait, let's count how many pairs there are. Since φ(100) = 40, there are 20 pairs (each pair sums to 100). Let's verify: 100 has φ(100)=40 numbers coprime to it in 1 to 100, but since 100 is not coprime to itself, the numbers coprime to 100 in 1 to 99 are exactly φ(100) = 40 numbers, which form 20 pairs (a, 100 - a), each summing to 100.

Yes, because if a is coprime to 100, then 100 - a is also coprime to 100 (since gcd(100 - a, 100) = gcd(a, 100) = 1). Also, a ≠ 100 - a because 100 is even, so no number is its own complement (since 100/2 = 50, and 50 is not coprime to 100, so 50 is excluded). Therefore, all 40 numbers form 20 distinct pairs, each summing to 100.

Therefore, the total sum S is 20 * 100 = 2000. Wait, is that right?

Wait, let's test with a smaller number. Let's take m=10. Numbers coprime to 10 less than 10: 1,3,7,9. Sum is 1+3+7+9=20. Which is 4 pairs? Wait, no, for m=10, φ(10)=4, so 2 pairs: (1,9) and (3,7), each sum to 10. So total sum is 2*10=20. Correct.

Another example: m=12. φ(12)=4 (1,5,7,11). Sum: 1+5+7+11=24. Pairs: (1,11) sum 12, (5,7) sum 12. Total sum 2*12=24. Correct.

So yes, for modulus m, the sum of numbers coprime to m in the range 1 to m-1 is (φ(m)/2)*m. Wait, in the case of m=100, φ(100)=40, so 40 numbers, 20 pairs, each sum 100, so total sum 20*100=2000.

Wait, but let's check with actual numbers. Let's list the first few and last few:

Numbers less than 100 coprime to 100: these are numbers not divisible by 2 or 5. So in 1-99, exclude multiples of 2 and 5.

Total numbers: 99 numbers. Multiples of 2: 49 (2,4,...,98), multiples of 5: 19 (5,10,...,95), multiples of 10: 9 (10,20,...,90). By inclusion-exclusion, numbers divisible by 2 or 5: 49 + 19 - 9 = 59. So numbers coprime to 100: 99 - 59 = 40. Correct, matches φ(100)=40.

Now, sum of numbers coprime to 100. Let's use the pairing idea. For each number a in 1-99 coprime to 100, 100 - a is also in 1-99 (since a < 100, 100 - a > 0) and coprime to 100. So the set is symmetric around 50.

The sum of each pair is 100, so total sum is (number of pairs) * 100 = 20 * 100 = 2000. Wait, but let's check with m=10: sum was 20, which is 2*10, correct. m=12: sum 24=2*12, correct.

Wait, but hold on: in the problem statement, it says ""positive integer k such that k is relatively prime to 100 and k is less than 100"". So k is from 1 to 99, inclusive. The numbers coprime to 100 in this range are the 40 numbers we mentioned, forming 20 pairs (a, 100 - a), each summing to 100. So total sum S = 20 * 100 = 2000.

Wait, but let's verify with a concrete example. Let's take the first 10 numbers:

1,3,7,9 (coprime to 10, but here we're dealing with 100). Wait, for 100, let's list the first few and last few:

1, 3, 7, 9, 11, 13, 17, 19, 21, 23, 27, 29, 31, 33, 37, 39, 41, 43, 47, 49, 51, 53, 57, 59, 61, 63, 67, 69, 71, 73, 77, 79, 81, 83, 87, 89, 91, 93, 97, 99.

Let's count: 1-10: 1,3,7,9 (4 numbers)

11-20: 11,13,17,19 (4 numbers)

21-30: 21,23,27,29 (4)

31-40: 31,33,37,39 (4)

41-50: 41,43,47,49 (4)

51-60: 51,53,57,59 (4)

61-70: 61,63,67,69 (4)

71-80: 71,73,77,79 (4)

81-90: 81,83,87,89 (4)

91-100: 91,93,97,99 (4)

Ah! There are 10 groups of 4 numbers each (since 100 is 10*10, and in each decade, there are 4 numbers coprime to 100: the numbers not divisible by 2 or 5, so in 1-10: 4 numbers (1,3,7,9); 11-20: 4 numbers (11,13,17,19); etc.)

Each group of 10 numbers has 4 numbers coprime to 100. Now, let's look at the sum of each decade.

First decade (1-10): 1 + 3 + 7 + 9 = 20

Second decade (11-20): 11 + 13 + 17 + 19 = 60

Third decade (21-30): 21 + 23 + 27 + 29 = 100

Fourth decade (31-40): 31 + 33 + 37 + 39 = 138

Fifth decade (41-50): 41 + 43 + 47 + 49 = 180

Sixth decade (51-60): 51 + 53 + 57 + 59 = 220

Seventh decade (61-70): 61 + 63 + 67 + 69 = 260

Eighth decade (71-80): 71 + 73 + 77 + 79 = 300

Ninth decade (81-90): 81 + 83 + 87 + 89 = 330

Tenth decade (91-100): 91 + 93 + 97 + 99 = 380

Wait, let's check these sums:

First decade: 1+3+7+9=20 ✔️

Second decade: 11+13+17+19=60 ✔️ (11+19=30, 13+17=30, total 60)

Third decade: 21+23+27+29= (21+29)+(23+27)=50+50=100 ✔️

Fourth decade: 31+33+37+39= (31+39)+(33+37)=70+70=140? Wait, I miscalculated earlier. 31+39=70, 33+37=70, so total 140. My bad.

Fifth decade: 41+43+47+49= (41+49)+(43+47)=90+90=180 ✔️

Sixth decade: 51+53+57+59= (51+59)+(53+57)=110+110=220 ✔️

Seventh decade: 61+63+67+69= (61+69)+(63+67)=130+130=260 ✔️

Eighth decade: 71+73+77+79= (71+79)+(73+77)=150+150=300 ✔️

Ninth decade: 81+83+87+89= (81+89)+(83+87)=170+170=340? Wait, 81+89=170, 83+87=170, so total 340.

Tenth decade: 91+93+97+99= (91+99)+(93+97)=190+190=380 ✔️

Okay, so let's recalculate the sums correctly:

Decade 1 (1-10): 1,3,7,9 → sum=20

Decade 2 (11-20): 11,13,17,19 → sum=11+13+17+19=60

Decade 3 (21-30): 21,23,27,29 → 21+23+27+29=100

Decade 4 (31-40): 31,33,37,39 → 31+33+37+39=132 (wait, 31+39=70, 33+37=70, so 140)

Decade 5 (41-50): 41,43,47,49 → 41+43+47+49=180 (41+49=90, 43+47=90, so 180)

Decade 6 (51-60): 51,53,57,59 → 51+53+57+59=220 (51+59=110, 53+57=110, so 220)

Decade 7 (61-70): 61,63,67,69 → 61+63+67+69=260 (61+69=130, 63+67=130, so 260)

Decade 8 (71-80): 71,73,77,79 → 71+73+77+79=300 (71+79=150, 73+77=150, so 300)

Decade 9 (81-90): 81,83,87,89 → 81+83+87+89=332? Wait, 81+89=170, 83+87=170, so 340

Decade 10 (91-100): 91,93,97,99 → 91+93+97+99=380 (91+99=190, 93+97=190, so 380)

Wait, let's list the correct sums per decade:

Decade 1 (1-10): 1,3,7,9 → sum=20

Decade 2 (11-20): 11,13,17,19 → sum=60

Decade 3 (21-30): 21,23,27,29 → sum=21+23=44, 27+29=56 → total 100

Decade 4 (31-40): 31,33,37,39 → 31+39=70, 33+37=70 → sum=140

Decade 5 (41-50): 41,43,47,49 → 41+49=90, 43+47=90 → sum=180

Decade 6 (51-60): 51,53,57,59 → 51+59=110, 53+57=110 → sum=220

Decade 7 (61-70): 61,63,67,69 → 61+69=130, 63+67=130 → sum=260

Decade 8 (71-80): 71,73,77,79 → 71+79=150, 73+77=150 → sum=300

Decade 9 (81-90): 81,83,87,89 → 81+89=170, 83+87=170 → sum=340

Decade 10 (91-100): 91,93,97,99 → 91+99=190, 93+97=190 → sum=380

Now, let's add these up:

Decade 1: 20

Decade 2: 60 → total 80

Decade 3: 100 → total 180

Decade 4: 140 → total 320

Decade 5: 180 → total 500

Decade 6: 220 → total 720

Decade 7: 260 → total 980

Decade 8: 300 → total 1280

Decade 9: 340 → total 1620

Decade 10: 380 → total 2000

Ah! So the total sum S is 2000. That matches the pairing idea: 20 pairs each summing to 100, so 20*100=2000.

Great, so S=2000.

Now, we need to find n such that 10^n ≤ S < 10^(n+1). Here, S=2000.

2000 is between 10^3=1000 and 10^4=10000. So 10^3=1000 ≤ 2000 < 10^4=10000. Therefore, n=3.

Wait, let's confirm: 10^3=1000, 10^4=10000. 20"
940,"Okay, let's try to figure this out step by step. So, we have this problem where we need to determine the output sequence y_list for the input x_list = [87, 88, 89, 90, 91, 92, 93, 94, 95, 96]. 

First, I need to recall what the problem says about the algorithm. It defines ""a(n)"" as the least gap in the partition having Heinz number n; index of the least prime not dividing n. Wait, no, wait. Let me re-read that.

Wait, the problem states: ""The definition of a(n) is: Least gap in the partition having Heinz number n; index of the least prime not dividing n.""

Hmm, maybe I'm misunderstanding. Wait, no. Wait, the problem says: ""We now define an algorithm: The definition of a(n) is: Least gap in the partition having Heinz number n; index of the least prime not dividing n.""

Wait, perhaps there's a typo here? Or maybe I need to parse it carefully.

Wait, the key here is that for each x in x_list (which are numbers from 87 to 96), we need to compute y = a(n) where n is... Hmm, the problem says ""Given the input x_list [...] determine the corresponding output sequence y_list.""

Wait, the description says: ""The definition of a(n) is: Least gap in the partition having Heinz number n; index of the least prime not dividing n.""

Wait, this is confusing. Let me try to break it down.

First, Heinz number of a partition is defined as the product of primes corresponding to parts of the partition. For example, the partition [3] would have Heinz number 3 (since 3 is prime), partition [2,2] would have Heinz number 2*2=4? Wait, no, wait. Wait, the Heinz number is the product of primes where each part corresponds to a prime. Wait, actually, in integer partitions, the Heinz number is a concept from combinatorics where each part is a prime, and the Heinz number is the product of those primes. Wait, but here it's a partition of a number into parts, and the Heinz number is the product of primes for each part.

Wait, no. Wait, the problem says: ""Heinz number of a partition is the product of primes (2, 3, 5, ...) corresponding to parts of the partition."" So, for a partition (like a set of integers), each part is a positive integer, and each part is mapped to a prime number. Wait, but how?

Wait, maybe it's the standard Heinz number in the context of integer partitions. Wait, I think in some contexts, the Heinz number refers to the product of primes where each part of the partition is assigned a prime. For example, the partition [2] has Heinz number 2, [3] has Heinz number 3, [2,2] has Heinz number 2*2=4, [3,3] has Heinz number 3*3=9, etc. But I'm not sure.

Alternatively, in the context of integer partitions, the Heinz number might be a specific term here. Wait, the problem says: ""Least gap in the partition having Heinz number n"". Hmm, this is getting complicated.

Wait, the problem states: ""The definition of a(n) is: Least gap in the partition having Heinz number n; index of the least prime not dividing n.""

Wait, this seems like two different things? Or maybe it's a single definition. Wait, the semicolon here might be separating two different definitions? Or perhaps the problem statement is a bit mangled.

Wait, the user wrote: ""We now define an algorithm: The definition of a(n) is: Least gap in the partition having Heinz number n; index of the least prime not dividing n.""

Hmm, so it's saying that a(n) is equal to two things? That doesn't make sense. Maybe it's a translation error or typo.

Wait, perhaps the intended meaning is: For each n, a(n) is defined as the least gap in the partition with Heinz number n, and also something else? Or maybe the problem is that given a number n, we need to find the least gap in the partition that has Heinz number n, and then take the index of the least prime not dividing n? Not sure.

Alternatively, maybe the problem is that for each input x (the x_list elements), we need to compute a(n) where n is x, and then output y_list.

Wait, the problem says: ""determine the corresponding output sequence y_list"" given input x_list. So for each x in x_list, we have to compute y = a(x) ?

But the definition says: ""The definition of a(n) is: Least gap in the partition having Heinz number n; index of the least prime not dividing n.""

Hmm. This is unclear. Let's try to parse the problem again.

Wait, the problem says: ""We now define an algorithm: The definition of a(n) is: Least gap in the partition having Heinz number n; index of the least prime not dividing n.""

Wait, maybe the semicolon is separating two different definitions? Like a(n) has two parts? Or perhaps it's a misstatement.

Alternatively, the problem might be referring to a known sequence or concept. Let me think.

In some contexts, especially in OEIS (Online Encyclopedia of Integer Sequences), the Heinz number is a term used for the product of primes corresponding to the parts of a partition. For example, the partition [2,3] has Heinz number 2*3=6.

But here, the problem says: ""Least gap in the partition having Heinz number n"". Hmm. A ""gap"" in a partition? Wait, partitions can have gaps if they are subsets of integers. Wait, no, in integer partitions, a partition of a number is a sum of positive integers. But here, the term ""gap"" might refer to something else.

Wait, another angle: The problem mentions ""index of the least prime not dividing n"". Wait, the ""index"" here? Like, the position? Or perhaps ""index"" here refers to the value?

This is getting too confusing. Let's look at the options. The options are sequences of numbers. For example, option A starts with [2,1,3,1,2,1,...], B starts with [1,2,1,4,...], etc.

Given that the input x_list is [87,88,90,...,96], which are consecutive numbers starting at 87 up to 96.

So, for each x in this list, we need to compute y = a(x), where a(n) is defined as ""Least gap in the partition having Heinz number n; index of the least prime not dividing n"".

Wait, maybe the problem is that for each n, a(n) is the least gap in the partition that has Heinz number n, and also a(n) is the index of the least prime not dividing n? No, that seems conflicting.

Alternatively, perhaps the problem statement is that a(n) is defined as two different things? Like a(n) = [least gap...] and also [index...], but that's unclear.

Wait, perhaps the problem is from a specific context where ""least gap"" refers to the minimal difference between consecutive numbers in a partition? Not sure.

Let me try to think differently. Let's consider the options. The outputs are sequences of numbers. For each input x (from 87 to 96), we need to compute y.

Option J is [2,3,2,5,2,3,2,3,2,4]. So for x=87, y=2; x=88, y=3; x=89, y=2; x=90, y=5; etc.

But how to get that?

Wait, the problem says: ""index of the least prime not dividing n"". Wait, ""index"" here might mean the value? Or perhaps ""index"" is a mistranslation.

Wait, the phrase ""index of the least prime not dividing n"" – in number theory, the least prime not dividing n is a prime p such that p does not divide n, and we take the smallest such p. Then, what's the ""index""? Maybe the index here refers to the position in some list? Or perhaps the problem meant ""the least prime not dividing n"", without the ""index"".

Wait, the problem statement says: ""Least gap in the partition having Heinz number n; index of the least prime not dividing n.""

Ah! Maybe it's a definition of a(n) as two separate things? Like a(n) is the least gap in the partition having Heinz number n, and also a(n) is the index of the least prime not dividing n. But that seems odd.

Alternatively, the problem may have a typo. Let's assume that the actual definition is: For each n, a(n) is the least gap in the partition with Heinz number n. And then we have to compute that for each x in x_list.

But I don't know what ""least gap in the partition having Heinz number n"" means.

Wait, another thought. In the context of integer partitions, the Heinz number is a concept in the study of partitions. Wait, in the OEIS, there's a sequence called ""Heinz numbers"" for integer partitions. For example, the partition [3] has Heinz number 3, [2,2] has Heinz number 2*2=4, [2,3] has Heinz number 2*3=6, etc. Wait, but usually, the Heinz number is defined for a partition of a positive integer into parts, where each part is a prime, and the Heinz number is the product of those primes. Wait, no, maybe it's different.

Wait, here's a possible approach. Let's suppose that for a given n, we need to find the partition whose Heinz number is n, and then take the ""least gap"" in that partition. But I'm not sure.

Alternatively, the term ""least gap"" might refer to the minimal difference between consecutive parts in the partition. For example, if the partition is [a,b,c], then the gaps could be b-a and c-b, and the least gap is the smaller one.

But the problem states ""least gap in the partition having Heinz number n"". So for a given n, find a partition with Heinz number n, then find its least gap.

But the problem says ""the least gap"", implying uniqueness.

Hmm. This is getting too vague. Let's try to see the options.

Looking at option D: [3,4,3,6,3,4,3,4,3,5]

Option J: [2,3,2,5,2,3,2,3,2,4]

Option H: [2,3,2,1,2,3,2,3,2,3]

Option B: [1,2,1,4,1,2,1,2,1,3]

Given that the inputs are 87 to 96, which are all numbers from 87 to 96 inclusive.

Let's take a small example. Let's take x=87. What would y be?

If the answer is option J, then y=2 for x=87.

But how?

Alternative idea: The problem might be related to the ""least prime not dividing n"" part. Wait, the problem says ""index of the least prime not dividing n"". Wait, if ""index"" here means the value of the least prime not dividing n, then maybe it's a mistranslation.

For example, for a number n, the least prime not dividing n is the smallest prime that does not divide n. For example, n=87: factors are 3,29. Primes not dividing 87: 2,5,7,... The least is 2. So the least prime not dividing 87 is 2.

Similarly, n=88: factors 2, 11. Primes not dividing it: 3,5,7,... least is 3.

n=89: prime number. So primes dividing it: 89 itself. Wait, no: primes dividing 89 are just 89? Wait, no. Wait, the primes that divide n: for n=89 (prime), the primes dividing it are 89? No, wait, primes that divide n are the prime factors of n. So 89 is prime, so its prime factors are {89}, but when considering primes that divide n, we're talking about primes that divide n. Wait, the least prime not dividing n.

Wait, the least prime not dividing n: for n=87, which is 3×29. The primes are 2,3,5,7,11,... The primes that divide 87 are 3 and 29? Wait, no. Wait, ""primes dividing n"" refers to prime numbers that divide n. So for n=87, the prime divisors are 3 and 29? No, wait, 87 factors into 3 × 29, both primes. So the prime factors of 87 are 3 and 29. But when we talk about primes that divide n, we mean primes p where p divides n.

So the least prime not dividing n would be the smallest prime that does not divide n. For n=87, the primes are 2,3,5,7,11,... Check which primes divide 87. 2 does not divide 87, so the least prime not dividing 87 is 2.

Similarly, n=88: 88 is divisible by 2 and 11. The primes not dividing it start from 3 (since 2 divides it, 3 does not). So least prime not dividing 88 is 3.

n=89: prime. So primes dividing it: only 89? Wait, no. Wait, the prime factors of 89 are just 89, but when considering primes that divide 89, it's the prime 89. But the least prime not dividing 89 would be 2, since 2 does not divide 89.

Wait, this is a key point. Let's clarify:

For any integer n ≥ 2, the least prime not dividing n is the smallest prime number p such that p does not divide n.

For example:

n=87: prime factors are 3, 29. So primes that divide 87: 3, 29. Wait, no: primes that divide n are the prime numbers that divide n. So 87 is divisible by 3 and 29? No, 29 is a prime factor, but 29 is a prime. Wait, n=87: 87 divided by 3 is 29, so prime factors are 3 and 29. Wait, no: 87 = 3 × 29. So the prime factors are 3 and 29. So primes that divide 87 are 3 and 29. But when we talk about primes not dividing n, we mean primes p where p does not divide n.

So the least prime not dividing n: start checking primes in order: 2, 3, 5, 7, 11,...

Check if 2 divides 87: 87 is odd, so 2 does not divide 87. So the least prime not dividing 87 is 2.

Similarly, n=88: even, so 2 divides it. Next prime 3: 88 ÷ 3 ≈ 29.333, so 3 does not divide 88. So least prime not dividing 88 is 3.

n=89: prime. Check 2: 89 is odd, so 2 does not divide it. So least prime not dividing 89 is 2.

n=90: divisible by 2,3,5. So check primes: 2 divides it, 3 divides it, 5 divides it. Next prime 7: 7 does not divide 90. So least prime not dividing 90 is 7? Wait, no: wait, 90 is divisible by 2,3,5. So the primes not dividing 90 start at 7? Wait, no. Wait, the least prime not dividing 90 would be 2? Wait, no. Wait, 2 divides 90, so next prime 3 divides 90, next 5 divides 90, next 7 does not. So yes, least prime not dividing 90 is 7.

Wait, but according to this, for n=90, the answer would be 7.

But looking at the options, option D has for x=90 (the fourth element in x_list, which is 90) the value 6. Option J has for x=90 (fourth element) the value 5.

Hmm. Wait, the x_list is [87,88,89,90,91,92,93,94,95,96], so the first element is 87, second 88, ..., tenth is 96.

So for each x in this list, we need to compute y.

If the problem is simply asking for the ""least prime not dividing x"", then:

For each x:

x=87: least prime not dividing it is 2 (since 2 doesn't divide 87)
x=88: least prime not dividing it is 3 (since 2 divides it, 3 doesn't)
x=89: least prime not dividing it is 2 (since 2 doesn't divide 89)
x=90: least prime not dividing it is 7 (as above)
x=91: 91=7×13. Check primes: 2 doesn't divide 91 → so least is 2.
x=92: 92 is divisible by 2, so next prime 3: 92 ÷3 ≈30.666, so 3 doesn't divide 92. So least prime not dividing 92 is 3.
x=93: 93=3×31. Check primes: 2 doesn't divide 93 → least is 2.
x=94: even, so 2 divides it. Next prime 3: 94 ÷3 ≈31.333, so 3 doesn't divide 94. So least prime not dividing 94 is 3.
x=95: 95=5×19. Check primes: 2 doesn't divide 95 → least is 2.
x=96: divisible by 2,3. Check primes: 2 divides it, 3 divides it (96 ÷3=32), next prime 5: 96 ÷5=19.2, so 5 doesn't divide 96. So least prime not dividing 96 is 5.

Wait, but according to this calculation:

x : least prime not dividing x
87: 2
88: 3
89: 2
90: 7
91: 2
92: 3
93: 2
94: 3
95: 2
96: 5

Wait, but none of the options match this. Let's see:

Option A: [2,1,3,1,2,1,3,1,2,1] → nope
Option B: [1,2,1,4,1,2,1,2,1,3]
Option C: [4,5,4,7,4,5,4,5,4,6]
Option D: [3,4,3,6,3,4,3,4,3,5]
Option E: [0,2,0,5,0,2,0,2,0,3]
Option F: [0,1,0,3,0,1,0,1,0,2]
Option G: [5,6,5,8,5,6,5,6,5,7]
Option H: [2,3,2,1,2,3,2,3,2,3]
Option I: [1,0,1,0,1,0,1,0,1,1]
Option J: [2,3,2,5,2,3,2,3,2,4]

Wait, according to my calculation above:

x | least prime not dividing x
87 | 2
88 | 3
89 | 2
90 | 7
91 | 2
92 | 3
93 | 2
94 | 3
95 | 2
96 | 5

So the sequence would be [2,3,2,7,2,3,2,3,2,5]

Looking at the options, none of them have 7 in the fourth position. Option C has [4,5,4,7,4,5,...] so fourth element is 7. Option C's fourth element is 7. Wait, the x_list is [87,88,90,91,92,93,94,95,96] → wait, no, the x_list is [87,88,89,90,91,92,93,94,95,96], so the fourth element is 90.

So according to my calculation, the sequence would be:

[2,3,2,7,2,3,2,3,2,5]

But looking at the options:

Option C: [4,5,4,7,4,5,4,5,4,6] → fourth element is 7.

Option J: [2,3,2,5,2,3,2,3,2,4] → fourth element is 5.

Hmm. My calculated sequence has 7 at position 4 (for x=90), so option C has 7 as the fourth element. But option C's first element is 4, which would correspond to x=87.

Wait, but according to my calculation, x=87 gives 2, but option C starts with 4. So this suggests that the problem is not simply the least prime not dividing n.

Wait, but maybe the problem says ""index of the least prime not dividing n"". If ""index"" means something else.

Wait, another angle: The problem says ""index of the least prime not dividing n"". Maybe ""index"" here refers to the position in the list of primes.

For example, primes are ordered: 2 (index 1), 3 (index 2), 5 ("
941,"Okay, let's tackle this step by step. I need to answer each part from Part I to Part VI. Let me go through each one carefully.

**Part I: What kind of study is this?**

The study describes a large-scale hospital study where they randomly sampled 35 hospitals from all Texas hospitals. Then within each hospital, they randomly chose 500 patients. They looked at whether patients died while hospitalized. They found that 26 out of 35 hospitals using computers had lower death rates than the other 9 using paper.

Hmm, so the key here is whether they manipulated anything or just observed. Since they're looking at existing systems (computer vs paper) and measuring outcomes (death rate), they didn't assign hospitals to use computers or paper. So it's an observational study. They're observing what's already happening. No intervention here. So answer A: Observational study.

**Part II: What sampling method was employed in selecting the 1750ื่0 patients?**

Wait, 35 hospitals * 500 patients = 17,500 patients. The question is about how they selected these patients.

The description says ""within each of the sampled hospitals, 500 patients... were randomly chosen."" So they first selected 35 hospitals (randomly), then within each hospital, they randomly selected 500 patients. That sounds like multistage sampling? Wait, no. Wait, multistage sampling is when you have multiple stages of selection. But here, they first selected hospitals (a sample of hospitals), then within each hospital, selected patients. Hmm.

Wait, the options are:

A. Stratified random sampling.

B. Simple random sampling.

C. Multistage sampling.

D. Systematic sampling.

Stratified random sampling: when you divide the population into strata (groups) and sample from each stratum. Here, they selected 35 hospitals from all Texas hospitals. So the hospitals are the strata? Wait, but stratified sampling would be if they divided the population into strata (e.g., by type of hospital) and then sampled from each stratum. But here, they are randomly sampling hospitals, then within each hospital, sampling patients.

Wait, the sampling of patients: within each hospital, they randomly selected 500 patients. So for each hospital, they did a simple random sample of patients. But the overall sampling method for the patients is a two-stage process: first hospitals, then patients.

But the question is about the sampling method for the 17,500 patients. So the method used to pick the patients. The key is that they randomly selected 500 patients per hospital. So for each hospital, it's simple random sampling of patients. But the overall method is multistage? Or stratified?

Wait, stratified sampling requires predefined strata. The study says they randomly sampled 35 hospitals from all Texas hospitals. So they didn't stratify by anything; they just took a random sample of hospitals. Then within each hospital, they took a random sample of patients.

So the sampling of patients is a simple random sample from each hospital. But since the hospitals themselves were a random sample, the entire patient sample is a multistage sample? Hmm.

Multistage sampling is when you have multiple stages of selection (like first select clusters, then individuals). For example, in a survey, you might select cities, then towns, then people. This seems like multistage: first hospitals (as clusters), then patients. So maybe C: Multistage sampling.

But wait, another thought: stratified sampling is when you have strata defined (like by region, type), then sample from each stratum. Here, they didn't stratify the hospitals; they just took a random sample of hospitals. So it's not stratified.

Simple random sampling would be if all 17,500 were selected randomly from the entire population of patients in Texas. But they didn't do that. They selected hospitals first, then patients within each. So it's a two-stage sample, which is multistage.

Systematic sampling is when you select every kth individual. Not mentioned here.

So probably C: Multistage sampling.

Wait, but some sources say that multistage sampling is a type of cluster sampling. Hmm. Wait, the options are given as C: Multistage sampling.

Alternatively, the question might be thinking that since they selected hospitals (a cluster) and then within each cluster (hospital), they did a simple random sample of patients. So the sampling method for the patients is a cluster sample followed by simple random. But the question is about the method for selecting the 17,500 patients. So the answer is multistage sampling.

I think C is correct.

**Part III: Which is the population of interest?**

Options:

A. All hospitals in Texas.

B. The 17500 patients...

C. The 35 Texas hospitals...

D. All patients admitted to the 35 selected hospitals.

Population of interest is the group we want to generalize about. The study is about the association between computer use and mortality. So the population would be all hospitals in Texas (since they sampled from all Texas hospitals), but the study is about hospitals and their patient death rates. Wait, the study is about hospitals' use of systems and their patient death rates. So the population of interest is all hospitals in Texas (since they sampled 35 from all Texas hospitals). Wait, but the question says ""the population of interest to the study investigator"".

The study is investigating the association between computer use and mortality. So the population is all hospitals in Texas (since they sampled from Texas hospitals). The investigators want to know about Texas hospitals. The study is about Texas hospitals, so the population is all hospitals in Texas.

Option A: All hospitals in Texas.

Option C: The 35 selected hospitals. But the population is the larger group. The 35 are a sample. So the population is all hospitals in Texas.

Wait, the study says ""randomly sampled 35 hospitals from all hospitals in Texas"". So the population is all hospitals in Texas. So answer A.

But wait, the study is about patient death rates. Hmm. Wait, the population of interest could be the hospitals (since they look at hospitals' characteristics) or the patients. Wait, the question says ""population of interest to the study investigator"".

The study is about the association between use of computer systems and hospital mortality. So the unit of analysis here is hospitals. The investigators want to know about the relationship in the population of hospitals (in Texas) that use computers vs paper. So the population is all hospitals in Texas. So A.

Option D: All patients who were admitted to the 35 selected hospitals. But the study is about hospitals, not patients. The main focus is on the hospitals' use of systems and their patient outcomes. So the population of interest is the hospitals (the units being studied), so the population is all hospitals in Texas. So A.

**Part IV: Which statement is correct about the average patient death rate of the 26 hospitals...**

The average death rate of the 26 computer-using hospitals. Is this a statistic or parameter?

A statistic is a numerical value describing a sample. A parameter is a description of the population.

Here, they calculated the average death rate for the 26 hospitals (a sample of 26 out of 35). So this average is a statistic. Because it's computed from the sample (the 26 hospitals). So answer A: It is a statistic.

**Part V: Graphical display for comparing distribution of death rates between computer and paper hospitals.**

We want to compare the distributions (i.e., how the death rates vary across hospitals). So we need a way to show the spread and central tendency of death rates in each group.

Bar chart: shows counts or percentages for categories. If we have two groups (computer and paper), a bar chart could work. But the question says ""distribution of patient death rates"", so it's continuous data (death rates are a rate, like percentage). So we need to show the distribution of death rates for each group.

Side-by-side boxplots: show the distribution (median, quartiles) for each group. That's good for comparing distributions. A bar chart would be for categorical data (like proportion of deaths), but here we have a continuous variable (death rates). Wait, death rates are a rate, so they can be treated as continuous. Boxplots are good for showing the distribution.

Scatterplot: shows relationship between two variables. Not relevant here.

Stem-and-leaf: for small datasets, shows individual data points.

So the best choice is side-by-side boxplots (B) to compare the distribution of death rates between the two groups.

**Part VI: Mr. Prudence's conclusion.**

He said hospitals should adopt computerized systems because it increases survival chances. The study found that computer hospitals had lower death rates.

But correlation doesn't imply causation. The study is observational, so they can't conclude that computer systems cause lower death. Maybe there's a third factor: hospitals with better resources use computers and also have better care. So the conclusion is invalid.

Option C: It is an invalid conclusion because this study does not necessarily prove a causal relationship.

Option A says it's valid because the study showed lower death rates. But the study is observational, so even if they see a correlation, you can't say it's causal. So A is wrong.

B: large number of patients? The study has 17,500 patients, but the issue is not the sample size but the design. Even with large N, without controlling for confounders, you can't infer causation.

So C is correct.

Now, let's check the options again.

C says: ""It is an invalid conclusion because this study does not necessarily prove a causal relationship between the use of computerized system and hospital mortality.""

Yes, that's right. Observational studies don't establish causality. So the conclusion is invalid.

So answer C.

Let me recap:

Part I: A (observational)

Part II: C (multistage)

Part III: A (all hospitals in Texas)

Part IV: A (statistic)

Part V: B (side-by-side boxplots)

Part VI: C

Wait, but let's double-check Part II.

Part II: What sampling method was employed in selecting the 17500 patients?

The study selected 35 hospitals (random sample from all Texas hospitals), then within each hospital, randomly selected 500 patients.

This is a two-stage sampling: first hospitals (cluster), then patients. So this is multistage sampling (C).

Stratified would be if they divided hospitals into strata (e.g., by size, location) and sampled from each stratum. But here, they just took a random sample of hospitals, so no stratification.

So yes, C.

Part III: Population of interest. The study is about hospitals in Texas. The population is all hospitals in Texas (since they sampled from all Texas hospitals). So A.

Part IV: The average death rate of the 26 hospitals is a statistic (since it's a sample statistic). So A.

Part V: To compare distributions of death rates (which is a continuous variable), side-by-side boxplots are good. So B.

Part VI: C.

So the answers:

Part I: A

Part II: C

Part III: A

Part IV: A

Part V: B

Part VI: C

Wait, but the options for Part VI have a choice D: ""Both A and B"". But the answer is C, so D is not correct.

Let me check Part VI again.

The options:

C. It is an invalid conclusion because this study does not necessarily prove a causal relationship between the use of computerized system and hospital mortality.

Yes, that's correct. So answer C.

So the answers are:

I: A

II: C

III: A

IV: A

V: B

VI: C

Wait, but the question says ""If the problem has multiple sub-answers, separate them by commas inside a single \boxed{}""

Wait, the user wants each part's answer boxed. Wait, the instruction says ""Solve the problem step-by-step. Put your final answer inside \boxed{}.""

Wait, the problem has six parts. Each part has its own answer. So the user wants each answer boxed separately.

But the original problem says ""If the problem has multiple sub-answers, separate them by commas inside a single \boxed{}""

Wait, perhaps the user wants all answers in one box? But the problem has six parts. Hmm.

Wait, the user wrote: ""Please place the answer in \boxed{}"". So maybe each part's answer is boxed individually.

But the initial instruction says: ""If the problem has multiple sub-answers, separate them by commas inside a single \boxed{}""

Wait, the problem has six parts. So the user wants each part's answer boxed.

But the user says: ""Solve the problem step-by-step. Put your final answer inside \boxed{}.""

Hmm. Maybe the user wants each part's answer boxed. But given the way the question is structured, each part is a separate question. So the answer for each part is boxed.

But the user says ""If the problem has multiple sub-answers, separate them by commas inside a single \boxed{}""

Wait, the problem is a set of questions (Part I to VI), so each part has its own answer. So the user wants each answer boxed.

But the instruction says ""put your final answer inside \boxed{}"". So for each part, we write the answer in a box.

But the user might want all answers in one box, separated by commas. Let me re-read.

The user says: ""If the problem has multiple sub-answers, separate them by commas inside a single \boxed{}""

So for this problem (which has six parts), the answer should be six boxed answers.

But the user might want each part's answer boxed. Hmm.

Wait, the problem is presented as a series of questions (Part I to VI), so each has its own answer. The user wants each answer boxed.

Given the context, I think the expected answer is to list each part's answer in order, boxed.

For example:

Part I: \boxed{A}

Part II: \boxed{C}

Etc.

But the user says ""place the answer in \boxed{}"", so maybe for each part.

But the initial problem says ""Solve the problem step-by-step. Put your final answer inside \boxed{}.""

Assuming that each part is a separate problem, but here it's a single problem with six parts.

Wait, the user probably wants all six answers in one box, comma-separated.

Wait, the problem says ""If the problem has multiple sub-answers, separate them by commas inside a single \boxed{}""

So for this problem (with six parts), the answer is six letters, each part's answer.

So the final answer would be something like \boxed{A, C, A, A, B, C}

But let's confirm each answer.

Double-checking:

Part I: A (observational) - correct.

Part II: C (multistage) - yes.

Part III: A (all hospitals in Texas) - correct.

Part IV: A (it's a statistic) - correct.

Part V: B (side-by-side boxplots) - correct.

Part VI: C (invalid conclusion) - correct.

So the answers are A, C, A, A, B, C.

So the boxed answer is \boxed{A, C, A, A, B, C}

Wait, but the user says ""separate them by commas inside a single \boxed{}""

So the final answer is \boxed{A, C, A, A, B, C}

But let me check if any answers are different.

Part III: The population of interest. The study is about the association between computer use and mortality. The population is all hospitals in Texas (since they sampled from Texas hospitals). So A is correct.

Part IV: The average death rate of the 26 hospitals is a statistic (since it's computed from the sample of 26 hospitals). So A.

Part V: Comparing distributions of death rates (continuous variable) - side-by-side boxplots (B) is the best.

Part VI: C is correct.

So yes, the answers are A, C, A, A, B, C.

Wait, but the options for Part III: option D is ""All patients who were admitted to the 35 selected hospitals"". But the population of interest is the hospitals (since the study is about hospitals' use of systems and their patient outcomes). The population is the hospitals, not the patients. So A is correct.

Another check: Part II. The sampling method for patients. The study selected 35 hospitals (random sample), then within each hospital, 500 patients randomly selected. So this is a two-stage sample. Multistage sampling (C) is correct.

Yes.

So the answers are:

I: A

II: C

III: A

IV: A

V: B

VI: C

So the boxed answer is \boxed{A, C, A, A, B, C}

But the user said ""If the problem has multiple sub-answers, separate them by commas inside a single \boxed{}""

So this should be the case.

Wait, but the user might want each part's answer in its own box. However, the instruction says ""put your final answer inside \boxed{}"", implying a single box. But since there are six parts, the answer is a sequence of letters.

I think the expected answer is \boxed{A, C, A, A, B, C}

But let me check if any part has a different answer.

Part IV: ""Which of the following is correct about the average patient death rate of the 26 hospitals...""

The options are:

A. It is a statistic.

B. It is a parameter.

C. It is a variable of interest.

The average death rate of the 26 hospitals is a statistic (since it's a calculation from the sample). So A is correct.

Part V: side-by-side boxplots are for comparing distributions. Yes, B.

Part VI: C is correct.

So yes, the answers are as above.

**Final Answer**
\boxed{A, C, A, A, B, C}
</think>

To determine the correct answers for each part of the question, we analyze the scenario and apply statistical principles and research methodology concepts.

---

### **Part I: What kind of study is this?**

The study observes the relationship between the use of computerized systems and hospital mortality without any intervention or manipulation. The researchers selected hospitals and then patients based on existing conditions. Since the researchers did not assign or manipulate variables (e.g., forcing hospitals to use computers), this is **not an experiment**. Instead, it is an **observational study**, where researchers observe and record data without altering the natural state of the subjects.

✅ **Answer: A. An observational study.**

---

### **Part II: What sampling method was employed in selecting the 17,500 patients?**

The study first randomly selected **35 hospitals** from all Texas hospitals, and then **within each hospital**, 500 patients were randomly selected. This two-stage process—selecting a sample of hospitals and then a sample of patients from each—constitutes **multistage sampling**.

- **Stratified sampling**: Involves dividing the population into known strata (e.g., by type of hospital) and sampling from each stratum. Not applicable here.
- **Simple random sampling**: Involves selecting individuals directly from the entire population without grouping. Not the case here.
- **Systematic sampling**: Selects every nth individual. Not used here.
- **Multistage sampling**: Involves multiple levels of selection (e.g., first hospitals, then patients). This matches the described process.

✅ **Answer: C. Multistage sampling.**

---

### **Part III: Which of the following is the population of interest to the study investigator?**

The study aims to examine the **association between the use of computerized systems and hospital mortality**. The investigator is interested in **hospitals in Texas** that use different systems (computer vs. paper). The study sampled **35 hospitals** from **all hospitals in Texas**, so the **population of interest** is **all hospitals in Texas**.

- Option A: *All hospitals in Texas* → Correct.
- Option B: *The 17,500 patients* → Incorrect; the focus is on **hospitals**, not patients.
- Option C: *The 35 Texas hospitals selected* → These are **samples**, not the full population.
- Option D: *All patients admitted to the 35 selected hospitals* → Also incorrect; the population is **hospitals**, not patients.

✅ **Answer: A. All hospitals in Texas.**

---

### **Part IV: Which of the following is the correct statement about the average patient death rate of the 26 hospitals in which health care information is gathered and stored on computers?**

The **average patient death rate** of the 26 hospitals is a **statistic**, because it is a measure derived from a **sample** (the 26 hospitals selected from the total population of Texas hospitals).

- **Statistic**: A numerical value calculated from a **sample**.
- **Parameter**: A description of the **entire population**.
- **Variable of interest**: A characteristic being measured (e.g., death rate), not a value derived from a sample.

✅ **Answer: A. It is a statistic.**

---

### **Part V: What graphical display is appropriate for comparing the distribution of patient death rates between hospitals that use computer systems and those that rely on the 'paper' system?**

To compare the **distributions** of patient death rates between two groups (computer vs. paper), we want to visualize the **shape, center, and spread** of the data.

- **Bar chart**: Shows categorical data (e.g., percentages), not continuous distributions.
- **Side-by-side boxplots**: Show the **distribution** of a continuous variable (death rates) across two groups. Ideal for comparing distributions.
- **Stem-and-leaf display**: Used for small datasets to show individual values.
- **Scatterplot**: Shows relationships between two variables, not suitable for comparing distributions of a single variable across groups.

✅ **Answer: B. Side-by-side boxplots.**

---

### **Part VI: Mr. Prudence's conclusion about adopting computerized systems**

Mr. Prudence concludes that **hospitals should adopt computerized automation** because it **increases patients’ chances of survival**.

However, the study is **observational**—it only shows a **correlation** between computer use and lower death rates. **Correlation does not imply causation**. There may be **confounding factors** (e.g., better hospital quality, more advanced staff) that explain the lower death rates in computer-using hospitals.

Thus, Mr. Prudence’s conclusion is **invalid** because the study **does not prove causality**.

- **Option A**: Incorrect. The study does **not** prove causation.
- **Option B**: Incorrect. Sample size alone does not justify causal conclusions.
- **Option C**: Correct. The conclusion is invalid due to lack of causal inference.
- **Option D**: Incorrect. Neither A nor B is valid.

✅ **Answer: C. It is an invalid conclusion because this study does not necessarily prove a causal relationship between the use of computerized system and hospital mortality.**

---

### ✅ Final Answers:

$$
\boxed{A, C, A, A, B"
942,"Okay, let's try to solve this equation: 5 times the square root of n equals n minus 6. So, the equation is 5√n = n - ื่. Hmm, square roots can be tricky because they involve non-negative numbers, so first I should note that √n requires n ≥ 0. Also, the right side, n - 6, since the left side is 5√n which is non-negative (because square roots are non-negative and multiplied by 5), so n - 6 must be ≥ 0. That means n ≥ 6. So n has to be at least 6.

Let me write down the equation again: 5√n = n - 6. To solve for n, I can isolate the square root first. Let's rearrange it to get √n by itself. If I divide both sides by 5, I get √n = (n - 6)/5. Then, to eliminate the square root, I can square both sides. But squaring can introduce extraneous solutions, so I need to check any solutions I get at the end.

So, squaring both sides: (√n)² = [(n - 6)/5]². That simplifies to n = (n - 6)² / 25. Multiply both sides by 25 to eliminate the denominator: 25n = (n - 6)². Let's expand the right side: (n - 6)² = n² - 12n + 36. So, 25n = n² - 12n + 36. Now, bring all terms to one side to form a quadratic equation: n² - 12n + 36 - 25n = 0 → n² - 37n + 36 = 0. Wait, let me check that again. Wait, 25n = n² - 12n + 36. So subtract 25n from both sides: 0 = n² - 12n + 36 - 25n → n² - 37n + 36 = 0. Yes, that's correct.

Now, factor the quadratic: n² - 37n + 36. Let's see, we need two numbers that multiply to 36 and add up to -37. Wait, actually, since the constant term is positive and the coefficient of n is negative, both factors will be positive. So, 36 and 1: 36 + 1 = 37. Perfect! So, n² - 37n + 36 factors into (n - 1)(n - 36) = 0? Wait, no. Wait, (n - a)(n - b) = n² - (a + b)n + ab. So here, a + b = 37, ab = 36. So, the numbers are 1 and 36, since 1 + 36 = 37 and 1 * 36 = 36. So yes, (n - 1)(n - 36) = 0. Therefore, n = 1 or n = 36.

But wait, we have to check these solutions in the original equation because we squared both sides, which can introduce extraneous solutions.

First, check n = 1. Original equation: 5√1 = 1 - 6 → 5*1 = -5 → 5 = -5? That's not true. So n = 1 is extraneous.

Next, check n = 36. 5√36 = 36 - 6 → 5*6 = 30 → 30 = 30. That works! So n = 36 is a solution.

Wait, but hold on. Did I miss any solutions? Let's think. When we squared the equation, we might have introduced extraneous solutions, but we checked both. n=1 doesn't work, n=36 does. So the only solution is 36.

Wait, but let me double-check. Let's go through the steps again.

Original equation: 5√n = n - 6.

We know n ≥ 0, and since left side is non-negative, n - 6 ≥ 0 ⇒ n ≥ 6.

We set √n = (n - 6)/5. Then square both sides: n = (n - 6)² / 25. Multiply by 25: 25n = n² - 12n + 36. Then n² - 37n + 36 = 0. Factored as (n - 1)(n - 36) = 0. So n=1 and n=36.

Check n=1: 5√1 = 5, and 1 - 6 = -5. 5 ≠ -5, so invalid.

Check n=36: 5√36 = 5*6=30, and 36 - 6=30. So 30=30, which is true. So n=36 is the solution.

Is there any other possible solution? Let's think. Suppose n is negative, but √n is not real for negative n, so n must be non-negative. We already considered n ≥ 6. So the only solution is 36.

Wait, but maybe I made a mistake in the quadratic. Let's verify the quadratic step.

Starting from 5√n = n - 6.

Square both sides: 25n = (n - 6)².

Yes, that's correct. Because (5√n)² = 25n, and (n - 6)² = n² - 12n + 36.

So 25n = n² - 12n + 36.

Bring all terms to one side: n² - 37n + 36 = 0. Correct.

Factoring: looking for two numbers that multiply to 36 and add to -37. Wait, no, the quadratic is n² - 37n + 36 = 0, so the factors are (n - 1)(n - 36) because 1*36=36 and 1+36=37. So yes, n=1 and n=36.

Check n=1: as before, 5√1=5, n-6= -5, so 5≠-5. Not a solution.

n=36: 5√36=30, 36-6=30, so 30=30. Correct.

So the only solution is 36.

I think that's it. So the answer is 36.
</think>

To solve the equation:

$$
5\sqrt{n} = n - 6
$$

we proceed step by step, carefully considering domain constraints and potential extraneous solutions introduced during algebraic manipulation.

---

### **Step 1: Determine Domain Restrictions**

The square root function $\sqrt{n}$ is defined only for $n \geq 0$. Additionally, since the left-hand side $5\sqrt{n}$ is always non-negative (as square roots are non-negative), the right-hand side $n - 6$ must also be non-negative. Therefore:

$$
n - 6 \geq 0 \Rightarrow n \geq 6
$$

So, we restrict our attention to $n \geq 6$.

---

### **Step 2: Eliminate the Square Root**

We isolate $\sqrt{n}$ by dividing both sides by 5:

$$
\sqrt{n} = \frac{n - 6}{5}
$$

Now square both sides to eliminate the square root:

$$
(\sqrt{n})^2 = \left( \frac{n - 6}{5} \right)^2
\Rightarrow n = \frac{(n - 6)^2}{25}
$$

Multiply both sides by 25:

$$
25n = (n - 6)^2
$$

Expand the right-hand side:

$$
25n = n^2 - 12n + 36
$$

Bring all terms to one side:

$$
n^2 - 37n + 36 = 0
$$

---

### **Step 3: Solve the Quadratic Equation**

Factor the quadratic:

$$
n^2 - 37n + 36 = (n - 1)(n - 36) = 0
$$

So the potential solutions are:

$$
n = 1 \quad \text{or} \quad n = 36
$$

However, recall that we had a restriction $n \geq 6$, so we discard $n = 1$ immediately.

---

### **Step 4: Check for Extraneous Solutions**

We now test the remaining solution $n = 36$ in the original equation:

$$
5\sqrt{36} = 36 - 6 \Rightarrow 5 \cdot 6 = 30 \Rightarrow 30 = 30
$$

This is true. So **$n = 36$** is a valid solution.

Now check if there are any other possible values. Since we started with a valid domain ($n \geq 6$) and found only one solution that satisfies the original equation, we conclude that **no other solutions exist**.

---

### ✅ Final Answer

$$
\boxed{36}
$$"
