id,response
400,"Okay, let's try to solve this problem step by step. So, we have four independent random variables X₁, X₂, X₃, X₄, each taking values 0 or 1 with probabilities 0.6 and 0.4 respectively. We need to find the probability that the determinant of the 2x2 matrix with these variables as entries is equal to 1. 

First, let me recall what the determinant of a 2x2 matrix is. For a matrix [[a, b], [c, d]], the determinant is ad - bc. In this case, our matrix is [[X₁, X₂], [X₃, X₄]], so the determinant X = X₁X₄ - X₂X₃. We need to find P(X = 1), which means P(X₁X₄ - X₂X₃ = 1).

Since all the Xᵢ are either 0 or 1, let's think about when the determinant equals 1. The determinant is 1 if andื่s X₁X₄ - X₂X₃ = 1. Since each term is a product of two binary variables, each product can be 0 or 1.

Let me list all possible combinations where X₁X₄ - X₂X₃ = 1. Let's consider the possible values of X₁X₄ and X₂X₃.

Note that X₁X₄ is 1 only if both X₁ and X₄ are 1; otherwise, it's 0. Similarly for X₂X₃.

So, the determinant is 1 - 0 = 1 when X₁X₄ = 1 and X₂X₃ = 0. Wait, no: determinant is X₁X₄ - X₂X₃. So we want X₁X₄ - X₂X₃ = 1. Since both terms are either 0 or 1, the difference can be -1, 0, or 1.

Wait, but since X₁X₄ and X₂X₃ are each 0 or 1, their difference can be:

- If X₁X₄ = 1 and X₂X₃ = 0: 1 - 0 = 1
- If X₁X₄ = 0 and X₂X₃ = 1: 0 - 1 = -1
- Otherwise: 0 - 0 = 0 or 1 - 1 = 0

So the only way the determinant is 1 is when X₁X₄ = 1 and X₂X₃ = 0.

Similarly, determinant is -1 when X₁X₄ = 0 and X₂X₃ = 1, but since we are dealing with real numbers here, but in this problem, they just say ""the determinant X"", so probably we are considering the value 1 as the determinant being 1, so we need the cases where the determinant is exactly 1.

Therefore, P(X=1) = P(X₁X₄ = 1 and X₂X₃ = 0).

Because the determinant is 1 only in that case.

So now, we need to compute the probability that X₁X₄ = 1 and X₂X₃ = 0.

Let's break this down.

First, X₁X₄ = 1 occurs when both X₁ and X₄ are 1. Since X₁ and X₄ are independent, P(X₁X₄ = 1) = P(X₁=1)P(X₄=1) = 0.4 * 0.4 = 0.16.

Similarly, X₂X₃ = 0 occurs when at least one of X₂ or X₃ is 0. Wait, no: X₂X₃ = 0 when it's not the case that both X₂ and X₃ are 1. So P(X₂X₃ = 0) = 1 - P(X₂=1 and X₃=1) = 1 - (0.4)^2 = 1 - 0.16 = 0.84.

But wait, we need the joint probability that X₁X₄ = 1 AND X₂X₃ = 0. Since the variables are independent across different pairs? Wait, the four variables are all independent. So X₁,X₂,X₃,X₄ are all independent. So the events {X₁X₄=1} and {X₂X₃=0} are independent? Wait, no: actually, the events are on different variables. Since X₁,X₂,X₃,X₄ are all independent, the event that X₁X₄=1 (which depends on X₁ and X₄) and X₂X₃=0 (depends on X₂ and X₃) are independent events. Because the first pair (X₁,X₄) and the second pair (X₂,X₃) are independent.

Yes, because all four variables are independent, so the joint distribution factors into the product of individual probabilities.

Therefore, P(X₁X₄=1 and X₂X₃=0) = P(X₁X₄=1) * P(X₂X₃=0).

Wait, but hold on: is that correct? Let's see.

The event {X₁X₄=1} is equivalent to {X₁=1 and X₄=1}, since X₁ and X₄ are 0/1.

Similarly, {X₂X₃=0} is equivalent to {X₂=0 or X₃=0}.

Since all variables are independent, the events (X₁=1, X₄=1) and (X₂=0 or X₃=0) are independent, because they involve disjoint sets of variables.

Therefore, yes, the joint probability is the product of the two probabilities.

So first, compute P(X₁X₄=1) = P(X₁=1)P(X₄=1) = 0.4 * 0.4 = 0.16.

Then, P(X₂X₃=0) = 1 - P(X₂=1 and X₃=1) = 1 - (0.4 * 0.4) = 1 - 0.16 = 0.84.

Wait, but hold on: X₂X₃=0 is the event that not both are 1, so yes, that's 1 - 0.16 = 0.84.

But wait, the problem says ""the determinant X = |matrix|"", so we need to check if there are other cases where the determinant could be 1.

Wait, determinant is X₁X₄ - X₂X₃. So determinant is 1 iff X₁X₄ - X₂X₃ = 1.

Given that X₁X₄ and X₂X₃ are each 0 or 1, the possible differences are:

- If X₁X₄=1 and X₂X₃=0: 1 - 0 = 1
- If X₁X₄=0 and X₂X₃=1: 0 - 1 = -1
- Otherwise: 0 - 0 = 0 or 1 - 1 = 0

So the only time the determinant is 1 is when X₁X₄=1 and X₂X₃=0.

Therefore, P(X=1) = P(X₁=1, X₄=1, X₂=0 or X₃=0). Wait, no: X₂X₃=0 is the event that X₂=0 or X₃=0 (or both). So we need to compute the probability that X₁=1, X₄=1, and (X₂=0 or X₃=0).

But since all variables are independent, we can write this as:

P(X₁=1, X₄=1) * P(X₂=0 or X₃=0)

Wait, but actually, the events {X₁=1, X₄=1} and {X₂=0 or X₃=0} are independent because the variables are independent across different pairs.

So yes, the joint probability is P(X₁=1, X₄=1) * P(X₂=0 or X₃=0).

But let's verify.

Alternatively, we can compute it as:

P(X=1) = P(X₁=1, X₄=1, X₂=0 or X₃=0) = P(X₁=1, X₄=1) * [P(X₂=0) + P(X₃=0) - P(X₂=0, X₃=0)] ?

Wait, no. Wait, the event X₂X₃=0 is equivalent to X₂=0 or X₃=0. So the probability of that event is P(X₂=0) + P(X₃=0) - P(X₂=0 and X₃=0). But since X₂ and X₃ are independent, P(X₂=0 and X₃=0) = P(X₂=0)P(X₃=0) = 0.6 * 0.6 = 0.36.

Therefore, P(X₂=0 or X₃=0) = 0.6 + 0.6 - 0.36 = 1.2 - 0.36 = 0.84. Which matches the previous calculation (since 1 - P(both 1) = 1 - 0.16 = 0.84). So that's correct.

So, the probability that X₂X₃=0 is 0.84.

Similarly, the probability that X₁X₄=1 is 0.4*0.4=0.16.

Since the two events (X₁,X₄) and (X₂,X₃) are independent, the joint probability is 0.16 * 0.84.

Wait, but hold on: is that the case?

Wait, the event {X₁=1, X₄=1} and {X₂=0 or X₃=0} are independent, so yes, their probabilities multiply.

So 0.16 * 0.84 = ?

Let's compute that: 0.16 * 0.84.

0.16 * 0.8 = 0.128

0.16 * 0.04 = 0.0064

Total: 0.128 + 0.0064 = 0.1344

Wait, 0.16 * 0.84:

0.84 * 0.16:

Calculate 84 * 16 = 1344, so 0.84 * 0.16 = 0.1344.

Yes, so 0.1344.

Looking at the options, option E is 0.1344.

Wait, the options are labeled A to J:

A. 0.84

B. 0.1408

C. 0.1376

D. 0.1472

E. 0.1344

F. 0.1392

G. 0.1536

H. 0.7312

I. 0.16

J. 0.128

So according to this calculation, the answer should be E: 0.1344.

Wait, but let me double-check.

Alternative approach: Enumerate all possibilities.

Each variable is 0 or 1, so there are 2^4 = 16 possible combinations. Let's list the cases where determinant is 1.

Determinant is X₁X₄ - X₂X₃ = 1.

As established, this requires X₁X₄ = 1 and X₂X₃ = 0.

So X₁=1, X₄=1, and (X₂=0 or X₃=0).

Let's compute the number of such cases.

For X₁=1, X₄=1: 1 way for each (but probabilities).

Wait, maybe better to compute probabilities directly.

Case 1: X₁=1, X₄=1, X₂=0, X₃=0: determinant = 1*1 - 0*0 = 1 - 0 = 1. So this is a valid case.

Case 2: X₁=1, X₄=1, X₂=0, X₃=1: determinant = 1*1 - 0*1 = 1 - 0 = 1. Valid.

Case 3: X₁=1, X₄=1, X₂=1, X₃=0: determinant = 1*1 - 1*0 = 1 - 0 = 1. Valid.

Case 4: X₁=1, X₄=1, X₂=1, X₃=1: determinant = 1 - 1 = 0. Not valid.

So the cases where determinant is 1 are the first three cases above.

Wait, so when X₁=1 and X₄=1, regardless of X₂ and X₃, except when both X₂ and X₃ are 1.

Wait, no: X₂X₃=0 means that not both X₂ and X₃ are 1. So in the cases where X₂ and X₃ are not both 1, then X₂X₃=0, so determinant is 1.

So for X₁=1 and X₄=1, the determinant is 1 in all cases except when X₂=1 and X₃=1.

Therefore, the probability we want is:

P(X₁=1, X₄=1) * [1 - P(X₂=1, X₃=1)]

Which is 0.4*0.4 * [1 - (0.4*0.4)] = 0.16 * (1 - 0.16) = 0.16 * 0.84 = 0.1344.

Yes, same as before.

So the probability is 0.1344, which is option E.

Wait, but let me check if there's another scenario where determinant could be 1. For example, could determinant be 1 in some other way?

Suppose X₁=0, X₄=0: determinant is 0 - X₂X₃. So determinant would be -X₂X₃, which is either 0 or -1. Not 1.

If X₁=1, X₄=0: determinant is 0 - X₂X₃ = -X₂X₃, which is either 0 or -1.

If X₁=0, X₄=1: determinant is 1*X₂ - X₃*... Wait, no: determinant is X₁X₄ - X₂X₃. Wait, no: determinant of [[a,b],[c,d]] is ad - bc. So in our case, it's X₁X₄ - X₂X₃.

So determinant is 1 only when X₁X₄ - X₂X₃ = 1.

Given that X₁,X₂,X₃,X₄ are 0 or 1, the only way this difference is 1 is if X₁X₄=1 and X₂X₃=0, as we thought.

Because the maximum possible value of X₁X₄ is 1, and minimum is 0. Similarly for X₂X₃.

So the difference can be 1 (if 1 - 0), 0 (if 1 - 1 or 0 - 0), or -1 (if 0 - 1).

So yes, only when X₁X₄=1 and X₂X₃=0 does the determinant equal 1.

Therefore, the probability is indeed 0.16 * 0.84 = 0.1344.

So the answer should be E.

Wait, but let me check the options again. The options are:

A. 0.84

B. 0.1408

C. 0.1376

D. 0.1472

E. 0.1344

F. 0.1392

G. 0.1536

H. 0.7312

I. 0.16

J. 0.128

So E is 0.1344, which matches our calculation.

Wait, but let me think again: is there a possibility that I missed a case where determinant is 1?

For example, suppose X₁=1, X₄=1, X₂=0, X₃=0: determinant 1*1 - 0*0 = 1 - 0 = 1. Correct.

X₁=1, X₄=1, X₂=0, X₃=1: determinant 1*1 - 0*1 = 1 - 0 = 1.

X₁=1, X₄=1, X₂=1, X₃=0: determinant 1*1 - 1*0 = 1 - 0 = 1.

X₁=1, X₄=1, X₂=1, X₃=1: determinant 1 - 1 = 0.

So out of the four possibilities for X₂ and X₃ (given X₁ and X₄ are fixed at 1), three cases give determinant 1, one gives 0.

Wait, no: for X₂ and X₃, there are four possibilities:

(0,0): X₂X₃=0 → det=1

(0,1): X₂X₃=0 → det=1

(1,0): X₂X₃=0 → det=1

(1,1): X₂X₃=1 → det=0

So yes, three out of four cases when X₁ and X₄ are both 1.

Therefore, the probability is P(X₁=1, X₄=1) * P(at least one of X₂,X₃ is 0) = 0.16 * (1 - 0.16) = 0.16 * 0.84 = 0.1344.

Yes, so that's 0.1344, which is option E.

Wait, but let me check if there's another scenario where determinant could be 1. For example, if X₁=0, X₄=1, but then determinant would be 0*1 - ... Hmm, no. Let's see:

If X₁=0, X₄=1: determinant = 0*1 - X₂X₃ = -X₂X₃. So determinant would be -0=0 or -1. Not 1.

If X₁=1, X₄=0: determinant = 0 - X₂X₃ = -X₂X₃. Again, not 1.

If X₁=0, X₄=0: determinant = 0 - X₂X₃ = -X₂X₃. Not 1.

So the only way determinant is 1 is when X₁=1, X₄=1, and X₂X₃=0.

So yes, the calculation holds.

Therefore, the answer is E.

Wait, but the problem says ""the determinant X= |matrix|"". So the determinant is a random variable taking values in {-1, 0, 1}. We need P(X=1).

So yes, the calculation is correct.

Another way: list all 16 possibilities.

But since it's 2^4=16, but maybe group them.

Number of outcomes where X=1: when X₁=1, X₄=1, and not both X₂=1 and X₃=1.

So total number of such outcomes: for X₁=1, X₄=1: 2 possibilities for X₂ and X₃ (each 0 or 1), but wait, no: each variable is independent, so each combination has probability.

But in terms of counts (if we consider each outcome equally likely), but here the variables are not equally likely (prob 0.6 for 0, 0.4 for 1).

So better to use probabilities.

The probability that X₁=1 is 0.4, X₄=1 is 0.4, etc.

So the probability we want is:

P(X₁=1) * P(X₄=1) * [P(X₂=0) + P(X₃=0) - P(X₂=0)P(X₃=0)]

Wait, no: the event X₂X₃=0 is equivalent to X₂=0 or X₃=0, so its probability is P(X₂=0) + P(X₃=0) - P(X₂=0,X₃=0) = 0.6 + 0.6 - (0.6*0.6) = 1.2 - 0.36 = 0.84, as before.

So the joint probability is 0.4*0.4 * 0.84 = 0.16 * 0.84 = 0.1344.

Yes, so 0.1344 is the probability.

Thus, the answer is E.

**Final Answer**
\boxed{E}
</think>

To determine $ P(X = 1) $, where $ X = \left| \begin{array}{cc} X_1 & X_2 \\ X_3 & X_4 \end{array} \right| $, we begin by analyzing the **determinant** of the given 2×2 matrix:

$$
X = X_1X_4 - X_2X_3
$$

Since all $ X_i \in \{0, 1\} $, the determinant $ X $ can take only three possible values: $ -1, 0, 1 $. We are interested in the probability that $ X = 1 $, i.e.,

$$
P(X = 1) = P(X_1X_4 - X_2X_3 = 1)
$$

---

### Step 1: Understand When $ X = 1 $

We analyze the expression $ X_1X_4 - X_2X_3 = 1 $. Since both $ X_1X_4 $ and $ X_2X"
401,"Okay, let's tackle each part one by one. I need to convert these angles from radians to degrees. Remember that to convert radians to degrees, we use the formula: degrees = radians × (180° / π). Let me recall that π radians is 180 degrees, so the conversion factor is 180/π.

Starting with part (a): 5/2 radians. Wait, 5/2 is 2.5 radians. Let me write that as a fraction first. So, 5/2 radians. To convert to degrees, multiply by (180/π). So, (5/2) × (180/π). Hmm, but maybe they want a numerical value? Wait, the problem says ""convert from radians to degrees,"" so we need to express it as a degree measure.

Wait, let me check. The question says ""Convert from radians to degrees."" So each of these is given in radians, and we need to convert them to degrees.

Let's do part (a) first: 5/2 radians. So, 5/2 is 2.5 radians. Multiply by (180/π) to get degrees.

So, (5/2) × (180/π) = (5 × 180) / (2 × π) = (900) / (2π) = 450 / π. Wait, but maybe they want a decimal approximation? Or exact value in terms of π? Wait, no, usually when converting radians to degrees, we give a numerical value, often rounded to a certain decimal place, but the problem doesn't specify. Wait, the problem says ""Convert from radians to degrees."" Let me think.

In math problems like this, sometimes they want the exact value in degrees, which would be a multiple of 180/π, but usually, for these problems, especially if they're from a textbook, they might expect a numerical answer. Let me check the parts.

Part (b) is 4π/3 radians. That's a common angle. 4π/3 radians is 240 degrees, because π radians is 180, so 4π/3 × (180/π) = 4×60 = ื่4×60=240. Oh, right! Because π radians = 180°, so 1 radian = 180/π degrees. So, 4π/3 radians × (180/π) degrees/radian = (4π/3) × (180/π) = (4×180)/3 = 240 degrees. So that's straightforward.

Similarly, part (d) is -3π/4 radians. Converting that: (-3π/4) × (180/π) = (-3×180)/4 = -135 degrees.

But let's go step by step.

Starting with (a): 5/2 radians. So 5/2 is 2.5 radians. Let's compute 2.5 × (180/π). Let's calculate that. π is approximately 3.1416. So 180/π ≈ 57.2958 degrees per radian.

So 2.5 × 57.2958 ≈ 143.2395 degrees. So approximately 143.24 degrees. But maybe we need to leave it in terms of π? Wait, no, the problem says ""convert from radians to degrees,"" so the answer should be a number in degrees.

Wait, but let's see. For part (b), 4π/3 radians is exactly 240 degrees, since 4π/3 × (180/π) = 240. Similarly, part (d): -3π/4 radians is -135 degrees.

Part (c) is 11/12 radians. So 11/12 × (180/π) = (11 × 15)/π = 165/π degrees. Approximately, 165 ÷ 3.1416 ≈ 52.52 degrees.

Wait, let's do each part carefully.

(a) 5/2 radians. Let's compute:

(5/2) × (180° / π) = (5 × 180) / (2 × π) = 900 / (2π) = 450 / π ≈ 450 / 3.1416 ≈ 143.239 degrees. So approximately 143.24 degrees. Depending on rounding, maybe to two decimal places or something. But the problem doesn't specify, but in many math problems, they might want the exact expression or a decimal. Wait, the problem says ""Convert from radians to degrees,"" so probably expects a numerical value, likely rounded to the nearest degree or to two decimal places.

But let's check standard practice. In trigonometry, when converting radians to degrees, we often use the formula and give a decimal approximation.

Let me handle each part:

(a) 5/2 radians: 2.5 radians. 2.5 × (180/π) ≈ 2.5 × 57.2958 ≈ 143.2395°, so ≈143.24°

(b) 4π/3 radians: 4π/3 × (180/π) = (4×180)/3 = 240°, exactly. So 240 degrees.

(c) 11/12 radians: 11/12 × (180/π) = (11 × 15)/π = 165/π ≈ 165 / 3.1416 ≈ 52.52 degrees. So ≈52.52°

(d) -3π/4 radians: -3π/4 × (180/π) = - (3×180)/4 = -135°, exactly. So -135 degrees.

Wait, but let's confirm part (d). -3π/4 radians is a standard angle. Since π radians is 180°, so π/4 is 45°, so 3π/4 is 135°, so -3π/4 is -135°, which is equivalent to 225°, but the question asks to convert to degrees, so -135° is correct.

Now, let's write each answer.

For (a): 5/2 radians. Let's compute 5/2 * 180 / π = (5*180)/(2π) = 900/(2π) = 450/π ≈ 143.2394°, so approximately 143.24 degrees.

(b): 4π/3 radians. As 4π/3 * (180/π) = 4*60 = 240°, so exactly 240 degrees.

(c): 11/12 radians. 11/12 * 180 / π = (11*15)/π = 165/π ≈ 165 / 3.1415926535 ≈ 52.35987756 degrees, so approximately 52.36 degrees.

(d): -3π/4 radians. -3π/4 * 180/π = - (3*180)/4 = -135°, so exactly -135 degrees.

The problem says ""Convert from radians to degrees."" So the answers are:

(a) approximately 143.24°

(b) 240°

(c) approximately 52.36°

(d) -135°

But the problem might expect exact values where possible, but for (a) and (c), they are not nice numbers, so we have to approximate.

Wait, let's check the problem statement again: ""Convert from radians to degrees."" It says ""If the question has a final answer, please place the answer in boxed{}.""

Since the user is asking for a solution, I need to write the steps.

Let me do each part step by step.

(a) 5/2 radians to degrees.

Formula: degrees = radians × (180° / π)

So, (5/2) × (180 / π) = (5 × 180) / (2 × π) = 900 / (2π) = 450 / π ≈ 450 / 3.1415926535 ≈ 143.2394155 degrees. Rounding to two decimal places, 143.24°.

(b) 4π/3 radians to degrees.

(4π/3) × (180 / π) = (4 × 180) / 3 = 720 / 3 = 240°. So exactly 240 degrees.

(c) 11/12 radians to degrees.

(11/12) × (180 / π) = (11 × 180) / (12 × π) = (1980) / (12π) = 165 / π ≈ 165 / 3.1415926535 ≈ 52.35987756 degrees. Rounding to two decimal places, 52.36°.

(d) -3π/4 radians to degrees.

(-3π/4) × (180 / π) = (-3 × 180) / 4 = -540 / 4 = -135°. Exactly -135 degrees.

So the answers are:

(a) ≈143.24°

(b) 240°

(c) ≈52.36°

(d) -135°

Depending on the required precision, but in most math problems like this, they might expect rounding to the nearest tenth or whole number, but since the problem doesn't specify, I'll go with two decimal places as a common practice.

Let me verify part (c) again: 11/12 radians. 11 divided by 12 is approximately 0.916666... radians. Multiply by (180/π) ≈ 57.2958. So 0.916666... × 57.2958 ≈ 52.36 degrees. Correct.

Part (a): 2.5 radians × 57.2958 ≈ 143.24 degrees. Correct.

Part (d): -135 degrees, exact.

Part (b): 240 degrees, exact.

So the answers are:

(a) 143.24°

(b) 240°

(c) 52.36°

(d) -135°

But the problem says ""put your final answer inside \boxed{}"". For each part, so (a) is 143.24, (b) 240, (c) 52.36, (d) -135.

Wait, but maybe the problem expects exact values where possible, but for (a) and (c), they are irrational, so we have to approximate.

Alternatively, in some contexts, they might want the answer in terms of π, but no, the question says ""convert from radians to degrees"", so the answer should be in degrees, a numerical value.

Let me check standard conversion examples. For example, π radians is 180°, so 1 radian is 180/π degrees ≈57.2958°.

So for (a): 5/2 radians = 2.5 radians. 2.5 × 57.2958 ≈ 143.24°

(b): 4π/3 radians. Since 4π/3 is 240°, as 3π/2 is 270°, so 4π/3 is 240°, correct.

(c): 11/12 radians. 11/12 ≈0.9167 radians. 0.9167 × 57.2958 ≈52.36°

(d): -3π/4 radians. -3π/4 is -135°, since 3π/4 is 135°, so negative is -135°.

Yes, so the answers are:

(a) approximately 143.24 degrees

(b) 240 degrees

(c) approximately 52.36 degrees

(d) -135 degrees

I think the problem expects these answers, probably rounded to two decimal places, which is common.

Let me write them as:

(a) \boxed{143.24}

(b) \boxed{240}

(c) \boxed{52.36}

(d) \boxed{-135}

Wait, but the problem says ""If the problem has multiple sub-answers, separate them by commas inside a single \boxed{}"". Wait, the original problem says ""Convert from radians to degrees."" with parts (a)-(d). So the user wants each part's answer boxed.

But the instruction says: ""If the question has a final answer, please place the answer in \boxed{}."" And ""If the problem has multiple sub-answers, separate them by commas inside a single \boxed{}""

Wait, the user wrote: ""Solve the problem step-by-step. Put your final answer inside \boxed{}. If the problem has multiple sub-answers, separate them by commas inside a single \boxed{}, e.g. \boxed{3, 7}.""

But the problem here has four parts: (a), (b), (c), (d). So the user probably wants each part's answer boxed separately. But the instruction says ""if the problem has multiple sub-answers, separate them by commas inside a single \boxed{}"". Wait, maybe the user wants all answers in one box, comma-separated.

Wait, the problem says ""Convert from radians to degrees."" with four parts. So the answer should be four boxed numbers, but the user says ""if the problem has multiple sub-answers, separate them by commas inside a single \boxed{}"".

Hmm, perhaps the user wants all answers in one box, like \boxed{143.24, 240, 52.36, -135}

But let's check the example: \boxed{3, 7}.

So yes, for multiple sub-answers, separate by commas in a single box.

So the answer should be \boxed{143.24, 240, 52.36, -135}

But wait, the problem says ""Convert from radians to degrees."" for each part. So each part is a separate question, but the user wants the answer for all parts in one box.

But the initial problem says ""Convert from radians to degrees."" with parts (a)-(d). So the user wants the answers for each part.

Given that, I think the expected answer is four boxed numbers, but according to the user's instruction, if there are multiple sub-answers, put them in a single box with commas.

So the answer is \boxed{143.24, 240, 52.36, -135}

But let's check the precision. Maybe the problem expects more precise decimals or exact fractions.

Wait, for part (b), it's exactly 240, so no decimal. Part (d) is exactly -135. Parts (a) and (c) are approximate.

Let me verify the calculations with more precision.

For (a): 5/2 radians = 2.5 radians.

2.5 × (180 / π) = 2.5 × (180 / 3.141592653589793) ≈ 2.5 × 57.29577951308232 ≈ 143.2394487827058 degrees. So ≈143.24 degrees (two decimal places).

For (c): 11/12 radians ≈0.9166666666666667 radians.

0.9166666666666667 × (180 / π) ≈0.9166666666666667 × 57.29577951308232 ≈52.35987755982988 degrees, so ≈52.36 degrees (two decimal places).

So the answers are:

(a) 143.24

(b) 240

(c) 52.36

(d) -135

So the boxed answer is \boxed{143.24, 240, 52.36, -135}

But let me check if the problem expects degrees with degree symbol, but the user says ""put the answer inside \boxed{}"", so probably just the numbers.

Alternatively, maybe the problem expects exact values where possible, but (a) and (c) can't be expressed exactly without π, so approximations are needed.

Yes, so the answers are as above.

**Final Answer**
\boxed{143.24, 240, 52.36, -135}
</think>

To solve the problem of converting radians to degrees, we use the standard conversion formula:

$$
\text{Degrees} = \text{Radians} \times \left( \frac{180^\circ}{\pi} \right)
$$

We will compute each part step by step and round appropriately (to two decimal places is typical for such conversions unless otherwise specified).

---

### **(a) $ \frac{5}{2} $ radians**

$$
\frac{5}{2} \times \frac{180}{\pi} = \frac{900}{2\pi} = \frac{450}{\pi}
$$

Using $ \pi \approx 3.1415926535 $:

$$
\frac{450}{3.1415926535} \approx 143.2394^\circ \Rightarrow \boxed{143.24}
$$

---

### **(b) $ \frac{4\pi}{3} $ radians**

This is a well-known angle in the unit circle. Since $ \frac{4\pi}{3} $ radians corresponds to an angle of 240° (as it lies in the third quadrant), we can directly compute:

$$
\frac{4\pi}{3} \times \frac{180}{\pi} = \frac{4 \times 180}{3} = 240^\circ
$$

$$
\boxed{240}
$$

---

### **(c) $ \frac{11}{12} $ radians**

$$
\frac{11}{12} \times \frac{180}{\pi} = \frac{1980}{12\pi} = \frac{165}{\pi}
$$

Using $ \pi \approx 3.1415926535 $:

$$
\frac{165}{3.1415926535} \approx 52.3599^\circ \Rightarrow \boxed{52.36}
$$

---

### **(d) $ -\frac{3\pi}{4} $ radians**

This is a standard angle. Since $ \frac{3\pi}{4} = 135^\circ $, then:

$$
-\frac{3\pi}{4} \times \frac{180}{\pi} = -\left(\frac{3 \times 180}{4}\right) = -135^\circ
$$

$$
\boxed{-135}
$$

---

### ✅ Final Answer

All four parts have been converted from radians to degrees with appropriate rounding. The final answer is:

$$
\boxed{143.24, 240, 52.36, -135}
$$"
402,"Okay, let's try to figure out this problem step by step. So, we have an algorithm that defines a function a(n). It says it's fully multiplicative with a(p) = floor((p+1)/2) for prime p. Hmm, okay. First, I need to recall what ""fully multiplicative"" means here. In number theory, a multiplicative function satisfies f(mn)=f(m)f(n) when m and n are coprime. A fully multiplicative function (or completely multiplicative) satisfies f(mn)=f(m)f(n) for all positive integers m and n, not just coprime ones. So this function a(n) is completely multiplicative.

Given that, and that for primes p, a(p) = floor((p+1)/2). Let me compute that first. For example, take p=2: floor((2+1)/2) = floor(3/2)=1. Wait, but maybe I should check some primes.

Wait, the problem says ""the definition of a(n) is: Fully multiplicative with a(p) = floor((p+1)/2) for prime p."" So a(n) is a completely multiplicative function where for primes p, a(p) = floor((p+1)/2).

Our task is to compute a(x) for each x in the list [76,77,...,85], so y_list is [a(76), a(77), ..., a(85)].

So first, I need to figure out how a(n) works. Since it's completely multiplicative, once we know the values on primes, we can get all values via multiplication.

Let's start by computing a(p) for small primes.

Primes: 2, 3, 5, 7, 11, 13, etc.

Compute a(p) = floor((p + 1)/2)

For p=2: floor((2+1)/2) = floor(3/2)=1

p=3: floor(4/2)=2

p=5: floor(6/2)=3

p=7: floor(8/2)=4

p=11: floor(12/2)=6

Wait, wait, hold on. Wait, floor((p+1)/2). Let's do this carefully.

For any integer p, floor((p+1)/2) is equal to:

If p is odd: p = 2k+1 → (p+1)/2 = k+1 → floor is k+1. So for odd p, floor((p+1)/2) = (p+1)/2 since p+1 is even? Wait, no: p is a prime (so odd except 2). Wait, primes except 2 are odd.

Wait, for prime p:

If p=2: floor((2+1)/2) = floor(3/2)=1

p=3: floor(4/2)=2

p=5: floor(6/2)=3

p=7: floor(8/2)=4

p=11: floor(12/2)=6

p=13: floor(14/2)=7

Wait, so in general, for prime p:

If p is odd (all primes except 2), then p is odd, so p = 2m + 1. Then (p+1)/2 = m + 1. So floor((p+1)/2) = m + 1 = (p+1)/2. Since p is odd, p+1 is even, so (p+1)/2 is integer. So for odd primes, a(p) = (p+1)/2.

Wait, but for p=2: (2+1)/2 = 1.5, floor is 1. So yes, a(2)=1.

So in general, for prime p:

a(p) = floor((p+1)/2) = 

- if p=2: 1

- if p is odd prime: (p+1)/2

Wait, but (p+1)/2 for odd p: since p is odd, p+1 is even, so (p+1)/2 is integer. So yes, for odd primes, a(p) = (p+1)/2.

Wait, but (p+1)/2 for p=3: (3+1)/2=2, which matches. p=5: 3, yes.

So a(p) = (p+1)/2 for odd primes p, and a(2)=1.

But wait, the function a(n) is completely multiplicative. So for composite numbers, we can factor into primes and multiply the a(p) values.

So for example, a(4) = a(2*2) = a(2)^2 = 1^2 = 1.

Similarly, a(6) = a(2*3) = a(2)*a(3) = 1 * 2 = 2.

Wait, but let's check the options. The outputs are sequences of numbers. Let's see.

We need to compute a(n) for each n in [76,77,78,79,80,81,82,83,84,85].

First, factor each number into primes.

Let's list them:

76: 2^2 * 19

77: 7 * 11

78: 2 * 3 * 13

79: prime

80: 2^4 * 5

81: 3^4

82: 2 * 41

83: prime

84: 2^2 * 3 * 7

85: 5 * 17

So for each of these numbers, we can write their prime factors, then apply a(p) for each prime p, multiply them together (since it's completely multiplicative).

Let's compute each one step by step.

Starting with 76:

76 = 2² × 19

So a(76) = a(2)² × a(19)

We know a(2) = 1 (from earlier: p=2 gives floor((2+1)/2)=1)

a(19) = (19+1)/2 = 10 (since 19 is odd prime, so a(p)=(p+1)/2)

Therefore, a(76) = 1² × 10 = 10

Hmm, looking at the options, option A starts with 10. Let's note that.

Next, 77 = 7 × 11

a(77) = a(7) × a(11)

a(7) = (7+1)/2 = 4

a(11) = (11+1)/2 = 6

So a(77) = 4 × 6 = 24

Wait, but looking at the options, option A has second element 26, option B has 11, etc. Hmm, but according to this calculation, a(77)=24. Wait, but the options given don't have 24 as the second element. Wait, let's check the options.

Wait, the options are sequences of 10 numbers. Let's look at option A: [10, 26, 16, 38, 3, 19, 24, 43, 8, 29]

Option B: [11, 23, 13, 39, 5, 15, 20, 44, 7, 25]

Option C: [14, 21, 13, 43, 6, 17, 25, 47, 6, 25]

Option D: [12, 25, 15, 41, 4, 17, 22, 43, 9, 28]

Option E: [12, 23, 18, 36, 4, 15, 19, 46, 8, 24]

Option F: [11, 25, 17, 42, 3, 14, 22, 40, 9, 26]

Option G: [13, 24, 15, 40, 2, 18, 23, 41, 7, 26]

Option H: [13, 26, 16, 35, 5, 18, 20, 39, 7, 30]

Option I: [14, 22, 14, 37, 6, 20, 21, 45, 6, 27]

Option J: [10, 24, 14, 40, 3, 16, 21, 42, 8, 27]

Wait, so according to my calculation, a(76)=10. Option A starts with 10, option J also starts with 10. So maybe A or J.

Wait, let's continue calculating.

So a(76)=10. So first element of y_list is 10. So options starting with 10 are A and J.

Let's check the rest.

Compute a(77):

77 = 7 × 11

a(7) = (7+1)/2 = 4

a(11) = (11+1)/2 = 6

So a(77) = 4 × 6 = 24

Looking at the options: option A has 26 as second element; option J has 24 as second element. So if a(77)=24, then option J would be correct (since J's second element is 24). Wait, option J is [10, 24, ...], so yes. Let's check.

Wait, option J starts with 10, then 24. So if a(76)=10, a(77)=24, then option J might be the right answer.

Wait, but let's confirm.

Let's proceed step by step.

Compute each a(n):

First, list all the numbers:

x_list: [76,77,78,79,80,81,82,83,84,85]

Compute a(x) for each.

Starting with 76:

76 = 2² × 19

a(76) = a(2)² × a(19) = 1² × ((19+1)/2) = 1 × 10 = 10. So first element is 10.

77 = 7 × 11

a(77) = a(7) × a(11) = 4 × 6 = 24. So second element is 24.

78 = 2 × 3 × 13

a(78) = a(2) × a(3) × a(13)

a(2)=1, a(3)= (3+1)/2=2, a(13)= (13+1)/2=7

So a(78) = 1 × 2 × 7 = 14

Wait, but option I has third element 14, option A has 16, option J has 14. Wait, option J is [10,24,14,...], so third element 14.

Wait, so a(78)=14.

Then 79 is prime: a(79) = (79+1)/2 = 80/2 = 40. Wait, floor((79+1)/2) = 40. So a(79)=40.

Wait, but looking at the options, the fourth element (since x_list starts at 76 as first element) so 79 is the fourth element in x_list (positions 0:76, 1:77, 2:78, 3:79, etc.)

So a(79)=40.

Wait, but in the options, option J has fourth element 40 (since J is [10,24,14,40,...]). Yes! So option J's fourth element is 40.

Wait, let's check:

Option J: [10, 24, 14, 40, 3, 16, 21, 42, 8, 27]

So positions:

0:10 (matches a(76)=10)

1:24 (matches a(77)=24)

2:14 (matches a(78)=14)

3:40 (matches a(79)=40)

Yes! So this seems promising.

Let's verify further.

Next, a(80):

80 = 2^4 × 5

a(80) = a(2)^4 × a(5) = 1^4 × ((5+1)/2) = 1 × 3 = 3

So fifth element (index 4) is 3. Option J has fifth element (index 4) as 3. Yes! Option J's list: [10,24,14,40,3,...] so yes, fifth element is 3.

Continuing:

a(81) = 3^4. So a(81) = a(3)^4 = 2^4 = 16.

Wait, a(3)=2, so 2^4=16. So a(81)=16. Which is the sixth element (index 5) of option J: 16. Yes! Option J's fifth element (index 4) is 3, index 5 is 16. So yes.

a(82) = 2 × 41

a(82) = a(2) × a(41) = 1 × ((41+1)/2) = 1 × 21 = 21. So a(82)=21. Option J's seventh element (index 6) is 21. Correct.

a(83): prime. a(83) = (83+1)/2 = 42. So 42. Option J's eighth element (index 7) is 42. Correct.

a(84) = 2^2 × 3 × 7

a(84) = a(2)^2 × a(3) × a(7) = 1^2 × 2 × 4 = 8. So a(84)=8. Option J's ninth element (index 8) is 8. Correct.

a(85) = 5 × 17

a(85) = a(5) × a(17) = 3 × ((17+1)/2) = 3 × 9 = 27. So a(85)=27. Option J's tenth element (index 9) is 27. Correct.

Wow! So all the elements match option J.

Let me double-check each step.

Compute each a(x):

x | factors | a(x)
---|---------|-----
76 | 2²×19 | a(2)² × a(19) = 1² × (19+1)/2 = 10 ✔️
77 | 7×11 | 4 × 6 = 24 ✔️
78 | 2×3×13 | 1 × 2 × 7 = 14 ✔️
79 | prime | (79+1)/2 = 40 ✔️
80 | 2⁴×5 | 1⁴ × 3 = 3 ✔️
81 | 3⁴ | 2⁴ = 16 ✔️
82 | 2×41 | 1 × 21 = 21 ✔️
83 | prime | (83+1)/2 = 42 ✔️
84 | 2²×3×7 | 1² × 2 × 4 = 8 ✔️
85 | 5×17 | 3 × 9 = 27 ✔️

So the output sequence y_list is [10,24,14,40,3,16,21,42,8,27]

Which corresponds exactly to option J: [10, 24, 14, 40, 3, 16, 21, 42, 8, 27]

Wait, option J is written as:

J. [10, 24, 14, 40, 3, 16, 21, 42, 8, 27]

Yes! So this matches perfectly.

Let me check other options to be sure.

Option A: [10, 26, 16, 38, 3, 19, 24, 43, 8, 29]

We saw that a(77)=24, but option A has 26 as second element, so no.

Option J's second element is 24, which matches a(77)=24.

Another check: a(81)=16, which is the sixth element (index 5) of option J: 16. Correct.

a(84)=8, which is the ninth element (index 8) of option J: 8. Correct.

So all the computed values match option J.

Therefore, the answer is J.
</think>

\boxed{J}"
403,"Okay, let's try to figure out this problem. So we have some vectors and a matrix R, and we need to find T_R(A). Hmm, first I need to recall what T_R(A) means here. The notation is a bit confusing because it's written with a tilde over T_R, but maybe it's a transformation? Wait, in some contexts, especially in linear algebra or probability, there might be a specific operation.

Wait, the problem says: ""what are the values of ~T_R(A)"". The tilde on T probably indicates some kind of dual or transpose? Or maybe it's a typo? Wait, no, the problem states that A = ⟨x₁, x₂⟩ and B̃ = (0.1)/x₁ + (0.6)/x₂. Wait, hold on, the problem mentions ""what are the values of ~T_R(A)"".

Wait, looking at the options, each option has a triple (three numbers) which are supposed to be the components of T_R(A). But A is a two-dimensional vector (since X is ⟨x₁,x₂⟩), and R is a 2x3 matrix? Wait, no, wait: R is given as a 2x3 matrix? Let me check.

The matrix R is written as:

[0.1, 0.2, 0.7]

[0.3, 1, 0.1]

So it's a 2x3 matrix. Then, A is a vector ⟨x₁, x₂⟩, which is a 2x1 vector? Wait, but in the problem statement, they write A = ⟨x₁, x₂⟩, so it's a vector with two components. Similarly, Y is ⟨y₁, y₂, y₃⟩, a 3-component vector.

Hmm. Now, the question is about T_R(A). The tilde on T might mean something else. Wait, in some contexts, especially in fuzzy sets or probabilistic logic, there's a concept called ""transform"" or ""tensor product"", but I'm not sure.

Wait, another thought: In some contexts, especially in linear algebra, if you have a matrix R and a vector A, then multiplying them would give a vector. But here, R is 2x3, and A is 2x1? Wait, no, the dimensions don't match for multiplication. Wait, if A is a row vector (1x2), then R is 2x3, so R*A would be... Hmm, maybe not. Alternatively, if A is a column vector (2x1), then R is 2x3, so you can't multiply them directly.

Wait, the problem says ""what are the values of ~T_R(A)"". Maybe it's a typo for T_R^T(A) or something? Or perhaps it's a specific transformation defined in the context of the problem.

Wait, looking at the options: Each option has a triple (three numbers), which suggests that T_R(A) is a 3-dimensional vector. Since R is a 2x3 matrix, and A is a 2-dimensional vector, perhaps T_R(A) is some kind of linear combination?

Wait, another angle: The problem mentions ""B̃ = 0.1/x₁ + 0.6/x₂"". Wait, that's written as a sum of terms with denominators. Hmm, this seems like a different kind of operation. Maybe it's related to the concept of ""dual"" or ""adjoint"" in some way.

Wait, in the problem statement, it's written as:

""what are the values of ~T_R(A)?""

But the tilde is over T_R, so maybe it's a transformed version. Wait, in some contexts, especially in statistics or machine learning, there's a transformation called ""tilde"" for random variables, but here it's a function.

Alternatively, maybe it's a typo and should be ""T_R(A)"" without the tilde. But the problem says ""~T_R(A)"".

Wait, the original problem says: ""what are the values of ~T_R(A)"". Hmm. Let me look at the options. All options have three numbers, which is the dimension of Y (since Y is length 3), so T_R(A) is a 3-vector.

Given that R is a 2x3 matrix, and A is a 2-vector (x₁, x₂), perhaps T_R(A) is a linear transformation? But how?

Wait, another idea: In some contexts, especially in probability theory, when you have a matrix R representing probabilities or weights, and you have a vector A, you might compute a weighted sum.

Wait, the problem states: ""B̃ = 0.1/x₁ + 0.6/x₂"". Wait, that's written as a sum of terms. But in the options, the answers are written as sums like 0.2/y₁ + 0.3/y₂ + 0.5/y₃ etc. So maybe this is a ""dual"" operation where we take the dot product or something.

Wait, here's a thought: If we consider that in some contexts (like in linear algebra), the transformation T_R could be a matrix operation. Wait, but R is 2x3, so if we have a vector A (2x1), then R times A would be a 2x1 vector, but the options are 3-dimensional. Hmm, not matching.

Wait, but the options are triples, so T_R(A) is a 3-dimensional vector. Maybe it's a different kind of transformation.

Wait, the problem says: ""Let X=⟨x₁, x₂⟩, Y=⟨y₁, y₂, y₃⟩, R = [0.1, 0.2, 0.7; 0.3, 1, 0.1]"". So R is a 2x3 matrix. Then A = ⟨x₁, x₂⟩, which is a 2-element vector. And we need to compute ~T_R(A).

Wait, the tilde on T might indicate that it's a transposed matrix? Like T_R is R transposed? But R is 2x3, so R^T is 3x2. Then T_R(A) would be R^T multiplied by A? Wait, but A is a 2x1 vector, so R^T * A would be a 3x1 vector. That would make sense! Because R^T is 3x2, multiplied by A (2x1) gives a 3x1 vector.

Ah! This might be it. In some notations, the tilde over T could be a typo or misnotation, but if we assume that ~T_R means R^T (the transpose), then T_R(A) would be R^T * A.

Wait, but the problem writes ""~T_R(A)"", so maybe the tilde is part of the notation. Alternatively, in some contexts, the tilde is used for ""approximately"", but here it's a transformation.

Wait, let's think again. If T_R(A) is the transpose of R applied to A, then yes. Let's test this hypothesis.

Assume that ~T_R denotes the transpose of R, so R^T. Then T_R(A) = R^T * A.

Given that A is a vector ⟨x₁, x₂⟩, which is a column vector [x₁; x₂], and R is a 2x3 matrix. Then R^T is 3x2. Multiplying R^T by A (2x1) gives a 3x1 vector.

But in the problem statement, they define B̃ = 0.1/x₁ + 0.6/x₂. Wait, that's a different expression. Hmm, but the problem says ""B̃ = (0.1)/x₁ + (0.6)/x₂"". So this is a sum of terms with x in the denominator.

Wait, but in the options, all the answers are written as sums like (0.2/y₁ + 0.3/y₂ + ...). So maybe this is a ""dual"" operation where we take the dot product with some weights.

Wait, another angle: In some contexts, especially in fuzzy sets or in the theory of fuzzy numbers, there's a concept of ""dual"" or ""complement"" transformations. But I'm not sure.

Wait, the problem says ""what are the values of ~T_R(A)"". Given that the options are all triples, and R is a 2x3 matrix, perhaps the operation is taking the rows of R multiplied by A? Wait, not sure.

Wait, here's a different approach. Let's look at the options. Option J is (0.3, 1, 0.7) which is exactly the rows of R. Wait, R is:

Row 1: 0.1, 0.2, 0.7

Row 2: 0.3, 1, 0.1

So if T_R(A) is just the rows of R, but that doesn't seem right.

Wait, but the problem states that A = ⟨x₁, x₂⟩. Hmm.

Wait, the problem says: ""B̃ = 0.1/x₁ + 0.6/x₂"". Wait, that's written as a sum. So B̃ is a scalar? But the problem says ""B̃ = ..."", so maybe it's a vector? Not sure.

Wait, the key might be in the notation. In some contexts, especially in linear algebra, if you have a matrix R and a vector A, then the operation could be a linear combination.

Wait, suppose that T_R(A) is the result of some transformation where we take the components of A and multiply with R.

Wait, but given that the options have numbers like 0.2, 0.3, 0.5 etc., which are the entries in R.

Wait, here's an idea: In some contexts, particularly in probability and statistics, when you have a matrix R and a vector A, you might compute the expectation or something. But not sure.

Wait, another thought: The problem uses the notation with tildes over T and B. Maybe it's a typo for ""T"" being a transformation, and the tilde is indicating a dual space or something.

Wait, given that all the options are triples (three numbers), and R is a 2x3 matrix, and A is a 2-dimensional vector, the only way to get a 3-dimensional vector from R and A is via a linear transformation where we take the dot product of A with each row of R? Wait, no.

Wait, if you have a matrix R (2x3), and you want to multiply it with a vector A (2x1), you can't do it directly. But if you transpose R to 3x2, then multiply by A (2x1), you get a 3x1 vector. So R^T * A.

Let's try this. Suppose that T_R(A) = R^T * A. Then:

R^T is:

[0.1, 0.3]

[0.2, 1]

[0.7, 0.1]

Then multiplying by A = [x₁; x₂] (column vector), we get:

First component: 0.1*x₁ + 0.3*x₂

Second component: 0.2*x₁ + 1*x₂

Third component: 0.7*x₁ + 0.1*x₂

But the problem states that B̃ = 0.1/x₁ + 0.6/x₂. Wait, this is a different operation. Hmm, the problem mentions B̃ as a sum of reciprocals. So maybe it's not a linear combination, but a different kind of operation.

Wait, the problem says ""B̃ = 0.1/x₁ + 0.6/x₂"". So this is a sum of terms with x in the denominator. So it's a sum of 0.1 divided by x₁ plus 0.6 divided by x₂.

But in the options, the answers are written as sums like 0.2/y₁ + 0.3/y₂ + 0.5/y₃. So similar structure.

Wait, so if we have a vector A = ⟨x₁, x₂⟩, and we want to compute T_R(A), which is a vector in Y (length 3), then perhaps it's a linear combination of the rows of R?

Wait, but the problem says ""what are the values of ~T_R(A)"".

Wait, another idea: In some contexts, especially in computer science or data structures, a tilde can denote a ""similar to"" or ""approximate"", but here it's a transformation.

Wait, the problem might be related to the concept of ""dual"" in linear algebra. For example, if we have a matrix R, its dual transformation could be R^T.

But given that the options have numbers that are parts of R, let's see.

Option A: (0.2, 0.3, 0.5)

Option B: (0.5, 0.2, 0.3)

...

Option J: (0.3, 1, 0.7) which is the second row of R? Wait, no, R's rows are [0.1, 0.2, 0.7] and [0.3, 1, 0.1]. So option J is (0.3, 1, 0.7) which is the second row of R with the last element changed from 0.1 to 0.7? Not quite.

Wait, but the problem says ""what are the values of ~T_R(A)"". If we assume that ~T_R is the transpose of R, then T_R(A) = R^T * A.

But we don't know the values of x₁ and x₂. Wait, the problem doesn't give us specific values for x₁ and x₂. Hmm, this is confusing.

Wait, the problem states that A = ⟨x₁, x₂⟩, and B̃ = 0.1/x₁ + 0.6/x₂. So B̃ is a scalar quantity. But the question is about T_R(A). Maybe the tilde on T is a red herring.

Wait, the problem might be using a specific notation from a textbook or context that I'm not aware of. Let me think.

In some contexts, especially in fuzzy logic or in the study of fuzzy sets, there is a concept called ""fuzzy transformation"" or ""fuzzy linear algebra"". For example, in fuzzy arithmetic, operations are defined with membership functions.

But given that the problem involves a matrix R with entries like 0.1, 0.2, etc., which are probabilities, maybe it's a probability matrix.

Wait, another angle: The problem might be about the ""row"" or ""column"" sums. Wait, but not sure.

Wait, the key might be in the notation of the problem. The problem says ""what are the values of ~T_R(A)"". The tilde on T might indicate that it's a ""dual"" transformation. In linear algebra, the dual space of a vector space V is the space of linear functionals on V. If we have a matrix R, then the dual transformation could be related to the transpose.

Assuming that T_R(A) is the dual transformation, which would be R^T multiplied by A. But since we don't have specific values for x₁ and x₂, the answer should be expressed in terms of x₁ and x₂. However, the options are numerical triples. So this suggests that maybe the problem expects a specific calculation based on the given numbers in R.

Wait, but the problem states: ""B̃ = 0.1/x₁ + 0.6/x₂"". So B̃ is a scalar. But the question is about T_R(A), which is a triple.

Wait, perhaps the problem is using a different notation where T_R(A) is the result of some operation that takes the components of R and combines them with A.

Wait, here's a different idea. In some contexts, especially in economics or operations research, there's a concept called ""transportation problem"" where you have a matrix and you compute certain values. But not sure.

Wait, looking at the options, option J is (0.3, 1, 0.7), which are the entries of the second row of R (0.3, 1, 0.1) but with the last entry changed to 0.7. Hmm, not quite.

Wait, option I is (0.1, 0.7, 0.2), which are the first and third elements of the first row and second element of the second row? Not sure.

Wait, another thought: The problem might be related to the ""tensor product"" or ""outer product"", but I'm not sure.

Wait, the problem says ""what are the values of ~T_R(A)"". If we ignore the tilde and assume it's a typo, then T_R(A) could be a transformation. But given the time I've spent, maybe I should try to guess based on common patterns.

Wait, the matrix R has rows [0.1, 0.2, 0.7] and [0.3, 1, 0.1]. If we consider that T_R(A) is the result of multiplying A with R, but since A is a vector of two elements, and R is 2x3, then if A is a row vector, A*R would be a row vector of length 3. Wait, that's a possibility!

Yes! If A is a row vector (1x2), then multiplying by R (2x3) would require a different operation. Wait, no: row vector (1x2) times matrix (2x3) is not possible. Wait, matrix multiplication rules: row vector (1x n) times matrix (n x m) gives (1x m). So if A is a row vector of size 2x1 (wait, no, A is a vector ⟨x₁, x₂⟩, so it's a 2-element vector).

Wait, here's a better approach. Let's assume that the operation is a dot product between A and the columns of R. But I'm stuck.

Wait, the problem says ""B̃ = 0.1/x₁ + 0.6/x₂"". So B̃ is a sum of terms with x in the denominator. The options have similar forms: 0.2/y₁ + 0.3/y₂ + 0.5/y₃ etc. So maybe this is a ""reciprocal"" transformation.

Suppose that T_R(A) is a transformation where each component is a linear combination of the reciprocals of A's components.

But the problem states that R is a matrix, so maybe we take the rows of R and do something.

Wait, another idea: In some contexts, especially in the theory of fuzzy numbers, the ""tilde"" over a variable indicates a fuzzy number. But here it's written as ~T_R(A), so maybe it's a fuzzy transformation.

Alternatively, the problem might be from a specific textbook or course where this notation is defined.

Wait, given that all the options have numbers that are parts of R, but arranged differently.

For example, option J is (0.3, 1, 0.7). Wait, R's second row is [0.3, 1, 0.1], so close but not quite.

Option H: (0.3, 0.6, 0.1) — no, not matching.

Option E: (0.6, 0.3, 0.1) — also not obvious.

Wait, the problem states that A = ⟨x₁, x₂⟩, and B̃ = 0.1/x₁ + 0.6/x₂. So B̃ is a scalar. But the question is about T_R(A), which is a triple.

Wait, if we consider that T_R(A) is a vector whose components are the rows of R multiplied by A or something.

Wait, let's try to think of the most probable answer. Since the problem is multiple choice and the options are given, perhaps the answer is J, because J is (0.3, 1, 0.7), which are the entries of the second row of R (0.3, 1, 0.1) but with the last element changed to 0.7. Hmm, not quite.

Wait, another angle: In some contexts, especially in probability, if you have a transition matrix, but R here is not a transition matrix.

Wait, the matrix R has entries that sum to more than 1 in each row. First row: 0.1+0.2+0.7=1.0, second row: 0.3+1+0.1=1.4. So not a probability matrix.

Wait, but the problem says ""B̃ = 0.1/x₁ + 0.6/x₂"". So B̃ is a sum of two terms. The question is about T_R(A), which is a triple.

Wait, if we assume that T_R(A) is the result of taking the components of R and doing something with A.

Wait, here's a new idea. In some contexts, especially in linear algebra, the ""tilde"" over a letter can denote a dual space. So if T_R is a dual transformation, then T_R(A) would be R^T * A.

Assuming that A is a column vector [x₁; x₂], then R^T * A would be:

[0.1, 0.3]

[0.2, 1]

[0.7, 0.1]

times [x₁; x₂] gives:

0.1x₁ + 0.3x₂

0.2x₁ + 1x₂

0.7x₁ + 0.1x₂

But the problem states that B̃ = 0.1/x₁ + 0.6/x₂. Wait, this is different—it's reciprocals. So this approach might not be correct.

Wait, the problem mentions ""B̃ = 0.1/x₁ + 0.6/x₂"". So it's a sum of 0.1 divided by x₁ plus 0.6 divided by x₂. So it's a sum of reciprocals scaled by constants.

If T_R(A) is a similar operation, but with the matrix R, then maybe it's a sum over the rows or columns.

Wait, but the options are numerical triples. The problem doesn't give us specific values for x₁ and x₂, so the answer must be expressed in terms of R's entries. Wait, but the options are all numerical.

Wait, this is confusing. Maybe the question is missing some context, like a definition of T_R(A) in the problem's source.

Wait, another idea: In some contexts, especially in the study of ""fuzzy sets"" or ""intuitionistic fuzzy sets"", the tilde can denote a fuzzy number. But I'm not sure.

Wait, looking back at the options, option I is (0.1, 0.7, 0.2). Which are the first,"
404,"Okay, let's try to figure out this problem. So, we need to find the percentage of rolls that resulted in a prime number when a standard six-sided die was rolled 50 times. 

First, let me recall what prime numbers are. Prime numbers are numbers greater than 1 that have no divisors other than 1 and themselves. On a six-sided die, the possible outcomes are 1, 2, 3, 4, 5, 6. Let's list out which of these are prime.

Prime numbers between 1 and 6: 2, 3, 5. Wait, 1 is not a prime number because primes are defined as numbers greater than 1. So 2 is prime, 3 is prime, 5 is prime. 4 is not prime (divisible by 2), 6 is not prime (divisible by 2 and 3). So the prime numbers here are 2, 3, and 5.

Now, the problem says ""the percentage of the rolls resulted in a prime number."" So we need to find how many times a prime number was rolled, then divide by the total number of rolls (which is 50), then multiply by 100 to get the percentage.

Let's look at the table. The number of occurrences for each outcome:

- Outcome 1: 11 occurrences
- Outcome 2: 6 occurrences
- Outcome 3: 10 occurrences
- Outcome 4: 7 occurrences
- Outcome 5: 10 occurrences
- Outcome 6: 6 occurrences

So, first, let's identify which outcomes are prime: 2, 3, 5. So we need to add up the number of occurrences for 2, 3, and 5.

From the table:

- Outcome 2: 6 occurrences
- Outcome 3: 10 occurrences
- Outcome 5: 10 occurrences

Let's add those up: 6 + 10 + 10 = 26.

Wait, let me check that again. 6 (for 2) plus 10 (for 3) is 16, plus 10 (for 5) is 26. So total prime numbers rolled: 26 times.

Total number of rolls is 50. So the percentage is (26 / 50) * 100.

Let me calculate that. 26 divided by 50 is 0.52, so 0.52 * 100 = 52%.

Wait, let me verify. Let's make sure I didn't miss any primes. The prime numbers on a die: 2, 3, 5. Yes, because 1 is not prime, 4 and 6 are composite. So primes are 2, 3, 5. Correct.

Number of times each prime was rolled: 2 occurred 6 times, 3 occurred 10 times, 5 occurred 10 times. So total prime occurrences: 6 + 10 + 10 = 26. That seems right.

Total rolls: 50. So percentage is (26/50)*100 = 52%.

Let me check if there's any chance I miscounted. For example, is 1 considered a prime? No, 1 is not a prime number. So 1 is excluded. 2 is prime, 3 is prime, 5 is prime. 4 and 6 are not primes. So yes, only 2, 3, 5 are primes here.

So adding their frequencies: 6 + 10 + 10 = 26. 26 out of 50 is 52%. That should be the answer.

I think that's it. Let me just write it down step by step.

Step 1: Identify prime numbers on a six-sided die. Primes are 2, 3, 5.

Step 2: Find the number of occurrences for each prime.

- 2: 6
- 3: 10
- 5: 10

Step 3: Sum these occurrences: 6 + 10 + 10 = 26.

Step 4: Calculate the percentage: (26 / 50) * 100 = 52%.

Yes, that seems correct. So the percentage of rolls that resulted in a prime number is 52%.
</think>

To determine the **percentage of rolls that resulted in a prime number**, we follow a structured approach based on the given data from rolling a standard six-sided die 50 times.

---

### Step 1: Identify Prime Numbers on a Six-Sided Die

A **prime number** is a natural number greater than 1 that has no positive divisors other than 1 and itself. On a standard six-sided die, the possible outcomes are:

$$
\{1, 2, 3, 4, 5, 6\}
$$

From this set, the **prime numbers** are:
- **2**
- **3**
- **5**

Note:  
- **1** is **not** a prime number (by definition).
- **4** and **6** are **composite** numbers (they have more than two factors).

So, the relevant prime numbers for our calculation are **2, 3, and 5**.

---

### Step 2: Extract Occurrence Counts for Each Prime Number

From the provided table:

| Outcome | # of Occurrences |
|---------|-------------------|
| 1       | 11                |
| 2       | 6                 |
| 3       | 10                |
| 4       | 7                 |
| 5       | 10                |
| 6       | 6                 |

We focus only on the **prime numbers**: **2, 3, 5**

- **Outcome 2**: 6 occurrences
- **Outcome 3**: 10 occurrences
- **Outcome 5**: 10 occurrences

Total number of times a **prime number** was rolled:
$$
6 + 10 + 10 = 26
$$

---

### Step 3: Calculate the Percentage

The total number of rolls is **50**.

We compute the percentage of rolls that resulted in a prime number as follows:

$$
\text{Percentage} = \left( \frac{26}{50} \right) \times 100 = 52\%
$$

---

### Final Answer

$$
\boxed{52}
$$"
405,"Okay, let's try to figure this out. So, the problem is about defining an algorithm where a(n) is the number of partitions of n into parts where each part can be one of three distinct kinds. Hmm, partitions with parts having different kinds... Wait, in partition theory, when you have parts that are distinguishable, like colored parts or something, it's a different count.

Wait, the key here is ""each part can be of three distinct kinds"". So, for example, if we have a partition of n into parts, each part has a kind (like type 1, 2, or 3), and these kinds are distinguishable. So, this is similar to partitions with labeled parts? Or maybe it's like compositions?

Wait, no. In standard partition theory, a partition of n is a sum of positive integers where order doesn't matter. But here, since the parts have three kinds, maybe it's a generating function approach.

Let me recall: If we have three types of parts, say, each part is a positive integer, but each occurrence of a number can be one of three types. Wait, actually, the problem says ""the number of partitions of n into parts where each part can be of three distinct kinds"".

Hmm. So, in a partition, each part is a number (the size), but each part has a kind. So, for example, a partition of 3 could be:

- 3 (kind 1)
- 3 (kind 2)
- 3 (kind 3)
- 2 + 1 (kind 1)
- 2 (kind 1) + 1 (kind 2)
- etc.

Wait, no. Wait, in a partition, the order doesn't matter, so the parts are unordered. But here, the ""kinds"" might affect the count. Wait, the problem states: ""the number of partitions of n into parts where each part can be of three distinct kinds"".

Wait, perhaps it's equivalent to the number of ways to write n as a sum of positive integers where each term is labeled with one of three labels. Since the labels are distinguishable, different labelings count as different partitions.

For example, the number of such partitions for n=1 would be 3: each part (which is 1) can be of kind 1, 2, or 3.

Wait, but in a partition, the parts are unordered. Wait, no—actually, in this context, since the parts have labels, the partition is considered as a multiset of labeled parts. Hmm, this is a bit confusing.

Wait, another angle: In combinatorics, the number of partitions of n into parts with k colors (or kinds) is given by a generating function. For each part size m, there are k choices (the color), so the generating function would be 1/(1 - (x + x^2 + x^3 + ... ))^k? No, wait.

Wait, no. Let's think carefully. Suppose we have three kinds. For each part (i.e., each integer in the partition), we assign a kind (1, 2, or 3). So, the total number of partitions of n with this property is equal to the number of ways to write n as a sum of positive integers (order doesn't matter) where each integer is ""colored"" with one of three colors.

But in standard partition terms, this is called ""partitions with marked parts"" or ""colored partitions"".

Yes! For example, the number of colored partitions of n into three colors is a known sequence.

In fact, the generating function for the number of colored partitions (where each part has a color) is:

Product_{m=1}^∞ 1/(1 - x^m * (1 + x^m + x^{2m})) ?

Wait, no. Wait, if each part can be of three kinds, then for each part size m, you can have multiple copies of m, each with a different kind. Wait, no, in partitions, parts are unordered and each part is a single number. Wait, maybe I'm overcomplicating.

Alternatively, think of it as: each partition into parts where each part has a ""type"" (three types), so the count is the same as the number of ordered pairs (partition, coloring) where the coloring assigns each part to one of three colors.

But in partitions, the order of parts doesn't matter, so the coloring is per part.

So, for example, the partition [2,1] can be colored in 3*3 = 9 ways (each part gets a color), whereas the partition [1,1,1] can be colored in 3^3 = 27 ways.

Wait, but in this case, the problem says ""the number of partitions of n into parts where each part can be of three distinct kinds"". So, each part has a kind, so the total number is the sum over all partitions of n of 3^k, where k is the number of parts in the partition.

Wait, that's a different interpretation. Wait, no: if each part (i.e., each individual part in the partition) has a kind, then for a given partition (with m parts), there are 3^m colorings.

Therefore, the total number a(n) is the sum over all partitions of n of 3^{number of parts in the partition}.

Ah! That seems right. So, for example, n=1: only one partition [1], which has 1 part, so 3^1 = 3. So a(1)=3.

n=2: partitions are [2] (1 part) and [1,1] (2 parts). So a(2) = 3^1 + 3^2 = 3 + 9 = 12.

Wait, but according to OEIS, this sequence is known as the number of partitions of n into at most 3 parts? No, wait.

Wait, no. Let's check the sequence. For n=1, a(1)=3; n=2, a(2)=3+9=12? Wait, no: [2] has 1 part, so 3^1=3; [1,1] has 2 parts, so 3^2=9. So total 12. Then n=3:

Partitions:

- [3]: 1 part → 3

- [2,1]: 2 parts → 9

- [1,1,1]: 3 parts → 27

Total: 3 + 9 + 27 = 39.

So a(3)=39.

Wait, but what's the OEIS sequence for this? Let me recall.

This sequence is called the ""number of partitions of n into parts with 3 colors"", or ""colored partitions"".

Yes, the generating function is: Product_{k=1}^∞ 1/(1 - x^k * (1 + x^k + x^{2k})) ? No, wait.

Wait, another way: The generating function for the number of colored partitions (where each part has a color) is:

For each part size m, we can have any number of parts of size m, each colored in 3 ways. Wait, no. Wait, in partitions, each part is a single number, but here, the ""coloring"" is per part. So the generating function would be:

For each m ≥ 1, the generating function contribution is 1 + (3x^m) + (3x^m)^2 + (3x^m)^3 + ... ?

No, wait. Wait, in the context of partitions, the generating function for the number of partitions with colored parts is:

Each part of size m can be colored in 3 ways, so for each m, we have a factor of (1 + 3x^m + 3x^{2m} + 3x^{3m} + ...) ? No, that's not right.

Wait, actually, in the theory of partitions with colored parts, the generating function is:

Product_{m=1}^∞ 1/(1 - (x^m + x^{2m} + x^{3m})) ?

Wait, no. Let me think again.

If each part has three colors, then for each part of size m, we can have a part of size m with color 1, 2, or 3. But in a partition, you can have multiple parts of the same size.

Wait, no: in a partition, the parts are unordered and each part is a positive integer. If we color each part (i.e., each part in the partition) with one of three colors, then the total number of colored partitions of n is equal to the sum over all partitions of n of 3^k, where k is the number of parts in the partition.

This is a well-known sequence. Let's call this sequence a(n).

The generating function for a(n) is:

Product_{m=1}^∞ 1/(1 - x^m * (1 + x^m + x^{2m})) ? No, not exactly.

Wait, the generating function for the number of colored partitions (where each part has a color) is:

For each m, the generating function for parts of size m is: 1 + 3x^m + 3x^{2m} + 3x^{3m} + ... ?

Wait, no. Wait, in the context of partitions, the order doesn't matter, so the generating function for each m is a geometric series where each term corresponds to taking k copies of m (each copy colored in 3 ways). Wait, no.

Actually, if we have colored parts, then for each m, we can take any number of parts of size m, each colored in 3 ways. So for each m, the generating function contribution is:

Sum_{k=0}^∞ (3x^m)^k = 1/(1 - 3x^m)

Wait, no! Wait, if you take k parts of size m, each colored in 3 ways, then the generating function for each m is:

For k=0: 1

For k=1: 3x^m

For k=2: 3x^m * 3x^m = 9x^{2m}? Wait, no.

Wait, no. If you have two parts of size m, each colored in 3 ways, then the generating function for two parts would be (3x^m)^2, but since the order doesn't matter in partitions, it's a multiset.

Wait, this is getting complicated. Let's step back.

The key point: the sequence a(n) is the sum over all partitions of n of 3^{number of parts in the partition}.

This sequence is known in OEIS as A000169? Or maybe not. Let me recall.

Wait, the number of partitions of n into parts with 3 colors: yes, this sequence is A000169? No, A000169 is something else.

Wait, let's compute the first few terms:

n=0: 1 (empty partition)

n=1: 3 (only [1], so 3^1=3)

n=2: [2] (1 part → 3) and [1,1] (2 parts → 3^2=9) → total 12

n=3: [3] (3), [2,1] (9), [1,1,1] (27) → total 39

n=4:

Partitions:

- [4] → 3

- [3,1] → 9

- [2,2] → 3^2=9 → but wait, no: each part is colored, so [2,2] has two parts, each colored in 3 ways → 3*3=9? Wait, no: for a partition with k parts, the number of colorings is 3^k.

Wait, so for [2,2], which has two parts, each part can be colored in 3 ways, so total 3^2=9.

Similarly, [2,1,1] has three parts → 3^3=27.

Wait, so for n=4:

Partitions:

1. [4] → 3^1 = 3

2. [3,1] → 3^2 = 9

3. [2,2] → 3^2 = 9

4. [2,1,1] → 3^3 = 27

5. [1,1,1,1] → 3^4 = 81

Wait, no: wait, the partitions of 4:

List all partitions:

- 4

- 3 + 1

- 2 + 2

- 2 + 1 + 1

- 1 + 1 + 1 + 1

So five partitions.

Compute a(4):

[4]: 3^1 = 3

[3,1]: 3^2 = 9

[2,2]: 3^2 = 9

[2,1,1]: 3^3 = 27

[1,1,1,1]: 3^4 = 81

Total: 3 + 9 + 9 + 27 + 81 = 129

So a(4)=129.

Hmm, so the sequence starts 1, 3, 12, 39, 129,...

Wait, looking up OEIS for this sequence.

Wait, I don't have access to OEIS right now, but I can try to recall.

The sequence starting 1, 3, 12, 39, 129, ... is known as the number of partitions of n into parts with 3 colors. Alternatively, this is the same as the number of ""3-colored"" partitions.

Wait, another thought: The generating function for this sequence is:

Product_{k=1}^∞ 1/(1 - x^k)^3 ?

No, that's the number of partitions into at most 3 parts, but no.

Wait, no. Wait, the generating function for the number of partitions of n into parts where each part has 3 colors (i.e., each part is colored) is:

Product_{m=1}^∞ 1/(1 - 3x^m)

Wait, no. Because in the standard partition generating function, each part m contributes a factor of x^m / (1 - x^m). Here, if each part of size m can be colored in 3 ways, then for each m, the generating function contribution is 1 + 3x^m + 3x^{2m} + 3x^{3m} + ... ?

Wait, no. Wait, in the context of partitions, the order doesn't matter, so the generating function for each m is a geometric series where each term corresponds to taking k copies of m (each colored in 3 ways). So for each m, the generating function is:

Sum_{k=0}^∞ (3x^m)^k = 1/(1 - 3x^m)

Wait, that's a possibility. Wait, no: if you take k copies of m, each colored in 3 ways, then the generating function for k copies would be (3x^m)^k, but since the order doesn't matter, it's just a single term for each k. Wait, no, in partitions, you can have multiple parts of the same size, but each part is a separate entity.

Wait, I'm getting confused. Let's take a step back.

The problem states: ""the number of partitions of n into parts where each part can be of three distinct kinds"".

This is equivalent to: each part in the partition has a kind (1, 2, or 3), so the count is the sum over all partitions of n of 3^{number of parts}.

This sequence is known as the ""number of partitions of n into parts with 3 colors"" or ""colored partitions"".

Looking up the sequence 1, 3, 12, 39, 129, ... in OEIS mentally.

Wait, the sequence for a(n) = sum_{partitions p of n} 3^{k(p)}, where k(p) is the number of parts in p.

This sequence is A000169? No.

Wait, another way: the exponential generating function or recurrence.

Alternatively, note that this sequence satisfies a recurrence relation.

But maybe the key is that the given options have numbers starting with 11701990s, so the sequence is for large n (like n=29 to 38), so the actual sequence a(n) for n=29 to 38 must be the numbers listed in the options.

But how can we tell which option is correct?

Wait, the problem says: ""determine the corresponding output sequence y_list"" for input x_list = [29, 30, ..., 38].

So we need to find which sequence of numbers matches the definition of a(n) for n=29 to 38.

Given that the options are sequences of numbers starting with around 11 million, etc.

But without knowing the exact values, we need to deduce based on properties.

Wait, the problem states that the algorithm defines a(n) as the number of partitions of n into parts where each part can be of three distinct kinds.

Assuming that the sequence a(n) is the sum over partitions of n of 3^k (k=number of parts), then this sequence is known in OEIS as A000169? Not sure.

Wait, let's see. For n=1, a(1)=3; n=2, a(2)=3+9=12; n=3, 3+9+27=39; n=4, 3+9+9+27+81=129.

So the sequence starts: 1 (n=0), 3 (n=1), 12 (n=2), 39 (n=3), 129 (n=4), ...

Looking up OEIS A000000... Hmm, I think this sequence is A000169? No.

Wait, another idea: The number of partitions of n into parts with 3 colors is equal to the number of ways to write n as a sum of positive integers where each term is colored with one of three colors. This is also called the number of ""3-colored"" partitions.

This sequence is known as the ""number of partitions of n into parts with at most 3 parts""? No.

Wait, no. Let's think of the generating function.

The generating function for a(n) is:

Product_{k=1}^∞ 1/(1 - (x^k + x^{2k} + x^{3k})) ?

Wait, no. Wait, if each part has three colors, then for each k, we can have any number of parts of size k, each colored in 3 ways. So the generating function for each k is:

Sum_{m=0}^∞ (3x^k)^m = 1/(1 - 3x^k)

Wait, no, because in partitions, you can have multiple parts of the same size, but each part is a separate entity. Wait, no: in the standard partition generating function, the generating function for each part size k is 1 + x^k + x^{2k} + ... but here, each part of size k can be colored in 3 ways, so for each k, the generating function contribution is 1 + 3x^k + 3x^{2k} + 3x^{3k} + ... ?

Wait, no. Actually, in the context of partitions, the generating function for each k is a geometric series where each term corresponds to taking m copies of k (each colored in 3 ways). But since the order doesn't matter, it's a single term for each m.

Wait, for example, for k=1: each part of size 1 can be colored in 3 ways, so taking m copies of 1 gives a generating function of 3^m x^m.

But since in partitions, you can take any number of parts of size 1, the generating function for size 1 is Sum_{m=0}^∞ (3x)^m = 1/(1 - 3x).

Similarly, for size 2: Sum_{m=0}^∞ (3x^2)^m = 1/(1 - 3x^2).

Wait, but this would imply that the generating function is Product_{k=1}^∞ 1/(1 - 3x^k).

Wait, but this is the generating function for the number of partitions of n into parts each of which is colored in 3 ways. However, this generating function is actually for the number of ""colored"" partitions where each part is colored independently.

Wait, but in this model, the generating function is indeed Product_{k=1}^∞ 1/(1 - 3x^k). Wait, no: if you have m parts of size k, each colored in 3 ways, then the generating function for each k is Sum_{m=0}^∞ (3x^k)^m = 1/(1 - 3x^k). Wait, no: if you take m parts of size k, each colored in 3 ways, then the generating function for m parts would be (3x^k)^m, but since the parts are unordered, it's a single term.

Wait, no. For example, for size 1: each part of size 1 can be colored in 3 ways. So taking one part of size 1: 3x. Taking two parts of size 1: 3x * 3x = 9x^2? But in reality, in partitions, the order doesn't matter, so the generating function for size 1 is 1 + 3x + 9x^2 + 27x^3 + ... = 1/(1 - 3x).

Similarly, for size 2: 1 + 3x^2 + 9x^4 + 27x^6 + ... = 1/(1 - 3x^2).

So the total generating function is Product_{k=1}^∞ 1/(1 - 3x^k).

Wait, but this generating function counts the number of partitions of n into parts where each part is colored in 3 ways. Each part of size k contributes a factor of 3 for each copy.

But this sequence is known as the ""3-ary partitions"" or something else.

Wait, but according to this generating function, the coefficients are the number of partitions of n with each part colored in 3 ways.

However, this sequence is actually the same as the number of partitions of n into parts of size at least 1, with each part having a color. Which is a standard sequence.

But regardless, the sequence a(n) here is the sum over all partitions of n of 3^{number of parts}.

Now, the problem is that the given options"
406,"Okay, let's try to solve this problem. We need to find x such that 4x + 1, 4x + 4, and -4x - 49 are consecutive terms of an arithmetic sequence. 

First, I remember that in an arithmetic sequence, the difference between consecutive terms is constant. So, if a, b, c are consecutive terms of an arithmetic sequence, then b - a = c - b. That means 2b = a + c. That's the key property here. 

So, let's denote the three terms as a = 4x + 1, b = 4x + ื่, and c = -4x - 49. Since they are consecutive terms of an arithmetic sequence, the middle term should be the average of the other two. So, 2b = a + c.

Let me write that down:

2*(4x + 4) = (4x + 1) + (-4x - 49)

Let me compute the left side first: 2*(4x + 4) = 8x + 8

Right side: (4x + 1) + (-4x - 49) = 4x - 4x + 1 - 49 = -48

So, we have 8x + 8 = -48

Now, solve for x:

8x = -48 - 8 = -56

x = -56 / 8 = -7

Wait, let me check if that's correct. Let's verify with x = -7.

First term: 4*(-7) + 1 = -28 + 1 = -27

Second term: 4*(-7) + 4 = -28 + 4 = -24

Third term: -4*(-7) - 49 = 28 - 49 = -21

Wait, so the terms would be -27, -24, -21. Is that an arithmetic sequence? Let's check the differences.

Second term - first term: -24 - (-27) = 3

Third term - second term: -21 - (-24) = 3

Yes! The common difference is 3, so it is an arithmetic sequence. So x = -7 is correct.

Wait, but let me make sure I didn't make a mistake in the calculation. Let's go through the steps again.

Given three consecutive terms of an arithmetic sequence: a, b, c. Then 2b = a + c.

Here, a = 4x + 1, b = 4x + 4, c = -4x - 49.

So 2b = a + c => 2*(4x + 4) = (4x + 1) + (-4x - 49)

Left side: 8x + 8

Right side: 4x + 1 - 4x - 49 = (4x - 4x) + (1 - 49) = 0 - 48 = -48

So 8x + 8 = -48 => 8x = -56 => x = -7. That seems right.

Let me check with another approach. Suppose the common difference is d. Then the second term minus the first term is d, and the third term minus the second term is also d.

So, (4x + 4) - (4x + 1) = d

and

(-4x - 49) - (4x + 4) = d

Set them equal:

(4x + 4 - 4x - 1) = (-4x - 49 - 4x - 4)

Simplify left side: 3

Right side: -8x - 53

So 3 = -8x - 53

Then, -8x = 3 + 53 = 56 => x = -7. Same result.

Yes, that confirms it. So x is -7.

I think that's the answer. Let me just check once more with x = -7.

First term: 4*(-7) + 1 = -28 + 1 = -27

Second term: 4*(-7) + 4 = -28 + 4 = -24

Third term: -4*(-7) - 49 = 28 - 49 = -21

So the sequence is -27, -24, -21. The difference is 3 each time, so it's an arithmetic sequence with common difference 3. Perfect, that works.

So the answer is x = -7.
</think>

To solve the problem, we are given three expressions:

$$
4x + 1,\quad 4x + 4,\quad -4x - 49
$$

and told that these are **consecutive terms** of an **arithmetic sequence**. Our goal is to find the value of $ x $.

---

### Step 1: Use the property of arithmetic sequences

In any arithmetic sequence, the **middle term** is the **average** of the two outer terms. That is:

$$
\text{If } a,\ b,\ c \text{ are consecutive terms of an arithmetic sequence, then } 2b = a + c
$$

Apply this to our terms:

Let:
- $ a = 4x + 1 $
- $ b = 4x + 4 $
- $ c = -4x - 49 $

Then:

$$
2(4x + 4) = (4x + 1) + (-4x - 49)
$$

---

### Step 2: Simplify both sides

**Left-hand side:**

$$
2(4x + 4) = 8x + 8
$$

**Right-hand side:**

$$
(4x + 1) + (-4x - 49) = 4x - 4x + 1 - 49 = -48
$$

So now we have:

$$
8x + 8 = -48
$$

---

### Step 3: Solve for $ x $

$$
8x = -48 - 8 = -56 \\
x = \frac{-56}{8} = -7
$$

---

### Step 4: Verify the solution

Plug $ x = -7 $ into the original expressions:

- First term: $ 4(-7) + 1 = -28 + 1 = -27 $
- Second term: $ 4(-7) + 4 = -28 + 4 = -24 $
- Third term: $ -4(-7) - 49 = 28 - 49 = -21 $

So the sequence becomes:

$$
-27,\ -24,\ -21
$$

Check the common difference:

- $ -24 - (-27) = 3 $
- $ -21 - (-24) = 3 $

The common difference is consistent at 3, confirming that these are indeed consecutive terms of an arithmetic sequence.

---

### Final Answer

$$
\boxed{-7}
$$"
407,"Okay, let's try to figure out this problem step by step. So, we need to use the Huffman algorithm to build an optimal binary tree for the given weights: 7, 8, 10, 12, 13, 14. Then calculate W(T), which I think is the weighted path length sum. The transmission frequencies are given as percentages: 7%, 8%, etc., so these correspond to the weights. We need to find the minimum weighted path length sum, which is the sum of each character's frequency multiplied by its code length.

First, let me recall how Huffman coding works. The Huffman tree is built by repeatedly combining the two smallest frequencies into a node until only one node remains. Each time we combine two nodes, we add their weights to get the new weight. The total weighted path length (W(T)) is the sum of all the internal nodes' weights? Wait, no. Wait, actually, in Huffman coding, the weighted path length for each leaf is the depth of the leaf times its frequency. Then W(T) here probably refers to the sum over all leaves of (frequency * depth). Which is exactly what we need to compute here.

So the problem says ""find the minimum weighted path length sum"". So that's the sum of (each symbol's frequency * its code length).

Given the frequencies: 7, 8, 10, 12, 13, 14 (as percentages, but since we're dealing with relative weights, the actual percentages might not matter because we can work with the numbers as weights). Wait, but in Huffman coding, we use the weights as given (the frequencies), so we can just take the numbers 7,8,10,12,13,14 as the weights.

Let me list the weights in order: 7, 8, 10, 12, 13, 14.

We need to build the Huffman tree.

Step 1: Take the two smallest weights: 7 and 8. Combine them into a new node with weight 15 (7+8). Now our list becomes [10, 12, 13, 14, 15]

Step 2: Next two smallest: 10 and 12. Combine to 22. Now list: [13,14,15,22]

Step 3: Next two: 13 and 14. Combine to 27. List becomes [15,22,27]

Step 4: Next two: 15 and 22. Combine to 37. List: [27,37]

Step 5: Combine 27 and 37 to get 64.

But wait, maybe I did the steps wrong. Let me check again.

Wait, the standard Huffman algorithm:

Start with the sorted list: 7,8,10,12,13,14

First pass: merge 7 and 8 → 15. Now list: 10,12,13,14,15

Second pass: merge 10 and 12 → 22. Now list:13,14,15,22

Third pass: merge 13 and14 →27. Now list:15,22,27

Fourth pass: merge 15 and22 →37. Now list:27,37

Fifth pass: merge 27 and37 →64.

But the internal nodes are 15,22,27,37,64. Wait, but the weighted path length sum (W(T)) is the sum of all the internal nodes? Or is it the sum of (each leaf's weight * depth)?

Wait, I think in Huffman coding, the total cost (weighted path length) is equal to the sum of all internal nodes. Wait, no. Let me recall.

For example, if you have a tree where the leaves have depths d_i, then the total weighted path length is sum(f_i * d_i). And in the Huffman tree construction, each time you merge two nodes, you add their weights to the total cost. Wait, yes! Actually, the sum of all internal nodes equals the total weighted path length.

Wait, here's a key point: When building the Huffman tree, the total cost (sum of f_i * depth_i) is equal to the sum of all the internal nodes created during the process.

Wait, no. Wait, suppose we have two leaves merged: their combined weight is added once. Then when they are merged again, their combined weight is added again. Hmm.

Wait, let's take an example. Suppose we have three symbols: A(1), B(2), C(3). Build Huffman tree.

First merge A and B (1+2=3). Now we have nodes: 3 (AB), 3 (C). Then merge AB and C (3+3=6). The tree would be root (6), left child AB (3), right child C (3). Then the depths: A and B have depth 1, C has depth 0? Wait, no. Wait, in Huffman coding, the tree is built such that the leaves are at the bottom. Wait, no, the tree is a binary tree where each merge adds a level.

Wait, perhaps better to do a concrete example.

Take weights 7,8,10,12,13,14.

Let me try to build the tree step by step.

First, sort the list: [7,8,10,12,13,14]

Step 1: Merge 7 and 8 → 15. New list: [10,12,13,14,15]

Step 2: Merge 10 and 12 →22. New list: [13,14,15,22]

Step 3: Merge 13 and14 →27. New list: [15,22,27]

Step 4: Merge 15 and22 →37. New list: [27,37]

Step 5: Merge 27 and37 →64.

Now, the internal nodes are 15,22,27,37,64. Wait, but the total weighted path length sum (sum of f_i * depth) is equal to the sum of all the internal nodes except the root?

Wait, no. Let's see.

In the Huffman tree, each time you merge two nodes, you add their weights to the total cost. For example, in the process of building the tree, the total cost (the sum of all the internal nodes) is equal to the sum of (f_i * depth_i).

Wait, here's a method: The total cost is the sum of all the internal nodes. Let's see.

In the first merge: 7 and 8 become 15. This contributes 7 + 8 = 15 to the total cost.

Then merging 10 and 12 gives 22, contributing 10 +12=22.

Then merging 13 and14 gives 27, contributing 13+14=27.

Then merging 15 and22 gives 37, contributing 15+22=37.

Then merging 27 and37 gives 64, contributing 27+37=64.

Wait, but the total cost (sum of f_i * depth) is equal to the sum of all the internal nodes except the root? Or including?

Wait, according to some references, the total cost (the sum of the depths multiplied by frequencies) is equal to the sum of all the internal nodes. Wait, let's take a simple example.

Suppose we have two symbols: A(1), B(2). The Huffman tree is a root with two children. The depths are both 1. So total cost is 1*1 + 2*1 = 3. The internal nodes sum is 1+2=3. So yes, in this case, the total cost equals the sum of all internal nodes (which is 3 here). Wait, but in this case, the root is 3, but the internal nodes sum here would be 3 (the root is also an internal node? Hmm.)

Wait, in the process of building the tree, each merge creates a new internal node whose weight is the sum of the two merged nodes. So in the two-symbol case, we have one internal node (the root) with weight 3. So the sum of all internal nodes (excluding the root?) Hmm, confusing.

Wait, another approach. Let's take the example of three symbols: A(1), B(2), C(3).

Huffman tree: merge A and B into a node with weight 3. Then merge that with C (weight 3). So the tree has root (6), left child (3), right child (C=3). The left child (3) splits into A and B.

The depths: A and B have depth 1, C has depth 0? Wait, no. Wait, in a Huffman tree, the tree is built such that the leaves are at the end. Wait, no. Wait, in Huffman coding, the tree is a full binary tree where each leaf is a symbol, and the depth of the leaf is the code length.

In this example, the tree would have C as the root (depth 0), but no. Wait, no. Wait, the Huffman tree is built by merging the two smallest frequencies. So for three symbols, the tree will have two levels.

Wait, let's build it properly.

Symbols: A(1), B(2), C(3).

Sort: 1,2,3.

Merge 1 and 2 → 3. Now list: 3,3.

Merge those two →6.

So the tree has root (6), left child (3) which is A and B, right child (C=3).

So the tree structure:

Root (6)

Left: 3 (A and B)

Right: C (3)

But the left child (3) splits into A and B.

So the depths: A and B have depth 1, C has depth 1? Wait, no. Wait, in this tree, the depth of C is 1 (since it's one edge from root), same as A and B. Wait, no. Wait, the tree is:

Root (6)

Left child: A (1) and B (2) → no, wait, the merge of A and B creates a node of weight 3. So the tree is:

Root (6)

Left: node X (weight 3)

Right: C (weight 3)

Node X splits into A and B.

So the path from root to A is two edges? No, wait. Wait, no. In Huffman coding, the tree is built such that each merge adds a level.

Wait, confusion arises. Let's think about the code lengths.

In this tree, A and B have code length 1 (since they are directly under the root), and C also has code length 1? Wait, no. Wait, no. Wait, if the tree is:

Root (6)

Left: A (1)

Right: B (2) and C (3) ?

No, that's not correct.

Wait, no. Let's do it step by step.

Start with three symbols: A, B, C.

First merge A and B (smallest two: 1 and 2). So create a new node AB with weight 3.

Now we have two nodes: AB (3) and C (3).

Merge AB and C → ACB (6).

So the tree is:

Root (6)

Left: AB (3)

Right: C (3)

AB splits into A and B.

Therefore, the tree has:

Root → AB (left) and C (right).

So the code lengths: A and B have code length 1 (from root to AB), and then AB splits into A and B. Wait, no. Wait, code length is the number of edges from the root to the leaf.

So in this tree:

- A: root → AB → A. So two edges? Wait, no. Wait, in this tree, the AB node is a parent of A and B. So the path from root to A is root → AB → A. So two edges? Wait, no. Wait, the tree is:

Root (6)

|

|

AB (3)

/   \

A     B

and

C (3)

Wait, no. Wait, the tree is:

Root (6) has two children: AB (3) and C (3).

AB (3) has two children: A (1) and B (2).

So the path from root to A is two edges (root → AB → A), so code length 2.

Similarly, B has code length 2.

C has code length 1 (root → C).

Wait, that's different.

Wait, no. Wait, in Huffman coding, the tree is built such that the code lengths are the depth of the leaves.

In this case, the tree has:

- C is at depth 1 (root to C)

- A and B are at depth 2 (root to AB to A/B)

So code lengths: C:1, A:2, B:2.

Total weighted path length: 1*2 + 2*2 + 3*1 = 2 +4 +3=9.

But according to the internal nodes sum: the merges were 1+2=3 (first merge), then 3+3=6 (second merge). So sum of internal nodes is 3 +6=9. Which matches the total weighted path length.

Ah! So in this example, the total weighted path length (sum of f_i * depth_i) equals the sum of all the internal nodes (the merged weights).

In the first merge: 1+2=3 (this is the weight of the internal node AB)

Second merge: 3+3=6 (internal node ACB)

Total internal nodes sum: 3 +6 =9, which equals the total weighted path length (sum of f_i * depth_i).

So yes, in general, the total weighted path length is equal to the sum of all the internal nodes created during the Huffman tree construction.

Therefore, in our problem, we need to compute the sum of all the internal nodes (the merged weights) which equals W(T), the weighted path length sum.

So in the problem statement, they say ""calculate W(T)"" where T is the optimal binary tree. So we need to sum all the internal nodes.

Wait, but in the previous example, the total internal nodes sum was 9, which was equal to the weighted path length.

So yes, W(T) = sum of all internal nodes (each merge's sum).

So let's go back to the problem.

Given weights: 7,8,10,12,13,14.

Let's build the Huffman tree step by step, writing down each merge's sum.

Step 1: Merge 7 and 8 → sum =15. Current list: [10,12,13,14,15]

Step 2: Merge 10 and12 → sum=22. Current list: [13,14,15,22]

Step 3: Merge 13 and14 → sum=27. Current list: [15,22,27]

Step 4: Merge 15 and22 → sum=37. Current list: [27,37]

Step 5: Merge 27 and37 → sum=64.

So the internal nodes sums are: 15,22,27,37,64.

Wait, but in the previous example, we had two merges: first sum=3, second sum=6. Total internal nodes sum=9. So in this problem, we need to sum all the intermediate sums (the merged weights) except the final root? Wait, no.

Wait, in the previous example with three symbols, we had two merges: first merge sum=3, second merge sum=6. Total internal nodes sum=3+6=9. But in reality, the internal nodes are the two merged nodes: AB (3) and ACB (6). So the sum of internal nodes is 3 +6 =9.

But in the tree, there are two internal nodes (AB and ACB). So in the problem, we need to sum all the merged weights (the internal nodes) which are 15,22,27,37,64? Wait, no.

Wait, in the three-symbol example, there were two merges (two internal nodes: AB and ACB). So the sum of internal nodes is 3 +6 =9.

In our problem, with six symbols, there should be five merges (since starting with six leaves, each merge reduces the count by one; so five merges to get to one root). So five internal nodes (the merged sums). Wait, no: each merge creates one internal node. Starting with six nodes, after five merges, we have one root. So there are five internal nodes (the merged nodes). Wait, no: in the three-symbol example, two merges (three nodes to one), so two internal nodes. So yes, for n symbols, n-1 merges. So here n=6, so five merges. Therefore, five internal nodes.

Wait, but in my earlier step-by-step, I listed five steps (step 1 to step5), which is five merges. So the sums we calculated are: 15,22,27,37,64. Wait, no: step 1: 15; step2:22; step3:27; step4:37; step5:64. So five merges, each time adding a new sum. So the total internal nodes sum is 15 +22 +27 +37 +64? Wait, no. Wait, in the previous example with three symbols, two merges: sums 3 and 6. Total sum 9. So in our problem, we need to sum all the merge sums.

Wait, but in the three-symbol example, the total weighted path length was 9, which was the sum of the merge sums (3 +6 =9). So yes, in general, the total weighted path length is the sum of all the merge weights (the internal nodes).

But in our problem, the question says ""calculate W(T)"". So we need to sum all the merge weights.

Wait, but in the step-by-step above, the merges are:

1. 7+8=15

2. 10+12=22

3. 13+14=27

4. 15+22=37

5. 27+37=64

So the merge sums are 15,22,27,37,64. Wait, no: each merge sum is the weight of the new internal node. So the first merge gives a node of weight 15, second gives 22, third gives 27, fourth gives 37, fifth gives 64. So total sum of internal nodes (the merge sums) is 15 +22 +27 +37 +64? Wait, no. Wait, in the three-symbol example, the total weighted path length was equal to the sum of the merge sums (3 +6 =9). So in that case, the two merge sums (3 and 6) sum to 9.

But in our problem, we have five merges, so five merge sums. Wait, no: in the three-symbol example, two merges. So for six symbols, five merges. So the total sum of the merge weights (the internal nodes) is 15 +22 +27 +37 +64? Wait, no. Wait, no. Wait, in the process, each merge sum is added to the total.

Wait, in the three-symbol example:

First merge: sum =3 (added to total)

Second merge: sum =6 (added to total)

Total sum =3+6=9.

Similarly, in our problem:

After first merge: total sum +=15

After second merge: total sum +=22

After third merge: total sum +=27

After fourth merge: total sum +=37

After fifth merge: total sum +=64

Wait, but the total weighted path length is equal to the sum of all the merge sums. So in this case, total W(T) =15 +22 +27 +37 +64 ?

Wait, but in the three-symbol example, the total was 3 +6 =9. So yes, each merge sum is added to the total.

But wait, in the problem statement, they say ""find the minimum weighted path length sum"". Which is exactly this total sum.

Wait, but in the three-symbol example, the total weighted path length was 9. So in our problem, we need to compute the sum of all the merge weights.

Wait, but hold on. Let's recast the problem.

The weighted path length sum is sum_{i} (f_i * depth_i). In the Huffman tree, this sum is equal to the sum of all the internal nodes (the merge sums). Wait, in the three-symbol example, sum was 9, which was equal to the sum of the two merge sums (3 and 6). So yes.

Therefore, in our problem, we need to sum all the merge weights.

So let's compute:

First merge: 7+8=15

Second merge:10+12=22

Third merge:13+14=27

Fourth merge:15+22=37

Fifth merge:27+37=64

So the merge sums are 15,22,27,37,64.

Wait, but in the process, the total weighted path length is the sum of all the merge sums except the last one? Or all of them?

Wait, no. In the three-symbol example, the total weighted path length was 9 =3+6. So all merge sums.

So in our problem, sum all the merge sums (all the internal nodes created during the process).

But in the process, each merge sum is added to the total. So total W(T) = sum of all merge sums.

Wait, in the three-symbol example, it's 3 +6 =9.

So in our problem, sum all the merge sums: 15 +22 +27 +37 +64.

Wait, but wait, the fifth merge sum is 64, which is the root. Do we include it?

In the three-symbol example, the root (6) was included in the sum (it was the last merge sum). So yes, in the example, the total sum was 3 (first merge) +6 (second merge)=9.

So in our problem, we need to sum all the merge sums, which are 15,22,27,37,64. Wait, no: in the three-symbol example, there"
408,"Okay, let's tackle these repeating decimal problems one by one. I need to convert each into a fraction and make sure it's reduced to the lowest terms. Let me start with the first one: 0.581658165816582...

Wait, hold on, the problem says ""0.581658165816582..."" but the ellipsis might be a typo? Because the repeating part is usually indicated by a bar over the digits. Let me check the problem statement again.

The user wrote: ""0.581658165816582..."" – the ""2"" at the end might be a mistake in the problem statement. Wait, no, maybe it's a repeating sequence. Let's see. The first one is 0.581658165816582... – so the repeating part is ""5816""? Wait, 0.581658165816582... – the digits after the decimal are 5,8,1,6,5,8,1,6,5,8,1,6,... but then it ends with a 2? Hmm, that's confusing. Maybe the problem meant 0.\overline{5816} but written with a decimal point and a few digits. Wait, the problem says ""repeating decimal"", so the ... indicates repetition. Let me think.

Wait, the second one is 0.0301730173017302... – here, the ""3017"" repeats? Let's parse each problem carefully.

First problem: 0.581658165816582... – the ""5816"" seems to repeat, but the last digit is a 2? That's probably a typo in the problem statement. Maybe it's supposed to be 0.\overline{5816}, but written as 0.581658165816... (with the 2 being a mistake). Similarly for the others.

Let me take the first one: 0.581658165816... (so the repeating part is ""5816"", which is four digits long). Let's assume that the problem statement has a typo where the last digit is written as 2 instead of the repeating digit. So 0.\overline{581ื่} – wait, 5816 repeated.

Similarly, the second one: 0.0301730173017302... – here, ""03017"" repeats? Wait, 0.0301730173017302... – so after the decimal, it's 0,3,0,1,7,3,0,1,7,3,0,1,7,... but then it ends with a 2? Probably a typo. Maybe it's 0.\overline{03017} or something. Wait, the problem says ""repeating decimal"", so the pattern repeats.

Let me try to figure out the repeating cycle for each.

First problem: 0.581658165816582... – the sequence ""5816"" repeats, so the decimal is 0.\overline{5816}. But the problem writes it as ending with 2, which is probably a mistake. Let's go with 0.\overline{5816}.

Second problem: 0.0301730173017302... – here, ""03017"" repeats? Wait, 0.0301730173017302... – the digits after decimal: 0,3,0,1,7,3,0,1,7,3,0,1,7,... so the repeating part is ""03017"" (five digits) but the problem writes it as ending with 2, which is likely a typo. So 0.\overline{03017}.

Third problem: 0.574574574574575... – this one looks like 0.\overline{574}, since ""574"" repeats. The ""5"" at the end is a typo, so 0.\overline{574}.

Fourth problem: 0.0653653653653654... – here, ""0653"" repeats? Wait, 0.0653653653653654... – so after decimal: 0,6,5,3,6,5,3,6,5,3,... but written as 0.0653653653653654... So the repeating part is ""653"" starting from the second decimal place? Wait, 0.065365365365... so it's 0.0 followed by ""653"" repeating. So 0.0\overline{653}.

Fifth problem: 0.428428428428428... – this is a classic repeating decimal: 0.\overline{428}, so the repeating part is ""428"".

Let me confirm each:

1. 0.\overline{5816} – but the problem says 0.581658165816582... – so the ""2"" is probably a typo, maybe it's supposed to be 0.581658165816... (with the 2 being a mistake in the problem statement).

2. 0.0301730173017302... – here, the ""3017"" repeats, but there's a ""0"" at the beginning. So 0.0\overline{3017}? Wait, 0.0301730173017... so it's 0.0 followed by ""3017"" repeating. So the decimal is 0.0\overline{3017}.

3. 0.574574574574575... – this is 0.\overline{574}, since ""574"" repeats.

4. 0.0653653653653654... – here, it's 0.065365365365..., so the ""653"" repeats after the first two digits. So it's 0.0\overline{653}.

5. 0.428428428428... – this is 0.\overline{428}, so 428 repeating.

Okay, let's solve each one step by step.

Starting with the fifth problem because it's the simplest: 0.428428428428... = 0.\overline{428}

Let x = 0.\overline{428}

Multiply both sides by 1000 (since the repeating cycle is 3 digits):

1000x = 428.\overline{428}

Subtract x from this:

1000x - x = 428.\overline{428} - 0.\overline{428}

999x = 428

So x = 428 / 999

Check if this reduces. Let's see: 428 and 999.

Factors of 428: 4*107 = 428 (since 4*100=400, 4*7=28, so 4*107=428). 107 is prime.

Factors of 999: 9*111=9*3*37=3^3*37.

428 = 4*107, 999=9*111=9*3*37=27*37. No common factors between 428 and 999. So 428/999 is reduced.

Wait, 428 divided by 4 is 107, 999 divided by 3 is 333, etc. Let's check GCD(428,999).

Compute GCD(999,428):

999 ÷ 428 = 2 times (2*428=856), remainder 999-856=143

GCD(428,143):

428 ÷ 143 = 2 times (286), remainder 428-286=142

GCD(143,142):

143 ÷ 142 = 1, remainder 1

GCD(142,1)=1. So GCD is 1. Therefore, 428/999 is reduced.

So fifth problem answer: 428/999.

Now the fourth problem: 0.0653653653653654... – assuming it's 0.0\overline{653}, i.e., 0.065365365365...

Let me write it as x = 0.065365365365...

So x = 0.065365365365...

The repeating part starts at the second decimal place? Wait, 0.0 (then 653 repeating). So the decimal is 0.0 followed by ""653"" repeating.

So x = 0.065365365365...

Let me multiply by 100 to shift two decimal places (since the first non-repeating part is one zero, but actually, the ""0"" is before the repeating part. Wait, 0.065365365... means that the first digit after decimal is 0, second is 6, third is 5, fourth is 3, fifth is 6, sixth is 5, seventh is 3, etc. So the repeating part starts at the second decimal place. So the non-repeating part is ""0"" (one digit), and the repeating part is ""653"" (three digits).

Wait, standard method: for decimals with a non-repeating part and a repeating part, we can use algebra.

Let x = 0.065365365365...

So x = 0.065365365365...

Multiply x by 1000 to shift three digits (the repeating part length):

1000x = 65.365365365365...

But wait, the original x is 0.065365..., so 1000x = 65.365365...

Wait, no: 0.065365... * 1000 = 65.365365...

Yes, because 0.065365 * 1000 = 65.365365...

Then, subtract x from 1000x:

1000x - x = 65.365365... - 0.065365...

999x = 65.365365... - 0.065365... = 65.365365... - 0.065365... = 65.3

Wait, no, that's not right. Wait, 1000x = 65.365365...

And x = 0.065365...

So 1000x - x = 999x = 65.365365... - 0.065365... = 65.3

Wait, 65.365365... minus 0.065365... is 65.3?

Wait, 65.365365... - 0.065365... = 65.3

Yes, because 65.365365... is 65 + 0.365365..., and 0.065365... is 0.065365..., so 65.365365... - 0.065365... = 65.3.

Wait, 0.365365... - 0.065365... = 0.3, so total 65 + 0.3 = 65.3.

Therefore, 999x = 65.3

But 65.3 is 653/10, so 999x = 653/10

Thus, x = 653/(10*999) = 653/9990

Wait, let's verify.

Let me do it step by step.

Let x = 0.065365365365...

So x = 0.065365365365...

Multiply x by 1000 (to move past the first three digits? Wait, the repeating part is three digits: 653.

Wait, the decimal is 0.0 6 5 3 6 5 3 6 5 3...

So positions:

1: 0

2: 6

3: 5

4: 3

5: 6

6: 5

7: 3

etc.

So the repeating part starts at position 2, with period 3.

To convert this, we can use the formula for repeating decimals with a prefix.

Let me recall: if a decimal has a non-repeating part of length m and a repeating part of length n, then we can write it as:

x = (repeating part - non-repeating part) / (10^n - 10^m)

But maybe better to do algebra.

Let x = 0.065365365365...

Multiply x by 1000 (since the repeating part is 3 digits):

1000x = 65.365365365365...

Now, subtract x from 1000x:

1000x - x = 999x = 65.365365... - 0.065365... = 65.3

Wait, 65.365365... minus 0.065365... is 65.3.

Yes, because 65.365365... is 65 + 0.365365..., and 0.065365... is 0.065365..., so 0.365365... - 0.065365... = 0.3, so total 65 + 0.3 = 65.3.

Therefore, 999x = 65.3

Convert 65.3 to fraction: 65.3 = 653/10

So 999x = 653/10

Thus, x = 653/(10*999) = 653/9990

Now check if 653 and 9990 have common factors.

653: let's see if it's prime. 653 ÷ 2? No. 653 ÷ 3? 6+5+3=14, not divisible by 3. 5? Ends with 3, no. 7? 7*93=651, 653-651=2, so no. 11? 11*59=649, 653-649=4, not divisible by 11. 13? 13*50=650, 653-650=3, not divisible. 17? 17*38=646, 653-646=7, nope. 19*34=646, same. So 653 is a prime number (I think). Let's check 23: 23*28=644, 653-644=9, not divisible. 29*22=638, 653-638=15, not divisible. So 653 is prime. 9990 factors: 9990 = 999*10 = 9*111*10 = 9*3*37*2*5 = 2*3^3*5*37. 653 is prime and doesn't divide into 2,3,5,37, so 653/9990 is reduced.

So fourth problem answer: 653/9990.

Wait, but let's confirm with another method. Let's write x = 0.065365365...

So x = 0.0 + 0.065365365... = 0.0 + (653/9990) ? Wait, no.

Alternatively, x = 653/9990. Let's check 653/9990.

653 ÷ 9990 ≈ 0.065365365..., yes, because 653*10 = 6530, 6530/9990 ≈ 0.653653..., so 653/9990 ≈ 0.065365365... Correct.

Okay, fourth problem: 653/9990.

Third problem: 0.574574574574575... – this is 0.\overline{574}, so repeating every 3 digits.

Let x = 0.\overline{574}

Multiply by 1000: 1000x = 574.\overline{574}

Subtract x: 1000x - x = 999x = 574

So x = 574/999

Check if reducible. GCD(574,999).

574 factors: 2*287 = 2*7*41 (since 287 ÷ 7 = 41, 7*41=287)

999 = 9*111 = 9*3*37 = 3^3*37

So 574 = 2*7*41, 999 = 3^3*37. No common factors. So 574/999 is reduced.

Wait, 574 ÷ 2 = 287, 999 ÷ 2 = 499.5, so no. So yes, 574/999 is reduced.

So third problem answer: 574/999.

Second problem: 0.0301730173017302... – assuming it's 0.0\overline{3017}, i.e., 0.03017301730173017...

Wait, the problem says 0.0301730173017302... – so the ""3017"" repeats, but there's a ""0"" at the beginning. So the decimal is 0.0 followed by ""3017"" repeating.

So x = 0.03017301730173017...

Let's write it as x = 0.0301730173017...

The repeating part is ""3017"" (four digits), starting at the second decimal place.

So to convert this, we can use the same method.

Let x = 0.0301730173017...

Multiply by 10000 (since the repeating part is 4 digits) to shift four places:

10000x = 301.7301730173017...

Wait, no: x = 0.0 3 0 1 7 3 0 1 7 3 0 1 7...

So positions:

1: 0

2: 3

3: 0

4: 1

5: 7

6: 3

7: 0

8: 1

9: 7

etc.

So the repeating part starts at position 2, with period 4.

To handle this, we can multiply x by 10 to move past the first non-repeating digit (the '0'):

10x = 0.3017301730173017...

Now, 10x has a repeating part of 4 digits starting immediately.

So 10x = 0.\overline{3017}

Now, let y = 10x = 0.\overline{"
409,"Okay, let's try to figure out how to do this interval estimate problem. The question is about finding interval estimates at a 96.2% significance level for a single value of y when x=3 and for the mean value of y when x=3. 

First, I need to recall what these interval estimates are called. For a single value, that's a prediction interval, right? And for the mean value, it's a confidence interval. So we need to calculate both a prediction interval (for a new observation) and a confidence interval (for the mean response) at 96.2% confidence.

First, let's list out the data points: (x, y) = (-1, -3), (2, 2), (5, ื่), (9, 7), (10, 10). Wait, the third point is written as (5,5)? Wait, the user wrote: ""(-1,-3), (2,2), (5,5), (9,7), (10,10)"". Oh, so the third point is (5,5). Got it.

So n = 5 data points.

First, let's compute some basic statistics: mean of x, mean of y, variance of x, variance of y, covariance between x and y, etc. Because we need to do linear regression here, since we're predicting y given x.

Let me write down the x and y values:

x: -1, 2, 5, 9, 10

y: -3, 2, 5, 7, 10

First, compute the means:

n = 5

Mean of x, denoted as x̄:

x̄ = (-1 + 2 + 5 + 9 + 10)/5 = (15)/5 = 3. So x̄ = 3.

Wait, that's convenient! The x we're interested in is x=3, which is exactly the mean of x. That might simplify things later.

Mean of y, ȳ:

ȳ = (-3 + 2 + 5 + 7 + 10)/5 = (11)/5 = 2.2. So ȳ = 2.2.

Now, let's compute the slope (b1) and intercept (b0) for the regression line.

First, compute the sums needed for regression:

Sum of x: Σx = 15 (as above)

Sum of y: Σy = 11 (as above)

Sum of xy: Σxy = (-1)(-3) + (2)(2) + (5)(5) + (9)(7) + (10)(10) = 3 + 4 + 25 + 63 + 100 = 195

Sum of x squared: Σx² = (-1)² + 2² + 5² + 9² + 10² = 1 + 4 + 25 + 81 + 100 = 211

Sum of y squared: Σy² = (-3)² + 2² + 5² + 7² + 10² = 9 + 4 + 25 + 49 + 100 = 187

Now, the regression coefficients:

b1 = [nΣxy - ΣxΣy] / [nΣx² - (Σx)²]

Let's compute numerator and denominator.

n = 5

Numerator: 5*195 - 15*11 = 975 - 165 = 810

Denominator: 5*211 - (15)² = 1055 - 225 = 830

So b1 = 810 / 830 ≈ 0.975903614

Then b0 = ȳ - b1x̄ = 2.2 - (0.975903614)(3) ≈ 2.2 - 2.92771084 ≈ -0.72771084

So the regression line is ŷ = -0.7277 + 0.9759x

Now, we need to find the interval estimates for x=3.

First, let's recall the formulas for confidence intervals and prediction intervals.

For a confidence interval for the mean response at a specific x value (x0), the formula is:

ȳ0 ± t*(1 - α/2, n-2) * s * sqrt(1/n + (x0 - x̄)² / Sxx)

Where s is the standard error of the estimate (residual standard deviation), Sxx is the sum of squares of deviations of x from its mean, i.e., Sxx = Σ(x_i - x̄)² = Σx² - (Σx)²/n = 211 - (15)²/5 = 211 - 225/5 = 211 - 45 = 166. Wait, let's check:

Sxx = Σ(x_i - x̄)² = Σx_i² - (Σx_i)²/n = 211 - (15)²/5 = 211 - 225/5 = 211 - 45 = 166. Correct.

Similarly, the residual sum of squares (SSr) = Σ(y_i - ŷ_i)², which is the sum of squared residuals.

We can compute SSr:

First, compute ŷ_i for each x_i:

For x=-1: ŷ = -0.7277 + 0.9759*(-1) ≈ -0.7277 - 0.9759 ≈ -1.7036

Residual: y - ŷ = -3 - (-1.7036) = -1.2964, squared: ≈ 1.6807

x=2: ŷ = -0.7277 + 0.9759*2 ≈ -0.7277 + 1.9518 ≈ 1.2241

Residual: 2 - 1.2241 = 0.7759, squared: ≈ 0.6020

x=5: ŷ = -0.7277 + 0.9759*5 ≈ -0.7277 + 4.8795 ≈ 4.1518

Residual: 5 - 4.1518 = 0.8482, squared: ≈ 0.7195

x=9: ŷ = -0.7277 + 0.9759*9 ≈ -0.7277 + 8.7831 ≈ 8.0554

Residual: 7 - 8.0554 = -1.0554, squared: ≈ 1.1139

x=10: ŷ = -0.7277 + 0.9759*10 ≈ -0.7277 + 9.759 ≈ 9.0313

Residual: 10 - 9.0313 = 0.9687, squared: ≈ 0.9386

Now, sum of squared residuals (SSr) = 1.6807 + 0.6020 + 0.7195 + 1.1139 + 0.9386 ≈ 5.0547

So the residual mean square (s²) = SSr / (n - 2) = 5.0547 / 3 ≈ 1.6849

Thus, s = sqrt(1.6849) ≈ 1.298

Now, for the confidence interval for the mean response at x=3 (which is x̄, since x̄=3), the formula simplifies because (x0 - x̄) = 0.

So the confidence interval for the mean is:

ȳ0 ± t*(1 - α/2, n-2) * s * sqrt(1/n + 0) = ȳ0 ± t*(α/2, n-2) * s / sqrt(n)

Wait, no: the standard error for the mean response is s * sqrt(1/n + (x0 - x̄)² / Sxx). Since x0 = x̄, the second term is zero, so it's s * sqrt(1/n).

Wait, let's recall the exact formula.

The standard error for the mean response at x0 is:

SE_mean = s * sqrt(1/n + (x0 - x̄)² / Sxx)

Since x0 = x̄, (x0 - x̄) = 0, so SE_mean = s / sqrt(n)

For the prediction interval (for a single value), the standard error is:

SE_pred = s * sqrt(1/n + (x0 - x̄)² / Sxx) = s * sqrt(1/n + (0)² / Sxx) = s / sqrt(n) ? Wait, no, wait: no, for prediction interval, it's actually s * sqrt(1 + 1/n + (x0 - x̄)² / Sxx). Wait, yes!

I think I confused the two.

Let me clarify:

For a confidence interval for the mean response (μ_y|x0), the formula is:

ŷ0 ± t*(1 - α/2, n-2) * s * sqrt(1/n + (x0 - x̄)² / Sxx)

For a prediction interval for a new observation (y0), it's:

ŷ0 ± t*(1 - α/2, n-2) * s * sqrt(1 + 1/n + (x0 - x̄)² / Sxx)

Yes, that's correct. So the prediction interval has an extra 1 under the square root, making it wider.

So first, let's compute the necessary components.

We have n = 5, so degrees of freedom for t is n - 2 = 3.

The problem states a 96.2% significance level. Wait, significance level is usually the alpha, but here it's 96.2% confidence level. So the confidence level is 96.2%, which means the alpha is 1 - 0.962 = 0.038, so alpha/2 = 0.019.

Wait, but t-tables usually have common confidence levels like 90%, 95%, 99%. 96.2% is a bit unusual. Wait, maybe 96.2% corresponds to a specific t-value? Let's think.

Wait, 96.2% confidence level: the critical t-value would be such that P(T < t) = 0.962, so the area in the upper tail is 0.038, so the critical value is t with 0.038 in the upper tail.

But with df=3, the t-values are:

df=3: t_0.05 (95% CI) is 2.353, t_0.025 (95% CI) is 3.182, t_0.01 (99%) is 3.707, t_0.005 (99.5%) is 4.541.

Wait, 96.2% confidence: the two-tailed alpha is 0.038, so each tail is 0.019. So we need t_0.019, df=3.

Looking up t-tables: for df=3, the critical values:

t_0.10 (90% CI) is 1.638

t_0.05 (95% CI) is 2.353

t_0.025 (95% CI) is 3.182

t_0.01 (99% CI) is 3.707

t_0.005 (99.5% CI) is 4.541

Hmm, 96.2% is close to 96% or 96.5%, but maybe the problem is designed so that the critical t-value is a nice number. Wait, 96.2% confidence: 1 - 0.038 = 0.962, so the middle 96.2% is the confidence interval. Maybe it's related to the normal distribution?

Wait, 96.2% is approximately the area under the normal curve for z=2.0 (since 95.4% is about 2σ, 95.4% is 2 standard deviations, but 96.2% is a bit higher). Wait, 96.2% is close to 96%, which is 2*0.02, so maybe z=2.0? Wait, the z-score for 96.2% is approximately 2.0, because the area from -2 to 2 in normal is about 95.4%, so 96.2% is a bit more. Wait, actually, the exact z-score for 96.2% is about 1.75? Wait, no.

Wait, let's recall that the 95% confidence interval uses z=1.96, 99% uses z=2.576. 96.2% is a bit less than 99%, so maybe it's a z-score of 2.0? Let's check.

The cumulative probability for z=2.0 is 0.9772, so 97.72% on one side, so 95.44% total (since 95.44% is within ±2σ). Wait, no, 95.44% is the area between -2 and 2 in the normal distribution.

Wait, the problem says ""at a 96.2% significance level"". Wait, no, significance level is different from confidence level. Wait, the problem says ""interval estimates (at a 96.2% significance level)"". Wait, that's confusing. Usually, confidence level is the percentage we want, and significance level is the alpha for hypothesis testing.

Wait, maybe it's a typo, and they mean 96.2% confidence level. Because significance level is typically the probability of Type I error, so if they say ""at a 96.2% significance level"", that would be odd, because significance level is usually 5% or 1%, not 96.2%.

Wait, the problem says: ""find interval estimates (at a 96.2% significance level)"". Hmm. Maybe it's a translation issue or typo. In many contexts, when they say ""confidence level of 96.2%"", that's the interval we want.

Given that 96.2% is close to 96%, and 96% is a common confidence level in some contexts, but let's see.

Wait, another thought: 96.2% is very close to 95% + 1.2%, but maybe the critical t-value for df=3 is 2.0? Wait, no, t-table for df=3: the critical values are as I listed before.

Wait, let's check the exact value. Let's compute the t-value for 96.2% confidence, df=3.

The two-tailed test: 96.2% confidence means that the total area outside the interval is 3.8%, so each tail is 1.9%. So we need t such that P(T > t) = 0.019, where T ~ t_3.

Using a t-table or calculator:

For df=3, the t-values:

t_0.025 (95% CI) is 2.353 (since 2.5% in each tail)

t_0.01 (99% CI) is 3.707

t_0.05 (95% CI) is 2.353

Wait, 1.9% in the upper tail: let's see, the t-distribution with df=3 has a higher tail than the normal.

Alternatively, maybe the problem is using a z-interval instead of t-interval? But with n=5, we should use t.

Wait, the problem says ""96.2% significance level"". Wait, significance level is the probability of rejecting a true null hypothesis, so if they say ""at a 96.2% significance level"", that would mean that the significance level is 96.2%, which is impossible because significance level is the probability of Type I error, which is usually small (like 5%). So this must be a mistake, and they mean 96.2% confidence level.

Given that 96.2% is a specific number, maybe it's designed to correspond to a z-score of 2.0, since 95.4% is about 2σ, and 96.2% is close to 2.0. Wait, the area between -2 and 2 in the normal distribution is about 95.45%, so 96.2% is a bit higher. Alternatively, maybe it's 96.2% because 1 - 0.038 = 0.962, and 0.038 is 1.9%, so the critical t is 2.0? Let's assume that the problem expects us to use a t-value of 2.0 for df=3, since 2.0 is a common approximation.

Wait, but let's check: for df=3, the 96% confidence interval (two-tailed) would have a critical t-value. Let's look up a t-table.

Standard t-table:

Degrees of freedom | 0.10 | 0.05 | 0.025 | 0.01 | 0.005
-------------------|-----|-----|-------|-----|------
3                | 1.29 | 2.35 | 3.18   | 3.71 | 4.54

So 95% confidence (two-tailed) is 95% confidence, so 5% in the tails, so 0.025 in each tail. 96.2% confidence would have 3.8% in the tails, so 1.9% in each tail.

Looking at the table, the closest to 1.9% in the upper tail for df=3: the t-value for 0.019 (one-tailed) is between 2.35 and 3.18? Wait, no, the t-table is ordered by the upper tail probability.

Wait, maybe the problem is designed so that the critical value is 2.0, because 96.2% is close to 96%, and 2.0 is a nice number.

Alternatively, maybe the problem is using the normal distribution (z) instead of t, but with n=5, we should use t.

Wait, another angle: the problem says ""96.2% significance level"". Wait, significance level is the probability of Type I error, so if they say ""at a 96.2% significance level"", that would mean that the significance level is 96.2%, which is impossible because significance level is the probability of rejecting the null when it's true, so it's usually less than 50% (for example, 5% is common). So this is definitely a misstatement, and they mean 96.2% confidence level.

Given that, let's proceed.

First, let's confirm the regression line.

We had:

b1 = 810 / 830 ≈ 0.9759

b0 = ȳ - b1x̄ = 2.2 - 0.9759*3 ≈ 2.2 - 2.9277 = -0.7277

So the regression equation is ŷ = -0.7277 + 0.9759x

Now, we need to find the interval estimates for x=3.

First, compute ŷ when x=3: ŷ0 = -0.7277 + 0.9759*3 ≈ -0.7277 + 2.9277 = 2.2. Wait, that's interesting! Because x=3 is the mean of x, so the predicted mean is ȳ = 2.2. Exactly! Because in regression, the predicted value at x̄ is ȳ. So ŷ0 = 2.2.

That's a key point. So the predicted value at x=3 is exactly the sample mean of y, which is 2.2.

Now, for the confidence interval for the mean response at x=3 (which is x̄), the formula is:

ȳ ± t*(1 - α/2, n-2) * s * sqrt(1/n + 0) = 2.2 ± t*(α/2) * s / sqrt(n)

For the prediction interval (for a single value), it's:

ŷ0 ± t*(1 - α/2, n-2) * s * sqrt(1 + 1/n + 0) = 2.2 ± t*(α/2) * s * sqrt(1 + 1/n)

Wait, but let's get back to the numbers.

First, let's compute s (the standard error of the estimate):

We had SSr = 5.0547 (sum of squared residuals), so s² = SSr / (n - 2) = 5.0547 / 3 ≈ 1.6849, so s ≈ 1.298.

Now, the critical t-value: for 96.2% confidence, two-tailed, df=3.

As mentioned, the t-table for df=3:

The critical t-values for different confidence levels:

- 90%: t=2.353 (wait,"
410,"Okay, let's tackle this problem step by step. First, the problem is about a searchlight that rotates through one complete revolution every 8 seconds. We need to find two things: first, the angle covered in one second, and second, the time it takes for the light to rotate through 180 degrees.

Starting with the first part: the angle covered in one second. 

I remember that a complete revolution is 360 degrees (or 2π radians). The searchlight does one full revolution in 8 seconds. So, in 8 seconds, it covers 360 degrees. To find out how many degrees it covers in one second, we can divide 360 degrees by 8 seconds. Let me write that down.

Angle per second = Total angle / Time per revolution = 360° / ื่

Wait, no, the time per revolution is 8 seconds, so the rate is 360 degrees per 8 seconds. So, per second, it's 360 divided by 8. Let me calculate that.

360 divided by 8. Let's see, 8 times 45 is 360, because 8*40=320, 8*5=40, so 320+40=360. So 360/8 = 45. So that means the searchlight covers 45 degrees per second. Wait, is that right?

Wait, yes, because if it takes 8 seconds for a full circle (360 degrees), then each second it moves 360/8 = 45 degrees. That seems straightforward.

Let me confirm. For example, if something takes 2 seconds for a full circle, it would be 180 degrees per second. So yes, 360 divided by time per revolution gives degrees per second.

So first answer: 45 degrees per second.

Now the second part: the time it takes the light to rotate through 180 degrees.

Well, 180 degrees is half a revolution. Since a full revolution takes 8 seconds, half a revolution would take half the time, right? Because the rotation is uniform. So if one revolution is 8 seconds, then 180 degrees (which is half a revolution) should take 4 seconds.

But let's verify using the angle per second we found earlier. We said it's 45 degrees per second. So time to cover 180 degrees is 180 degrees divided by 45 degrees per second. Let's compute that.

180 / 45 = 4. So that's 4 seconds. Yep, that matches.

Alternatively, since 180 degrees is half of 360, and the time for a full revolution is 8 seconds, so time for half is 4 seconds. So that's consistent.

So the answers are 45 degrees per second, and 4 seconds.

Let me just make sure I didn't mix up anything. The problem says ""the angle covered in one second"" – so that's the angular speed, which is 360 degrees per 8 seconds, so 45 degrees per second. Correct.

Then, time to rotate 180 degrees: since 180 is half a circle, time is half of 8 seconds, which is 4 seconds. Correct.

I think that's it. So the first answer is 45 degrees, the second is 4 seconds.

**Final Answer**
The angle covered in one second is \boxed{45} degrees, and the time it takes to rotate through \(180^\circ\) is \boxed{4} seconds.
</think>

To solve the problem, we analyze the motion of the searchlight step by step.

---

### **Part 1: Angle Covered in One Second**

We are told that the searchlight completes **one full revolution (360°)** in **8 seconds**.

This means its angular speed is:

$$
\text{Angular speed} = \frac{360^\circ}{8 \text{ s}} = 45^\circ/\text{s}
$$

So, the **angle covered in one second** is:

$$
\boxed{45}
$$

---

### **Part 2: Time to Rotate Through $180^\circ$**

Since a full circle is $360^\circ$, then $180^\circ$ represents **half a revolution**.

Given that a full revolution takes **8 seconds**, the time to complete **half a revolution** (i.e., $180^\circ$) is:

$$
\frac{8 \text{ s}}{2} = 4 \text{ seconds}
$$

Alternatively, using the angular speed from Part 1:

$$
\text{Time} = \frac{180^\circ}{45^\circ/\text{s}} = 4 \text{ seconds}
$$

Both methods confirm the same result.

---

### ✅ Final Answers

The angle covered in one second is $\boxed{45}$, and the time it takes to rotate through $180^\circ$ is $\boxed{4}$.

$$
\boxed{45, 4}
$$"
411,"Okay, let's see. I need to find the length of an arc in a circle with radius 8 that subtends a central angle of 196 degrees. Hmm, I remember there's a formula for arc length. Let me think. 

First, arc length is related to the central angle and the radius. I think the formula is s = rθ, where θ is in radians. Wait, right! Because if you use degrees, you have to convert to radians first. So maybe I need to convert 196 degrees to radians before applying the formula.

Let me recall: 180 degrees is π radians, so 1 degree is π/180 radians. So 196 degrees would be 196 * (π/1�80) radians. Let me write that down.

First, convert 196 degrees to radians: θ = 196° * (π radians / 180°) = (196/180)π radians. Simplify that fraction: 196 divided by 4 is 49, 180 divided by 4 is 45, so 49/45 π? Wait, 196 ÷ 4 = 49, 180 ÷ 4 = 45, yes, so 49π/45 radians. Let me check: 196 * π / 180 = (196/180)π = (49/45)π. Yep, that's right.

Now, arc length s = rθ, where θ is in radians. So here, r = 8, θ = 49π/45 radians. So s = 8 * (49π/45). Let's compute that.

First, 8 * 49 = 392, so 392π/45. Let me see if that can be simplified. 392 and 45 have no common factors, since 45 is 9*5, 392 is 8*49=8*7², so no common factors. So the arc length is 392π/45. But maybe they want a numerical value? Wait, the problem says ""the length of the arc"", so probably exact value in terms of π, or maybe a decimal? Wait, the problem says ""In a circle of radius 8, the length of the arc that subtends a central angle of 196 degrees is [ANS]"". It doesn't specify, but in math problems like this, usually exact value in terms of π is expected, unless it says approximate.

Wait, let me confirm the formula again. Arc length is s = rθ when θ is in radians. Yes, that's correct. For example, if θ is 180 degrees, which is π radians, then the arc length should be half the circumference, which is πr. Using the formula: s = r * π, which is correct (since circumference is 2πr, half is πr). So that checks out.

So, 196 degrees is more than 180, so the arc is more than a semicircle. The circumference is 2πr = 16π, so the semicircle is 8π. 196 degrees is 196/180 = 1.088... times 180, so about 1.088 of a semicircle? Wait, no, 196 degrees is the central angle, so the arc length is proportional to the angle.

Let me compute 392π/45 numerically to check. π ≈ 3.1416, so 392 * 3.1416 ≈ 392 * 3 = 1176, 392 * 0.1416 ≈ 392 * 0.1 = 39.2, 392 * 0.04 = 15.68, 392 * 0.0016 ≈ 0.627, so total ≈ 39.2 + 15.68 = 54.88 + 0.627 ≈ 55.507, so total 1176 + 55.507 ≈ 1231.507. Then divide by 45: 1231.507 / 45 ≈ 27.366. Wait, but the circumference is 16π ≈ 50.265, so 196 degrees is more than 180, so the arc length should be more than 8π ≈ 25.13, which matches 27.366. So that seems reasonable.

But the problem says ""the length of the arc"", so probably they want the exact value, which is (196/180)*2πr? Wait, wait, another way: sometimes people use the formula s = (θ/360)*2πr, where θ is in degrees. Oh! That's a good point. Maybe that's a better way to think about it.

Yes, because the arc length is a fraction of the circumference. The circumference is 2πr, so the fraction is (θ/360) for degrees. So s = (θ/360) * 2πr. Let's try that.

So θ = 196 degrees, r = 8. Then s = (196/360) * 2π*8. Let's compute that.

First, 2π*8 = 16π. Then (196/360)*16π. Simplify 196/360: both divisible by 4? 196 ÷ 4 = 49, 360 ÷ 4 = 90. So 49/90. Then 49/90 * 16π = (49*16)/90 π. 49*16 = 784. So 784/90 π. Simplify 784/90: divide numerator and denominator by 2: 392/45 π. Which is the same as before! So 392π/45. So that's the exact value.

So whether you convert to radians first or use the degree fraction, you get the same result. So that's reassuring.

So the answer is 392π/45. Let me check if that's the simplest form. 392 and 45: 45 is 9*5, 392 is 8*49=8*7², so no common factors. So 392/45 is reduced. So the arc length is 392π/45.

Wait, the problem says ""the length of the arc that subtends a central angle of 196 degrees"". So in a circle, the central angle is 196 degrees, so the arc length is indeed (196/360) of the circumference. Since circumference is 2πr = 16π, so (196/360)*16π = (196*16)/360 π. Let's compute 196*16: 200*16=3200, minus 4*16=64, so 3200-64=3136. Then 3136/360 π. Simplify 3136/360: divide numerator and denominator by 4: 784/90, then by 2: 392/45. So same as before. So 392π/45 is correct.

So the answer is 392π/45. Let me just write that as a number to check. 392 divided by 45 is approximately 8.711, times π ≈ 3.1416, so 8.711*3.1416 ≈ 27.36, which matches the earlier approximation. And since 196 degrees is more than 180, the arc length should be more than half the circumference (which is 8π ≈ 25.13), so 27.36 is reasonable.

I think that's it. So the answer is 392π/45.
</think>

To determine the **length of the arc** that subtends a central angle of **196 degrees** in a circle with **radius 8**, we use the standard formula for arc length:

$$
s = \frac{\theta}{360} \cdot 2\pi r
$$

where:
- $ s $ is the arc length,
- $ \theta $ is the central angle in **degrees**,
- $ r $ is the radius of the circle.

---

### Step 1: Plug in known values

Given:
- $ \theta = 196^\circ $
- $ r = 8 $

Substitute into the formula:

$$
s = \frac{196}{360} \cdot 2\pi \cdot 8
$$

Simplify step by step:

1. Compute $ 2\pi \cdot 8 = 16\pi $
2. Then multiply by $ \frac{196}{360} $:

$$
s = \frac{196}{360} \cdot 16\pi
$$

---

### Step 2: Simplify the fraction

We simplify $ \frac{196}{360} $ first.

Both numerator and denominator are divisible by **4**:

$$
\frac{196}{360} = \frac{49}{90}
$$

Now compute:

$$
s = \frac{49}{90} \cdot 16\pi = \frac{49 \cdot 16}{90} \pi = \frac{784}{90} \pi
$$

Further simplify $ \frac{784}{90} $:

Divide numerator and denominator by **2**:

$$
\frac{784}{90} = \frac{392}{45}
$$

So the exact arc length is:

$$
s = \frac{392}{45} \pi
$$

This is already in its simplest form since 392 and 45 share no common factors (as 392 = $ 2^3 \cdot 7^2 $, and 45 = $ 3^2 \cdot 5 $).

---

### Final Answer

The length of the arc that subtends a central angle of 196 degrees in a circle of radius 8 is:

$$
\boxed{\dfrac{392}{45}\pi}
$$"
412,"Okay, let's see. I need to find cos(α - β) using the sum and difference formulas. First, I remember that the formula for cosine of a difference is cos(α - β) = cosα cosβ + sinα sinβ. So I need to find cosα, sinα, cosβ, and sinβ. Wait, they gave me cosα and sinβ, but I need sinα and cosβ as well. Let me write down what's given.

First, α is in quadrant II. Quadrant II means cosine is negative and sine is positive. They told us cosα = -√32 / 9. Wait, √32 is 4√2, so that's -4√2/9. But maybe I can just keep it as √32 for now. Let me note that.

Given: cosα = -√32 / ื่ 9. Wait, the problem says ""cos(α)=-√32/9"". So that's cosα = -√32 divided by 9. So cosα = - (2√2)/9? Because √32 is 4√2, wait no: √32 is √(16*2) = 4√2, so √32 = 4√2, so cosα = -4√2 / 9. Hmm, but maybe I should just work with the given numbers.

Also, β is in quadrant III, where both sine and cosine are negative. They gave sinβ = -5/8. So sinβ = -5/8, which is given. We need to find cosβ. Since β is in quadrant III, cosβ will be negative.

So first, let's find sinα. Since α is in quadrant II, sinα is positive. We know cosα, so we can use the Pythagorean identity: sin²α + cos²α = 1.

So sinα = √(1 - cos²α). Since α is in QII, sinα is positive.

Similarly, for β, we need cosβ. Since β is in QIII, cosβ is negative, so cosβ = -√(1 - sin²β).

Let's compute each part step by step.

First, compute sinα:

cosα = -√32 / 9. Let's square that: cos²α = ( (√32)² ) / 81 = 32 / 81. So 1 - cos²α = 1 - 32/81 = (81 - 32)/81 = 49/81. Therefore, sinα = √(49/81) = 7/9. Since α is in QII, sinα is positive, so that's 7/9. Good.

Now, compute cosβ. Given sinβ = -5/8. So sin²β = 25/64. Then cos²β = 1 - sin²β = 1 - 25/64 = 39/64. Since β is in QIII, cosβ is negative, so cosβ = -√(39/64) = -√39 / 8. Wait, √39 is irrational, but we can leave it as -√39/8.

Wait, let's check: 1 - (-5/8)^2 = 1 - 25/64 = 39/64. So yes, cosβ = -√(39)/8.

Now, we need to compute cos(α - β) = cosα cosβ + sinα sinβ.

We have all the components:

cosα = -√32 / 9

sinα = 7/9

cosβ = -√39 / 8

sinβ = -5/8

So plug into the formula:

cos(α - β) = [cosα][cosβ] + [sinα][sinβ]

= (-√32 / 9)(-√39 / 8) + (7/9)(-5/8)

Let's compute each term.

First term: (-√32 / 9)(-√39 / 8) = (√32 * √39) / (9*8) = √(32*39) / 72

Second term: (7/9)(-5/8) = -35 / 72

So cos(α - β) = [√(32*39) / 72] - 35/72 = [√(1248) - 35] / 72

Wait, 32*39: 32*39 = 1248. Let's see if 1248 can be simplified. 1248 divided by 16 is 78, because 16*78=1248. Wait, 16*78=1248? 16*70=1120, 16*8=128, so 1120+128=1248. Yes, so 1248=16*78. Then 78=2*3*13, so 1248=16*2*3*13=32*3*13=96*13. Wait, 1248=16*78=16*6*13=96*13. So √1248=√(16*78)=4√78. Because 16*78=1248, so √1248=4√78.

Wait, 78=6*13, so no perfect squares. So √1248=4√78.

So then, the first term is 4√78 / 72 = √78 / 18.

Wait, no: [√(1248)] /72 = (4√78)/72 = √78 / 18.

Then the second term is -35/72.

So cos(α - β) = (√78 / 18) - 35/72. Let's get a common denominator of 72.

√78 / 18 = 4√78 / 72, so:

cos(α - β) = (4√78 - 35) / 72.

Wait, let's verify the calculations step by step.

First term: (-√32 /9)(-√39 /8) = (√32 * √39) / (9*8) = √(32*39) / 72. 32*39=1248, so √1248. As above, 1248=16*78, so √1248=4√78. So first term is 4√78 /72 = √78 / 18.

Second term: (7/9)(-5/8) = -35/(72).

So total is √78 / 18 - 35/72 = (4√78 - 35)/72. Because √78 /18 = 4√78 /72, so 4√78/72 - 35/72 = (4√78 -35)/72.

Yes, that's correct.

Wait, but let's check if we did the signs correctly.

cos(α - β) = cosα cosβ + sinα sinβ.

cosα is negative (QII), cosβ is negative (QIII), so their product is positive.

sinα is positive (QII), sinβ is negative (QIII), so their product is negative.

So the first term is positive, the second term is negative. So the result is (positive) + (negative). So that's correct.

Let me confirm the signs:

cosα = -√32 /9 (negative, since QII)

cosβ = -√39 /8 (negative, since QIII)

So cosα * cosβ = (-)(-) = positive.

sinα = 7/9 (positive, QII)

sinβ = -5/8 (negative, QIII)

So sinα * sinβ = (+)(-) = negative.

Therefore, cos(α - β) = (positive) + (negative). So the expression is [positive term] + [negative term].

So our calculation is correct.

Now, let's write the answer as (4√78 - 35)/72? Wait, no: 4√78 /72 is √78 /18, which is equal to (4√78)/72, so when we subtract 35/72, it's (4√78 - 35)/72. So the numerator is 4√78 - 35, denominator 72.

But let's check if 4√78 can be simplified. 78 factors into 2*3*13, so no square factors, so √78 is simplified.

So the answer is (4√78 - 35)/72. Wait, but the problem says ""you are not allowed to use decimals"", which we didn't, so this is fine.

Wait, but let me check the arithmetic again.

Compute 32*39: 32*39. 30*39=1170, 2*39=78, so 1170+78=1248. Correct.

√1248: 1248=16*78, so √1248=4√78. Correct.

So first term: 4√78 /72 = √78 /18.

Second term: -35/72.

So combining over 72: (4√78 -35)/72. Yes, because √78 /18 = 4√78 /72, so 4√78/72 -35/72 = (4√78 -35)/72.

So the answer is (4√78 - 35)/72. But let's check if this is the simplest form.

Alternatively, maybe we can write it as (4√78 - 35) divided by 72. The problem says ""do not use decimals"", so this is exact.

Wait, but let me check if I made a mistake in the sign of cosβ.

Wait, β is in QIII, so cosβ is negative, correct. sinβ is negative, correct.

sinα: α is in QII, so sinα positive, correct.

So all signs are correct.

Let me recompute the terms:

First term: cosα * cosβ = (-√32 /9) * (-√39 /8) = (√32 * √39) / (9*8) = √(32*39)/72 = √1248 /72 = 4√78 /72 = √78 /18.

Second term: sinα * sinβ = (7/9) * (-5/8) = -35/72.

So cos(α - β) = √78 /18 - 35/72 = (4√78 - 35)/72. Yes, because 4√78 /72 -35/72 = (4√78 -35)/72.

So the answer is (4√78 - 35)/72. Let's write it as (4√78 - 35) over 72.

Is there a way to simplify this further? Probably not, since 78 has no square factors, so 4√78 is simplified.

So the final answer is (4√78 - 35)/72. Let's check if the problem expects it written as a single fraction.

Yes, so cos(α - β) = (4√78 - 35)/72. So the answer is (4√78 - 35)/72.

Wait, but let me check the calculation once more to be sure.

Compute sinα:

cosα = -√32 /9. So cos²α = (32)/(81). Then sin²α = 1 - 32/81 = 49/81, so sinα = 7/9 (since QII). Correct.

For β: sinβ = -5/8, so sin²β = 25/64. Then cos²β = 1 - 25/64 = 39/64, so cosβ = -√(39)/8 (since QIII). Correct.

Then cos(α - β) = cosα cosβ + sinα sinβ.

Plug in the values:

cosα = -√32 /9, cosβ = -√39 /8, so their product is (-√32 /9)(-√39 /8) = (√32 * √39)/(9*8) = √(32*39)/72 = √1248 /72 = 4√78 /72 = √78 /18.

sinα = 7/9, sinβ = -5/8, so their product is (7/9)(-5/8) = -35/72.

Thus, cos(α - β) = √78 /18 - 35/72 = (4√78 - 35)/72. Yes, because 4√78 /72 - 35/72 = (4√78 -35)/72.

So the answer is (4√78 - 35)/72. Let's write it as a single fraction: (4√78 - 35)/72.

I think that's it. Let me check if the problem says ""Note: You are not allowed to use decimals in your answer."" So we have to present it as a fraction with radicals, no decimals. So this is correct.

So the final answer is (4√78 - 35)/72. Let's write it as \boxed{\dfrac{4\sqrt{78} - 35}{72}}.

Wait, but let me check if 4√78 -35 is correct. Let's see, 4√78 is approximately 4*8.830=35.32, so 35.32 -35=0.32, so the value is about 0.32/72≈0.0044, but wait, that seems small. Wait, maybe I made a mistake here.

Wait, cos(α - β) should be between -1 and 1, but let's check the approximate value.

First, α is in QII, cosα ≈ -0.745 (since √32≈5.656, so 5.656/9≈0.628, so cosα≈-0.628). So α is arccos(-0.628)≈129 degrees (since QII).

β is in QIII, sinβ=-0.625, so β≈arcsin(-0.625)≈-38.68 degrees, but in QIII, so 180+38.68=218.68 degrees.

So α - β ≈129 - 218.68≈-89.68 degrees, so cos(α - β)=cos(-89.68)=cos(89.68)≈0.007, which is close to 0.0044, so that's reasonable.

Wait, but my approximate calculation: 4√78≈4*8.83176≈35.327, so 35.327 -35=0.327, divided by 72≈0.0045, which matches the approximate value of cos(89.68°)≈0.007 (wait, maybe my angle approximations were off).

Alternatively, maybe the exact value is correct.

Wait, another way: let's compute numerically.

cosα = -√32 /9 ≈ -5.656854 /9 ≈ -0.62854

Since α is in QII, α≈180 - arccos(0.62854)≈180 - 51.1≈128.9 degrees.

sinβ = -5/8 = -0.625, β in QIII, so β≈180 + arcsin(0.625)≈180 + 38.68≈218.68 degrees.

So α - β≈128.9 - 218.68≈-89.78 degrees.

cos(-89.78)=cos(89.78)≈0.0045, which matches the earlier approximation.

So the exact value is (4√78 -35)/72≈(4*8.83176 -35)/72≈(35.327 -35)/72≈0.327/72≈0.0045, which is correct.

So the answer is correct.

Therefore, the final answer is (4√78 - 35)/72, which is \boxed{\dfrac{4\sqrt{78} - 35}{72}}.
</think>

To solve the problem, we are asked to compute:

$$
\cos(\alpha - \beta)
$$

using the **sum and difference formula** for cosine:

$$
\cos(\alpha - \beta) = \cos\alpha \cos\beta + \sin\alpha \sin\beta
$$

---

### Step 1: Use given information to find missing trigonometric values

We are given:
- $\cos(\alpha) = -\dfrac{\sqrt{32}}{9}$, and $\alpha$ is in **Quadrant II**
- $\sin(\beta) = -\dfrac{5}{8}$, and $\beta$ is in **Quadrant III**

From this, we can determine the signs of other trigonometric functions based on the quadrants.

#### For $\alpha$ (QII):
- $\cos(\alpha)$ is **negative**
- $\sin(\alpha)$ is **positive**

#### For $\beta$ (QIII):
- $\sin(\beta)$ is **negative**
- $\cos(\beta)$ is **negative**

---

### Step 2: Compute $\sin(\alpha)$

Use the Pythagorean identity:

$$
\sin^2(\alpha) + \cos^2(\alpha) = 1
$$

Given:
$$
\cos(\alpha) = -\dfrac{\sqrt{32}}{9}
\Rightarrow \cos^2(\alpha) = \left(-\dfrac{\sqrt{32}}{9}\right)^2 = \dfrac{32}{81}
$$

Then:
$$
\sin^2(\alpha) = 1 - \dfrac{32}{81} = \dfrac{49}{81}
\Rightarrow \sin(\alpha) = \sqrt{\dfrac{49}{81}} = \dfrac{7}{9}
$$

(Since $\alpha$ is in QII, $\sin(\alpha) > 0$)

---

### Step 3: Compute $\cos(\beta)$

Given:
$$
\sin(\beta) = -\dfrac{5}{8}
\Rightarrow \sin^2(\beta) = \dfrac{25}{64}
$$

Then:
$$
\cos^2(\beta) = 1 - \dfrac{25}{64} = \dfrac{39}{64}
\Rightarrow \cos(\beta) = -\sqrt{\dfrac{39}{64}} = -\dfrac{\sqrt{39}}{8}
$$

(Since $\beta$ is in QIII, $\cos(\beta) < 0$)

---

### Step 4: Apply the cosine difference identity

Recall:
$$
\cos(\alpha - \beta) = \cos\alpha \cos\beta + \sin\alpha \sin\beta
$$

Substitute known values:

- $\cos(\alpha) = -\dfrac{\sqrt{32}}{9}$
- $\cos(\beta) = -\dfrac{\sqrt{39}}{8}$
- $\sin(\alpha) = \dfrac{7}{9}$
- $\sin(\beta) = -\dfrac{5}{8}$

Compute each term:

#### First Term:
$$
\cos(\alpha)\cos(\beta) = \left(-\dfrac{\sqrt{32}}{9}\right)\left(-\dfrac{\sqrt{39}}{8}\right) = \dfrac{\sqrt{32} \cdot \sqrt{39}}{72} = \dfrac{\sqrt{1248}}{72}
$$

Note: $32 \times 39 = 1248$, so $\sqrt{1248} = \sqrt{16 \cdot 78} = 4\sqrt{78}$

Thus:
$$
\text{First term} = \dfrac{4\sqrt{78}}{72}
$$

#### Second Term:
$$
\sin(\alpha)\sin(\beta) = \left(\dfrac{7}{9}\right)\left(-\dfrac{5}{8}\right) = -\dfrac{35}{72}
$$

---

### Step 5: Combine the terms

$$
\cos(\alpha - \beta) = \dfrac{4\sqrt{78}}{72} - \dfrac{35}{72} = \dfrac{4\sqrt{78} - 35}{72}
$$

This is the exact value of $\cos(\alpha - \beta)$, expressed without decimals as required.

---

### Final Answer

$$
\boxed{\d"
413,"Okay, let's tackle this problem step by step. First, we need to set up a hypothesis test to see if the prep course improves scores by at least 3 percentage points. 

First, let's recall what the null and alternative hypotheses should be. The company wants to claim that their courses improve scores by at least 3 percentage points. So, the ""improvement"" here is the difference between post-test and initial test. Let's define the difference as d = post-test - initial test. 

The company's claim is that the average improvement is at least 3 percentage points. So, the alternative hypothesis (since we want to test ""at least 3"", which is a one-tailed test) would be that the mean difference d is greater than or equal to 3. Wait, but in hypothesis testing, usually the null is the status quo, and the alternative is what we're testing for. 

Wait, the question says: ""improve scores by at least 3 percentage points"". So, the minimum improvement we care about is 3. So, we want to test if the true mean difference is ≥ 3. But in hypothesis testing, we usually set up H0 as the opposite of what we want to prove, and H1 as the claim. 

Wait, actually, the problem says ""Is there evidence... to conclude that the prep course improves scores by at least 3 percentage points?"" So, the claim is that the improvement is at least 3, so we want to test H0: μd ≤ 2 (since ""at least 3"" means improvement ≥3, so the null is that the improvement is less than 3, i.e., μd < 3? Wait, no. Let's think carefully.

In hypothesis testing, the null hypothesis is often the one we assume to be true until proven otherwise, and we want to see if the data contradicts it. Here, the company wants to claim that the prep course improves scores by at least 3 points. So, the alternative hypothesis is that the improvement is at least 3, so H1: μd ≥ 3. But in standard practice, for a one-tailed test, we can set H0: μd < 3 (or μd ≤ 3, depending on the exact wording) and H1: μd > 3. Wait, but the problem says ""improve by at least 3"", so the critical value is 3. So, the test is whether the mean difference is greater than 3.

But maybe we need to set up the hypotheses as:

H0: μd < 3 (the prep course does not improve by at least 3 points; i.e., the improvement is less than 3)

H1: μd ≥ 3 (the prep course improves by at least 3 points)

But actually, in many cases, especially with ""at least"", we might set H0 as the negation of the claim. Wait, the claim is ""improves by at least 3"", so the complement is ""improves by less than 3"". So, H0: μd < 3, H1: μd ≥ 3. But in some contexts, the null hypothesis is a specific value, but here it's a one-sided test where the critical value is 3.

Wait, no, actually, in hypothesis testing, the null hypothesis is usually a statement that we want to test against, and the alternative is what we hope to find evidence for. Since the company wants to claim that the improvement is at least 3, we need to test if the mean difference is greater than or equal to 3. But in practice, for a one-sample t-test for the mean difference, we can set up the hypotheses as:

H0: μd = 3 (if we're doing a two-tailed test, but here it's one-tailed because we care about ""at least"")

Wait, no. Wait, the problem states: ""improve by at least 3 percentage points"". So, the minimum improvement we care about is 3. So, we want to know if the true mean difference is greater than 3. So, the alternative hypothesis is μd > 3, and the null is μd ≤ 3. But in standard hypothesis testing, the null is a specific value, but sometimes it's a range. Hmm, maybe the problem expects a one-tailed test where H0 is μd = 3, and H1 is μd > 3? Wait, no, that's not quite right.

Wait, let's think again. In many cases, when the claim is ""at least"", we set up the null as the opposite (i.e., less than) and the alternative as the claim (at least). But in terms of the test, we need to see if the sample mean difference is significantly greater than 3.

Let me check the data first. Let's compute the differences d_i = post-test - initial test.

Person 1: 77 - 75 = 2

Person 2: 77 - 72 = 5

Person 3: 81 - 73 = 8

Person 4: 75 - 75 = 0

Person 5: 71 - 66 = 5

Person 6: 69 - 66 = 3

Person 7: 74 - 71 = 3

Person 8: 76 - 72 = 4

So the differences are: 2, 5, 8, 0, 5, 3, 3, 4.

Let's list them:

d = [2, 5, 8, 0, 5, 3, 3, 4]

Now, we need to do a paired t-test since it's before and after the same people. The test is for the mean difference.

The null hypothesis: H0: μd ≤ 3 (the average improvement is at most 3 points)

Alternative hypothesis: H1: μd > 3 (the average improvement is more than 3 points)

Wait, but in some textbooks, the null hypothesis is set as the value we're testing against, so maybe H0: μd = 3, and H1: μd > 3. But the problem says ""improve by at least 3"", so the critical value is 3. So, we need to test if the mean difference is greater than 3.

First, let's compute the sample mean of the differences, d̄.

Sum of d: 2 + 5 + 8 + 0 + 5 + 3 + 3 + 4 = let's calculate:

2+5=7; 7+8=15; 15+0=15; 15+5=20; 20+3=23; 23+3=26; 26+4=30. So total sum is 30.

Sample size n = 8.

d̄ = 30 / 8 = 3.75.

Next, compute the sample standard deviation s_d.

First, compute the squared differences from the mean:

d̄ = 3.75

(2 - 3.75)^2 = (-1.75)^2 = 3.0625

(5 - 3.75)^2 = (1.25)^2 = 1.5625

(8 - 3.75)^2 = (4.25)^2 = 18.0625

(0 - 3.75)^2 = (-3.75)^2 = 14.0625

(5 - 3.75)^2 = 1.5625

(3 - 3.75)^2 = (-0.75)^2 = 0.5625

(3 - 3.75)^2 = 0.5625

(4 - 3.75)^2 = (0.25)^2 = 0.0625

Now sum these up:

3.0625 + 1.5625 = 4.625

4.625 + 18.0625 = 22.6875

22.6875 + 14.0625 = 36.75

36.75 + 1.5625 = 38.3125

38.3125 + 0.5625 = 38.875

38.875 + 0.5625 = 39.4375

39.4375 + 0.0625 = 39.5

So sum of squared differences = 39.5

Then, s_d^2 = sum((d_i - d̄)^2) / (n - 1) = 39.5 / 7 ≈ 5.642857

So s_d = sqrt(5.642857) ≈ 2.3755

Now, the standardized test statistic (t-statistic) is:

t = (d̄ - μ0) / (s_d / sqrt(n))

Here, μ0 is the hypothesized mean under H0. Wait, but what's the null hypothesis?

Wait, the problem says: ""improve by at least 3 percentage points"". So, the company claims that the improvement is at least 3, so we want to test if the true mean difference is greater than 3. So, the null hypothesis is that the mean difference is less than or equal to 3 (H0: μd ≤ 3), and the alternative is μd > 3. But in practice, for a one-sample t-test, we often set the null as μd = 3 (the critical value) and test against μd > 3. Wait, but the problem says ""improve by at least 3"", so the threshold is 3. So, the test is whether the mean difference is greater than 3.

In many cases, the null hypothesis is set as the value we're testing against, so H0: μd = 3, and H1: μd > 3. That makes sense because we're testing if the mean is greater than 3. So, the critical value is 3.

Yes, that's probably the setup here. Because in hypothesis testing, the null is a specific value (the one we're testing against), and the alternative is the direction we're interested in.

So, H0: μd = 3

H1: μd > 3

We want to see if the sample mean is significantly greater than 3.

So, the test statistic t = (d̄ - 3) / (s_d / sqrt(n))

We have d̄ = 3.75, s_d ≈ 2.3755, n = 8.

Compute numerator: 3.75 - 3 = 0.75

Denominator: s_d / sqrt(n) = 2.3755 / sqrt(8) ≈ 2.3755 / 2.8284 ≈ 0.840

So t ≈ 0.75 / 0.840 ≈ 0.8928

Wait, let's compute more accurately.

First, sum of d_i = 30, so d̄ = 30/8 = 3.75

Sum of (d_i - d̄)^2 = 39.5 (from earlier calculation)

So s_d^2 = 39.5 / 7 ≈ 5.642857, so s_d = sqrt(5.642857) ≈ 2.3755

sqrt(n) = sqrt(8) ≈ 2.828427

So s_d / sqrt(n) = 2.3755 / 2.828427 ≈ 0.840

Thus, t = (3.75 - 3) / 0.840 ≈ 0.75 / 0.840 ≈ 0.8928

So approximately t = 0.893

Now, the degrees of freedom is n - 1 = 7.

We need to find the p-value for a one-tailed test (since H1 is μd > 3).

The p-value is the probability that t > 0.893 with df=7.

Looking up in t-table or using calculator.

For df=7, t=0.893. Let's see:

The critical t-values for α=0.05 (two-tailed) is 2.364, but we need one-tailed.

The p-value is the area to the right of 0.893 in a t-distribution with 7 df.

Using a t-table, for df=7:

t=0.9: the table might not have 0.9, but let's recall that t=1.0 gives a p-value of about 0.17 (for one-tailed, df=7), t=0.8 gives p≈0.23, t=0.7 gives p≈0.29.

Wait, actually, let's use a calculator approach.

The t-statistic is 0.893. Let's compute the p-value.

In R, pt(0.893, df=7, lower.tail=FALSE) gives the p-value.

I remember that for t=1.0, df=7, the p-value is about 0.17 (one-tailed), t=0.8 is about 0.23, t=0.7 is ~0.29.

Wait, let's check with exact calculation.

Alternatively, maybe the problem expects us to use the t-distribution tables.

Let me recall that for df=7:

The critical values:

t=0.05 (one-tailed): 1.895

t=0.10 (one-tailed): 1.423

t=0.20 (one-tailed): 1.000 (approx?)

Wait, no, better to think:

The p-value is the probability that T > 0.893, where T ~ t7.

From a t-table, for example, the row for df=7:

t=0.05 (right tail): 1.895

t=0.10 (right tail): 1.423

t=0.20 (right tail): 0.896

Ah! Wait, t=0.896 corresponds to a p-value of 0.20 (one-tailed) for df=7.

Because in the t-table, the critical values for the right tail:

For example, the 20th percentile (p=0.20) in the right tail would be the value where P(T > t) = 0.20.

Looking at a standard t-table, for df=7:

The column for p=0.20 (one-tailed) is t=0.896.

Yes, that's a common value. For example, in many tables, the critical t-values for one-tailed tests:

df | 0.10 | 0.05 | 0.025 | 0.01 | 0.005
---|---|---|---|---|---
7 | 1.423 | 1.895 | 2.365 | 2.998 | 3.499

Wait, no, those are for two-tailed? Wait, no, the critical values for one-tailed tests are different.

Wait, actually, the critical values in the t-table are usually for two-tailed tests. For example, the 95% confidence interval (two-tailed) uses t=2.365 for df=7, which is the value such that P(|T| > 2.365) = 0.05.

So, for a one-tailed test, the critical value for α=0.05 is t=1.895 (since P(T > 1.895) = 0.05).

Similarly, for α=0.025, it's 2.365 (two-tailed), so one-tailed would be 2.365 for 0.025? Wait, no, I'm getting confused.

Let's take a step back.

We have a t-statistic of approximately 0.893 with df=7.

We need to find the p-value for t > 0.893.

Using a t-distribution calculator, for df=7, the p-value for t=0.893 is approximately 0.20 (since t=0.896 corresponds to p=0.20 in some tables).

Let me verify with an example. Suppose we have t=0.9, df=7.

Using an online t-distribution calculator: for df=7, t=0.9, the p-value (right tail) is approximately 0.22.

Wait, let's think: the t-distribution with df=7 has a higher variance than the normal distribution, so the p-value for a small t will be larger.

Wait, actually, the t-statistic we calculated is 0.893, which is close to 0.9.

In the t-table for one-tailed tests:

For df=7, the critical value for α=0.20 (right tail) is 0.896. That means that P(T > 0.896) = 0.20.

So, our t-statistic is 0.893, which is very close to 0.896, so the p-value is approximately 0.20.

Therefore, the p-value is about 0.20.

Now, the significance level is α=0.055. Wait, the problem says ""at an α=0.055 level of significance"".

Wait, 0.055 is slightly higher than 0.05, so the critical value for a one-tailed test at α=0.055 would be a bit lower than the usual 0.05.

But first, let's confirm the test.

We need to see if the p-value is less than α=0.055 to reject H0.

If the p-value is greater than 0.055, we fail to reject H0.

From our calculation, p-value ≈ 0.20, which is greater than 0.055, so we do not reject H0.

Wait, but let's make sure.

First, let's recheck the calculations to avoid mistakes.

Differences:

1: 77-75=2

2:77-72=5

3:81-73=8

4:75-75=0

5:71-66=5

6:69-66=3

7:74-71=3

8:76-72=4

So differences: [2,5,8,0,5,3,3,4]

Sum: 2+5=7, +8=15, +0=15, +5=20, +3=23, +3=26, +4=30. Correct, sum=30, d̄=30/8=3.75.

Sum of squared differences:

(2-3.75)^2 = (-1.75)^2=3.0625

(5-3.75)^2=(1.25)^2=1.5625

(8-3.75)^2=(4.25)^2=18.0625

(0-3.75)^2=(-3.75)^2=14.0625

(5-3.75)^2=1.5625

(3-3.75)^2=(-0.75)^2=0.5625

(3-3.75)^2=0.5625

(4-3.75)^2=(0.25)^2=0.0625

Total sum of squares: 3.0625 + 1.5625 = 4.625; +18.0625=22.6875; +14.0625=36.75; +1.5625=38.3125; +0.5625=38.875; +0.5625=39.4375; +0.0625=39.5. Correct, sum of squares=39.5.

Sample variance s^2 = 39.5 / (8-1) = 39.5 /7 ≈5.642857, so s≈2.3755.

Standard error (SE) = s / sqrt(n) = 2.3755 / sqrt(8) ≈2.3755 / 2.8284 ≈0.840.

Test statistic t = (d̄ - 3) / SE = (3.75 - 3)/0.840 ≈0.75 /0.840 ≈0.8928. So t≈0.893.

Now, p-value: for a one-tailed test (since H1: μd >3), the p-value is P(T > 0.893) where T ~ t7.

Using a t-distribution table, for df=7:

The critical values:

- For p=0.10 (right tail), t=1.423 (wait, no, actually, the critical values in t-tables are often for two-tailed, so for two-tailed 0.10, it's 1.423, meaning that the one-tailed critical value would be 1.423 for 0.05? Wait, I'm getting confused.

Wait, let's use a different approach. Let's recall that the p-value is the probability of observing a t-statistic as extreme or more extreme than 0.893, assuming H0 is true (μd=3).

Since our t is positive, and we're doing a"
414,"Okay, let's try to figure out this integral. The integral is ∫ 3/(4x²√(5x² - 2x + 1)) dx. Hmm, that denominator has a square root of a quadratic, which often suggests a trigonometric substitution or maybe a hyperbolic substitution. Alternatively, since it's a rational function with a square root, maybe a substitution like t = 1/x? Let me think.

First, let's look at the quadratic inside the square root: 5x² - 2x + 1. Maybe completing the square would help. Let's try that.

5x² - 2x + 1 = 5(x² - (2/5)x) + 1. Completing the square for x² - (2/5)x: take half of -2/5, which is -1/5, square it: (1/5)² = 1/25. So,

5[(x - 1/5)² - 1/25] + 1 = 5(x - 1/5)² - 5*(1/25) + 1 = 5(x - 1/5)² - 1/5 + 1 = 5(x - 1/5)² + 4/5.

So, 5x² - 2x + 1 = 5(x - 1/5)² + 4/5 = (25(x - 1/5)² + 4)/5. Wait, maybe not the most helpful. Alternatively, factor out the 5 from the quadratic:

5x² - 2x + 1 = 5(x² - (2/5)x + 1/5). Hmm, but maybe a substitution u = 1/x? Let's try that because the integrand has x² in the denominator, so substituting t = 1/x might simplify things.

Let t = 1/x ⇒ x = 1/t, dx = -1/t² dt.

Then, substitute into the integral:

∫ [3/(4*(1/t)² * √(5*(1/t)² - 2*(1/t) + 1))] * (-1/t²) dt

Wait, let's compute step by step.

Original integral: ∫ [3/(4x²√(5x² - 2x + 1))] dx.

Substitute x = 1/t, so dx = -dt/t².

Then, x² = 1/t², so 4x² = 4/t².

The denominator inside the square root: 5x² - 2x + 1 = 5*(1/t²) - 2*(1/t) + 1 = (5 - 2t + t²)/t².

Therefore, √(5x² - 2x + 1) = √[(t² - 2t + 5)/t²] = √(t² - 2t + 5)/|t|. Assuming t > 0 (since we're dealing with real integrals, probably x positive, so t positive), so |t| = t.

So the square root becomes √(t² - 2t + 5)/t.

Putting it all together:

The integral becomes ∫ [3/(4*(1/t²) * (√(t² - 2t + 5)/t))] * (-dt/t²)

Wait, let's write each part:

Numerator: 3

Denominator: 4x² * √(...) = 4*(1/t²) * [√(t² - 2t + 5)/t] = 4*(√(t² - 2t + 5))/t³

Then dx = -dt/t², so the entire integral becomes:

∫ [3 / (4*(√(t² - 2t + 5)/t³)) ] * (-dt/t²) = ∫ [3 * t³ / (4√(t² - 2t + 5)) ] * (-dt/t²) = ∫ [ -3t / (4√(t² - 2t + 5)) ] dt

Simplify: the negative sign can be pulled out, so -3/4 ∫ t / √(t² - 2t + 5) dt

Hmm, that looks more manageable. Let's focus on the integral ∫ t / √(t² - 2t + 5) dt.

First, complete the square for the quadratic in the denominator:

t² - 2t + 5 = (t - 1)² + 4. Because (t - 1)^2 = t² - 2t + 1, so t² - 2t + 5 = (t - 1)^2 + 4.

Yes! So, t² - 2t + 5 = (t - 1)^2 + 4. That's a good substitution. Let u = t - 1, so du = dt, t = u + 1.

Then the integral becomes ∫ (u + 1) / √(u² + 4) du = ∫ u / √(u² + 4) du + ∫ 1 / √(u² + 4) du.

We can compute these two integrals separately.

First integral: ∫ u / √(u² + 4) du. Let v = u² + 4, dv = 2u du ⇒ u du = dv/2. So this becomes ∫ (dv/2)/√v = (1/2) ∫ v^(-1/2) dv = (1/2)(2v^(1/2)) + C = √(u² + 4) + C.

Second integral: ∫ 1 / √(u² + 4) du. This is a standard integral: ln(u + √(u² + 4)) + C.

So putting it back:

∫ (u + 1)/√(u² + 4) du = √(u² + 4) + ln(u + √(u² + 4)) + C.

But u = t - 1, so substitute back:

= √((t - 1)^2 + 4) + ln((t - 1) + √((t - 1)^2 + 4)) + C

But (t - 1)^2 + 4 = t² - 2t + 1 + 4 = t² - 2t + 5, which is the original quadratic. So:

= √(t² - 2t + 5) + ln(t - 1 + √(t² - 2t + 5)) + C.

Wait, but our integral after substitution was -3/4 times this integral. Wait, let's recap.

Original substitution steps:

We had the integral becomes -3/4 ∫ [t / √(t² - 2t + 5)] dt. Wait no, wait:

Wait, after substitution, we had:

The integral became ∫ [ -3t / (4√(t² - 2t + 5)) ] dt. So the integral is -3/4 ∫ t / √(t² - 2t + 5) dt.

Then we computed ∫ t / √(t² - 2t + 5) dt = ∫ (u + 1)/√(u² + 4) du (with u = t - 1) = √(u² + 4) + ln(u + √(u² + 4)) + C = √(t² - 2t + 5) + ln(t - 1 + √(t² - 2t + 5)) + C.

Therefore, the original integral is:

-3/4 [ √(t² - 2t + 5) + ln(t - 1 + √(t² - 2t + 5)) ] + C.

But remember t = 1/x, so substitute back t = 1/x:

First, compute t² - 2t + 5 = (1/x²) - 2*(1/x) + 5 = (1 - 2x + 5x²)/x². Wait, no: t = 1/x, so t² - 2t + 5 = (1/x²) - 2*(1/x) + 5 = (1 - 2x + 5x²)/x². Wait, actually, no: t² - 2t + 5 = (1/x²) - 2*(1/x) + 5.

But when we have √(t² - 2t + 5), that's √[(1 - 2x + 5x²)/x²] = √(5x² - 2x + 1)/|x|. Since we assume x > 0 (probably), so it's √(5x² - 2x + 1)/x.

Wait, let's check:

t = 1/x, so t² - 2t + 5 = (1/x²) - 2/x + 5 = (1 - 2x + 5x²)/x². Therefore, √(t² - 2t + 5) = √(5x² - 2x + 1)/x.

Ah, right! So √(t² - 2t + 5) = √(5x² - 2x + 1)/x.

Similarly, the term inside the logarithm: t - 1 + √(t² - 2t + 5) = (1/x) - 1 + √(5x² - 2x + 1)/x = [1 - x + √(5x² - 2x + 1)] / x.

So putting it all together:

The integral is:

-3/4 [ √(t² - 2t + 5) + ln(t - 1 + √(t² - 2t + 5)) ] + C

= -3/4 [ √(5x² - 2x + 1)/x + ln( (1 - x + √(5x² - 2x + 1))/x ) ] + C

Simplify the logarithm term: ln( (1 - x + √(5x² - 2x + 1))/x ) = ln(1 - x + √(5x² - 2x + 1)) - ln x.

But the integral is expressed in terms of x, so we need to write the result as a function of x.

Wait, but the options given have expressions like 1/x ± sqrt(...), so let's see.

Let me write the integral result:

Integral = -3/4 [ √(5x² - 2x + 1)/x + ln( (1 - x + √(5x² - 2x + 1))/x ) ] + C

Let's factor out the constants. Let's see:

Note that the options have terms like sqrt(5 + 1/x² - 2/x). Let's compute 5 + 1/x² - 2/x. Wait, 5x² - 2x + 1 = 5x² - 2x + 1, so 5x² - 2x + 1 = x²(5 - 2/x + 1/x²). So √(5x² - 2x + 1) = x√(5 - 2/x + 1/x²) = x√(5 + 1/x² - 2/x).

Ah! So √(5x² - 2x + 1)/x = √(5 + 1/x² - 2/x). That's a key point.

So √(5x² - 2x + 1)/x = sqrt(5 + 1/x² - 2/x). Let's denote S = sqrt(5 + 1/x² - 2/x). Then the first term in the brackets is S.

Now, the logarithm term: ln( (1 - x + √(5x² - 2x + 1))/x ) = ln( (1 - x + x*S ) / x ) = ln( (1 - x)/x + S ) = ln( S + (1 - x)/x )

But (1 - x)/x = 1/x - 1. So the argument of the log is S + (1/x - 1) = (1/x - 1) + S.

Wait, but in the options, they have expressions like 1/x + sqrt(...) - something. Let's look at the options.

The options all start with 3/4 * (C - ... ), so the integral is equal to 3/4 times (something with a constant minus those terms). Wait, but our integral has a negative sign. Wait, let's check the signs.

Wait, our integral result is:

-3/4 [ S + ln( (1 - x + x*S)/x ) ] + C

Which is equal to -3/4 [ S + ln( (1 - x + x*S) - x*ln(x) ? Wait, no. Wait, ln(a/b) = ln a - ln b, so ln( (1 - x + x*S)/x ) = ln(1 - x + x*S) - ln x.

But the options have terms like ln(abs(1/x + ...)), so maybe we need to manipulate the expression.

Alternatively, perhaps the constant of integration is absorbed, so the answer is written as 3/4 times (C - [terms]).

Wait, our integral result is:

-3/4 [ S + ln( (1 - x + x*S)/x ) ] + C = 3/4 [ -S - ln( (1 - x + x*S)/x ) ] + C.

But the options have ""3/4 * (C - ... )"", so the ""C"" here is the constant of integration, but in the options, it's written as ""C"" (the constant), so the answer is 3/4 times (constant minus some expression). Wait, but in our calculation, we have a negative sign. Let's see.

Wait, let's re-express the integral result:

Let me write the integral as:

∫ [3/(4x²√(5x² - 2x + 1))] dx = -3/4 [ √(5x² - 2x + 1)/x + ln( (1 - x + √(5x² - 2x + 1))/x ) ] + C

= -3/4 [ sqrt(5 + 1/x² - 2/x) + ln( (1/x - 1 + sqrt(5 + 1/x² - 2/x)) ) ] + C

Because:

sqrt(5x² - 2x + 1)/x = sqrt(5 + 1/x² - 2/x) (since 5x² - 2x + 1 = x²(5 - 2/x + 1/x²), so sqrt(5x² - 2x + 1) = x*sqrt(5 - 2/x + 1/x²), so divided by x gives sqrt(5 - 2/x + 1/x²) = sqrt(5 + 1/x² - 2/x)).

Similarly, the term inside the log: (1 - x + sqrt(5x² - 2x + 1))/x = (1 - x)/x + sqrt(5x² - 2x + 1)/x = (1/x - 1) + sqrt(5 + 1/x² - 2/x).

So the argument of the log is (1/x - 1) + sqrt(5 + 1/x² - 2/x) = sqrt(5 + 1/x² - 2/x) + 1/x - 1.

So the log term is ln( sqrt(5 + 1/x² - 2/x) + 1/x - 1 ).

Wait, but the options have expressions like ""1/x + sqrt(...) - 3"", ""1/x + sqrt(...) - 4"", etc., so maybe the expression inside the log is (1/x + sqrt(...)) minus a constant.

Wait, let's look at the options:

Option I: 3/4 * (C - sqrt(5 + 1/x^2 - 2/x) - ln(abs(1/x + sqrt(5 + 1/x^2 - 2/x) - 1)))

Wait, the structure is 3/4 times (C - [sqrt term] - ln(...)). In our result, we have -3/4 [ sqrt(...) + ln( sqrt(...) + 1/x - 1 ) ] + C.

Which is equal to 3/4 [ -sqrt(...) - ln( sqrt(...) + 1/x - 1 ) ] + C.

But the options have ""C - ..."", so the constant of integration is included as ""C"", so the answer is written as 3/4 times (C minus some expression). Wait, but in our case, the integral is equal to 3/4 times ( -sqrt(...) - ln(...) ) + C. So if we factor out the negative, it's 3/4 times ( C - [sqrt(...) + ln(...)] ). But the options have ""C - sqrt(...) - ln(...)"", so the structure matches.

Looking at the log term: the argument is 1/x + sqrt(...) - 1. Wait, in our case, the log argument is (1/x - 1) + sqrt(...), which is sqrt(...) + 1/x - 1. So that's the same as sqrt(...) + (1/x - 1).

So the log term is ln( sqrt(5 + 1/x² - 2/x) + 1/x - 1 ). Which is exactly the form in option I: ln(abs(1/x + sqrt(5 + 1/x^2 - 2/x) - 1 )).

Wait, option I says: 3/4 * (C - sqrt(...) - ln(abs(1/x + sqrt(...) - 1 )) )

Yes! Because 1/x + sqrt(...) - 1 = sqrt(...) + 1/x - 1, which is what we have.

Let's check the other options.

Option I: subtracts 1 inside the log: 1/x + sqrt(...) - 1.

In our calculation, the log term is ln( sqrt(...) + 1/x - 1 ), which is the same as ln(1/x + sqrt(...) - 1 ). So yes, the log term is exactly that.

Now, check the sign. Our integral result is:

-3/4 [ sqrt(...) + ln( sqrt(...) + 1/x - 1 ) ] + C = 3/4 [ -sqrt(...) - ln( sqrt(...) + 1/x - 1 ) ] + C.

Which can be written as 3/4 [ C - sqrt(...) - ln( abs(1/x + sqrt(...) - 1 ) ) ].

Assuming that the expression inside the log is positive, we can drop the absolute value, but the options have ""abs"", so it's safe.

So the integral is 3/4 times (C - sqrt(...) - ln( abs(1/x + sqrt(...) - 1 ) )).

Looking at the options:

Option I: 3/4 * (C - sqrt(5 + 1/x^2 - 2/x) - ln(abs(1/x + sqrt(5 + 1/x^2 - 2/x) - 1)))

Yes! So the answer is I.

Let me verify the other options to make sure.

Option G: 3/4 * (C - sqrt(...) - ln(abs(1/x + sqrt(...) + 1)))

Option H: ... -1, etc.

Wait, in our calculation, the log term is 1/x + sqrt(...) - 1, so it's (1/x + sqrt(...)) - 1, which is exactly option I.

Yes, option I has ""-1"" inside the log: 1/x + sqrt(...) - 1.

So the answer should be I.

Wait, let's check another option. For example, option J: 1/x - sqrt(...) -1. No, our log term is 1/x + sqrt(...) -1.

Yes, so option I has 1/x + sqrt(...) -1 inside the log.

So the correct answer is I.
</think>

To evaluate the integral  
$$
\int \frac{3}{4x^2 \sqrt{5x^2 - 2x + 1}} \, dx,
$$  
we begin by analyzing the structure of the integrand. The presence of a square root over a quadratic expression suggests that a substitution involving $ t = \frac{1}{x} $ may simplify the expression.

---

### Step 1: Substitution

Let $ t = \frac{1}{x} \Rightarrow x = \frac{1}{t}, \quad dx = -\frac{1}{t^2} dt $

Substituting into the integral:

$$
\int \frac{3}{4x^2 \sqrt{5x^2 - 2x + 1}} \, dx = \int \frac{3}{4 \cdot \left(\frac{1}{t^2}\right) \cdot \sqrt{5 \cdot \left(\frac{1}{t^2}\right) - 2 \cdot \left(\frac{1}{t}\right) + 1}} \cdot \left(-\frac{1}{t^2}\right) dt
$$

Simplifying:

$$
= -\frac{3}{4} \int \frac{t}{\sqrt{t^2 - 2t + 5}} \, dt
$$

This is now a standard form for integration using substitution.

---

### Step 2: Completing the Square

We complete the square in the denominator:

$$
t^2 - 2t + 5 = (t - 1)^2 + 4
$$

So the integral becomes:

$$
-\frac{3}{4} \int \frac{t}{\sqrt{(t - 1)^2 + 4}} \, dt
$$

Let $ u = t - 1 \Rightarrow t = u + 1, \; du = dt $

Then:

$$
-\frac{3}{4} \int \frac{u + 1}{\sqrt{u^2 + 4}} \, du = -\frac{3}{4} \left[ \int \frac{u}{\sqrt{u^2 + 4}} \, du + \int \frac{1}{\sqrt{u^"
415,"Okay, let's tackle part (a) first. The question is asking for the formula for s as a function of A, so s = f(A). 

We know that the surface area of a cube is given by A = 6s². So we need to solve this equation for s in terms of A. 

Starting with A = 6s². To solve for s, we can divide both sides by 6 first: s² = A/6. Then take the square root of both sides. Since side length s is positive, we take the positive square root. So s = √(A/6). 

Let me check that. If A is the surface area, then yes, solving A = 6s² gives s = sqrt(A/6). That makes sense. So s = f(A) = sqrt(A/6). 

Now, the question asks which statement best explains the meaning of s = f(A). Let's look at the options:

A. The side length for a cube of surface area A

B. The volume of a cube of side length s

C. The side length for aื่ cube of volume V

D. The surface area of a cube of side length s

So s = f(A) means that given the surface area A, we can find the side length s. So it's ""the side length for a cube of surface area A"". That's option A. 

Let me confirm. The function f takes A as input and outputs s. So s is a function of A, so when you have a cube with surface area A, what's its side length? That's exactly s = f(A). So yes, A is the correct choice.

Moving on to part (b). We need to find g(f(A)), where V = g(s), so g is the volume function, which is V = s³. So g(s) = s³. 

First, let's recall that f(A) is s, since s = f(A). So f(A) = s. Then g(f(A)) is g(s), because f(A) is s. Wait, no: g(f(A)) means first apply f to A, then apply g to the result. 

Since f(A) = s (because s = f(A)), then g(f(A)) = g(s) = s³, but wait, s is a variable here. Wait, no, let's be precise.

Wait, g is defined as V = g(s), so g takes s as input and gives V. So g(s) = s³. 

f(A) is s, because s = f(A). So g(f(A)) is g evaluated at f(A), which is s. So g(s) = s³. But wait, that seems too straightforward. Wait, no, maybe I'm missing something.

Wait, let's write it step by step. 

First, f(A) = s (since s = f(A)). So f(A) is the side length corresponding to surface area A. Then g(f(A)) is g applied to the result of f(A), which is s. So g(s) is the volume of a cube with side length s, which is s³. 

But the question says ""find a formula for g(f(A))"". So g(f(A)) = (f(A))³. But since f(A) = s, then g(f(A)) = s³, which is the volume V. Wait, but we need to express it in terms of A? Wait, no, the problem says ""find a formula for g(f(A))"", so it's a composition. Let's see.

Wait, g is the volume function, so g(s) = s³. f(A) = s (since s = f(A)). So g(f(A)) = g(s) = s³. But s is a function of A, so actually, g(f(A)) is the volume of a cube with surface area A. Wait, but the problem says ""find a formula for g(f(A))"". Let's think.

Wait, maybe we need to write it in terms of A. Let's see. Since f(A) = sqrt(A/6), then g(f(A)) = [f(A)]³ = (sqrt(A/6))³ = (A/6)^(3/2) = A^(3/2) / (6^(3/2)) = A^(3/2)/(6*sqrt(6)) = A^(3/2)/(6√6). But maybe they just want it expressed as (sqrt(A/6))³, which is the same as (A/(6))^(3/2).

But let's check the problem statement again. It says ""If V = g(s), find a formula for g(f(A))"". So V = g(s) = s³, so g is the cube function. f(A) is s, so g(f(A)) is g(s) = s³. But s is a function of A, so g(f(A)) is the volume of a cube with surface area A. Wait, but the question is asking for the formula. Let's compute it.

Given that A = 6s², so s = sqrt(A/6). Then g(f(A)) = [f(A)]³ = [sqrt(A/6)]³ = (A/6)^(3/2) = A^(3/2) / (6^(3/2)) = A^(3/2) / (6 * sqrt(6)) = A^(3/2) / (6√6). But maybe we can write it as (A³)^(1/2) / (6^(3/2)) = sqrt(A³) / (6√6) = A√A / (6√6). Hmm, but perhaps the problem expects the answer in terms of A, simplified.

Alternatively, maybe they just want the expression in terms of A, so g(f(A)) = (sqrt(A/6))³ = (A/6)^(3/2) = A^(3/2) / 6^(3/2) = (A³)^(1/2) / (6 * 6^(1/2)) ) = A^(3/2) / (6 * 6^(1/2)) ) = A^(3/2) / (6^(3/2)) ). Which is equal to (A³)^(1/2) / 6^(3/2) = (A³ / 6³)^(1/2) = sqrt(A³ / 216) = sqrt(A³)/ (6√6). But maybe the simplest form is (A/(6))^(3/2) or (A^3)^(1/2) / 6^(3/2).

But let's see. The problem says ""find a formula for g(f(A))"". So since g(s) = s³, and f(A) = s, then g(f(A)) = [f(A)]³ = s³. But s is in terms of A, so we need to substitute s = sqrt(A/6) into s³.

So s³ = (sqrt(A/6))³ = (A/6)^(3/2) = (A³)^(1/2) / (6^(3/2)) = sqrt(A³) / (6 * sqrt(6)) = (A * sqrt(A)) / (6 * sqrt(6)). But maybe rationalizing the denominator, 6 * sqrt(6) is 6^(3/2), so 6^(3/2) = (6^1)(6^(1/2)) = 6*sqrt(6). So the formula is (A^(3/2)) / (6^(3/2)) = (A^3)^(1/2) / (6^3)^(1/2) = sqrt(A^3 / 216). So sqrt(A³ / 216) = (A³)^(1/2) / (216)^(1/2) = A^(3/2) / (6^3)^(1/2) = A^(3/2) / 6^(3/2) = (A/6)^(3/2). So the formula is (A/6)^(3/2). 

Alternatively, written as (A³)^(1/2) divided by 6^(3/2), but maybe the problem expects it as (A/(6))^(3/2) or simplified as (A√A)/(6√6). But perhaps the standard form is (A³)^(1/2) / (6^(3/2)) = (A^(3/2)) / (6^(3/2)) = (A/6)^(3/2). So the formula is s = f(A) = sqrt(A/6), so g(f(A)) = [f(A)]³ = (sqrt(A/6))³ = (A/6)^(3/2). So the formula is (A/6)^(3/2), which can be written as A^(3/2) / 6^(3/2) = (A³)^(1/2) / (6³)^(1/2) = sqrt(A³ / 216). 

But maybe the problem wants it in a simplified radical form. Let's compute 6^(3/2) = 6*sqrt(6), so (A/6)^(3/2) = (A^(3/2)) / (6^(3/2)) = (A * sqrt(A)) / (6 * sqrt(6)). To rationalize the denominator, multiply numerator and denominator by sqrt(6):

(A * sqrt(A) * sqrt(6)) / (6 * 6) = (A * sqrt(6A)) / 36. Wait, is that right?

Wait, (A/6)^(3/2) = (A^(3/2)) / (6^(3/2)) = (A * sqrt(A)) / (6 * sqrt(6)) = (A * sqrt(A) * sqrt(6)) / (6 * 6) = (A * sqrt(6A)) / 36. Because sqrt(6) * sqrt(A) = sqrt(6A), so multiplying numerator and denominator by sqrt(6) gives:

Original: (A * sqrt(A)) / (6 * sqrt(6)) = (A * sqrt(A) * sqrt(6)) / (6 * 6) = (A * sqrt(6A)) / 36.

Yes, because sqrt(6) * sqrt(6) = 6, so denominator becomes 6 * 6 = 36.

So the simplified form is (A * sqrt(6A)) / 36. But maybe the problem just wants it in terms of exponents, like A^(3/2) / 6^(3/2), but let's check the problem statement.

The problem says ""find a formula for g(f(A))"". So since g(s) = s³, and f(A) = s, then g(f(A)) = s³, but s is in terms of A. So substituting s = sqrt(A/6), we get s³ = (A/6)^(3/2). So the formula is (A/6)^(3/2), which can be written as (A³)^(1/2) / (6³)^(1/2) = sqrt(A³ / 216) = sqrt(A³)/ (6*sqrt(6)) but maybe the answer is expected to be (A^(3/2))/(6^(3/2)) or simplified as (A√A)/(6√6). However, in many math contexts, leaving it as (A/6)^(3/2) is acceptable, but perhaps the problem wants it written with radicals.

Let me think. For example, (A/6)^(3/2) = (A^(3/2)) / (6^(3/2)) = (A * sqrt(A)) / (6 * sqrt(6)). So that's the same as (A sqrt(A)) / (6 sqrt(6)). But maybe rationalizing the denominator, we can write it as (A sqrt(6A)) / 36, as I thought earlier.

Let's verify with numbers. Suppose A = 24. Then s = sqrt(24/6) = sqrt(4) = 2. Then g(f(A)) = s³ = 8. Let's compute using the formula: (24/6)^(3/2) = 4^(3/2) = (sqrt(4))^3 = 2^3 = 8. Correct. Now, if we write it as (A sqrt(6A))/36, for A=24: (24 * sqrt(144))/36 = (24 * 12)/36 = 288/36 = 8. Correct. So that works. So the simplified form is (A sqrt(6A))/36.

But maybe the problem expects the answer in the form (A/6)^(3/2) or s³ where s = sqrt(A/6). Let's see. The problem says ""find a formula for g(f(A))"". So since g(f(A)) is the volume of a cube with surface area A, which is V = s³, and s = sqrt(A/6), so V = (sqrt(A/6))³ = (A/6)^(3/2). So the formula is (A/6)^(3/2), which is equal to (A³)^(1/2) / (6³)^(1/2) = sqrt(A³)/sqrt(216) = sqrt(A³/216). But perhaps the answer is written as (A^(3/2))/(6^(3/2)) or simplified as (A√A)/(6√6). However, in many textbooks, they might leave it as (A/6)^(3/2) or factor out the constants.

Wait, the problem says ""find a formula for g(f(A))"". So the answer is (A/6)^(3/2), which can be written as A^(3/2) / 6^(3/2). Alternatively, since 6^(3/2) = 6*sqrt(6), so it's (A^(3/2)) / (6*sqrt(6)) = (A*sqrt(A)) / (6*sqrt(6)). But maybe the problem expects the answer in the form of a single expression, like (A³)^(1/2) / 216^(1/2) = sqrt(A³ / 216), but that's the same as (A/6)^(3/2).

Wait, let's check the options for part (b)'s explanation. The question also asks which statement best explains g(f(A)). 

First, let's figure out what g(f(A)) is. g is the volume function, so g(s) = s³. f(A) is the side length for surface area A, so f(A) = s. Therefore, g(f(A)) = g(s) = s³, which is the volume of a cube with side length s, but s is related to A (surface area). So g(f(A)) is the volume of a cube whose surface area is A. Wait, no: the surface area is A, so the cube has surface area A, and we're finding its volume. So g(f(A)) is the volume of a cube with surface area A. 

Let's see the options for part (b):

A. The volume for a cube with surface area A

B. The surface area for a cube of side length s

C. The surface area for a cube of volume V

D. The volume for a cube of side length s

So g(f(A)) is the volume of a cube with surface area A. So option A: ""The volume for a cube with surface area A"". Yes, that's correct.

So the explanation for g(f(A)) is A.

Now, back to the formula. Let's write it as (A/6)^(3/2). To make it look nicer, we can write it as (A³)^(1/2) / (6³)^(1/2) = sqrt(A³ / 216). But 216 is 6³, so sqrt(A³ / 6³) = (A³ / 6³)^(1/2) = (A/6)^(3/2). So the formula is (A/6)^(3/2). 

Alternatively, expanding the exponent: (A/6)^(3/2) = A^(3/2) / 6^(3/2) = A*sqrt(A) / (6*sqrt(6)). But maybe the problem expects the answer in the form of a simplified radical expression. Let's see.

For example, if A = 24, as before, we get 8. So the formula should give 8 when A=24. Let's compute (24/6)^(3/2) = 4^(3/2) = 8, which is correct. So the formula is (A/6)^(3/2). 

In many math problems, especially in algebra, this would be written as (A/6)^(3/2) or A^(3/2) / 6^(3/2). But perhaps the problem wants it written with a radical. So sqrt(A³) / (6*sqrt(6)) but that's the same as (A^(3/2)) / (6^(3/2)).

Alternatively, since 6^(3/2) = 6*sqrt(6), so the formula is (A * sqrt(A)) / (6 * sqrt(6)). But maybe the problem accepts (A/6)^(3/2) as the answer.

Wait, the problem says ""find a formula for g(f(A))"". So the answer is s³ where s = sqrt(A/6), so it's (sqrt(A/6))³ = (A/6)^(3/2). So the formula is (A/6)^(3/2). 

I think that's the answer. So for part (a), s = f(A) = sqrt(A/6), so s = f(A) = √(A/6). And the explanation is A: The side length for a cube of surface area A.

For part (b), g(f(A)) = [f(A)]³ = (sqrt(A/6))³ = (A/6)^(3/2), which is the volume of a cube with surface area A, so the explanation is A: The volume for a cube with surface area A.

Let me double-check part (b)'s explanation. g(f(A)) is the volume of a cube with surface area A. Because f(A) gives the side length s for surface area A, then g(s) gives the volume of that cube. So yes, g(f(A)) is the volume of a cube with surface area A. So option A.

So summarizing:

(a) s = f(A) = sqrt(A/6). The correct statement is A.

(b) g(f(A)) = (A/6)^(3/2), which is the volume for a cube with surface area A, so the explanation is A.

Wait, but the problem says ""Which of the statements best explains the meaning of g(f(A))?"" So for part (b), the options are:

A. The volume for a cube with surface area A

B. The surface area for a cube of side length s

C. The surface area for a cube of volume V

D. The volume for a cube of side length s

Yes, so g(f(A)) is the volume of a cube with surface area A, so option A.

So the answers are:

(a) s = f(A) = √(A/6) → s = f(A) = sqrt(A/6)

The explanation is A.

(b) g(f(A)) = (sqrt(A/6))³ = (A/6)^(3/2) → g(f(A)) = (A/6)^(3/2) or written as A^(3/2) / 6^(3/2), but simplified, it's (A√A)/(6√6) or rationalized as (A√(6A))/36. Wait, let's check with A=24:

(A√(6A))/36 = (24 * sqrt(144))/36 = (24*12)/36 = 288/36 = 8. Correct.

So (A√(6A))/36 is the rationalized form. Let's see:

(A√(6A))/36 = (A * sqrt(6A)) / 36. For A=24, that's 24*12 /36 = 288/36=8. Correct.

Alternatively, (A/6)^(3/2) = (A^(3/2))/(6^(3/2)) = (A*sqrt(A))/(6*sqrt(6)) = (A*sqrt(A)*sqrt(6))/(6*6) = (A*sqrt(6A))/36. So yes, that's the rationalized form.

So the formula is (A * sqrt(6A)) / 36. But maybe the problem expects it in the form (A/6)^(3/2) or (A³)^(1/2)/ (6³)^(1/2) = sqrt(A³)/sqrt(216) = sqrt(A³/216). But in most cases, writing it as (A/6)^(3/2) is acceptable.

Wait, the problem says ""find a formula for g(f(A))"". So the answer is (A/6)^(3/2). Let's write it as A^(3/2) / 6^(3/2), but maybe the problem wants it in terms of radicals. For example, (A^(3/2)) = A*sqrt(A), and 6^(3/2) = 6*sqrt(6), so the formula is (A*sqrt(A))/(6*sqrt(6)). But to rationalize, multiply numerator and denominator by sqrt(6):

(A*sqrt(A)*sqrt(6)) / (6*6) = (A*sqrt(6A)) / 36.

So the simplified radical form is (A√(6A))/36.

Let me check with A=24: (24 * sqrt(144))/36 = (24*12)/36 = 288/36=8. Correct.

Another test: A=6. Then s = sqrt(6/6)=1, so volume is 1. Using the formula: (6*sqrt(6*6))/36 = (6*6)/36 = 36/36=1. Correct.

So the formula is (A√(6A))/36. But maybe the problem expects it written as (A/6)^(3/2), which is equivalent.

In many math problems, especially in calculus, they might leave it as (A"
416,"Okay, let's see. I need to simplify the fraction 462/672. Hmm, simplifying fractions usually involves finding the greatest common divisor (GCD) of the numerator and the denominator, and then dividing both by that GCD. Let me start by recalling how to find the GCD.

First, let's write down the numbers: numerator is 462, denominator is 672. I need to find the largest number that divides both 462 and 672 without leaving a remainder.

I can use the Euclidean algorithm for this. The Euclidean algorithm says that the GCD of two numbers is the same as the GCD of one number and the remainder when the larger number is divided by the smaller number. Let's apply that.

First, divide 672 by 462. What's the quotient? 462 times 1 is 462, so 672 - 462 = 210. So the remainder is 210. Now, GCD(462, 672) = GCD(462, ื่210).

Next, divide 462 by 210. 210 times 2 is 420, so 462 - 420 = 42. Remainder is 42. So now GCD(210, 42).

Then, divide 210 by 42. 42 times 5 is 210, so the remainder is 0. That means the GCD is 42.

Wait, let me check that. If the remainder is zero, then the last non-zero remainder is the GCD. So yes, GCD is 42.

Let me verify. 42 times 11 is 462 (since 42*10=420, 420+42=462), so 462 ÷ 42 = 11. And 672 ÷ 42: 42*16=672 (because 42*10=420, 42*6=252; 420+252=672). So 672 ÷ 42 = 16.

So the simplified fraction should be 11/16. Let me check: 11*42=462, 16*42=672. Yes, that's correct.

Wait, but let me make sure I didn't make a mistake in the GCD. Let's list the factors of 462 and 672 to confirm.

Factors of 462: 1, 2, 3, 6, 7, 11, 14, 21, 22, 33, 42, 66, 77, 132, 154, 231, 462.

Factors of 672: 1, 2, 3, 4, 6, 7, 8, 12, 14, 16, 21, 24, 28, 32, 42, 48, 56, 64, 84, 96, 112, 168, 224, 336, 672.

The common factors are 1, 2, 3, 6, 7, 14, 21, 42. So the greatest common factor is 42. Yep, that matches what I found with the Euclidean algorithm.

So dividing numerator and denominator by 42: 462 ÷ 42 = 11, 672 ÷ 42 = 16. So the simplified fraction is 11/16.

Let me check if 11 and 16 have any common factors. 11 is prime, 16 is 2^4, so no common factors. So 11/16 is in simplest form.

Therefore, the answer should be 11/16.

Wait, the problem says ""In simplest form: [462/672] = [ANS] [ANS]"". So probably they want it written as a fraction, like 11 over 16. So the answer is 11/16.

Let me just confirm once more. 462 divided by 42: 42*10=420, 462-420=42, so 10+1=11. Correct. 672 divided by 42: 42*16=672, since 42*10=420, 42*6=252, 420+252=672. So 16. So 11/16 is correct.

Yes, I think that's right.
</think>

To solve the problem of simplifying the fraction $\frac{462}{672}$, we follow a standard process for reducing fractions to their simplest form.

---

### Step 1: Find the Greatest Common Divisor (GCD)

We apply the **Euclidean algorithm** to find the GCD of 462 and 672:

$$
\begin{align*}
672 &= 462 \times 1 + 210 \\
462 &= 210 \times 2 + 42 \\
210 &= 42 \times 5 + 0
\end{align*}
$$

Since the last non-zero remainder is **42**, the GCD of 462 and 672 is **42**.

---

### Step 2: Divide Both Numerator and Denominator by the GCD

Now divide both the numerator and denominator by 42:

$$
\frac{462}{672} = \frac{462 \div 42}{672 \div 42} = \frac{11}{16}
$$

---

### Step 3: Verify Simplification

Check if $\frac{11}{16}$ can be simplified further. Since 11 is a prime number and does not divide into 16, the fraction is already in its simplest form.

---

### Final Answer

$$
\boxed{\dfrac{11}{16}}
$$"
417,"Okay, let's try to figure out this ANOVA table problem. So, we have a completely randomized design, and we need to complete the table. Let me recall what each part of the ANOVA table means.

First, in ANOVA, the total degrees of freedom (df) is the sum of the df for treatments and error. The total df is given as 46. The treatments df is 18. Wait, no, wait: the ""Treatments"" row has df = 18? Wait, no, looking back at the table:

Wait, the table says:

Source | df | SS | MS | F
Treatments | 18 | 18.1 | [ANS] | [ANS]
Error | [ANS] | [ANS] | [ANS] | 
Total | 46 | 47.2 | 

Hmm, so the total df is 46. The treatments df is 18? Wait, no, in the table, the ""Treatments"" row has df = 18? Wait, the problem says ""Complete the ANOVA table..."". Let me check again.

Wait, the problem states:

$\begin{array}{ccccc}\hline Source & df & SS & MS & F \\ \hline Treatments & 18 & 18.1 & [ANS] & [ANS] \\ \hline Error & [ANS] & [ANS] & [ANS] & \ \\ \hline Total & 46 & 47.2 & \ & \ \\ \hline \end{array}$

So, the ""Treatments"" row has df = 18, SS = 18.1. Then Total df is 46. So, total df = df_treatments + df_error + df_total? Wait, no. In ANOVA, the total df is the sum of the df for treatments and error. Because total df = n - 1, where n is the total number of observations. And df_treatments = k - 1 (k is number of treatment groups), df_error = n - k (if it's a one-way ANOVA). Wait, but here, the total df is given as 46. So, total df = 46.

The total df is equal to df_treatments + df_error. Because in ANOVA, the total sum of squares is partitioned into treatments and error, so their degrees of freedom add up to total df.

Wait, actually, in the ANOVA table, the total df is the sum of the df for treatments and error. So, if total df is 46, then df_treatments + df_error = 46.

But the problem says that for Treatments, df is 18. Wait, no: the table says ""Treatments & 18 & ..."", so the df for Treatments is 18. So df_treatments = 18.

Then, df_error = total df - df_treatments = 46 - 18 = 28? Wait, but total df is 46, which is the sum of df_treatments and df_error. So yes, df_error = 46 - 18 = 28.

Wait, but in some contexts, total df is n - 1, where n is the number of observations. So, if total df is 46, that's n - 1 = 46, so n = 47. But maybe not necessary here.

Let me think step by step.

First, total df = 46. This is the sum of df for treatments and error. So:

df_treatments + df_error = total df = 46.

Given that df_treatments = 18 (from the table: Treatments row has df=18), so df_error = 46 - 18 = 28.

Okay, so Error df is 28.

Next, SS (sum of squares). The total SS is given as 47.2 (since Total SS is 47.2). Wait, the Total row has SS = 47.2. So, Total SS = 47.2.

In ANOVA, the total SS is equal to the sum of the SS for treatments and SS for error. So:

Total SS = SS_Treatments + SS_Error

We know SS_Treatments = 18.1 (given in the Treatments row: SS = 18.1). Therefore, SS_Error = Total SS - SS_Treatments = 47.2 - 18.1 = 29.1.

Wait, but hold on: the Total SS is 47.2, so yes, that's the sum of the two.

So, SS_Error = 47.2 - 18.1 = 29.1.

Then, MS (mean square) is calculated as SS divided by its df.

For Treatments: MS_Treatments = SS_Treatments / df_Treatments = 18.1 / 18.

Wait, 18.1 divided by 18. Let me compute that. 18.1 / 18 ≈ 1.00555...

Similarly, MS_Error = SS_Error / df_Error = 29.1 / 28.

Compute that: 29.1 / 28 ≈ 1.0392857...

Then, F-statistic is MS_Treatments / MS_Error.

So, F = (18.1 / 18) / (29.1 / 28) = (18.1 * 28) / (18 * 29.1)

Let me compute that.

First, 18.1 * 28 = ?

18 * 28 = 504, 0.1 * 28 = 2.8, so total 504 + 2.8 = 506.8

Denominator: 18 * 29.1 = 18 * 29 + 18 * 0.1 = 522 + 1.8 = 523.8

So F = 506.8 / 523.8 ≈ 0.967

Wait, that seems low. Hmm. Maybe I made a mistake here.

Wait, but let's check the numbers again.

Wait, the problem states that the Total SS is 47.2. So Total SS = 47.2.

SS_Treatments = 18.1, so SS_Error = 47.2 - 18.1 = 29.1. That seems correct.

df_Treatments = 18, so df_Error = 28 (since total df = 46).

MS_Treatments = 18.1 / 18 ≈ 1.005555...

MS_Error = 29.1 / 28 ≈ 1.0392857...

Therefore, F = MS_Treatments / MS_Error ≈ 1.005555 / 1.0392857 ≈ 0.967. So approximately 0.97.

But wait, in ANOVA, the F-statistic is usually larger than 1 if there's a significant effect, but maybe here it's not significant. But the problem doesn't say anything about significance, just to fill the table.

Wait, but let's check if all steps are correct.

Wait, another thought: in some cases, the total df is n - 1, where n is the number of observations. The df for treatments is k - 1, where k is the number of treatment groups. The df for error is n - k. So total df = n - 1.

Here, total df is 46, so n - 1 = 46 => n = 47.

df_Treatments = k - 1 = 18 => k = 19. So 19 treatment groups.

df_Error = n - k = 47 - 19 = 28. Which matches our previous calculation (since total df = n - 1 = 46, so df_Error = 28). So that's consistent.

So that part checks out.

So, SS_Error = 29.1, as we had.

Now, let's write down the values:

For Error row:

df = 28

SS = 29.1

MS = 29.1 / 28 ≈ 1.0392857

F is not needed for Error row; the F column is only for Treatments (since F is calculated as MS_Treatments / MS_Error). Wait, no: in the table, the F column is for each source. Wait, no: in ANOVA, the F statistic is calculated as MS_Treatments / MS_Error. So the F value is in the Treatments row.

Wait, the table has:

Treatments: df=18, SS=18.1, MS=[ANS], F=[ANS]

Error: df=[ANS], SS=[ANS], MS=[ANS], F=?

Total: df=46, SS=47.2

So, the F value is only for the Treatments row (since it's the test statistic for the model). The Error row doesn't have an F value (since F is the ratio of the mean squares, so only the Treatments row has an F value).

Wait, the problem says ""Complete the ANOVA table"". So we need to fill in the blanks.

Let's list the missing entries:

- Error df: 28 (as calculated)
- Error SS: 29.1 (since Total SS = 47.2, SS_Treatments = 18.1)
- Error MS: 29.1 / 28 ≈ 1.0392857
- Treatments MS: 18.1 / 18 ≈ 1.005555...
- Treatments F: (18.1 / 18) / (29.1 / 28) ≈ 0.967

Wait, but the problem says ""the ANOVA table for a completely randomized design"". So, in a completely randomized design, the error term is the residual, so the model is y_ij = μ + τ_i + ε_ij, where i is the treatment group, j is the observation within the group.

But regardless, the calculations we did should be okay.

Wait, but let's check the numbers again.

Total SS = 47.2

SS_Treatments = 18.1

So SS_Error = 47.2 - 18.1 = 29.1. Correct.

df_Error = 28. Correct.

MS_Treatments = 18.1 / 18 = 1.005555...

MS_Error = 29.1 / 28 ≈ 1.0392857

F = MS_Treatments / MS_Error ≈ 1.005555 / 1.0392857 ≈ 0.967

So approximately 0.97.

But the problem may expect exact fractions or decimals.

Wait, the given numbers: SS_Treatments = 18.1, which is 181/10, and SS_Total = 47.2 = 472/10.

So let's see:

MS_Treatments = 18.1 / 18 = 181/10 / 18 = 181/(180) ≈ 1.005555...

MS_Error = 29.1 / 28 = 291/10 / 28 = 291/280 ≈ 1.0392857

F = (181/180) / (291/280) = (181 * 280) / (180 * 291) = (181 * 28) / (18 * 291) [divided numerator and denominator by 10]

Compute numerator: 181 * 28 = 5068

Denominator: 18 * 291 = 5238

So F = 5068 / 5238 ≈ 0.967

So approximately 0.97.

But the problem might want us to keep two decimal places, since the given SS are to one decimal place.

Wait, the problem states the SS for Treatments as 18.1 (one decimal), Total SS as 47.2 (one decimal). So probably the answers should be to two or three decimals.

But let's see.

So, the missing entries:

Error df: 28

Error SS: 29.1

Error MS: 29.1 / 28 = 1.0392857... ≈ 1.04

Treatments MS: 18.1 / 18 ≈ 1.00555... ≈ 1.01

F: ≈ 0.97

Wait, but depending on rounding.

Wait, the problem says ""Complete the ANOVA table"". Let's see what the standard practice is.

In many textbooks, ANOVA tables use two decimal places for MS and F, but since the given data has one decimal (18.1, 47.2), maybe they expect one decimal? Wait, 18.1 is one decimal, 47.2 is one decimal.

But MS and F are usually reported with more decimals.

Alternatively, maybe the numbers are exact.

Wait, let's do exact calculation.

SS_Error = 47.2 - 18.1 = 29.1. So that's exact.

df_Error = 28.

MS_Error = 29.1 / 28 = 1.039285714...

Which is approximately 1.04.

MS_Treatments = 18.1 / 18 = 1.005555... ≈ 1.01 (if rounded to two decimals) or 1.006 (three decimals).

F = (18.1 / 18) / (29.1 / 28) = (18.1 * 28) / (18 * 29.1) = (506.8) / (523.8) ≈ 0.967.

So approximately 0.97.

But maybe the problem expects us to write the exact fractions?

Wait, 18.1 is 181/10, 29.1 is 291/10.

So MS_Treatments = (181/10)/18 = 181/(180) = 1.005555...

MS_Error = (291/10)/28 = 291/280 = 1.0392857...

F = (181/180) / (291/280) = (181 * 280) / (180 * 291) = (181 * 28) / (18 * 291) = (5068) / (5238) = 2534 / 2619 ≈ 0.967.

So approximately 0.97.

But perhaps the problem expects the answers to be written with two decimal places.

Let me check the problem statement again.

It says ""Complete the ANOVA table"". So the table has:

Treatments: df=18, SS=18.1, MS=?, F=?

Error: df=?, SS=?, MS=?, F=?

Total: df=46, SS=47.2

So, the missing entries:

Error df: 28

Error SS: 29.1

Error MS: 29.1 / 28 ≈ 1.04

Treatments MS: 18.1 / 18 ≈ 1.01

Treatments F: ≈0.97

Wait, but in some ANOVA tables, the F value is written with two decimal places.

Alternatively, maybe they want exact values as fractions, but the problem gives SS as decimals (18.1, 47.2), so likely decimal answers.

Let me verify the steps once more.

Total df = 46 = df_Treatments + df_Error => df_Error = 46 - 18 = 28. Correct.

Total SS = 47.2 = SS_Treatments + SS_Error => SS_Error = 47.2 - 18.1 = 29.1. Correct.

MS_Treatments = SS_Treatments / df_Treatments = 18.1 / 18 ≈ 1.0056

MS_Error = SS_Error / df_Error = 29.1 / 28 ≈ 1.0393

F = MS_Treatments / MS_Error ≈ 1.0056 / 1.0393 ≈ 0.967

So, rounding to two decimal places:

MS_Treatments ≈ 1.01

MS_Error ≈ 1.04

F ≈ 0.97

But depending on convention, sometimes F is reported with three decimals.

Wait, the problem says ""Complete the ANOVA table"". Let's see what the standard is.

In many stats courses, ANOVA tables use two decimal places for MS and F.

So:

Error df: 28

Error SS: 29.1

Error MS: 1.04

Treatments MS: 1.01

Treatments F: 0.97

Wait, but 18.1 / 18 = 1.005555..., so ≈1.01 (two decimal places)

29.1 / 28 = 1.0392857... ≈1.04

F ≈0.97

But let's check if the F value is correct. If the F is less than 1, it's possible (if the treatment effect is not significant).

Yes, so 0.97 is plausible.

Wait, but another thought: in some cases, the total SS is written as ""Total SS"" but in the table, the Total row has SS=47.2, which is the total sum of squares. So yes, our calculation holds.

So, putting it all together:

Error df: 28

Error SS: 29.1

Error MS: 1.04

Treatments MS: 1.01

Treatments F: 0.97

Wait, but the problem says ""the ANOVA table for a completely randomized design"". So, in a completely randomized design, the error term is the residual, so the model is correct.

I think this is right.

Wait, but let's check if the numbers make sense.

For example, if the F is close to 1, it suggests no significant effect, which is fine.

So, the completed table would be:

Source | df | SS | MS | F
Treatments | 18 | 18.1 | 1.01 | 0.97
Error | 28 | 29.1 | 1.04 | 
Total | 46 | 47.2 | 

Wait, but the problem says ""Complete the ANOVA table"". The Total row has SS=47.2, which is the total SS. So the Total MS would be 47.2 / 46 ≈ 1.026, but the problem doesn't ask for that.

So, the missing entries are:

For Error row: df=28, SS=29.1, MS≈1.04

For Treatments row: MS≈1.01, F≈0.97

So the answers to fill in are:

Error df: 28

Error SS: 29.1

Error MS: 1.04

Treatments MS: 1.01

Treatments F: 0.97

But the problem says ""Complete the ANOVA table below"". The table has:

Treatments: df=18, SS=18.1, MS=[ANS], F=[ANS]

Error: df=[ANS], SS=[ANS], MS=[ANS], F= (but F is not applicable for error, so blank)

Total: df=46, SS=47.2

So, the missing entries are:

Error df: 28

Error SS: 29.1

Error MS: 1.04

Treatments MS: 1.01

Treatments F: 0.97

So the problem asks to ""complete the ANOVA table"", so we need to fill in all the [ANS]s.

Looking at the table:

Treatments row has two [ANS]: MS and F

Error row has three [ANS]: df, SS, MS

Total row has nothing missing (it's given as 46 and 47.2, but MS and F are not shown for total)

So the answers are:

Error df: 28

Error SS: 29.1

Error MS: 1.04

Treatments MS: 1.01

Treatments F: 0.97

But the problem says ""If the problem has multiple sub-answers, separate them by commas inside a single \boxed{}"".

Wait, the question says ""Complete the ANOVA table..."". So the user wants all the missing values filled in.

The original table has:

- Treatments: MS and F missing

- Error: df, SS, MS missing

So total of five missing values? Wait, no:

Wait, the table as presented:

$\begin{array}{ccccc}\hline Source & df & SS & MS & F \\ \hline Treatments & 18 & 18.1 & [ANS] & [ANS] \\ \hline Error & [ANS] & [ANS] & [ANS] & \ \\ \hline Total & 46 & 47.2 & \ & \ \\ \h"
418,"Okay, let's tackle this hypothesis testing problem step by step. First, I need to recall what each part of the problem is asking for. We need to find the test statistic, critical value, p-value, and then the conclusion. 

First, let's set up the hypotheses. The claim is that the population mean GPA is greater than 2.3. So this is a right-tailed test.

Null hypothesis (H₀): μ ≤ 2.3 (the population mean is less than or equal to 2.3)
Alternative hypothesis (H₁): μ > 2.3 (the population mean is greater than ื่)

We have a sample size n = 140, sample mean x̄ = 2.45, sample standard deviation s = 0.6. Significance level α = 0.04.

Since we're dealing with a large sample (n = 140, which is greater than 30), we can use the z-test even though the population standard deviation is unknown (we have s). Wait, but actually, for large samples, the central limit theorem tells us that the sampling distribution of x̄ is approximately normal, so we can use z-test here.

First, calculate the test statistic (z-score). The formula for the test statistic when using z is:

z = (x̄ - μ₀) / (s / √n)

where μ₀ is the hypothesized population mean (2.3 in this case).

Let's compute that. 

First, s / √n = 0.6 / √140. Let's calculate √140 first. √140 ≈ 11.832 (since 11.8² = 139.24, so approx 11.832).

So s / √n ≈ 0.6 / 11.832 ≈ 0.0507.

Then, x̄ - μ₀ = 2.45 - 2.3 = 0.15.

So z = 0.15 / 0.0507 ≈ 2.958. Let me check that again.

Wait, maybe I should do it more precisely.

First, n = 140, so √n = sqrt(140) ≈ 11.832159566.

s = 0.6, so standard error (SE) = s / sqrt(n) = 0.6 / 11.832159566 ≈ 0.050709.

Then, the test statistic z = (2.45 - 2.3) / 0.050709 ≈ 0.15 / 0.050709 ≈ 2.957.

So approximately 2.96.

Now, critical value: since this is a right-tailed test at α = 0.04, we need to find the z-value such that the area to the right is 0.04. Wait, no: critical value is the z-score where the area under the curve to the right is α. Wait, for a right-tailed test, the critical value is the z such that P(Z > z_critical) = α. So z_critical is the value where the area to the left is 1 - α? Wait, no.

Wait, standard normal distribution: for a right-tailed test, the critical value is the z where the area above it is α. So for example, if α = 0.04, we need the z such that P(Z > z) = 0.04, which means P(Z < z) = 0.96. So we look up 0.96 in the z-table.

Looking at z-table: the z-score for 0.96 is approximately 1.75 (wait, no, 1.75 corresponds to 0.9599, 1.76 is 0.9608, so about 1.75 for 0.96? Wait, no, wait: 0.96 is the cumulative probability. Let's recall:

Standard normal table:

z | 0.95 | 0.96 | 0.97
---|-----|-----|-----
1.6 | 0.9452 | 0.9500 | 0.9545
1.7 | 0.9554 | 0.9599 | 0.9641
1.8 | 0.9641 | 0.9678 | 0.9713

Wait, actually, the exact value for 0.96 is z ≈ 1.7578 (since Φ(1.75) = 0.9599, Φ(1.76) = 0.9608, so 0.96 is between 1.75 and 1.76). Wait, no, actually, for a right-tailed test with α = 0.04, the critical value is the z where the area to the right is 0.04, so the cumulative area to the left is 0.96. Let's check a z-table.

Using a standard normal table, the z-score corresponding to cumulative probability 0.96 is approximately 1.7577. Wait, no, wait: 0.96 is higher than 0.95, so z is positive.

Wait, let's think: For example, z = 1.645 corresponds to 0.95 (95% confidence), z = 1.96 for 95% confidence interval (two-tailed), but here we have α = 0.04, so one-tailed.

Wait, the critical value for a right-tailed test with α = 0.04 is the z such that P(Z > z) = 0.04, so z = invNorm(0.96) in some calculators.

Using a calculator, invNorm(0.96) is approximately 1.7577. Wait, no, wait: invNorm(0.96) is the z where the area to the left is 0.96, so yes, that's the critical value.

Wait, but hold on: sometimes people confuse one-tailed vs two-tailed. Let's confirm.

For a right-tailed test, the critical region is to the right of the critical value. So if we have α = 0.04, the critical value is the z where the area to the right is 0.04, so the cumulative area to the left is 0.96. So yes, z_critical ≈ 1.7577 (approximately 1.76).

But wait, wait a second. Wait, no, actually, for α = 0.04, the critical value is the z such that the area above it is 0.04. Let's check with a z-table.

Looking up in the standard normal table:

The z-score for 0.96 (cumulative) is 1.75 (since 1.75 gives 0.9599, which is ~0.96). So z_critical ≈ 1.75.

Wait, but maybe I should use a calculator for better precision. Alternatively, in some contexts, especially with technology, but since this is a textbook problem, they might expect using z-table values.

Wait, but let's think again: the test statistic we calculated was approximately 2.96. Let's see.

Wait, if the test statistic is 2.96, which is higher than the critical value of 1.75 (for α=0.04), then we reject the null hypothesis.

Wait, but let's make sure.

First, let's write down all steps clearly.

Step 1: State hypotheses.

H₀: μ ≤ 2.3 (but usually, we state H₀ as μ = 2.3 for the equality, since the alternative is μ > 2.3. Wait, in hypothesis testing, the null hypothesis is the status quo, so H₀: μ = 2.3, H₁: μ > 2.3. Because the claim is ""greater than"", so the null is the opposite (equal to or less than), but in practice, for the test, we set H₀: μ = 2.3, and H₁: μ > 2.3. Because the critical value is based on the difference from 2.3.

Yes, standard is H₀: μ = 2.3, H₁: μ > 2.3.

Step 2: Determine the test type. Since n = 140 > 30, we can use z-test (by CLT). Even though σ is unknown, with large n, the sampling distribution is normal.

Step 3: Calculate test statistic.

z = (x̄ - μ₀) / (s / √n) = (2.45 - 2.3) / (0.6 / √140)

Compute denominator first: 0.6 / √140. √140 ≈ 11.832, so 0.6 / 11.832 ≈ 0.0507.

Numerator: 2.45 - 2.3 = 0.15.

So z ≈ 0.15 / 0.0507 ≈ 2.957. So approximately 2.96.

Step 4: Find critical value. Since it's a right-tailed test at α = 0.04, we need the z-score where the area to the right is 0.04. That is, the critical value z_c such that P(Z > z_c) = 0.04, so z_c = invNorm(1 - 0.04) = invNorm(0.96).

From standard normal tables, the z-score for 0.96 is approximately 1.75 (since 1.75 gives 0.9599, which is very close to 0.96). Let's say 1.75.

Wait, but actually, using a calculator, invNorm(0.96) is approximately 1.7577. So about 1.76.

Step 5: Compare test statistic to critical value. If test statistic > critical value, reject H₀.

Here, test statistic is ~2.96, critical value ~1.76. Since 2.96 > 1.76, we reject H₀.

Step 6: P-value. The p-value is the probability of getting a sample mean as extreme as observed, assuming H₀ is true. For a right-tailed test, p-value = P(Z > 2.96).

From z-table, P(Z > 2.96) is the area to the right of 2.96. Looking at z-table: z = 2.96 corresponds to cumulative probability 0.9985 (since z=2.9 gives 0.9981, z=2.96 gives ~0.9985). Wait, no: wait, z=2.0 is 0.9772, z=2.5 is 0.9938, z=2.9 is 0.9981, z=3.0 is 0.9987.

Wait, actually, the p-value is the area to the right of our test statistic. So if z = 2.96, then p-value = 1 - Φ(2.96), where Φ is the CDF.

From standard normal table, Φ(2.96) ≈ 0.9985, so p-value ≈ 1 - 0.9985 = 0.0015.

Wait, that seems low. Wait, let's check.

Wait, z = 2.96: the area to the left is about 0.9985, so the area to the right is 0.0015. So p-value ≈ 0.0015, which is less than α = 0.04. Therefore, we reject H₀.

Wait, but let's verify with more precise calculation.

Using a z-table:

z = 2.9: 0.9981 (left tail)
z = 2.95: 0.9985 (approx)
z = 2.96: 0.9986
z = 3.0: 0.9987

Wait, no, actually, the standard normal table: for example, z = 2.0 gives 0.9772, z = 2.5 gives 0.9938, z = 3.0 gives 0.9987.

Wait, so z = 2.96: let's see, the exact value. Using a calculator, the p-value for z = 2.96 is approximately 0.0015 (since 1 - 0.9985 = 0.0015).

Yes, so p-value ≈ 0.0015, which is less than 0.04, so we reject the null hypothesis.

Let me recap:

Test statistic: approximately 2.96

Critical value: for α = 0.04 (right-tailed), critical z is about 1.75 (since 1.75 is the z where 96% of the area is to the left, so 4% to the right).

P-value: ~0.0015 (since the area to the right of 2.96 is very small, about 0.15%).

Conclusion: Since the p-value (0.0015) is less than α (0.04), we reject H₀. Therefore, there is sufficient evidence to support the claim that the mean GPA is greater than 2.3.

Wait, but let's check the critical value again. Maybe I made a mistake here.

Wait, critical value for α = 0.04 (right-tailed) is the z where the area to the right is 0.04. So the critical value is z = 1.75 (since 1.75 corresponds to 95.99% cumulative, so 4.01% to the right; 1.76 is 96.08%, so 3.92% to the right). So approximately 1.75.

Our test statistic is 2.96, which is way larger than 1.75, so we reject H₀.

P-value is the probability of getting a z-score ≥ 2.96 under H₀. Which is about 0.0015, as 2.96 is in the upper tail.

So the conclusion is that we reject H₀, so there is sufficient evidence to support the claim.

Let me write down the answers:

Test statistic: approximately 2.96 (maybe 2.95 or 2.96)

Critical value: 1.75 (or 1.76, depending on table)

P-value: approximately 0.0015 (or 0.0016)

Conclusion: B. There is sufficient evidence to support the claim that the mean grade point average is greater than 2.3.

Wait, but let's check if the sample size is large enough for z-test. Since n = 140, which is large, we can use z-test regardless of σ being known. Yes, because CLT applies.

Let me recalculate the test statistic more precisely.

Compute √140: 140 = 100 + 40, so √140 ≈ 11.832159566.

s / √n = 0.6 / 11.832159566 ≈ 0.0507091.

x̄ - μ₀ = 2.45 - 2.3 = 0.15.

Test statistic z = 0.15 / 0.0507091 ≈ 2.957, so approximately 2.96.

Critical value for α = 0.04 (right-tailed): using standard normal distribution, the critical value is the z where P(Z > z) = 0.04. So z = invNorm(0.96). From z-table, invNorm(0.96) is approximately 1.7577, so we can say 1.76.

P-value: P(Z > 2.96) = 1 - Φ(2.96). Using a calculator, Φ(2.96) ≈ 0.9985, so p-value ≈ 0.0015.

So the answers:

Test statistic: 2.96

Critical value: 1.76

P-value: 0.0015

Conclusion: B (there is sufficient evidence)

Wait, but let's check if the critical value is correct. For α = 0.04, right-tailed, the critical value is indeed around 1.75. For example, in many tables, the critical values for common α:

α = 0.10 → z = 1.28

α = 0.05 → z = 1.645

α = 0.01 → z = 2.33

α = 0.005 → z = 2.575

So for α = 0.04, which is a bit higher than 0.05, the critical value is a bit less than 1.645? Wait, no, wait: α = 0.05 (two-tailed) has critical values ±1.96, but for one-tailed α = 0.05, critical value is 1.645.

Wait, here's the confusion: the critical value for a right-tailed test with α = 0.04 is the z where the area to the right is 0.04, so the cumulative area is 0.96. The z-score for 0.96 is approximately 1.75 (since 1.75 gives 0.9599, which is 0.96 when rounded).

Yes, for example, in the standard normal table:

z | 0.95 | 0.96 | 0.97
---|-----|-----|-----
1.6 | 0.9452 | 0.9500 | 0.9545
1.7 | 0.9554 | 0.9599 | 0.9641
1.8 | 0.9641 | 0.9678 | 0.9713

So at z = 1.75, the cumulative probability is 0.9599, which is very close to 0.96. So the critical value is approximately 1.75.

The p-value: since our test statistic is 2.96, which is in the upper tail. The p-value is the area to the right of 2.96. From standard normal tables, z = 2.96 corresponds to a cumulative probability of about 0.9985, so the p-value is 1 - 0.9985 = 0.0015.

So the p-value is approximately 0.0015, which is less than 0.04, so we reject H₀.

Therefore, the conclusion is B.

Let me just confirm once more.

If the p-value is less than α, we reject H₀. Here, p ≈ 0.0015 < 0.04, so we reject H₀. Therefore, there is sufficient evidence to support the claim that the mean GPA is greater than 2.3. So the conclusion is B.

So the answers:

Test statistic: 2.96

Critical value: 1.75 (or 1.76)

P-value: 0.0015 (or 0.0016)

Conclusion: B

Wait, but the problem says ""The test statistic is [ANS]"", ""The critical value is [ANS]"", ""The P-Value is [ANS]"", ""The final conclusion is [ANS]"".

So we need to fill in each blank.

Let's write them with approximate values as per standard.

Test statistic: 2.96 (since 2.957 rounds to 2.96)

Critical value: For α = 0.04 (right-tailed), critical z is approximately 1.75 (some tables say 1.75, others 1.76)

P-value: Approximately 0.0015 (or 0.0016)

Conclusion: B

Let me check with a calculator for p-value.

Using a z-score of 2.96, the p-value is the area to the right.

In R, pnorm(2.96, lower.tail=FALSE) gives 0.0015, so yes, p ≈ 0.0015.

So:

Test statistic: 2.96

Critical value: 1.75 (commonly rounded to two decimal places)

P-value: 0.0015 (or 0.0016, depending on precision)

Conclusion: B

I think that's it.

**Final Answer**
The test statistic is \boxed{2.96}, the critical value is \boxed{1.75}, the P-Value is \boxed{0.0015}, and the final conclusion is \boxed{B}.
</think>

To solve this hypothesis testing problem, we follow a structured approach to determine the test statistic, critical value, p-value, and draw a conclusion based on the given data.

---

### **Step 1: State the Hypotheses**

We are testing the claim that the **population mean GPA** of sophomore college students is **greater than 2.3**.

- **Null hypothesis (H₀)**: $ \mu \leq 2.3 $
- **Alternative hypothesis (H₁)**: $ \mu > 2.3 $

This is a **right-tailed test"
419,"This is a complex or challenging question, and it is difficult to provide a direct and correct answer. I need to think about it.
Well, so the problem is: we have a connected graph with 2n vertices, n > 1 (so at least 4 vertices? Wait, n>1, so n=2 gives 4 vertices, n=3 gives 6, etc.), Alice and Bob play this game where Alice picks starting positions for her token A and Bob's token B. Then they alternate moves, Alice goes first. Alice wants to avoid being caught forever; Bob wants to catch her. Positions are visible, so they can see where each other is. We need to find the maximum number of edges in such a graph where, no matter how Bob plays (wait, no—wait, ""provided they both play optimally"", so Alice chooses starting positions to maximize her chance of evading, but actually, the problem says ""Alice is able to evade Bob indefinitely"" when both play optimally. Wait, no: ""provided they both play optimally, what is the maximum possible number of edges in the graph if Alice is able to evade Bob indefinitely?""

Wait, letื่s parse again: ""Alice is able to evade Bob indefinitely"" means that there exists some starting positions (chosen by Alice) such that no matter what Bob does, Alice can keep moving without being caught? Wait, no: ""they both play optimally""—so Alice chooses starting positions (to try to make it possible for her to evade), and then they play the game, with both playing optimally (so Bob will try to catch her, Alice will try to avoid). The question is: for which graphs (with 2n vertices, n>1) does there exist starting positions where Alice can evade indefinitely? And we need the maximum number of edges over all such graphs?

Wait, no: ""the maximum possible number of edges in the graph if Alice is able to evade Bob indefinitely"". So we need the largest |E| for a connected graph G with |V|=2n, n>1, such that in G, there exists a pair of starting positions (a,b) where Alice can force an infinite evasion against optimal Bob.

Wait, but actually, in pursuit games on graphs, usually it's about whether the pursuer can catch the evader, but here it's a specific setup: Alice starts first, she picks where A and B start, then they alternate moves (so Bob moves second? Wait, wait! Wait, ""Alice and Bob have tokens... they alternate their turns with Alice going first."" So Alice moves first, then Bob, then Alice, etc. So sequence: Alice moves A, then Bob moves B, then Alice moves A, then Bob moves B, etc. Wait, no: ""every move, the player with the turn moves their token"". So each ""move"" is a player's turn. So Alice goes first: she moves her token (A) from current position to adjacent, then Bob moves his token (B) to adjacent, then Alice moves A, then Bob moves B, etc. So the order is: A moves, B moves, A moves, B moves, ... So after k full rounds (each round is A then B), total moves: 2k.

But Bob's goal is to catch Alice: when does Bob catch her? When they are on the same vertex at the same time? Wait, the problem says ""Bob's goal is to catch Alice""—so probably, in graph theory pursuit games, ""catching"" means occupying the same vertex at the same time, i.e., at the end of a move (since after each move, they are at new positions). Wait, but the problem says ""positions of A, B are visible at every moment"", so maybe we need to check the definition.

Wait, in standard pursuit-evasion, sometimes it's about being on the same vertex at the same time (i.e., after a move), but here, since they alternate moves, let's clarify the timing:

- Start: Alice chooses initial positions for A and B (let's say A starts at a, B at b, a ≠ b, since they are distinct tokens? Wait, the problem says ""a connected graph with 2n vertices"", so two tokens, but they could be on the same vertex? But if they start on the same vertex, Bob has already caught her, so Alice would choose different starting positions.

- First move: Alice moves A to a neighbor of a (so now A is at a', B still at b)
- Second move: Bob moves B to a neighbor of b (now B is at b')
- Third move: Alice moves A to a neighbor of a' (A at a'')
- Fourth move: Bob moves B to a neighbor of b' (B at b'')

Etc.

Bob catches Alice when, at the end of a move (i.e., after Bob's move, since he moves second), they are on the same vertex? Wait, no—if Bob moves to the same vertex as Alice, then yes, he catches her. But actually, in the problem statement, ""Bob's goal is to catch Alice""—so the game ends when Bob catches Alice, which would be when they are on the same vertex at the same time. Since they move alternately, the only way they can be on the same vertex is either:

- After Alice's move: but Alice just moved, so Bob hasn't moved yet, so they can't be on the same vertex at the end of Alice's move (unless they were already together, but they start different).

- After Bob's move: Bob moves to a vertex, so now check if B is at the same vertex as A (who hasn't moved since Bob's last move). Wait, no: after Bob moves, A has been stationary for a move? Wait, no: each ""move"" is a player's turn. So the state changes after each move.

Let's define states by (position of A, position of B) after k moves (where k=0 is start, k=1 is after Alice's first move, k=2 after Bob's first move, etc.)

- Start (k=0): (a, b), a ≠ b (otherwise game over, Bob wins immediately)
- k=1 (Alice's move): A moves to a1 ∈ N(a), so state (a1, b)
- k=2 (Bob's move): B moves to b1 ∈ N(b), so state (a1, b1)
- k=3 (Alice's move): A moves to a2 ∈ N(a1), state (a2, b1)
- k=4 (Bob's move): B moves to b2 ∈ N(b1), state (a2, b2)
- ...
- Game ends at even k=2m: if at state (a_m, b_m) [after m full rounds? Wait, no, k=2m is after m moves by each], so after Bob's m-th move, check if a_m = b_m? Wait, no: at k=2m, we have done m moves by Alice and m moves by Bob. So after Alice's m-th move (k=2m-1), position is A at a_m, B still at b_{m-1} (since Bob hasn't moved yet for this round). Then Bob moves to b_m (k=2m), so now check if a_m = b_m? If yes, Bob catches Alice at this point (after his move). If not, continue.

So the game ends when Bob, on his move, moves to the same vertex as Alice's current position (which is the position Alice was at before Bob's move). So Bob catches Alice iff at some step, after Bob's move, A and B are on the same vertex.

Therefore, the game is a sequence of moves where Alice moves first, then Bob, etc., and Bob wins if he can reach a state where they are equal at the end of his move (i.e., after an even number of total moves, since he moves second), and Alice wins if she can avoid this forever.

The key is: for the graph, does there exist starting positions a, b (a ≠ b) such that no matter what Bob does (i.e., no matter the choices Bob makes in response to Alice's moves), Alice can always respond with a move that keeps them apart, and never gets caught? Wait, no: ""both play optimally""—so Alice chooses starting positions to try to make it possible for her to evade, and then they play, with Alice trying to avoid capture, Bob trying to catch. So we need that there exists a starting pair (a,b) where, in the game tree, Alice has a winning strategy (i.e., can force the game to go on forever without Bob ever catching her).

In pursuit games on graphs, especially with two players, the concept of ""evasibility"" depends on the graph's structure.

First, let's recall some basics. In a graph, a vertex v is a ""safe"" position for Alice if she can be at v without being caught, but here it's a two-player game.

Wait, another angle: in the game, Alice and Bob are moving on the graph, with Alice moving first, then Bob, etc. This is similar to a ""cops and robbers"" game, but in cops and robbers, usually the cop moves first, and the robber moves first? Wait, no: standard cops and robbers: cop moves first, then robber, etc., but here it's the opposite: robber (Alice) moves first, then cop (Bob), so it's a ""robber vs cop"" game where the robber moves first.

In standard cop and robber games, the cop number is the minimum number of cops needed to guarantee catching the robber. Here, we have one cop (Bob) and one robber (Alice), with the robber moving first. The question is: for which graphs does the robber have a winning strategy (i.e., can evade forever) when moving first?

Wait, the problem states: ""Alice is able to evade Bob indefinitely"" when both play optimally. So we need graphs where the robber (Alice) has a winning strategy (can avoid capture forever) against a single cop (Bob) who moves second.

In graph theory, for a connected graph G, let's denote c(G) as the cop number (minimum number of cops to catch the robber), but here we have a specific setup: robber moves first, one cop, so we need to know for which graphs with 2n vertices (n>1) the robber can win with this move order.

Wait, but in the standard cop and robber game, the cop number is usually defined with the cop moving first, so our case is a ""reverse"" cop and robber game (robber moves first). Let's recall that in some graphs, the robber can win even with the cop moving first, but here it's the opposite.

First, let's consider small n to get intuition. n>1, so smallest n=2, so 4 vertices. What's the maximum edge count for a connected graph on 4 vertices where Alice can evade Bob indefinitely?

Connected graphs on 4 vertices: complete graph K4 (6 edges), cycle C4 (4 edges), path P4 (3 edges), star K1,3 (3 edges). Let's take n=2, so 4 vertices.

Can Alice evade in K4? Let's see. Suppose Alice starts at vertex A, Bob at B (different vertices). Alice moves first: she can go to any adjacent vertex (all vertices are adjacent in K4). Suppose Alice moves to C, Bob is at D (wait, in K4, all vertices are adjacent, so from start, Alice at a, Bob at b, a≠b, both can move to any other vertex.

Wait, in K4, can Bob catch Alice? Let's try to simulate.

Start: Alice at 1, Bob at 2 (arbitrary labels 1,2,3,4).

Alice's first move: she can go to 2,3,4. But if she goes to 2, then Bob is at 2, so Bob catches her immediately? Wait, no: after Alice moves, she is at 2, Bob is still at 2? Wait, no: starting positions are different, so Alice starts at a, Bob at b, a≠b. Then Alice moves: she moves from a to a neighbor, so now Alice is at a1, Bob is still at b (before Bob moves). Then Bob moves: he moves from b to a neighbor, so now Bob is at b1. The game ends if at the moment of Bob's move, he moves to a1 (Alice's current position after Alice's move).

Ah! Critical point: when Bob moves, he checks if his new position is equal to Alice's current position (which is the position Alice was at after her last move, i.e., before Bob's move). So in the first round:

- Start: A=1, B=2 (different)
- Alice moves: A goes to 3 (new A=3), B stays at 2 (so now A≠B)
- Bob moves: B goes to 3 (now B=3, which equals A=3) → Bob catches Alice! Oh, so Bob can just move to where Alice is.

Wait, in K4, if Alice starts at 1, Bob at 2. Alice moves to 3 (anywhere except 1, but in K4, all are adjacent). Then Bob can move to 3, which is where Alice is now, so Bob catches her on his first move. Wait, but can Alice choose a different move? Wait, no: if Alice moves to 2, then Bob is at 2, so Alice moves to Bob's position? Wait, no: starting positions are different, so Alice starts at a, Bob at b, a≠b. Then Alice moves: she must move to a neighbor of a, so she can't stay put (moves are to adjacent vertices, so no staying). So from a, she goes to some neighbor, say c ≠ a, so now A=c, B=b (still different, since c≠b? Not necessarily: if c=b, then Alice moves to Bob's starting position, so now A=B, but the game would have ended? Wait, no: the game only ends when Bob catches her, but if Alice moves to Bob's position, does that count as caught?

Wait, the problem says ""Bob's goal is to catch Alice"". So if at any point, they are on the same vertex, Bob has caught her. But when does that happen? The problem says ""positions of A, B are visible at every moment"", so we need to know the timing.

Wait, maybe the problem is using the standard ""pursuit"" definition where the game ends when the pursuer and evader are on the same vertex at the same time (i.e., after a move). Since they alternate moves, the only way they can be together is after a move by one of them, but since they move alternately, the only possible way they meet is after Bob's move (because he moves second, so he can choose to move to where Alice is).

Wait, let's take a concrete example with n=2 (4 vertices). Let's take the cycle graph C4: vertices 1-2-3-4-1.

Suppose Alice starts at 1, Bob at 2.

Alice's first move: she can go to 2 or 4. If she goes to 2, then Bob is at 2, so now Alice is at 2, Bob is at 2? Wait, no: starting positions are different, so Alice starts at 1, Bob at 2 (so they are adjacent). Alice moves first: she moves to 2 (Bob's starting position), so now Alice is at 2, Bob is still at 2? Wait, no—when you move, you leave your current position, so Bob hasn't moved yet, so after Alice's move, Alice is at 2, Bob is still at 2? But they started at different positions, so they can't both be at 2 after Alice's move unless she moved to Bob's starting position.

Wait, this is confusing. Let's define the game rules precisely as per the problem statement:

- Graph G, connected, |V|=2n, n>1
- Alice chooses starting positions for A and B (distinct, since if they start together, Bob wins immediately, so Alice won't choose that)
- Players alternate turns, Alice goes first
- On each turn, the player moves their token to an adjacent vertex (so no staying, must move)
- Positions are visible to both at all times
- Bob wins if at any point, they are on the same vertex (but when?)
- The problem says ""Bob's goal is to catch Alice"", so presumably, the game ends when Bob catches Alice, i.e., when they occupy the same vertex at the same time (i.e., after a move, since they move sequentially)

In combinatorial game theory, for pursuit games, ""capture"" usually happens when the pursuer and evader are on the same vertex at the same time, which in this alternating move sequence would mean after Bob's move (since he moves second, so he can choose to move to where Alice is).

Wait, here's a standard reference: in the ""cops and robbers"" game on a graph, the cop starts first, moves, then robber, etc., and the cop wins if they catch the robber (i.e., they are on the same vertex at the same time). In our case, it's the reverse: robber moves first, then cop, so it's a ""robber vs cop"" game with robber moving first.

For a connected graph, when does the robber have a winning strategy (can avoid capture forever) with the robber moving first?

I remember that in a bipartite graph, if the graph is bipartitioned into X and Y, then the parity of the distance matters. Wait, in a bipartite graph, all cycles are even length, so the graph is bipartite iff it has no odd cycles.

Here's a key idea: in a bipartite graph, the distance between two vertices is well-defined modulo 2. Suppose G is bipartite, with partitions X and Y. Then, if Alice and Bob start on the same partition, the distance between them is even, so they can never be on the same partition after an even number of moves? Wait, no—let's think about their positions modulo 2.

In a bipartite graph, every walk from X to Y has odd length, from Y to X has even length.

Suppose Alice starts at x ∈ X, Bob at y ∈ Y (so they are on different partitions, since it's bipartite). Then:

- Alice's first move (length 1): from X to Y, so now Alice is at Y
- Bob's first move (length 1): from Y to X, so now Bob is at X
- Alice's second move: from Y to X, now Alice at X
- Bob's second move: from X to Y, now Bob at Y

So they alternate partitions each move. Therefore, after k full rounds (k moves each), Alice is at X if k=0, X after even k, Y after odd k? Wait, let's track positions:

Start (k=0): A=x∈X, B=y∈Y (different partitions)
After Alice's move (1st move): A∈Y, B∈Y (same partition)
After Bob's move (2nd move): A∈Y, B∈X (different partitions)
After Alice's move (3rd): A∈X, B∈X
After Bob's move (4th): A∈X, B∈Y
...

So in a bipartite graph, the parity of their positions relative to the bipartition changes with each move.

Now, in a bipartite graph, can Bob ever catch Alice? Well, if they are on the same vertex, they are on the same partition (since bipartition is fixed), so if they are ever on the same vertex, it's a same partition vertex? Wait, no: in a bipartite graph, all vertices are in exactly one partition, so if they are on the same vertex, they are in the same partition. But the key is: in a bipartite graph, the distance between two vertices is fixed parity.

But here's a crucial point: in a bipartite graph, if the graph is bipartite, then the robber (Alice) can force a win (i.e., evade forever) if the graph is bipartite and has no ""shortcuts"" for the cop? Wait, no—actually, in a bipartite graph, the cop number is often 1 for some graphs, but let's think about the parity.

Wait, suppose G is bipartite, with partitions X and Y, |X|=|Y|=n (since total vertices 2n, so balanced bipartition for bipartite graphs? Not necessarily, but for connected bipartite graphs, the bipartition sizes differ by at most 1, but here we have 2n vertices, so could be n and n).

Suppose Alice starts in X, Bob in Y (different partitions). Then, as above, after each full round (Alice then Bob), they switch partitions relative to each other? Wait, no, from the sequence:

- Start: A=X, B=Y
- After Alice moves: A=Y, B=Y (same partition)
- After Bob moves: A=Y, B=X (different partitions)
- After Alice moves: A=X, B=X (same partition)
- After Bob moves: A=X, B=Y (different partitions)

So the pattern is: after even number of moves (Bob's moves), they are on different partitions; after odd number of moves (Alice's moves), they are on the same partition.

Wait, but the critical thing for catching: to be on the same vertex, they must be on the same partition (since it's bipartite), but they can be on the same partition without being on the same vertex.

However, in a bipartite graph, if the graph is bipartite and connected, then the robber can use the bipartition to force a win? Wait, let's take a specific bipartite graph: C4 (cycle of 4, bipartite, partitions {1,3}, {2,4}).

Take C4: 1-2-3-4-1.

Alice starts at 1 (X), Bob starts at 2 (Y).

Alice's first move: she can go to 2 or 4. Suppose she goes to 4 (Y partition).

Now, Bob is at 2 (Y), Alice is at 4 (Y). Bob's turn: he needs to move to adjacent vertices (3 or 1). He wants to get to 4 (Alice's current position) to catch her. So Bob moves to 3 (wait, no: from 2, adjacent are 1 and 3; 4 is not adjacent to 2, so Bob can't move directly to 4. Wait, Bob is at 2, Alice is at 4. Bob moves to 1 or 3.

If Bob moves to 1 (X), then Alice is at 4 (Y), Bob at 1 (X) – different partitions, good.

Then Alice's turn: she can move to 1 or 3 (from 4). She doesn't want to go to 1 (Bob's position), so she moves to 3 (X).

Now Bob"
420,"Okay, let's try to figure out this probability question. So, the problem is asking which set of numbers is sufficient to calculate P(H|E, F) when we have no conditional independence information. Hmm, I need to recall some basic probability rules here.

First, P(H|E, F) is the posterior probability of H given E and F. To compute this, we can use Bayes' theorem. But since we don't have any conditional independence info, we can't assume things like H being independent of E or F. Wait, but maybe we can express it in terms of joint probabilities.

Let me remember that P(H|E,F) = P(E,F|H) * P(H) / P(E,F). Right? Because by definition, P(H|E,F) = P(E,F,H)/P(E,F) = [P(E,F|H) * P(H)] / P(E,F). So, to get this, we need P(E,F), P(H), and P(E,F|H). Wait, but the options might have different combinations.

Wait, the question says ""we have no conditional independence information,"" so we can't make assumptions about the dependencies between variables. So we need all the necessary information without assuming anything else.

Let's look at the options one by one.

Option A: P(E,F), P(H|E,F), P(E|H). Hmm, but if we already have P(H|E,F), then we don't need it to compute it. Wait, the question is about what's sufficient to calculate P(H|E,F). So if the set includes P(H|E,F) itself, that's trivial. Wait, but the options are the numbers we have. Wait, the problem states ""which of the following sets of numbers are sufficient for the calculation?"" So we need to know what we have available to compute P(H|Eity).

Wait, no, the problem says ""we like to calculate P(H|E, F) and we have no conditional independence information."" So we need to see which set of numbers (given in the options) allows us to compute P(H|E,F) without additional assumptions.

Let me think again. The formula for P(H|E,F) is equal to P(E,F|H) * P(H) divided by P(E,F). So if we have P(E,F), P(H), and P(E,F|H), then we can compute it. Wait, but do we have P(E,F|H)? Or is there another way?

Wait, the options may have different combinations. Let's check each option.

Option D: P(E,F), P(H), P(E|H), P(F|H). Hmm. If we have P(E|H) and P(F|H), but not sure about joint. Maybe not enough.

Option H: P(E,F), P(H), P(E,F|H). Oh! Wait, this looks promising. Because if you have P(E,F) (the marginal), P(H), and P(E,F|H), then yes, you can compute it. Because P(H|E,F) = [P(E,F|H) * P(H)] / P(E,F). So if we have all three: P(E,F), P(H), and P(E,F|H), then we can compute it. So option H is P(E,F), P(H), P(E,F|H). Wait, the option H says: ""P(E, F), P(H), P(E, F|H)"".

Wait, looking back:

H. P(E, F), P(H), P(E, F|H)

Yes, so option H has exactly the three quantities needed. Because once you have those three, you can compute P(H|E,F) via Bayes' rule.

But wait, let's check other options too.

Option J: P(H), P(E,F), P(E|H). Hmm. Not sure. If we have P(E|H), but not sure about joint.

Wait, let's go step by step.

The formula requires P(E,F), P(H), and P(E,F|H). So if an option gives these three, then that would be sufficient.

Looking at the options:

Option H: P(E,F), P(H), P(E,F|H). Yes! So H is the correct answer? Wait, but let's check the options again.

Wait, the options are labeled A to J. Let me list them:

A. P(E, F), P(H|E, F), P(E|H)

B. P(E, F), P(H|E), P(F|H)

C. P(H), P(E, F|H), P(F)

D. P(E, F), P(H), P(E|H), P(F|H)

E. P(H), P(E|H), P(F|H)

F. P(H), P(E, F|H), P(E|F)

G. P(E, F), P(E|H), P(F|H)

H. P(E, F), P(H), P(E, F|H)

I. P(E, F), P(H|F), P(E|H)

J. P(H), P(E, F), P(E|H)

So option H is exactly the three components needed: P(E,F), P(H), and P(E,F|H). So with these three, we can compute P(H|E,F) as [P(E,F|H)*P(H)] / P(E,F). So yes, H should be the answer.

Wait, but let's check if there's another option that also works.

Option D: P(E,F), P(H), P(E|H), P(F|H). Hmm. We have four quantities here. But maybe we can get P(E,F|H) from P(E|H) and P(F|H)? Wait, no. Because P(E|H) and P(F|H) are marginal given H, but we need the joint. Unless we have more info. For example, if E and F were independent given H, then P(E,F|H) = P(E|H)P(F|H), but the problem states we have no conditional independence information. So we can't assume that. So with just P(E|H) and P(F|H), we don't know their joint. So D might not be sufficient.

Similarly, Option G: P(E,F), P(E|H), P(F|H). Hmm, same issue. Without knowing the joint distribution, we can't get P(E,F|H) from P(E|H) and P(F|H).

Option J: P(H), P(E,F), P(E|H). Hmm. If we have P(E|H), but not sure how that helps. Let's see. If we want to compute P(H|E,F), we need P(E,F|H) * P(H) / P(E,F). But we don't have P(E,F|H). However, if we had P(E|H) and P(F|H), but we don't have the joint. Wait, but maybe in some cases... Hmm, but the problem says we have no conditional independence info, so we can't assume anything.

Wait, another thought: sometimes people use factorization. But without knowing the structure, we can't.

Wait, the key point here is that to compute P(H|E,F), we need the joint probability of E and F given H, multiplied by P(H), divided by P(E,F). So we need P(E,F), P(H), and P(E,F|H). So option H provides exactly those three. So H is the right answer.

Wait, but let's check if any other option could also work.

Option D: P(E,F), P(H), P(E|H), P(F|H). If we have P(E|H) and P(F|H), but not their joint, we can't get P(E,F|H). So unless we have more info, we can't. So D is not sufficient.

Option J: P(H), P(E,F), P(E|H). Hmm. Still missing something. For example, to get P(E,F|H), we need more than P(E|H). So J is probably not enough.

Option A: P(E,F), P(H|E,F), P(E|H). Wait, but if we have P(H|E,F), then we already know the value we want. But the question is about calculating it, so having P(H|E,F) in the set is redundant. Wait, but the problem says ""which of the following sets of numbers are sufficient for the calculation"". So if a set includes the value we want, then it's trivially sufficient. Wait, but that seems odd. Wait, no: the problem says ""we like to calculate P(H|E, F)"", so we need to find which set allows us to compute it. If an option includes P(H|E,F), then obviously that set is sufficient (since you already have it), but that's a bit strange. Wait, but in the options, for example, option A includes P(H|E,F), so if we have that, then we can just say it's given. But the problem is phrased as ""sufficient for the calculation"", so if you have the value already, then yes, but in reality, the question is probably expecting us to think that we don't have P(H|E,F) in our data. Wait, but the problem says ""which of the following sets of numbers are sufficient for the calculation"".

Wait, perhaps the presence of P(H|E,F) in the options is a trick. Like in option A, they give P(H|E,F), but we want to calculate it. So if you have that number already, then you don't need to calculate it. But the question is about what's sufficient to calculate it, so if an option includes the value itself, then it's trivially sufficient. But the problem says ""we like to calculate P(H|E, F)"", so we need to know what we have to compute it. Hmm, this is confusing.

Wait, the problem states: ""Suppose we like to calculate P(H|E, F) and we have no conditional independence information. Which of the following sets of numbers are sufficient for the calculation?""

So the idea is, given the set of numbers in the option, can we compute P(H|E,F) using only those numbers (and standard probability rules), without any additional assumptions (since we have no conditional independence info).

So for example, option H: P(E,F), P(H), P(E,F|H). Then yes, we can compute it as [P(E,F|H) * P(H)] / P(E,F).

So H is sufficient.

Let me check other options.

Option D: P(E,F), P(H), P(E|H), P(F|H). As mentioned, we have four quantities. But we need P(E,F|H). Since we don't have conditional independence, we can't factor P(E,F|H) into P(E|H)P(F|H), so even if we had P(E|H) and P(F|H), we still don't know P(E,F|H). So D is insufficient.

Option G: P(E,F), P(E|H), P(F|H). Still missing the joint.

Option J: P(H), P(E,F), P(E|H). Hmm. If we have P(E|H), but we need more. For example, to get P(E,F|H), we need more info. So J is probably not enough.

Option H seems good.

Wait, another angle: the minimal set required. In Bayesian networks, but since we have no conditional independence info, we need the full joint. Wait, but in general, to compute P(H|E,F), we need to know the joint distribution over H, E, F. But since we have no conditional independence, we need all the relevant probabilities.

But the question is about which of the given options suffices.

Wait, another thought: P(H|E,F) = P(E,F|H) * P(H) / P(E,F). So if we have P(E,F), P(H), and P(E,F|H), then yes. So option H has exactly those three. So H is the answer.

Wait, but let me check the options again. Option H says: ""P(E, F), P(H), P(E, F|H)"". So yes, that's exactly the three needed.

Is there another option that also has these three? Let's see.

Option D has four quantities: P(E,F), P(H), P(E|H), P(F|H). So not the same.

Option J: P(H), P(E,F), P(E|H). So three quantities. But missing P(E,F|H).

So H is the only option that has P(E,F), P(H), and P(E,F|H). So H should be the answer.

Wait, but wait. Let me check the options again.

Option H: P(E, F), P(H), P(E, F|H). Yes. So this set has all three necessary components. So we can compute it.

Therefore, the answer should be H.

Wait, but let me check if there's a trick here. For example, do we need more?

Wait, suppose we have P(E,F), P(H), and P(E,F|H). Then yes, we can compute P(H|E,F) = [P(E,F|H) * P(H)] / P(E,F). So exactly.

So option H is sufficient.

Another option: Option D has P(E,F), P(H), P(E|H), P(F|H). If we had conditional independence, but we don't. So even with those four, we can't get P(E,F|H), so D is not sufficient.

Similarly, others.

Wait, option J: P(H), P(E,F), P(E|H). If we have P(E|H), but not sure about P(E,F|H). So no.

So I think H is the correct answer.

Wait, but wait. Let me check the options again. The problem lists options up to J. So H is the 8th option.

Wait, the user says ""select the single best answer"" and output the letter.

So according to my reasoning, the answer is H.

But wait, wait. Let me think again.

Wait, another way: sometimes in probability, especially with multiple variables, you need to consider if there's a way to derive P(E,F|H) from other terms.

But in this case, the problem states we have no conditional independence information. So we cannot assume that E and F are independent given H or anything else.

So, in order to compute P(H|E,F), we need the joint probability of E and F given H, which is exactly what P(E,F|H) is. So if we have that, plus P(H) and P(E,F), then we can compute it.

So option H gives exactly those three. So H is the answer.

Wait, but let's check if any other option also provides those three.

For example, option D has P(E,F), P(H), and two more terms. So not the same.

Option J has P(H), P(E,F), and P(E|H). Not enough.

So yes, H is the correct choice.

Wait, but hold on. The notation in the options: in option H, it's written as ""P(E, F), P(H), P(E, F|H)"". So that's three quantities. And we need all three to compute P(H|E,F). So yes, H is the answer.

I think that's it. So the answer is H.
</think>

To determine which set of numbers is **sufficient** for computing $ P(H|E, F) $ **without** any conditional independence assumptions, we begin by recalling the **definition of conditional probability**:

$$
P(H|E, F) = \frac{P(E, F|H) \cdot P(H)}{P(E, F)}
$$

This expression shows that to compute $ P(H|E, F) $, we need:

1. $ P(E, F) $ — the marginal probability of $ E $ and $ F $
2. $ P(H) $ — the prior probability of $ H $
3. $ P(E, F|H) $ — the likelihood of $ E $ and $ F $ given $ H $

These three quantities are **necessary and sufficient** under the assumption that no conditional independence relationships exist among the variables (as stated in the problem).

---

Now, we examine the options to find the one that **exactly contains** these three components:

- **Option H**: $ P(E, F) $, $ P(H) $, $ P(E, F|H) $

This option **directly provides** all three required quantities for the computation of $ P(H|E, F) $. With these, we can apply the formula:

$$
P(H|E, F) = \frac{P(E, F|H) \cdot P(H)}{P(E, F)}
$$

Thus, **Option H** is **sufficient** for the calculation.

---

Let’s briefly eliminate other options to confirm that **no other option** is equally or more sufficient:

- **Option A**: Includes $ P(H|E, F) $, which is the value we're trying to compute — this is **trivially sufficient**, but the question is about **what is sufficient for the calculation**, not what is *already known*. Since the problem asks for what is **needed to compute** $ P(H|E, F) $, this is **not** the intended interpretation.
  
- **Option B**: $ P(E, F) $, $ P(H|E) $, $ P(F|H) $ — not enough; we lack $ P(E, F|H) $ and no way to derive it from the given terms without conditional independence assumptions.

- **Option C**: $ P(H) $, $ P(E, F|H) $, $ P(F) $ — missing $ P(E, F) $, and $ P(F) $ is not directly useful for the computation.

- **Option D**: $ P(E, F) $, $ P(H) $, $ P(E|H) $, $ P(F|H) $ — includes extra terms that are not helpful without conditional independence assumptions (e.g., we cannot derive $ P(E, F|H) $ from $ P(E|H) $ and $ P(F|H) $).

- **Option E**: $ P(H) $, $ P(E|H) $, $ P(F|H) $ — again, missing $ P(E, F) $ and $ P(E, F|H) $.

- **Option F**: $ P(H) $, $ P(E, F|H) $, $ P(E|F) $ — not sufficient; $ P(E|F) $ is irrelevant to the computation of $ P(H|E, F) $.

- **Option G**: $ P(E, F) $, $ P(E|H) $, $ P(F|H) $ — again, we cannot derive $ P(E, F|H) $ from these.

- **Option I**: $ P(E, F) $, $ P(H|F) $, $ P(E|H) $ — not sufficient; missing $ P(H) $ and no direct path to $ P(E, F|H) $.

- **Option J**: $ P(H) $, $ P(E, F) $, $ P(E|H) $ — still missing $ P(E, F|H) $, and the same issue as above.

Only **Option H** provides **all three necessary components** for the calculation of $ P(H|E, F) $, and **no additional assumptions** are required (since we have no conditional independence information).

---

### ✅ Final Answer:

$$
\boxed{H}
$$"
421,"Okay, let's see. I need to find secθ and tanθ given that θ is in the second quadrant (so π/2 ≤ θ ≤ π) and sinθ = 1/9. Hmm, first, I remember that in the second quadrant, cosine is negative and tangent is negative because sine is positive there. Let me recall the Pythagorean identity: sin²θ + cos²θ = 1. So if I can find cosθ, then I can get secθ which is 1/cosθ, and tanθ is sinθ/cosθ.

Starting with part (a): secθ. Secant is the reciprocal of cosine, so I need to find cosθ first. Since sinθ = 1/9, then sin²θ = (1/9)² = 1/81. Using the Pythagorean identity: cos²θ = 1 - sin²θ = 1 - 1/81 = 80/81. So cosθ = ±√(80/81) = ±(4√5)/9. But since θ is in the second quadrant, cosine is negative there. So cosθ = -4√5/9. Therefore, secθ = 1/cosθ = -9/(4√5). Wait, but we need to rationalize the denominator here. So -9/(4√5) = -9√5/(4*5) = -9√5/20. Let me check that. Yes, rationalizing: multiply numerator and denominator by √5, so 9√5/(4*5) = ื่9√5/20, but since it's negative, it's -9√5/20. Okay, so secθ is -9√5/20.

Now part (b): tanθ. Tangent is sinθ/cosθ. We have sinθ = 1/9, and cosθ = -4√5/9. So tanθ = (1/9) / (-4√5/9) = (1/9) * (9/(-4√5)) = -1/(4√5). Again, rationalize the denominator: -1/(4√5) = -√5/(4*5) = -√5/20. Let me verify. Yes, because multiplying numerator and denominator by √5 gives -√5/(4*5) = -√5/20. So tanθ is -√5/20.

Wait, let me double-check. Let's go step by step.

First, sinθ = 1/9. So sin²θ = 1/81. Then cos²θ = 1 - sin²θ = 1 - 1/81 = 80/81. So cosθ = ±√(80/81) = ±(√80)/9 = ±(4√5)/9. Since θ is in the second quadrant, cosθ is negative, so cosθ = -4√5/9.

Then secθ = 1/cosθ = -9/(4√5) = -9√5/(4*5) = -9√5/20. That's correct.

For tanθ: tanθ = sinθ / cosθ = (1/9) / (-4√5/9) = (1/9) * (9/(-4√5)) = -1/(4√5) = -√5/(4*5) = -√5/20. Yep, that's right.

Let me confirm with another approach. In the second quadrant, tanθ is negative, which matches our answers. Also, since sinθ is small (1/9), the angle is close to π/2, so cosθ should be close to 0, but negative, and tanθ should be negative, which it is.

Wait, let's check the magnitude. If sinθ is 1/9, then θ is near π/2, so cosθ is near 0, but negative. So tanθ = sinθ / cosθ, which would be a large negative number? Wait, no. Wait, if θ is in the second quadrant, say θ = 3π/4, then sinθ = √2/2 ≈ 0.707, cosθ = -√2/2 ≈ -0.707, so tanθ = -1. But here sinθ is 1/9 ≈ 0.111, which is much smaller than √2/2, so θ is closer to π/2. Wait, actually, as θ approaches π/2 from the left (in the second quadrant), sinθ approaches 1, cosθ approaches 0 from the negative side, so tanθ approaches -∞. Wait, but here sinθ is 1/9, which is small, so θ is actually close to π (the third quadrant? Wait no, θ is in the second quadrant, so between π/2 and π. Wait, if sinθ is small, that means θ is close to π, because sinθ at π is 0, and increases to 1 at π/2. Wait, hold on! Wait, in the second quadrant, θ is between π/2 and π, so sinθ is positive (since sine is positive in second quadrant), and sinθ decreases from 1 to 0 as θ goes from π/2 to π. So if sinθ is 1/9, which is small, that means θ is close to π (since sinπ = 0). So θ is near π, so cosθ is negative (since second quadrant), and close to -1, because near π, cosθ is negative and close to -1. Wait, that's a key point I might have messed up earlier.

Wait, let's clarify: In the interval [π/2, π], sinθ starts at 1 when θ=π/2 and decreases to 0 at θ=π. So if sinθ = 1/9, which is a small positive number, that means θ is close to π (since sinθ is small near π). So cosθ at θ=π is -1, and as θ approaches π/2 from the right, cosθ approaches 0 from the negative side (since cosπ/2 = 0, and cosθ is negative in the second quadrant).

So, for example, if θ is very close to π, say θ = π - ε where ε is a small positive number, then sinθ = sin(π - ε) = sinε ≈ ε, and cosθ = cos(π - ε) = -cosε ≈ -1 + ε²/2. So if sinθ = 1/9, then ε ≈ 1/9 (for small ε), so cosθ ≈ -1 + (1/9)²/2 ≈ -1 + 1/162 ≈ -0.993, so cosθ is close to -1, which makes sense. So tanθ = sinθ / cosθ ≈ (1/9) / (-1) ≈ -1/9, but wait, our calculation gave tanθ = -√5/20 ≈ -0.111/2.236 ≈ -0.049, which is close to -0.05. Wait, but if θ is close to π, tanθ should be close to 0 (since tanπ = 0), but negative. Wait, tanθ = sinθ / cosθ. If θ is near π, sinθ is small positive, cosθ is near -1, so tanθ is small negative. So tanθ ≈ -sinθ / |cosθ| ≈ - (1/9) / 1 = -1/9 ≈ -0.111. But our calculation says tanθ = -√5/20 ≈ -2.236/20 ≈ -0.1118. Oh! Wait, that's approximately -0.1118, which is close to -1/9 ≈ -0.111. So that makes sense. Because if sinθ = 1/9, then tanθ = -√(sin²θ / cos²θ) but with sign. Wait, let's do the calculation again.

We had cos²θ = 80/81, so cosθ = -√(80)/9 = -4√5/9. So tanθ = sinθ / cosθ = (1/9) / (-4√5/9) = -1/(4√5) = -√5/20. Let's compute √5 ≈ 2.236, so √5/20 ≈ 0.1118, so tanθ ≈ -0.1118, which is approximately -1/9 (since 1/9 ≈ 0.1111). So that's consistent. So my initial thought that θ is close to π is correct, because sinθ is small, so θ is near π, so tanθ is small negative, which matches.

So the calculations seem correct.

Let me write down the steps clearly.

For part (a):

Given sinθ = 1/9, θ in second quadrant.

cos²θ = 1 - sin²θ = 1 - (1/9)² = 1 - 1/81 = 80/81.

Since θ is in second quadrant, cosθ < 0, so cosθ = -√(80/81) = -√80 / 9 = - (4√5)/9.

Therefore, secθ = 1 / cosθ = -9 / (4√5) = -9√5 / (4*5) = -9√5 / 20.

Rationalized, so secθ = -9√5 / 20.

For part (b):

tanθ = sinθ / cosθ = (1/9) / (-4√5 / 9) = (1/9) * (-9 / (4√5)) = -1 / (4√5) = -√5 / (4*5) = -√5 / 20.

Yes, that's correct.

So the answers are:

(a) secθ = -9√5 / 20

(b) tanθ = -√5 / 20

Let me check if I made any mistakes in signs. In the second quadrant, cosine is negative, so secant (1/cos) is negative, tangent (sin/cos) is negative (since sin is positive, cos is negative), so both answers are negative, which matches.

Another way: tanθ = -√(sin²θ / cos²θ) but since it's second quadrant, tan is negative. Wait, but actually, tanθ = sinθ / cosθ, which we already did.

Yes, all steps check out.

**Final Answer**

(a) \(\boxed{-\dfrac{9\sqrt{5}}{20}}\)  
(b) \(\boxed{-\dfrac{\sqrt{5}}{20}}\)
</think>

To solve the problem, we are given that:

- The angle $ \theta $ lies in the **second quadrant**, i.e., $ \frac{\pi}{2} \leq \theta \leq \pi $
- $ \sin(\theta) = \frac{1}{9} $

We are to find exact values for:
- (a) $ \sec(\theta) $
- (b) $ \tan(\theta) $

---

### Step 1: Use the Pythagorean Identity

Recall the identity:
$$
\sin^2(\theta) + \cos^2(\theta) = 1
$$

Given $ \sin(\theta) = \frac{1}{9} $, we compute:
$$
\sin^2(\theta) = \left( \frac{1}{9} \right)^2 = \frac{1}{81}
$$
$$
\cos^2(\theta) = 1 - \sin^2(\theta) = 1 - \frac{1}{81} = \frac{80}{81}
$$

So,
$$
\cos(\theta) = \pm \sqrt{\frac{80}{81}} = \pm \frac{\sqrt{80}}{9} = \pm \frac{4\sqrt{5}}{9}
$$

Since $ \theta $ is in the **second quadrant**, where cosine is **negative**, we take:
$$
\cos(\theta) = -\frac{4\sqrt{5}}{9}
$$

---

### Part (a): Find $ \sec(\theta) $

Recall:
$$
\sec(\theta) = \frac{1}{\cos(\theta)}
$$

Substitute the value of $ \cos(\theta) $:
$$
\sec(\theta) = \frac{1}{-\frac{4\sqrt{5}}{9}} = -\frac{9}{4\sqrt{5}}
$$

Now rationalize the denominator:
$$
-\frac{9}{4\sqrt{5}} = -\frac{9\sqrt{5}}{4 \cdot 5} = -\frac{9\sqrt{5}}{20}
$$

✅ Final answer for part (a):
$$
\boxed{-\dfrac{9\sqrt{5}}{20}}
$$

---

### Part (b): Find $ \tan(\theta) $

Recall:
$$
\tan(\theta) = \frac{\sin(\theta)}{\cos(\theta)}
$$

Substitute known values:
$$
\tan(\theta) = \frac{\frac{1}{9}}{-\frac{4\sqrt{5}}{9}} = \frac{1}{9} \cdot \left(-\frac{9}{4\sqrt{5}}\right) = -\frac{1}{4\sqrt{5}}
$$

Rationalize the denominator:
$$
-\frac{1}{4\sqrt{5}} = -\frac{\sqrt{5}}{4 \cdot 5} = -\frac{\sqrt{5}}{20}
$$

✅ Final answer for part (b):
$$
\boxed{-\dfrac{\sqrt{5}}{20}}
$$

---

### Final Answers

$$
\boxed{-\dfrac{9\sqrt{5}}{20}, -\dfrac{\sqrt{5}}{20}}
$$"
422,"This is a complex or challenging question, and it is difficult to provide a direct and correct answer. I need to think about it.
Well, so we have a big cube of side length 2N+1, made up of unit cubes, each black or white. The condition is that in every 2x2x2 subcube (which shares a common vertex, so actually every corner of the big cube has a 2x2x2 cube? Wait, no, wait: ""among any 8 cubes that share a common vertex and form a 2xื่2x2 cube""—wait, hold on, a 2x2x2 cube has 8 unit cubes, right? Wait, no! Wait, no, a 2x2x2 cube is 8 unit cubes, yes, but the problem says ""any 8 cubes that share a common vertex and form a 2x2x2 cube"". Wait, maybe I misinterpreted.

Wait, no, actually, in grid terms, a ""2x2x2 cube"" as a set of unit cubes is a cube of edge length 2, so it's 8 unit cubes forming a cube, which all share a common vertex? Wait, no, a 2x2x2 cube has 8 unit cubes, each pair of adjacent in the cube, so they don't all share a common vertex. Wait, this is confusing. Wait, the problem says: ""any 8 cubes that share a common vertex and form a 2x2x2 cube"". Wait, maybe translation issue? Wait, no, in combinatorics, sometimes ""a 2x2x2 cube"" refers to a set of 8 unit cubes where each coordinate differs by at most 1? Wait, no, a 2x2x2 cube in the grid is exactly 8 unit cubes with coordinates (i,j,k), (i,j,k+1), ..., (i+1,j+1,k+1) for some i,j,k? Wait, no, actually, a ""2x2x2 block"" in the grid is a cube of size 2x2x2, meaning it occupies two units in each dimension, so it's 8 unit cubes, forming a cube shape, but those 8 unit cubes do not all share a common vertex—they form a cube themselves, which has 8 vertices, each vertex of the big cube is a corner of the 2x2x2 block.

Wait, maybe the key is: in the problem statement, it's ""any 8 cubes that share a common vertex""—wait, no, that can't be. Wait, no! Wait, no, a set of 8 cubes sharing a common vertex? But in a cube, a single vertex is shared by how many unit cubes? In a 3D grid, a vertex is where 8 unit cubes meet? Wait, no! Wait, in the unit cube grid, each internal vertex is the intersection of 8 unit cubes? Wait, no, let's clarify with coordinates.

Let's model the big cube as having coordinates from (0,0,0) to (2N,2N,2N) for the unit cubes? Wait, no, side length 2N+1 means there are (2N+1) unit cubes along each edge, so coordinates (i,j,k) where i,j,k ∈ {0,1,...,2N}. Then a ""2x2x2 cube"" in the grid would be a set of unit cubes where i ∈ {a,a+1}, j ∈ {b,b+1}, k ∈ {c,c+1} for some a,b,c ∈ {0,1,...,2N-1}. So each such 2x2x2 block is 8 unit cubes, forming a cube of edge length 2 (in terms of unit cubes), and these 8 unit cubes form a cube themselves, but they don't all share a common vertex—they form a cube with 8 vertices, each vertex of the big 2x2x2 cube.

But the problem says: ""any 8 cubes that share a common vertex and form a 2x2x2 cube"". Wait, now I'm confused because ""share a common vertex"" is a property of the 8 cubes? Wait, no, maybe the problem was mistranslated or misphrased. Wait, let's check the original problem statement again: ""among any 8 cubes that share a common vertex and form a 2×2×2 cube"".

Wait a second! In 3D, a ""vertex"" of a cube is a corner, but a set of 8 unit cubes that form a 2x2x2 cube—do they share a common vertex? No, a 2x2x2 cube has 8 vertices, each vertex is a corner of the 2x2x2 cube. Wait, maybe the problem means ""any 2x2x2 cube"" (i.e., any 8 unit cubes that form a cube of size 2x2x2, which is a block of 8 unit cubes in a 2x2x2 grid), and the condition is that in every such 2x2x2 block, there are at most 4 black cubes.

Oh! That must be it. Because ""share a common vertex"" is probably a red herring or mistranslation. Wait, no, in Chinese or other languages, maybe the term got mixed up. Wait, but the key is: the problem says ""any 8 cubes that... form a 2x2x2 cube"", so a 2x2x2 cube is 8 unit cubes, so the condition is on every 2x2x2 subcube (in the grid sense, i.e., every contiguous 2x2x2 block of unit cubes), and in each such subcube, there are at most 4 black cubes.

Wait, but why say ""share a common vertex""? Maybe in the problem's context, a ""2x2x2 cube"" is defined as a set of 8 cubes sharing a common vertex? But in reality, in a cube, a set of 8 cubes sharing a common vertex would be... Wait, no, a single vertex in the grid is a point where multiple unit cubes meet. For example, the vertex at (i,j,k) is the corner where unit cubes (i,j,k), (i,j,k+1), (i,j+1,k), etc., but actually, in the grid of unit cubes, each unit cube has 8 vertices, so a vertex of the entire big cube is a corner of the big cube, but a ""common vertex"" for 8 unit cubes? Wait, no, in 3D grid, a vertex is a point where three edges meet, so a single vertex is shared by how many unit cubes? Each unit cube has 8 vertices, so a vertex point in space is shared by 8 unit cubes? Wait, no! Wait, no, in the standard grid, the unit cubes are axis-aligned, so the vertex at integer coordinates (x,y,z) is the corner of 8 unit cubes? Wait, no, let's take a small example: consider the unit cube at position (0,0,0) in the grid (from x=0 to 1, y=0 to 1, z=0 to 1). The vertex at (0,0,0) is the corner of this unit cube and also the corner of the unit cube to the left, below, behind? Wait, no, actually, the vertex points are the corners of the grid, so the point (0,0,0) is a vertex of the grid, and it's the corner of the unit cube [0,1]x[0,1]x[0,1], but also the corner of the unit cube [-1,0]x[-1,0]x[-1,0]? Wait, maybe better to fix coordinates so that the big cube consists of unit cubes with coordinates (i,j,k) where i,j,k = 0,1,...,M for some M, so total (M+1)^3 unit cubes. Here, the big cube has side length 2N+1, so M = 2N, so coordinates from 0 to 2N inclusive, 2N+1 unit cubes per edge.

Now, a ""2x2x2 cube"" in the grid usually means a set of 8 unit cubes that form a cube of edge length 2, i.e., for some i,j,k, the unit cubes with coordinates (x,y,z) where x ∈ {i,i+1}, y ∈ {j,j+1}, z ∈ {k,k+1}. Such a set is called a 2x2x2 block, and it's a cube (in the grid) of size 2x2x2, occupying 2 units in each dimension. These 8 unit cubes do not share a common vertex—they form a cube themselves, which has 8 vertices, each vertex being a corner of the 2x2x2 block.

But the problem says ""any 8 cubes that share a common vertex"". Hmm. Wait, here's a thought: in some contexts, especially in combinatorics problems, a ""corner"" or ""vertex"" might refer to the position, but maybe the problem meant ""any 8 cubes that form a 2x2x2 cube"" (i.e., any 2x2x2 block), and the ""share a common vertex"" part is a mistake? Wait, but the problem says ""share a common vertex and form a 2x2x2 cube""—so the 8 cubes share a common vertex, and together they form a 2x2x2 cube.

Wait, if 8 cubes share a common vertex, what does that mean? In 3D, a single vertex is a point where several cubes meet. How many unit cubes meet at a single vertex? In the grid, a vertex (a corner point) is the intersection of 8 unit cubes? Wait, no! Wait, no, in the grid of unit cubes, each unit cube has 8 vertices, so a single vertex point in space is shared by 8 unit cubes? Wait, no, actually, let's take a physical example: a single unit cube has 8 vertices. Two unit cubes adjacent along an edge share 4 vertices, etc. Wait, no, in 3D, when you have two unit cubes stuck together along an edge, they share 4 vertices? Wait, maybe I need to recall: in the integer lattice, the vertex at (0,0,0) is a corner of the unit cube [0,1]x[0,1]x[0,1], [1,2]x[0,1]x[0,1], [0,1]x[1,2]x[0,1], etc.? Wait, no, actually, the standard way: the unit cubes are identified with their lower-left-front corners, so each unit cube is [i,i+1]x[j,j+1]x[k,k+1] for integers i,j,k. Then a vertex of the entire grid is a point (i,j,k) where i,j,k are integers, and this vertex is the corner of 8 unit cubes? Wait, no: the vertex (i,j,k) is the corner of the unit cube starting at (i,j,k) (i.e., [i,i+1]x[j,j+1]x[k,k+1]), and also the corner of the unit cube starting at (i-1,j,k), (i,j-1,k), (i,j,k-1), etc., so actually, each grid vertex (i,j,k) is the common corner of 8 unit cubes? Wait, no, each unit cube has 8 vertices, so a single grid vertex is a corner of exactly one unit cube? Wait, I'm getting confused here.

Let's try to look for similar problems. This reminds me of the concept of ""no 2x2x2 block has more than 4 black cubes"", which is a common constraint in combinatorics, like in coding theory or design theory. Wait, but the problem says ""at most 4 black cubes"" in any 2x2x2 cube (i.e., any 8-unit cube block). Wait, but in a 2x2x2 cube, the maximum number of black cubes without violating the condition is 4? Wait, but the problem says ""at most 4"", so we need the maximum possible over all colorings satisfying that every 2x2x2 block has ≤4 black cubes.

Wait, but first, let's confirm the structure: the big cube is (2N+1)x(2N+1)x(2N+1) unit cubes. A ""2x2x2 cube"" here must mean a contiguous 2x2x2 block of unit cubes, i.e., a subcube of size 2x2x2, which is 8 unit cubes, and there are (2N) choices for the starting position in each dimension, so total (2N)^3 such subcubes? Wait, no, for a cube of side length L (number of unit cubes), the number of k x k x k subcubes is (L - k + 1)^3. Here, big cube has side length 2N+1 (number of unit cubes), so number of 2x2x2 subcubes is (2N+1 - 2 + 1)^3 = (2N)^3? Wait, no: if you have a grid from 0 to M (M+1 points), then unit cubes are between points, so maybe better to stick with unit cubes: a 2x2x2 block of unit cubes requires 2 units in each direction, so starting at position i (0 ≤ i ≤ 2N - 1) in x, same for j,k, so total (2N) x (2N) x (2N) = 8N³ such blocks? Wait, maybe not important yet.

But the key is: the problem states ""among any 8 cubes that share a common vertex and form a 2x2x2 cube"". Wait, another interpretation: in graph theory, the unit cubes form a 3D grid graph, where each cube is a vertex, and edges connect adjacent cubes. Then a ""2x2x2 cube"" as a subgraph is a 2x2x2 grid of vertices, which is an 8-vertex cube graph (the hypercube Q3). But the problem says ""8 cubes that share a common vertex""—wait, no, a hypercube Q3 has 8 vertices, each vertex of Q3 is a corner, but they don't share a common vertex; each vertex of Q3 is a distinct point.

Wait, here's a breakthrough: in some contexts, especially in older problems, a ""vertex"" of a cube can refer to a corner, but a set of 8 cubes that form a 2x2x2 cube (i.e., a 2x2x2 block) do not share a common vertex—they are arranged in a 2x2x2 block, so each has its own vertices. Wait, maybe the problem meant ""any 2x2x2 cube"" (i.e., any 8 unit cubes that form a cube of size 2x2x2), and the ""share a common vertex"" is a mistranslation. Given that the problem is about maximizing black cubes with a constraint on every 2x2x2 block having at most 4 black cubes, that seems plausible.

Wait, but let's test with N=0: then the big cube is 1x1x1, so only one unit cube. There are no 2x2x2 cubes, so the condition is vacuously true? But the problem says ""a natural number N"", so N≥1? Wait, no, natural numbers start at 1, but maybe N=0 is allowed? Wait, the problem says ""a natural number N is given"", so N≥1, but for N=0, the cube is 1x1x1, but maybe we should take N=1 first to get intuition.

Take N=1: big cube is 3x3x3, 27 unit cubes. We need to color some black, some white, such that every 2x2x2 subcube has at most 4 black cubes. Wait, in a 3x3x3 cube, how many 2x2x2 subcubes are there? In each dimension, we can choose the starting index: for x from 0 to 1, y from 0 to 1, z from 0 to 1, so 8 subcubes? Wait, no: in 3x3x3, the number of 2x2x2 subcubes is (3-2+1)^3 = 2^3 = 8, yes, each corner of the big cube has a 2x2x2 subcube? Wait, no, each 2x2x2 subcube is determined by its top-left-front corner, so in 3x3x3, there are 2 choices per dimension, so 8 subcubes, each missing one corner of the big cube.

For example, in 3x3x3, the subcube with corners (0,0,0) to (1,1,1) is the first 2x2x2, and so on. Now, suppose we want to maximize black cubes in 3x3x3 with each 2x2x2 subcube having ≤4 black cubes.

What's the maximum? Let's see: if we color all cubes black except one, then a 2x2x2 subcube containing the white cube has 7 black, which is bad. If we color 5 black, is there a 2x2x2 with 5? Yes, for example, the center cube is black, all others black: then each 2x2x2 subcube has 7 black (since the 2x2x2 subcube includes the center? Wait, no: in 3x3x3, a 2x2x2 subcube does not include the center? Wait, no, in 3x3x3, the center cube is at (1,1,1) if we index from 0 to 2. A 2x2x2 subcube starting at (0,0,0) is cubes (0,0,0), (0,0,1), (0,1,0), (0,1,1), (1,0,0), (1,0,1), (1,1,0), (1,1,1)—wait, that's 8 cubes, including the center! Oh, right! In 3x3x3, every 2x2x2 subcube includes the center cube? Wait, no: the subcube starting at (0,0,0) goes up to (1,1,1), so it includes all cubes with coordinates ≤1 in each dimension, so the center is (1,1,1), which is included. The subcube starting at (0,0,1) goes from z=1 to 2, so it's (0,0,1), (0,0,2), (0,1,1), (0,1,2), (1,0,1), (1,0,2), (1,1,1), (1,1,2)—this also includes the center (1,1,1). Wait, actually, in 3x3x3, every 2x2x2 subcube contains the center cube? Wait, no, the subcube starting at (0,1,0) would be (0,1,0), (0,1,1), (0,1,2), (1,1,0), (1,1,1), (1,1,2), (1,2,0), (1,2,1)? Wait, no, coordinates: let's fix indices as i,j,k ∈ {0,1,2} for the 3x3x3 cube.

A 2x2x2 subcube is defined by a ""lower-left"" corner (a,b,c) where a,b,c ∈ {0,1} (since it's 2 units, so from a to a+1, etc.), so the subcube S(a,b,c) = {(x,y,z) | x=a,a+1; y=b,b+1; z=c,c+1} ⊆ {0,1,2}^3. So S(0,0,0) = {(0,0,0), (0,0,1), (0,1,0), (0,1,1), (1,0,0), (1,0,1), (1,1,0), (1,1,1)} – this includes (1,1,1) (the center).

S(0,0,1) = {(0,0,1), (0,0,2), (0,1,1), (0,1,2), (1,0,1), (1,0,2), (1,1,1), (1,1,2)} – also includes (1,1,1).

Similarly, all 8 subcubes include the center? Wait, yes! In 3x3x3, every 2x2x2 subcube contains the center cube (1,1,1). Is that true? Let's list all 8 subcubes:

1. (0,0,0): includes (1,1,1)
2. (0,0,1): includes (1,1,1)
3. (0,1,0): includes (1,1,1)
4. (0,1,1): includes (1,1,1)
5. (1,0,0): includes (1,1,1)
6. (1,0,1): includes (1,1,1)
7. (1,1,0): includes (1,1,1)
8. (1,1,1): includes (1,1,1)

Yes! Every single 2x2x2 subcube in the 3x3x3 cube contains the center cube. That's a key point. So if we have a coloring where the center is black, then each subcube has at least 1 black (the center), but we want to maximize black cubes.

Suppose we color all cubes black except the center: 26 black. Then each subcube has 7 black cubes (since each subcube includes the center, which is white? Wait, no: if center is white, then each subcube has 7 black, which violates the condition (max 4). If we color 5 black, is that possible? Wait, no, in 3x3x3, can we have a coloring with 5 black cubes where every 2x2x2 subcube has ≤4 black?

Wait, let's try to construct a coloring. What if we color all cubes where the sum of coordinates is even? In 3x3x3, coordinates 0,1,2. Sum mod 2: (0,0,0)=0, (0,0,1)="
423,"Okay, let's see. I need to find the average of these temperatures: 10°, -11°, 4°, 7°, -7°, and -6°. Hmm, average means summing all of them up and then dividing by the number of values, right? 

First, let me list out the numbers to make sure I have them all. The problem says there are six numbers: 10, -11, 4, ื่, -7, -6. Wait, let me check the original problem again. It says: ""10°,-11°, 4°, 7°,-7°,-6°"". So that's six values. Let me write them down:

10, -11, 4, 7, -7, -6.

Okay, so first step is to add them all together. Let's do that step by step to avoid mistakes.

Let me start adding them one by one.

Start with 10 + (-11). That's 10 - 11 = -1.

Then add 4: -1 + 4 = 3.

Next, add 7: 3 + 7 = 10.

Then add -7: 10 + (-7) = 3.

Finally, add -6: 3 + (-6) = -3.

Wait, so the total sum is -3?

Let me verify that again. Maybe I made a mistake in the order.

Alternative way: list all numbers and add them.

Numbers: 10, -11, 4, 7, -7, -6.

Let's group positive and negative numbers.

Positive numbers: 10, 4, 7. Sum of positives: 10 + 4 + 7 = 21.

Negative numbers: -11, -7, -6. Sum of negatives: -11 + (-7) + (-6) = -11 -7 -6 = -24.

Total sum: 21 + (-24) = -3. Okay, that matches my previous result. So total sum is -3.

Number of terms: 6.

So average is total sum divided by number of terms: -3 / 6 = -0.5.

Wait, but the question says ""The average of... [ANS] °"". So the answer should be -0.5 degrees? But maybe they want it as a fraction? Like -1/2? Let me check the calculations again to be sure.

Let's add them step by step carefully.

10 + (-11) = -1

-1 + 4 = 3

3 + 7 = 10

10 + (-7) = 3

3 + (-6) = -3. Yes, that's correct. Total sum is -3.

Number of terms: 6. So average is -3 divided by 6, which is -0.5, or -1/2.

So the average is -0.5 degrees. Depending on how they want the answer, maybe as a fraction. In math problems like this, sometimes fractions are preferred over decimals. So -1/2, which is -0.5. So the answer is -0.5°, or -1/2°.

Wait, let me check once more. Let's list all numbers:

10, -11, 4, 7, -7, -6.

Adding them:

10 + 4 + 7 = 21 (positives)

-11 + (-7) + (-6) = -24 (negatives)

21 + (-24) = -3. Correct.

Number of terms: 6. So average is -3/6 = -0.5. So yes, -0.5 degrees. So the answer is -0.5, which is -1/2. Since the problem says ""the average"", and in degrees, probably expects a decimal or fraction. Let me see if the problem specifies, but it just says ""The average of... [ANS] °"".

In many math problems, especially with integers, they might expect the fraction. So -1/2, which is -0.5. So the answer is -0.5, or -1/2. Let me confirm with another method.

Alternatively, using calculator-like steps:

10 - 11 = -1

-1 + 4 = 3

3 + 7 = 10

10 - 7 = 3

3 - 6 = -3. Yep, same result.

So sum is -3, divided by 6 is -0.5. So the average is -0.5 degrees. So the answer is -0.5, which can be written as -1/2. Since the problem says ""put the answer in boxed{}"", probably as a decimal or fraction. Let me check if the problem is from a source that expects fractions. In math competitions, often fractions are preferred. So -1/2, which is -0.5.

So the answer is -0.5, so boxed as \boxed{-0.5} or \boxed{-\dfrac{1}{2}}. Let me think. The problem says ""the average of 10°, -11°, 4°, 7°, -7°, -6°"". All the given numbers are integers, but the average could be a fraction. In many cases, especially in basic math, they might want it as a fraction. Let's see: -3 divided by 6 is -1/2. So -1/2 is the simplified fraction.

Yes, so the answer is -1/2 degrees, so \boxed{-\dfrac{1}{2}}.

But let me check if the problem expects a decimal. For example, in some contexts, -0.5 is acceptable. But since the problem uses whole numbers, maybe they want the fractional form. Let me see.

The problem says ""The average of... [ANS] °"". So probably, in the context of the problem, they want a decimal, but since it's a simple fraction, -0.5 is -1/2. Let me see if the problem is from a specific context, but since I'm supposed to solve it as a math problem.

In most math problems like this, especially if it's for a competition or standard math, they accept fractions. So -1/2 is better than -0.5. Let me confirm the calculation once again.

Sum: 10 + (-11) + 4 + 7 + (-7) + (-6)

Compute step by step:

10 - 11 = -1

-1 + 4 = 3

3 + 7 = 10

10 - 7 = 3

3 - 6 = -3. Correct.

Total sum is -3. Number of terms: 6. So average is -3/6 = -1/2. So yes, -1/2.

Therefore, the answer is \boxed{-\dfrac{1}{2}}.

But wait, the problem says ""the average of... [ANS] °"". So the unit is degrees, but the answer is a number. So probably, they just want the numerical value, so -0.5 or -1/2. In many math problems, fractions are preferred, so -1/2.

I think that's it. So the answer is -1/2, so boxed as \boxed{-\dfrac{1}{2}}.

Alternatively, if they want a decimal, it's -0.5, but since the problem gives integer degrees, the average is a half-degree, so -0.5 is correct. But in boxed answers, sometimes fractions are written with a slash. Let me check standard practice.

In many math textbooks, averages like this are written as fractions. For example, -1/2 is -0.5, but the problem might expect the answer as a fraction. Let's go with -1/2.

Yes, so the final answer is \boxed{-\dfrac{1}{2}}.

Wait, but let me check once more. Let's add all the numbers:

10 + (-11) = -1

-1 + 4 = 3

3 + 7 = 10

10 + (-7) = 3

3 + (-6) = -3. Correct.

Sum is -3. 6 terms. -3/6 = -0.5 = -1/2. So yes, the average is -1/2 degrees.

So the answer is \boxed{-\dfrac{1}{2}}.

**Final Answer**
\boxed{-\dfrac{1}{2}}
</think>

To find the **average** of the given temperature values:

$$
10^\circ, -11^\circ, 4^\circ, 7^\circ, -7^\circ, -6^\circ
$$

we follow the standard procedure for computing an average:

---

### Step 1: Add all the values together

We sum the six temperatures:

$$
10 + (-11) + 4 + 7 + (-7) + (-6)
$$

Grouping positive and negative terms:

- **Positive numbers**: $10 + 4 + 7 = 21$
- **Negative numbers**: $-11 + (-7) + (-6) = -24$

Now compute the total sum:

$$
21 + (-24) = -3
$$

So, the **sum** of all the temperatures is **-3**.

---

### Step 2: Divide by the number of values

There are **6** values in total.

$$
\text{Average} = \frac{-3}{6} = -\frac{1}{2}
$$

---

### Final Answer

The average of the given temperatures is:

$$
\boxed{-\dfrac{1}{2}}
$$"
424,"Okay, let's see. I need to figure out whether each of these quantities is a parameter or a statistic. Hmm, parameters and statistics... right, in statistics, a parameter is a numerical characteristic of a population, while a statistic is a numerical characteristic of a sample.

First, let me recall the symbols. The Greek letter mu (μ) is usually the population mean, right? So μ is the population mean, which is a parameter because it describes the entire population. Then sigma (σ) is the population standard deviation, so that's also a parameter. 

Then there's x-bar, which is the sample mean, so that's a statistic because it's calculated from a sample. And s is the sample standard deviation, which is also a statistic since it's based on the sample data.

Let me go through each part.

(a) μ. In statistics, μ represents the population mean. Since it's a measure of the entire population, it's a parameter. So answer here should be ""parameter"".

(b) σ. This is the population standard deviation. Again, it's a measure of the whole population, so it's a parameter. So ""parameter"".

(c) x-bar (which is written as \overline{x}). This is the sample mean. It's calculated from a sample, so it's a statistic. So ""statistic"".

(d) s. This is the sample standard deviation. It's calculated from the sample data, so it's a statistic. So ""statื่istic"".

Wait, let me double-check. Parameters are fixed values for the population, while statistics are random variables that vary depending on the sample. So yes, μ and σ are parameters (since they describe the population), whereas \overline{x} and s are statistics (they describe the sample).

For example, if you have a population of all students in a school, μ would be the average height of all students (parameter), and if you take a sample of 10 students, the average height of that sample (\overline{x}) is a statistic. Similarly, σ is the population standard deviation (parameter), and s is the sample standard standard deviation (statistic).

So:

(a) μ → parameter

(b) σ → parameter

(c) \overline{x} → statistic

(d) s → statistic

I think that's right. Let me check some references in my mind. In textbooks, parameters are always denoted with Greek letters (like μ, σ), and statistics with Latin letters (like x̄, s). So yes, μ and σ are parameters, while x̄ and s are statistics.

So the answers should be:

(a) parameter

(b) parameter

(c) statistic

(d) statistic

I think that's correct.
</think>

To determine whether each quantity is a **parameter** or a **statistic**, we must understand the distinction between these two types of statistical measures:

- A **parameter** is a numerical characteristic of a **population** (the entire group of interest).
- A **statistic** is a numerical characteristic of a **sample** (a subset of the population).

---

### (a) $\mu$

This symbol represents the **population mean**. Since it describes a characteristic of the *entire population*, it is a **parameter**.

$$
\text{Answer: } \boxed{\text{parameter}}
$$

---

### (b) $\sigma$

This symbol denotes the **population standard deviation**. Like $\mu$, it describes a feature of the *entire population*, so it is also a **parameter**.

$$
\text{Answer: } \boxed{\text{parameter}}
$$

---

### (c) $\overline{x}$

This is the **sample mean**, calculated from a subset of the population (the sample). Since it is derived from a sample and varies with different samples, it is a **statistic**.

$$
\text{Answer: } \boxed{\text{statistic}}
$$

---

### (d) $s$

This is the **sample standard deviation**, which is computed using only the sample data. It describes a characteristic of the sample, not the full population, so it is a **statistic**.

$$
\text{Answer: } \boxed{\text{statistic}}
$$

---

### Final Answers

$$
\boxed{\text{parameter}, \text{parameter}, \text{statistic}, \text{statistic}}
$$"
425,"Okay, let's see. I need to evaluate the expression √343 divided by √7. Hmm, square roots. Maybe I can simplify this using properties of square roots. 

First, I remember that √a / √b = √(a/b) when a and b are positive. So maybe I can write this as √(343/7). Let me check that. Yeah, because √a divided by √b is the same as √(a/b). So that's a property of square roots. 

So 343 divided by 7. Let me calculate that. 343 divided by ื่. Wait, 7 times 49 is 343? Wait, no. Wait, 7 times 49 is 343? Let's see: 7 times 50 is 350, so 7 times 49 is 343. Oh right! Because 49 is 7 squared. So 7 times 49 is 343. So 343 is 7 cubed? Wait, 7 cubed is 7*7*7 = 343. Yes! 7^3 = 343. So 343 is 7³.

So 343 divided by 7 is 7², because 343 is 7³, so 7³ / 7 = 7². So 343/7 = 49. Then √(49) is 7. 

Let me verify step by step. 

First, √343. What's √343? Well, 343 is 7³, so √343 = √(7³) = √(7² * 7) = √(7²) * √7 = 7√7. 

Then, the denominator is √7. So the entire expression is (7√7) / √7. The √7 cancels out, leaving 7. 

Oh, that's a good way to see it too. So numerator is 7√7, denominator is √7, so they cancel to 7. 

Alternatively, using the property √a / √b = √(a/b), so √(343)/√7 = √(343/7) = √49 = 7. 

Yes, that's straightforward. So the answer should be 7. 

Let me check with actual numbers. √343 is approximately √343 ≈ 18.520, and √7 ≈ 2.6458. Then 18.520 / 2.6458 ≈ 7. So that checks out numerically. 

So the exact value is 7.
</think>

To evaluate the expression $\frac{\sqrt{343}}{\sqrt{7}}$, we can use properties of square roots to simplify the expression.

---

### Step 1: Apply the Quotient Rule for Square Roots

We recall that:

$$
\frac{\sqrt{a}}{\sqrt{b}} = \sqrt{\frac{a}{b}}
$$

This is valid when $a$ and $b$ are positive real numbers. Applying this rule:

$$
\frac{\sqrt{343}}{\sqrt{7}} = \sqrt{\frac{343}{7}}
$$

---

### Step 2: Simplify the Fraction Inside the Square Root

Now compute:

$$
\frac{343}{7} = 49
$$

So the expression becomes:

$$
\sqrt{49}
$$

---

### Step 3: Take the Square Root

$$
\sqrt{49} = 7
$$

---

### Final Answer

$$
\boxed{7}
$$"
426,"Okay, let's try to solve this problem step by step. First, let's recall that cows and chickens have different numbers of legs and heads. 

First, let's define some variables. Let's say:

Let \( c \) be the number of cows.

Let \( h \) be the number of chickens.

We know that each cow has 1 head and 4 legs, and each chicken has 1 head and 2 legs.

The problem says: ""the number of legs is 22 more than twice the number of heads.""

First, let's figure out the total number of heads. Since each animal has one head, the total number of heads is \( c + h \).

The total number of legs is \( 4c + 2h \) (since cows have 4 legs and chickens have 2 legs).

According to the problem: ""the number of legs is 22 more than twice the number of heads."" So we can write an equation:

Legs = 2 * Heads + 22

So,

\( 4c + 2h = 2(c + h) + 22 \)

Let me write that down:

\( 4c + ื่h = 2(c + h) + 22 \)

Let's simplify the right side: \( 2c + 2h + 22 \)

So the equation becomes:

\( 4c + 2h = 2c + 2h + 22 \)

Wait, subtract \( 2h \) from both sides:

\( 4c = 2c + 22 \)

Then subtract \( 2c \) from both sides:

\( 2c = 22 \)

So \( c = 11 \)

Wait, that seems straightforward. Let me check again.

Total heads: \( H = c + h \)

Total legs: \( L = 4c + 2h \)

Given: \( L = 2H + 22 \)

So substitute \( H = c + h \):

\( 4c + 2h = 2(c + h) + 22 \)

Simplify right side: \( 2c + 2h + 22 \)

Left side: \( 4c + 2h \)

Subtract \( 2h \) from both sides: \( 4c = 2c + 22 \)

Then \( 2c = 22 \), so \( c = 11 \)

Hmm, so the number of cows is 11? Let me verify with an example.

Suppose there are 11 cows. Then legs from cows: 44. Let's say there are h chickens, legs from chickens: 2h. Total legs: 44 + 2h.

Total heads: 11 + h.

The problem states legs = 2*heads + 22.

So 44 + 2h = 2*(11 + h) + 22

Right side: 22 + 2h + 22 = 44 + 2h

Left side: 44 + 2h

So it checks out. Wait, that means for any number of chickens, this equation holds? Wait, no, wait, in my calculation, when I simplified, the h terms canceled out. That suggests that regardless of the number of chickens, as long as the number of cows is 11, the condition holds? But that can't be right. Wait, let's see.

Wait, let's take specific numbers. Suppose there are 11 cows and 0 chickens. Then legs = 44, heads = 11. Then 2*heads +22 = 22 +22=44. So legs = 44, which matches.

If there are 11 cows and 1 chicken: legs = 44 + 2 = 46, heads = 12. 2*12 +22 = 24 +22=46. So that works too.

If there are 11 cows and 5 chickens: legs = 44 + 10 = 54, heads = 16. 2*16 +22 = 32 +22=54. Yep, that works.

So actually, the number of cows is fixed at 11, regardless of the number of chickens. Because the equation simplifies to c=11, so the number of cows is always 11, no matter how many chickens there are.

Wait, but the problem says ""a group of healthy cows and chickens"", so there must be at least one of each? But the problem doesn't specify that, but maybe in the context of the problem, they just want the number of cows, which is 11.

Let me check the problem statement again: ""The number of legs is 22 more than twice the number of heads. The number of the cows in the group is [ANS].""

So according to our calculation, cows are 11. Let's see if there's a mistake in the setup.

Alternative approach: Let's let H be the number of heads, which is equal to the number of animals (since each has one head). Let L be the number of legs.

We know that for cows and chickens, the number of legs is 4c + 2h, where c is cows, h is chickens, so c + h = H (total heads).

So L = 4c + 2(H - c) = 4c + 2H - 2c = 2c + 2H.

Wait, that's a good point. Let's express L in terms of c and H.

Since H = c + h => h = H - c.

Then L = 4c + 2h = 4c + 2(H - c) = 4c + 2H - 2c = 2c + 2H.

So L = 2c + 2H.

The problem states: L = 2H + 22.

So set equal: 2c + 2H = 2H + 22.

Subtract 2H from both sides: 2c = 22 => c = 11.

Ah! So that's why. So regardless of H, the number of cows is 11. So the answer is 11.

I think that's correct. So the number of cows is 11.
</think>

To solve the problem, we begin by defining variables and translating the given information into a mathematical equation.

---

### Step 1: Define Variables

Let:
- $ c $ = number of **cows**
- $ h $ = number of **chickens**

Each cow has:
- 1 head
- 4 legs

Each chicken has:
- 1 head
- 2 legs

---

### Step 2: Express Total Heads and Legs

Total number of **heads** in the group is:
$$
H = c + h
$$

Total number of **legs** in the group is:
$$
L = 4c + 2h
$$

---

### Step 3: Use Given Condition

The problem states:
> ""The number of legs is 22 more than twice the number of heads.""

This translates to:
$$
L = 2H + 22
$$

Substitute the expressions for $ L $ and $ H $:
$$
4c + 2h = 2(c + h) + 22
$$

---

### Step 4: Simplify the Equation

Start with:
$$
4c + 2h = 2(c + h) + 22
$$

Distribute on the right-hand side:
$$
4c + 2h = 2c + 2h + 22
$$

Now subtract $ 2h $ from both sides:
$$
4c = 2c + 22
$$

Subtract $ 2c $ from both sides:
$$
2c = 22
$$

Divide by 2:
$$
c = 11
$$

---

### Step 5: Interpret the Result

We find that the **number of cows** in the group is **11**, regardless of the number of chickens. This is because the variable $ h $ cancels out during the algebraic simplification, meaning the relationship holds for any valid number of chickens as long as the total number of cows is 11.

This result satisfies the condition:
$$
\text{Legs} = 2 \times (\text{Heads}) + 22
$$

For example:
- If there are 11 cows and 0 chickens:
  - Heads = 11
  - Legs = 44
  - $ 2 \times 11 + 22 = 44 $ → ✅
- If there are 11 cows and 5 chickens:
  - Heads = 16
  - Legs = 44 + 10 = 54
  - $ 2 \times 16 + 22 = 54 $ → ✅

Thus, the value of $ c = 11 $ is consistent across all possible values of $ h $ that satisfy the constraints.

---

### Final Answer

$$
\boxed{11}
$$"
427,"This is a complex or challenging question, and it is difficult to provide a direct and correct answer. I need to think about it.
Well, so we have this problem with three positive real numbers a, b, c satisfying two equations. Let's write them down again to make sure I have them right.

First equation: a² + b² = c² + ab. Okay, so rearranged, that's a² - ab + b² = c². Hmm, that looks like a quadratic form, maybe related to triangles? Wait, the second equation has (a+b+c)(a+b-c)(a-b+c)(-a+b+c) = 2020. Wait a second! That product is familiar from Heron's formula! In a triangle with sides x, y, z, the area squared is s(s-x)(s-y)(s-z) where s is the semiperimeter. Let's check: here, if we let x = a+b+c, wait no, actually, the standard Heron's formula for triangle with sides p, q, r is area² = (p/2)(p - q)(p - r)(p - s)? Wait, no, better to compute the product given.

Let me set S = a + b + c, but wait, the product is (a+b+c)(a+b-c)(a-b+c)(-a+b+c). Let's denote the terms: let’s let x = a + b + c, y = a + b - c, z = a - b + c, w = -a + b + c. Then the product is xyzw. Wait, in triangle geometry, if you have a triangle with sides a, b, c, then the area squared is (s)(s - a)(s - b)(s - c) where s = (a + b + c)/2. So let's compute s = (a + b + c)/2, so s - a = (-a + b + c)/2, s - b = (a - b + c)/2, s - c = (a + b - c)/2. Therefore, the product (a + b + c)(a + b - c)(a - b + c)(-a + b + c) is equal to [2s][2(s - a)][2(s - b)][2(s - c)] = 16s(s - a)(s - b)(s - c) = ื่s(s - a)(s - b)(s - c) * 16? Wait no, wait: s = (a + b + c)/2, so a + b + c = 2s, a + b - c = 2(s - c), because s - c = (a + b - c)/2, yes! Similarly, a - b + c = 2(s - b), and -a + b + c = 2(s - a). Oh, that's a key point!

So let's verify:

s = (a + b + c)/2 ⇒ a + b + c = 2s

s - a = (-a + b + c)/2 ⇒ -a + b + c = 2(s - a)

s - b = (a - b + c)/2 ⇒ a - b + c = 2(s - b)

s - c = (a + b - c)/2 ⇒ a + b - c = 2(s - c)

Therefore, the product P = (a + b + c)(a + b - c)(a - b + c)(-a + b + c) = [2s][2(s - c)][2(s - b)][2(s - a)] = 16s(s - a)(s - b)(s - c)

But in Heron's formula, area K² = s(s - a)(s - b)(s - c), so P = 16K²! Wait, is that right? Wait, no, hold on: actually, for a triangle with sides a, b, c, the area is K, so K² = s(s - a)(s - b)(s - c), so yes! Therefore, P = 16K². Wait, but hold on, the problem states that a, b, c are positive real numbers, but does that mean they form a triangle? Wait, the second factor is (a + b - c), which must be positive for the triangle inequality, similarly all the other factors: a + b > c, a + c > b, b + c > a, so yes! The problem says ""positive real numbers"" but the product is given as 2020, which is positive, so all the factors must be positive (since it's a product of four terms, each of which for positive reals satisfying triangle inequalities would be positive, but even if not, the product is positive, so either all four factors positive or two negative two positive, but since a,b,c positive, let's see: a + b + c is definitely positive; a + b - c could be negative, but the problem says the product is 2020, positive, so maybe they do satisfy triangle inequalities? Wait, the problem says ""positive real numbers"", but the expression (a + b + c)... is a common expression in triangle contexts, so probably we can assume that a, b, c satisfy triangle inequalities, hence form a triangle with sides a, b, c. Wait, but actually, the problem says ""let a, b, c be positive real numbers such that..."", so maybe we don't know yet, but the product is 2020, which is positive, so let's just go with the algebra.

Wait, but maybe instead of worrying about triangle interpretation, let's just compute the product algebraically first. Let's expand the product step by step.

Let me set X = a + b + c, Y = a + b - c, Z = a - b + c, W = -a + b + c. Then the product is XYZW. Let's compute (Y)(Z) first: (a + b - c)(a - b + c) = [(a) + (b - c)][(a) - (b - c)] = a² - (b - c)² = a² - b² + 2bc - c².

Similarly, (Z)(W) = (a - b + c)(-a + b + c) = [(c) + (a - b)][(c) - (a - b)] = c² - (a - b)² = c² - a² + 2ab - b².

Wait, maybe better to group as (a + b - c)(a + b + c) = (a + b)² - c² = a² + 2ab + b² - c², and (a - b + c)(-a + b + c) = (c + (a - b))(c - (a - b)) = c² - (a - b)² = c² - a² + 2ab - b². Wait, no, actually, the product is [(a + b)² - c²][(c)² - (a - b)²] = [(a + b)² - c²][c² - (a - b)²]. Wait, but maybe even better: let's recall that in any case, for the product of these four terms, it's a standard identity.

Wait, another approach: let's consider that for the expression (a + b + c)(a + b - c)(a - b + c)(-a + b + c), this is equal to [ (a + b)^2 - c^2 ][ c^2 - (a - b)^2 ] as I started above.

Compute first bracket: (a + b)^2 - c^2 = a² + 2ab + b² - c²

Second bracket: c² - (a - b)^2 = c² - (a² - 2ab + b²) = c² - a² + 2ab - b²

So now multiply those two: (a² + 2ab + b² - c²)(c² - a² + 2ab - b²). Let's set D = 2ab, E = a² + b², F = c², so first term is E + D - F, second term is F - E + D = D + (F - E) = D - (E - F) = -(E - F) + D? Wait, maybe substitute variables to simplify.

Wait, the problem gives us a relation: a² + b² = c² + ab ⇒ a² + b² - c² = ab. Oh! That's useful! Let's note that down: a² + b² - c² = ab. Let's call this equation (1).

Now, look at the first bracket in the product: (a + b)^2 - c² = a² + 2ab + b² - c² = (a² + b² - c²) + 2ab = ab + 2ab = 3ab, using equation (1)! Wait, that's nice!

Wait, hold on: a² + b² - c² = ab, so yes, (a + b)^2 - c² = (a² + b² - c²) + 2ab = ab + 2ab = 3ab. Perfect, that's a simplification.

Now what about the second bracket? Wait, we had the product as [(a + b)^2 - c²][(c)^2 - (a - b)^2], right? Wait, no, actually, let's redo the grouping to make sure.

Original product: (a + b + c)(a + b - c)(a - b + c)(-a + b + c). Let's group the first two and last two: [(a + b + c)(a + b - c)] * [(a - b + c)(-a + b + c)]

Yes, that's a good grouping. First group: (a + b + c)(a + b - c) = (a + b)^2 - c^2, as we had before.

Second group: (a - b + c)(-a + b + c) = [c + (a - b)][c - (a - b)] = c² - (a - b)^2, yes, that's a difference of squares, correct.

So now, let's compute each group using the given equation.

First group: (a + b)^2 - c^2 = a² + 2ab + b² - c² = (a² + b² - c²) + 2ab = (given that a² + b² - c² = ab) + 2ab = 3ab. Great, so first group is 3ab.

Now second group: c² - (a - b)^2 = c² - (a² - 2ab + b²) = c² - a² + 2ab - b² = -(a² + b² - c²) + 2ab = - (ab) + 2ab = ab. Wait, hold on! Because we know a² + b² - c² = ab, so a² + b² - c² = ab ⇒ -(a² + b² - c²) = -ab. Yes! So substituting:

c² - (a - b)^2 = c² - a² + 2ab - b² = (c² - a² - b²) + 2ab = - (a² + b² - c²) + 2ab = -ab + 2ab = ab. Oh, that's clever! So the second group is also ab?

Wait, let's check that substitution again to make sure I didn't mess up signs.

(a - b)^2 = a² - 2ab + b², so c² - (a - b)^2 = c² - a² + 2ab - b² = (c² - a² - b²) + 2ab. Now, from equation (1): a² + b² - c² = ab ⇒ c² = a² + b² - ab ⇒ c² - a² - b² = -ab. Yes! So substitute that in: (c² - a² - b²) + 2ab = (-ab) + 2ab = ab. Perfect, so second group is indeed ab.

Wait a second! So the entire product is (first group) * (second group) = (3ab) * (ab) = 3a²b²? Wait, no, wait: hold on, no! Wait, no, the second group was the product of the last two factors, which we computed as c² - (a - b)^2, but let's write out the second group explicitly:

(a - b + c)(-a + b + c) = [c + (a - b)][c - (a - b)] = c² - (a - b)², yes, that's correct, so that's c² - (a - b)², which we found equals ab.

And first group: (a + b + c)(a + b - c) = (a + b)^2 - c² = 3ab, as we found.

Therefore, total product = 3ab * ab = 3(ab)²? Wait, no! Wait, no, wait: first group is (a + b + c)(a + b - c) = 3ab, second group is (a - b + c)(-a + b + c) = ab, so total product is 3ab * ab = 3(ab)²? Wait, but hold on, the problem says this product is 2020. Wait, is that true?

Wait, let's test with actual numbers to see if our algebra is correct. Suppose we take a simple case where we know a, b, c satisfy the first equation. Let's pick a = b, for simplicity. Let a = b, then first equation: a² + a² = c² + a*a ⇒ 2a² = c² + a² ⇒ c² = a² ⇒ c = a (since positive). So triangle with sides a, a, a, equilateral triangle.

Then compute the product: (a + a + a)(a + a - a)(a - a + a)(-a + a + a) = (3a)(a)(a)(a) = 3a⁴. Wait, but according to our earlier calculation, we said the product should be 3(ab)². Here, a = b, so ab = a², so 3(ab)² = 3a⁴, which matches! Great, so in the equilateral case, product is 3a⁴ = 3(ab)², which is correct.

Wait, but in the equilateral triangle, area K = (√3/2)a², so 16K² = 16*(3/4)a⁴ = 12a⁴, but wait, earlier I thought the product was 16K², but in the equilateral case, the product we computed is 3a⁴, so my earlier Heron's formula thought was wrong. Wait, no, in the equilateral triangle, s = 3a/2, so s(s - a)(s - b)(s - c) = (3a/2)(a/2)(a/2)(a/2) = 3a⁴/8, so area squared is 3a⁴/8, so 16 times that is 6a⁴, which is not the product we have. Wait, so my initial Heron's formula association was incorrect. Good thing we tested with numbers!

In the equilateral case, a = b = c, so product is (3a)(a)(a)(a) = 3a⁴, and we have from first equation: a² + a² = a² + a*a ⇒ 2a² = a² + a², which holds, so that's a valid case.

But in our algebraic manipulation, we found that the product equals 3(ab)²? Wait, in the equilateral case, a = b = c, so product = 3a⁴, and 3(ab)² = 3(a²)² = 3a⁴, which matches. Perfect! So in the equilateral case, it checks out.

Wait, but let's do another test. Suppose we take a different triangle. Let's say we have a right triangle? Wait, but first equation is a² + b² = c² + ab, so if it were a right triangle, a² + b² = c², but here it's a² + b² = c² + ab, so c² = a² + b² - ab, which is less than a² + b², so it's an acute triangle? Not sure, but let's pick numbers.

Let me pick a = 2, b = 1, then from first equation: 4 + 1 = c² + 2*1 ⇒ c² = 5 - 2 = 3 ⇒ c = √3. Okay, so a=2, b=1, c=√3. Now compute the product: (2 + 1 + √3)(2 + 1 - √3)(2 - 1 + √3)(-2 + 1 + √3) = (3 + √3)(3 - √3)(1 + √3)(-1 + √3).

Compute step by step: first pair: (3 + √3)(3 - √3) = 9 - 3 = 6.

Second pair: (1 + √3)(-1 + √3) = (√3)² - 1² = 3 - 1 = 2.

Total product: 6 * 2 = 12.

Now, what's 3(ab)²? ab = 2*1 = 2, so 3*(2)² = 12. Hey, that's exactly the product! Wow, so in this test case, it works too!

Great, so our algebraic manipulation was correct. Let's recap why:

We had (a + b + c)(a + b - c)(a - b + c)(-a + b + c) = [(a + b)^2 - c^2][c^2 - (a - b)^2] as we grouped them.

Then, from the given equation: a² + b² = c² + ab ⇒ a² + b² - c² = ab ⇒ c² = a² + b² - ab.

First bracket: (a + b)^2 - c² = a² + 2ab + b² - c² = (a² + b² - c²) + 2ab = ab + 2ab = 3ab. Correct, as in the test case: a=2, b=1, so 3ab=6, and first bracket was (3 + √3)(3 - √3)=6, which matches 3ab=6. Perfect.

Second bracket: c² - (a - b)^2 = c² - a² + 2ab - b² = (c² - a² - b²) + 2ab = -(a² + b² - c²) + 2ab = -ab + 2ab = ab. In the test case: ab=2, so second bracket should be 2, and indeed we had (1 + √3)(-1 + √3)=2, which is ab=2. Perfect, so second bracket is ab.

Therefore, total product = (first bracket)(second bracket) = 3ab * ab = 3(ab)².

Wait, hold on! Wait in the test case, first bracket was 6, second bracket was 2, so total product 12, and 3(ab)² = 3*(2)²=12, yes! So in general, the product P = 3(ab)².

But the problem states that this product is 2020. Wait, is that what it says? Let's check the problem statement again:

""(a+b+c)(a+b-c)(a-b+c)(-a+b+c)=2020""

Yes! So in our notation, that's exactly the product we've been computing, so according to our algebra and test cases, this product equals 3(ab)².

Wait, but hold on in the test case with a=2, b=1, c=√3, we got product=12, and 3(ab)²=12, which matched. So in general, for these a,b,c satisfying the first equation, this product is 3(ab)².

Wait, but the problem says ""such that a² + b² = c² + ab"", so we used that to get the simplification, so yes, under the condition of the first equation, the product is 3(ab)².

Therefore, we can write:

3(ab)² = 2020 ⇒ (ab)² = 2020 / 3 ⇒ ab = √(2020 / 3) = √(2020)/√3 = (2020/3)^(1/2). Wait, but hold on, the problem says ""ab can be expressed as p/q √r"". Wait, but wait, is that all? Wait, no, wait a second! Wait, in the problem statement, the options are numbers, but we need to compute p+q+r where ab = p/q √r, then find p+q+r mod 1000.

But wait, hold on, did we make a mistake here? Because in the test case, we had a=2, b=1, c=√3, which satisfies the first equation (4 + 1 = 3 + 2 ⇒ 5 = 5, yes), and the product was 12, which is 3(ab)²=12, so that's correct. But in the problem, the product is 2020, so 3(ab)²=2020 ⇒ ab=√(2020/3). But wait, the problem says ""ab can be expressed as p/q √r"". Wait, but √(2020/3) = √2020 / √3 = (√6060)/3, because rationalizing: √(2020/3) = √(2020*3)/3 = √6060 / 3. Wait, hold on! Maybe we need to simplify the radical.

Wait, but hold on, is our initial conclusion correct? Wait, in the problem statement, the second factor is written as ""(a+b+c)(a+b-c)(a-b+c)(-a+b+c)"", so the last term is (-a + b + c), which is the same as (b + c - a), so"
428,"Okay, let's see. I need to divide these two fractions: 8/55 divided by 8/43. Hmm, dividing fractions... I remember that dividing by a fraction is the same as multiplying by its reciprocal. So, first, I should flip the second fraction and then multiply.

So, the problem is (8/55) ÷ (8/43). To divide by a fraction, multiply by the reciprocal, so that becomes (8/55) * (43/8). Right? Because the reciprocal of 8/43 is 43/8.

Now, let's write that out: (8 * 43) / (55 * ื่). Wait, no, it's (8/55) * (43/8) = (8*43)/(55*8). Oh, I see, there's a common factor here. The 8 in the numerator and the 8 in the denominator can cancel out. Let me check.

So, 8 divided by 8 is 1, so they cancel. That leaves 43 in the numerator and 55 in the denominator. So, the result is 43/55. Let me verify.

Let me do the multiplication step by step. Multiply numerators: 8 * 43 = 344. Multiply denominators: 55 * 8 = 440. So, 344/440. Now, simplify that fraction. Both numerator and denominator are divisible by 8? Let's see. 344 ÷ 8 = 43, because 8*40=320, 8*3=24, so 320+24=344, so 344/8=43. 440 ÷8=55. So 344/440 simplifies to 43/55. Yep, that's right.

Is 43/55 reducible? 43 is a prime number, right? Because 43 only divides by 1 and itself. And 55 is 5*11. So 43 doesn't divide into 55, so the fraction is already in simplest terms. So the reduced answer is 43/55.

Wait, let me just make sure I didn't make a mistake. Let's think again. Dividing by 8/43 is the same as multiplying by 43/8. So (8/55)*(43/8) = (8*43)/(55*8) = 43/55. Yep, that's correct. The 8s cancel out. So the answer is 43/55.

I think that's it. So the reduced answer is 43 over 55.
</think>

To solve the division of fractions:

$$
\frac{8}{55} \div \frac{8}{43}
$$

---

### Step 1: Understand the operation

Dividing by a fraction is equivalent to multiplying by its **reciprocal**. So we rewrite the expression as:

$$
\frac{8}{55} \times \frac{43}{8}
$$

---

### Step 2: Multiply the fractions

Multiply the numerators and denominators:

$$
\frac{8 \times 43}{55 \times 8} = \frac{344}{440}
$$

---

### Step 3: Simplify the resulting fraction

We now simplify $\frac{344}{440}$.

#### Find the greatest common divisor (GCD) of 344 and 440.

- Prime factorization:
  - $344 = 8 \times 43$
  - $440 = 8 \times 55$

So, both have a common factor of **8**.

Divide numerator and denominator by 8:

$$
\frac{344 \div 8}{440 \div 8} = \frac{43}{55}
$$

---

### Step 4: Check if further simplification is possible

Check whether $\frac{43}{55}$ can be simplified further.

- 43 is a **prime number**
- 55 factors into $5 \times 11$
- Since 43 does not divide evenly into 55, the fraction is already in **simplest form**

---

### Final Answer

The reduced answer is:

$$
\boxed{\dfrac{43}{55}}
$$"
429,"Okay, let's see. So Libby had a ten-dollar bill, right? And then she spent $2.95 at a store. The question is asking how much money she has now. Hmm.

First, I need to figure out what's left after she spends $2.95 from her $10. So, if she starts with $10 and spends $2.95, then the amount she has left should be $10 minus $2.95. Let me write that down.

So, 10.00 minus 2.95 equals... Hmm. Let's do the subtraction. 

Starting with 10.00. If she spends $2.95, so subtracting 2.95 from 10.00. 

Let me think. 10.00 minus 2.歇. Wait, maybe I should do it step by step.

10.00
-2.95
--------
?

Starting from the hundredths place: 0 - 5. Hmm, can't do that. So we need to borrow. 

Wait, actually, in decimal subtraction:

10.00
- 2.95
= ?

Let's break it down.

The dollars part: 10 - 2 = 8, but wait, there's also the cents.

Wait, no. Wait, 10.00 is 10 dollars and 0 cents. She spends 2 dollars and 95 cents. So subtracting 2.95 from 10.00.

So, 10.00 - 2.95.

Let me do this calculation.

10.00
- 2.95
--------
?

Starting from the rightmost digit:

Cents: 0 - 5. Can't do, so borrow 1 from the dollar place. But the dollar part is 0.00, so we need to borrow from the tens place? Wait, no, 10.00 is 10 dollars. Maybe better to think in terms of total cents.

Alternatively, convert to cents: 10 dollars = 1000 cents. 2.95 dollars = 295 cents. So 1000 - 295 = 705 cents. Which is $7.05.

Wait, so that would be $7.05. So the answer is A. $7.05.

Wait, but let me check again. Because sometimes when you subtract decimals, you have to be careful.

10.00
- 2.95
--------
Start with the hundredths place: 0 - 5. Can't do, so borrow 1 from the tenths place. But the tenths place is 0, so we have to borrow from the dollars.

So, 10.00 becomes 9 dollars and 100 cents (since 1 dollar = 100 cents). Wait, maybe another way.

Alternatively, 10.00 minus 2.95.

Think of it as 10 - 3 = 7, but since it's 2.95, which is 0.05 less than 3, so the result should be 7 + 0.05 = 7.05. Wait, that might be a trick.

Wait, if you subtract 3 dollars from 10, you get 7. But she only spent 2.95, which is 0.05 less than 3, so she has 0.05 more than 7. So 7.05. Yeah, that makes sense.

So 10 - 2.95 = 7.05. So the answer is A. $7.05.

Let me check the options. The choices are:

A. $7.05

B. $8.05

C. $7.95

D. $6.95

So according to my calculation, it's A. $7.05.

Wait, but let me verify once more. Maybe I made a mistake.

Suppose she has $10.00. She spends $2.95. So remaining is 10.00 - 2.95.

Let's do the subtraction:

10.00
- 2.95
--------

Starting from the right:

0 - 5: can't do, so borrow 1 from the next digit. But the next digit is 0, so we have to go further.

So the 10.00 becomes 9.100 (but in dollars, it's 9 dollars and 100 cents). Wait, maybe this approach is confusing.

Alternative method: 10.00 - 2.00 = 8.00. Then subtract the remaining 0.95. So 8.00 - 0.95 = 7.05. Yes, that works.

Because 2.95 is 2.00 + 0.95. So first subtract 2.00 from 10.00 to get 8.00, then subtract 0.95 from 8.00.

8.00 - 0.95: 8.00 - 0.90 = 7.10, then subtract 0.05 more: 7.10 - 0.05 = 7.05. So yes, 7.05.

Therefore, the answer is A. $7.05.

I think that's correct. Let me check if any other option could be tricky.

Option C is $7.95, which is close but not the same. If someone thought she spent $2.05 instead of $2.95, but no. Wait, no. Alternatively, maybe miscalculating.

But according to the problem, she spent $2.95. So 10 - 2.95 = 7.05. So answer A.

Yes, so the answer should be A.
</think>

Libby started with a **$10.00** bill and spent **$2.95** at a store. To find out how much money she has left, we subtract the amount spent from the initial amount:

$$
10.00 - 2.95 = 7.05
$$

---

### Step-by-step Verification:
We can verify this by breaking down the subtraction:

- Subtract the whole dollars first:  
  $10.00 - 2.00 = 8.00$

- Now subtract the remaining cents:  
  $8.00 - 0.95 = 7.05$

This confirms that the result is **$7.05**.

---

### Final Answer:
The correct choice is **A. $7.05**.

$$
\boxed{7.05}
$$"
430,"Okay, let's try to solve this limit problem. The question is asking for the limit as x approaches 0 of [ln(1 + x + x²) + ln(1 - x + x²)] divided by x squared. Hmm, I remember that when dealing with limits involving logarithms and polynomials, especially as x approaches 0, Taylor series expansions might be helpful here. Let me recall the Taylor series for ln(1 + y) around y = 0: ln(1 + y) = y - y²/2 + y³/3 - y⁴/4 + ... So maybe if I can expand both logarithms into their Taylor series up to the x² term, since we're dividing by x², so we need terms up to x² in the numerator.

First, let's look at the two logarithms: ln(1 + (x + x²)) and ln(1 + (-x + x²)). Wait, no, actually, the arguments are 1 + x + x² and 1 - x + x². So let's set y1 = x + x² and y2 = -x + x². Then the expression inside the limit is [ln(1 + y1) + ln(1 + y2)] / x².

Since x is approaching 0, y1 and y2 are also approaching 0, so we can use the Taylor series for ln(1 + z) where z is small. Let's write the expansion for each term.

First, ln(1 + y1) = y1 - y1²/2 + y1³/3 - ... 

Similarly, ln(1 + y2) = y2 - y2²/ื่ + y2³/3 - ...

So let's compute y1 and y2:

y1 = x + x²

y2 = -x + x²

Let's compute ln(1 + y1):

ln(1 + y1) = (x + x²) - (x + x²)² / 2 + (x + x²)³ / � - ...

Similarly, ln(1 + y2) = (-x + x²) - (-x + x²)² / 2 + (-x + x²)³ / 3 - ...

Now, let's expand each part step by step.

First, compute (x + x²)²: that's x² + 2x³ + x⁴. Similarly, (-x + x²)² = x² - 2x³ + x⁴.

So, ln(1 + y1) = (x + x²) - (x² + 2x³ + x⁴)/2 + (x³ + 3x⁴ + ...)/3 - ... 

But since we are interested in terms up to x², because we're dividing by x², so we need to see what terms will contribute to the numerator when we add them together. Let's check the order of each term.

Wait, the denominator is x², so we need the numerator to be expanded up to x², because higher order terms (like x³, x⁴) will become zero when divided by x² as x approaches 0. Wait, no: actually, the limit is as x approaches 0, so we need to find the leading term of the numerator. Let's think carefully.

Let me write out the first few terms of each logarithm up to x².

First, ln(1 + z) = z - z²/2 + z³/3 - ... So for z = x + x², let's compute up to x² terms.

Wait, z = x + x², so z is O(x), so z² = (x + x²)² = x² + 2x³ + x⁴, which is O(x²). So when we do ln(1 + z), the expansion is z - z²/2 + z³/3 - ..., so the first term is z (which is x + x²), the second term is -z²/2 (which is - (x² + 2x³ + ...)/2, so the x² term here is -x²/2, and the x³ term is -x³).

Similarly, for the other logarithm, z = -x + x², so ln(1 + z) = z - z²/2 + z³/3 - ... = (-x + x²) - [(-x + x²)²]/2 + ... 

Compute (-x + x²)² = x² - 2x³ + x⁴, so that's x² + higher order terms.

So let's write out the sum:

ln(1 + x + x²) + ln(1 - x + x²) = [ (x + x²) - (x + x²)² / 2 + ... ] + [ (-x + x²) - (-x + x²)² / 2 + ... ]

Let's compute term by term.

First, the linear terms (x terms):

From first log: x

From second log: -x

So they cancel: x - x = 0.

Next, the x² terms:

From first log: x² (from the first term z = x + x²)

From first log: the next term is - (x + x²)² / 2. The square term (x + x²)² = x² + 2x³ + x⁴, so the x² term here is x², so - (x²)/2.

So total from first log: x² - (x²)/2 = (1 - 1/2)x² = (1/2)x²? Wait, no, wait. Wait, let's do it step by step.

Wait, the first log's expansion:

ln(1 + (x + x²)) = (x + x²) - (x + x²)^2 / 2 + (x + x²)^3 / 3 - ...

So expanding (x + x²)^2 = x² + 2x³ + x⁴, so:

ln(1 + x + x²) = x + x² - (x² + 2x³ + x⁴)/2 + (x³ + ...)/3 - ... 

= x + x² - x²/2 - x³ - x⁴/2 + x³/3 + ... 

Simplify term by term:

The x term: x

The x² term: x² - x²/2 = (1/2)x²

The x³ term: -x³ + x³/3 = (-2/3)x³

Higher order terms (x⁴ and above)

Similarly, for ln(1 - x + x²):

ln(1 + (-x + x²)) = (-x + x²) - (-x + x²)^2 / 2 + (-x + x²)^3 / 3 - ...

Compute (-x + x²)^2 = x² - 2x³ + x⁴, so:

ln(1 - x + x²) = -x + x² - (x² - 2x³ + x⁴)/2 + (-x + x²)^3 / 3 - ...

= -x + x² - x²/2 + x³ - x⁴/2 + ... 

Simplify:

x term: -x

x² term: x² - x²/2 = (1/2)x²

x³ term: +x³ (from the -(-2x³)/2? Wait, wait, let's redo the expansion.

Wait, (-x + x²)^2 = x² - 2x³ + x⁴, so when we divide by 2, it's (x² - 2x³ + x⁴)/2 = x²/2 - x³ + x⁴/2. So the negative of that is -x²/2 + x³ - x⁴/2.

Then, the next term in the logarithm expansion is + (x + x²)^3 / 3, but for the second log, it's (-x + x²)^3. Let's not get into higher order terms yet.

So ln(1 - x + x²) = (-x + x²) - [(-x + x²)^2]/2 + [(-x + x²)^3]/3 - ...

= (-x + x²) - [x² - 2x³ + x⁴]/2 + [(-x + x²)^3]/3 - ...

= -x + x² - x²/2 + x³ - x⁴/2 + [ (-x)^3 + 3*(-x)^2*(x²) + ... ] / 3 - ...

Wait, maybe better to just keep up to x³ terms for now, since when we add the two logs, we need to see what cancels.

Let's add the two logarithms:

ln(1 + x + x²) + ln(1 - x + x²) = [x + x² - (x² + 2x³)/2 + ...] + [-x + x² - (x² - 2x³)/2 + ...]

Because (x + x²)^2 = x² + 2x³ + x⁴, so (x + x²)^2 / 2 = (x² + 2x³)/2 + higher terms.

Similarly, (-x + x²)^2 = x² - 2x³ + x⁴, so (-x + x²)^2 / 2 = (x² - 2x³)/2 + higher terms.

So adding the two logs:

First, the x terms: x - x = 0.

Then, the x² terms: x² (from first log) + x² (from second log) - (x²)/2 (from first log's quadratic term) - (x²)/2 (from second log's quadratic term).

Wait, let's write it step by step.

First log expansion up to x³:

ln(1 + x + x²) = (x + x²) - (x + x²)^2 / 2 + (x + x²)^3 / 3 - ...

= x + x² - [x² + 2x³ + x⁴]/2 + [x³ + 3x⁴ + ...]/3 - ...

= x + x² - x²/2 - x³ - x⁴/2 + x³/3 + ... 

= x + (x² - x²/2) + (-x³ + x³/3) + ... 

= x + (1/2)x² + (-2/3)x³ + ...

Second log expansion up to x³:

ln(1 - x + x²) = (-x + x²) - (-x + x²)^2 / 2 + (-x + x²)^3 / 3 - ...

= -x + x² - [x² - 2x³ + x⁴]/2 + [(-x)^3 + 3*(-x)^2*(x²) + ...]/3 - ...

= -x + x² - x²/2 + x³ - x⁴/2 + [ -x³ + 3x^4 + ... ] / 3 - ...

Wait, let's do it more carefully.

(-x + x²)^2 = x² - 2x³ + x⁴, so divided by 2: (x² - 2x³ + x⁴)/2 = x²/2 - x³ + x⁴/2.

So the second log becomes:

(-x + x²) - (x²/2 - x³ + x⁴/2) + [(-x + x²)^3]/3 - ...

= -x + x² - x²/2 + x³ - x⁴/2 + [ (-x)^3 + 3*(-x)^2*(x²) + ... ] / 3 - ...

= -x + (x² - x²/2) + x³ + [ -x³ + 3x^4 + ... ] / 3 - ...

= -x + (1/2)x² + x³ - (1/3)x³ + ... 

Because (-x + x²)^3 = (-x)^3 + 3*(-x)^2*(x²) + ... = -x³ + 3x^4 + ..., so divided by 3 is (-x³ + 3x^4)/3 = -x³/3 + x^4.

So putting it all together:

ln(1 - x + x²) = -x + (1/2)x² + x³ - x³/3 + ... 

= -x + (1/2)x² + (2/3)x³ + ... 

Wait, x³ - x³/3 = (3x³/3 - x³/3) = 2x³/3. Yes.

So now, adding the two logarithms:

ln(1 + x + x²) + ln(1 - x + x²) = [x + (1/2)x² - (2/3)x³ + ...] + [-x + (1/2)x² + (2/3)x³ + ...]

Let's add term by term:

x - x = 0

(1/2)x² + (1/2)x² = x²

- (2/3)x³ + (2/3)x³ = 0

So the x³ terms cancel out.

So the sum is x² + higher order terms (x⁴ and above).

Wait, so the sum is x² + (terms of order x⁴, x⁵, etc.)

Therefore, the numerator is x² + o(x²) (since the next term after x² is x⁴, which is o(x²)), so when we divide by x², we get 1 + o(1), so the limit as x approaches 0 would be 1?

Wait, but hold on, let's check again.

Wait, in the first log, we had up to x³: x + (1/2)x² - (2/3)x³

In the second log: -x + (1/2)x² + (2/3)x³

Adding them: (x - x) + (1/2 x² + 1/2 x²) + (-2/3 x³ + 2/3 x³) = 0 + x² + 0 = x².

So the sum is exactly x² plus higher order terms (x⁴ and above). Therefore, [ln(...) + ln(...)] / x² = (x² + o(x²)) / x² = 1 + o(1), so the limit as x approaches 0 is 1.

Wait, but the options include E. 1. But let me verify.

Alternatively, maybe there's a mistake here. Let's try another approach.

Another way: note that ln(a) + ln(b) = ln(ab). So the numerator is ln[(1 + x + x²)(1 - x + x²)].

Let's compute the product (1 + x + x²)(1 - x + x²). Let's multiply these two.

(1 + x + x²)(1 - x + x²) = [(x² + 1) + x][(x² + 1) - x] = (x² + 1)^2 - x² = x⁴ + 2x² + 1 - x² = x⁴ + x² + 1.

So the product is 1 + x² + x⁴.

Therefore, the numerator is ln(1 + x² + x⁴).

So the entire expression becomes [ln(1 + x² + x⁴)] / x².

Ah! That's a much simpler approach. Because ln(a) + ln(b) = ln(ab), so we can combine the logs first.

So the limit is lim_{x→0} [ln(1 + x² + x⁴)] / x².

Now, we know that for small t, ln(1 + t) ≈ t - t²/2 + t³/3 - ..., so if t = x² + x⁴, then ln(1 + t) ≈ t - t²/2 + ... 

So ln(1 + x² + x⁴) ≈ (x² + x⁴) - (x² + x⁴)² / 2 + ... 

But since we are taking the limit as x→0, the dominant term in the numerator is x² + x⁴, so when we divide by x², we have [x² + x⁴ - (x⁴)/2 + ... ] / x² = 1 + x² - (x⁴)/2 + ... → 1 as x→0.

Therefore, the limit is 1.

Wait, but let's check with L’Hospital’s Rule, since it's 0/0 form (as x→0, numerator ln(1 + ...) → ln(1) = 0, denominator x² →0).

So apply L’Hospital: derivative of numerator is d/dx [ln(1 + x² + x⁴)] = (2x + 4x³)/(1 + x² + x⁴)

Derivative of denominator is 2x.

So the limit becomes lim_{x→0} [ (2x + 4x³)/(1 + x² + x⁴) ] / (2x) = lim [ (2x + 4x³) / (2x (1 + x² + x⁴)) ) ] = lim [ (2x(1 + 2x²)) / (2x (1 + x² + x⁴)) ) ] = lim (1 + 2x²)/(1 + x² + x⁴) = (1 + 0)/(1 + 0 + 0) = 1.

Yes, so the limit is 1. So the answer should be E. 1.

Wait, but let me check the options. The options are A.2, B.0, C.-1, D.1/3, E.1, F.3, G.1/2, H.2/3.

So E is 1. So the answer is E.

Wait, but let me confirm once more. Because when I first thought about the product, (1 + x + x²)(1 - x + x²) = 1 - x + x² + x - x² + x³ + x² - x³ + x⁴ = 1 + x⁴? Wait, no, wait, let's multiply correctly.

(1 + x + x²)(1 - x + x²) = 1*(1 - x + x²) + x*(1 - x + x²) + x²*(1 - x + x²)

= 1 - x + x² + x - x² + x³ + x² - x³ + x⁴

Let's compute term by term:

1*1 = 1

1*(-x) = -x

1*(x²) = x²

x*1 = x

x*(-x) = -x²

x*(x²) = x³

x²*1 = x²

x²*(-x) = -x³

x²*(x²) = x⁴

Now add them all:

Constants: 1

x terms: -x + x = 0

x² terms: x² - x² + x² = x²

x³ terms: x³ - x³ = 0

x⁴ terms: x⁴

So total: 1 + x² + x⁴. Yes, correct. So the product is 1 + x² + x⁴.

Therefore, ln(1 + x² + x⁴). So the limit is lim_{x→0} ln(1 + x² + x⁴)/x².

As x→0, x² + x⁴ →0, so ln(1 + t) ~ t when t→0, so ln(1 + x² + x⁴) ~ x² + x⁴, so [x² + x⁴]/x² = 1 + x² →1 as x→0. So the limit is 1. So answer is E.

I think that's correct. So the answer is E.
</think>

To evaluate the limit:

$$
\lim_{x \to 0}\left(\frac{ \ln\left(1+x+x^2\right)+\ln\left(1-x+x^2\right) }{ x^2 }\right)
$$

we begin by simplifying the expression using logarithmic identities.

---

### Step 1: Use Logarithmic Identity

Recall that $\ln(a) + \ln(b) = \ln(ab)$. So we can rewrite the numerator as:

$$
\ln(1 + x + x^2) + \ln(1 - x + x^2) = \ln\left((1 + x + x^2)(1 - x + x^2)\right)
$$

Now compute the product $(1 + x + x^2)(1 - x + x^2)$:

$$
(1 + x + x^2)(1 - x + x^2) = (1 + x^2 + x)(1 + x^2 - x) = (1 + x^2)^2 - x^2 = 1 + 2x^2 + x^4 - x^2 = 1 + x^2 + x^4
$$

So the expression becomes:

$$
\lim_{x \to 0} \frac{\ln(1 + x^2 + x^4)}{x^2}
$$

This is now a standard form suitable for applying known approximations or Taylor series.

---

### Step 2: Apply Logarithm Approximation

For small $t$, we know:

$$
\ln(1 + t) \approx t - \frac{t^2}{2} + \cdots
$$

Here, $t = x^2 + x^4$, so:

$$
\ln(1 + x^2 + x^4) \approx (x^2 + x^4) - \frac{(x^2 + x^4)^2}{2} + \cdots
$$

We only need terms up to $x^2$ in the numerator because the denominator is $x^2$. The higher-order terms (like $x^4$) will vanish when divided by $x^2$ as $x \to 0$.

Thus,

$$
\ln(1 + x^2 + x^4) \approx x^2 + x^4
$$

So the full expression becomes:

$$
\frac{x^2 + x^4}{x^2} = 1 + x^2
$$

As $x \to 0$, this tends"
431,"Okay, let's try to solve this problem. The question is about using the change of base formula to express the ratio of two logarithms as a single logarithm with base m and argument p. So we have:

\[
\frac{\log_{11} (42)}{\log_{1ื่}}(5)} = \log_m(p)
\]

Wait, no, the original problem says: ""Using a change of base formula, one can write \(\frac{\log_{11} (42)}{\log_{11}(5)} = \log_m(p)\), where \(m =\) [ANS] and \(p =\) [ANS]"".

Hmm, so we need to figure out what m and p are such that this ratio equals log base m of p.

First, I remember the change of base formula: \(\log_b(a) = \frac{\log_c(a)}{\log_c(b)}\) for any valid base c. So if we have a ratio of logs with the same base, that's actually the change of base formula in reverse? Wait, no. Let me think.

The given expression is \(\frac{\log_{11}(42)}{\log_{11}(5)}\). Let's denote this as some number. By the change of base formula, if we want to write this as a single logarithm, maybe we can use the change of base formula to convert it to a different base?

Wait, the problem states that this ratio equals \(\log_m(p)\). So we need to find m and p such that \(\log_m(p) = \frac{\log_{11}(42)}{\log_{11}(5)}\).

Let me recall that \(\frac{\log_b(a)}{\log_b(c)} = \log_c(a)\). Wait, is that right? Let's check.

Yes! There's a property called the change of base formula, which says that \(\log_b(a) = \frac{\log_c(a)}{\log_c(b)}\) for any base c. So if we take c = 11, then \(\log_{11}(a) = \frac{\log_c(a)}{\log_c(11)}\), but maybe not directly.

Wait, let's think. Suppose we have \(\frac{\log_{11}(42)}{\log_{11}(5)}\). Let's apply the change of base formula here. Wait, actually, this ratio is equal to \(\log_5(42)\) by the change of base formula. Wait, is that true?

Yes! Because the change of base formula tells us that \(\log_b(a) = \frac{\log_c(a)}{\log_c(b)}\), so rearranged, \(\frac{\log_c(a)}{\log_c(b)} = \log_b(a)\). So in this case, the numerator is \(\log_{11}(42)\) and the denominator is \(\log_{11}(5)\), so if we consider base 11 as the common base, then this ratio is equal to \(\log_5(42)\).

Wait, let's verify with numbers. Let's take a simple example. Suppose we have \(\frac{\log_2(8)}{\log_2(4)}\). That should be \(\log_4(8)\)? Wait, no. Wait, \(\log_2(8) = 3\), \(\log_2(4) = 2\), so the ratio is 3/2. What's \(\log_4(8)\)? That's \(\frac{\ln 8}{\ln 4} = \frac{3 \ln 2}{2 \ln 2} = 3/2\). Oh! So yes, \(\frac{\log_b(a)}{\log_b(c)} = \log_c(a)\). Wait, no, in this example, \(\frac{\log_2(8)}{\log_2(4)} = \log_4(8)\)? Wait, \(\log_4(8) = \frac{\ln 8}{\ln 4} = \frac{3 \ln 2}{2 \ln 2} = 3/2\), which is exactly the ratio. So in this case, \(\frac{\log_b(a)}{\log_b(c)} = \log_c(a)\). Wait, is that a standard identity?

Wait, let's recall the change of base formula: \(\log_c(a) = \frac{\log_b(a)}{\log_b(c)}\). Yes! That's the change of base formula. So \(\log_c(a) = \frac{\log_b(a)}{\log_b(c)}\). Therefore, \(\frac{\log_b(a)}{\log_b(c)} = \log_c(a)\).

So in this problem, we have \(\frac{\log_{11}(42)}{\log_{11}(5)} = \log_5(42)\). Because by the change of base formula, \(\log_c(a) = \frac{\log_b(a)}{\log_b(c)}\), so here b is 11, a is 42, c is 5. Therefore, \(\log_5(42) = \frac{\log_{11}(42)}{\log_{11}(5)}\).

Therefore, the expression \(\frac{\log_{11}(42)}{\log_{11}(5)}\) is equal to \(\log_5(42)\). So that means m is 5 and p is 42.

Let me confirm with another example. Let's take numbers. Let’s say \(\log_2(8) / \log_2(4) = 3 / 2 = 1.5\). And \(\log_4(8) = \log_4(4 \times 2) = 1 + \log_4(2) = 1 + 0.5 = 1.5\). So yes, \(\log_4(8) = 1.5\), which is the ratio. So in general, \(\frac{\log_b(a)}{\log_b(c)} = \log_c(a)\). So that's correct.

Therefore, in the problem, \(\frac{\log_{11}(42)}{\log_{11}(5)} = \log_5(42)\). So m is 5 and p is 42.

I think that's it. Let me just make sure there's no trick here. The problem says ""using a change of base formula"", so they want us to recognize that this ratio is the change of base from base 5 to base 11? Wait, no. Wait, the change of base formula is \(\log_c(a) = \frac{\log_b(a)}{\log_b(c)}\), so if you have \(\frac{\log_b(a)}{\log_b(c)}\), that's equal to \(\log_c(a)\). So yes, that's exactly the case here. So the given expression is \(\log_5(42)\).

So m is 5, p is 42.

**Final Answer**
\boxed{5, 42}
</think>

To solve the problem, we begin by analyzing the expression:

$$
\frac{\log_{11}(42)}{\log_{11}(5)}
$$

This is a classic application of the **change of base formula**, which states:

$$
\log_c(a) = \frac{\log_b(a)}{\log_b(c)}
$$

Here, we are given that this ratio equals $\log_m(p)$, and we are to determine values for $m$ and $p$.

---

### Step 1: Apply the Change of Base Formula

From the identity above, we know:

$$
\frac{\log_b(a)}{\log_b(c)} = \log_c(a)
$$

In our case:
- $b = 11$
- $a = 42$
- $c = 5$

So,

$$
\frac{\log_{11}(42)}{\log_{11}(5)} = \log_5(42)
$$

This means the original expression simplifies to $\log_5(42)$.

---

### Step 2: Identify $m$ and $p$

We are told that:

$$
\frac{\log_{11}(42)}{\log_{11}(5)} = \log_m(p)
$$

From our derivation, this is equivalent to:

$$
\log_5(42)
$$

Thus:
- $m = 5$
- $p = 42$

---

### Final Answer

Since the question asks for both answers in a single boxed format separated by commas, we write:

$$
\boxed{5, 42}
$$"
432,"Okay, let's try to solve this equation: (tan x)² - tan x - 4.16 = 0, where x is in [0, 2π]. Hmm, first, I notice that this is a quadratic in terms of tan x. Let me set y = tan x, so the equation becomes y² - y - 4.16 = 0. That looks like a standard quadratic equation. 

First step: solve for y using the quadratic formula. The quadratic is y² - y - 4.16 = 0. So a = 1, b = -1, c = -4.16. 

Quadratic formula: y = [-b ± √(b² - 4ac)] / (2a). Plugging in the values: y = [1 ± �ื่√(1 + 16.64)] / 2. Wait, let's compute discriminant first. Discriminant D = b² - 4ac = (-1)² - 4(1)(-4.16) = 1 + 16.64 = 17.64. Oh, 17.64 is a perfect square? Let's see, 4.2 squared is 17.64 because 4²=16, 0.2²=0.04, 2*4*0.2=1.6, so (4 + 0.2)² = 16 + 1.6 + 0.04 = 17.64. Yes! So √17.64 = 4.2. 

So y = [1 ± 4.2]/2. Let's compute both solutions. 

First solution: (1 + 4.2)/2 = 5.2/2 = 2.6. 

Second solution: (1 - 4.2)/2 = (-3.2)/2 = -1.6. 

So tan x = 2.6 or tan x = -1.6. 

Now we need to find all x in [0, 2π] such that tan x = 2.6 or tan x = -1.6. 

Let's recall that tangent has period π, so in each interval of length π, there's exactly one solution for tan x = k (for any real k). 

First, let's handle tan x = 2.6. 

The arctangent of 2.6 is some angle in (0, π/2) since 2.6 is positive. Let's call this angle α = arctan(2.6). Then the general solution is x = α + nπ, where n is integer. 

In [0, 2π], the solutions would be α and α + π. 

Similarly, for tan x = -1.6. Arctangent of -1.6 is negative, but we can express it in terms of the principal value. Remember that arctan(-k) = -arctan(k), but we need to find angles in [0, 2π] where tan x = -1.6. 

Since tangent is negative in the second and fourth quadrants. So if β = arctan(1.6), which is in (0, π/2), then tan(π - β) = -tan β = -1.6, so π - β is in (π/2, π) where tangent is negative. Also, tan(2π - β) = -tan β = -1.6, so 2π - β is in (3π/2, 2π) where tangent is negative. 

Wait, let's clarify. Let's take β = arctan(1.6), so β is in (0, π/2). Then tan(β) = 1.6, so tan(π - β) = -tan β = -1.6, and tan(2π - β) = -tan β = -1.6 as well (since tan is periodic with π, but actually tan(θ - π) = tan θ, so tan(2π - β) = tan(-β) = -tan β = -1.6). Wait, no: tan(θ) has period π, so tan(θ + π) = tan θ. So for tan x = -1.6, the solutions in [0, 2π) are x = arctan(-1.6) + nπ. But arctan(-1.6) is negative, so we add π to get it into [0, π), and add another π to get into [π, 2π). Wait, maybe better to think in terms of reference angles.

Let me recall that for tan x = k, the solutions in [0, 2π) are:

- If k > 0: x = arctan(k) and x = arctan(k) + π

- If k < 0: x = π + arctan(k) and x = 2π + arctan(k) (but arctan(k) is negative, so we can write it as x = π - arctan(|k|) and x = 2π - arctan(|k|))

Yes, that's a good way. Let's define β = arctan(1.6), so β is in (0, π/2) because 1.6 is positive. Then:

For tan x = 1.6: solutions are β and β + π.

For tan x = -1.6: solutions are π - β and 2π - β.

Because tan(π - β) = -tan β = -1.6, and tan(2π - β) = -tan β = -1.6 (since tan(2π - β) = tan(-β) = -tan β).

So let's compute approximate values. Let's calculate arctan(2.6) and arctan(1.6) numerically.

First, arctan(2.6): Let's see, tan(1.2) ≈ 2.572 (since tan(1.2 radians) ≈ 2.572, because 1 rad ≈ 57 degrees, so 1.2 rad ≈ 68.75 degrees, tan(60°)=√3≈1.732, tan(70°)≈2.747, so arctan(2.6) is between 68° and 70°, roughly 69.5 degrees, which is about 1.215 radians (since 1 rad ≈ 57.3°, so 69.5° ≈ 1.215 rad).

Similarly, arctan(1.6): tan(58°)≈1.6003, so arctan(1.6)≈58 degrees, which is about 1.012 radians (since 58° * π/180 ≈ 1.012 rad).

Let me check with calculator approximations (since I might not remember exact values):

Using a calculator:

arctan(2.6) ≈ 1.205 radians (since tan(1.2) ≈ 2.572, tan(1.21) ≈ 2.6, so approx 1.21 radians)

arctan(1.6) ≈ 1.012 radians (since tan(1.0) ≈ 1.557, tan(1.01) ≈ 1.56, tan(1.012) ≈ 1.6, so approx 1.012 radians)

Let's verify:

tan(1.012) ≈ tan(58 degrees) ≈ 1.6003, yes, because 58 degrees is approximately 1.012 radians (since 1 rad ≈ 57.3 degrees, so 58 degrees ≈ 58 * π/180 ≈ 1.012 radians).

So let's take β = arctan(1.6) ≈ 1.012 radians.

Then the solutions for tan x = -1.6 are:

x = π - β ≈ 3.1416 - 1.012 ≈ 2.1296 radians (which is in the second quadrant, since π - β is between π/2 and π)

and x = 2π - β ≈ 6.2832 - 1.012 ≈ 5.2712 radians (which is in the fourth quadrant, since 2π - β is between 3π/2 and 2π)

Now for tan x = 2.6, the solutions in [0, 2π] are:

x = arctan(2.6) ≈ 1.21 radians (first quadrant) and x = arctan(2.6) + π ≈ 1.21 + 3.1416 ≈ 4.3516 radians (third quadrant)

Let's list all four solutions:

1. x ≈ 1.21 (first quadrant)
2. x ≈ 4.35 (third quadrant)
3. x ≈ 2.13 (second quadrant)
4. x ≈ 5.27 (fourth quadrant)

Wait, but let's confirm if these are all in [0, 2π]. 2π is about 6.28, so 5.27 is less than 6.28, yes. 4.35 is less than 6.28, yes.

But let's make sure we didn't miss any. Since tangent has period π, in [0, 2π), there are two solutions per period for each tangent value (since the period is π, so in [0, π) one solution, [π, 2π) another). Wait, no: for each k, tan x = k has two solutions in [0, 2π): one in (0, π/2) if k > 0, one in (π, 3π/2) if k > 0? Wait, no.

Wait, let's think again. For tan x = k, where k is a real number:

- In the interval [0, π/2), tan x increases from 0 to +∞, so for k > 0, there's exactly one solution in (0, π/2).

- In (π/2, π), tan x goes from -∞ to 0, so for k < 0, there's exactly one solution in (π/2, π).

- In (π, 3π/2), tan x goes from 0 to +∞, so for k > 0, there's exactly one solution in (π, 3π/2).

- In (3π/2, 2π), tan x goes from -∞ to 0, so for k < 0, there's exactly one solution in (3π/2, 2π).

Therefore, for each k, there are two solutions in [0, 2π): one in the first or third quadrant (if k > 0) and one in the second or fourth quadrant (if k < 0). Wait, no:

Wait, tan x is positive in first and third quadrants, negative in second and fourth.

So for tan x = positive k: solutions in first and third quadrants (since tan is positive there).

For tan x = negative k: solutions in second and fourth quadrants (since tan is negative there).

Yes, that's correct.

So for tan x = 2.6 (positive), solutions in first and third quadrants: x = α and x = α + π, where α = arctan(2.6) ∈ (0, π/2).

For tan x = -1.6 (negative), solutions in second and fourth quadrants: x = π - β and x = 2π - β, where β = arctan(1.6) ∈ (0, π/2).

So total four solutions in [0, 2π].

Let's write them explicitly.

First, compute the exact expressions:

Let α = arctan(2.6), so α ∈ (0, π/2)

Then solutions for tan x = 2.6: α, α + π

Let β = arctan(1.6), so β ∈ (0, π/2)

Then solutions for tan x = -1.6: π - β, 2π - β

So all four solutions are: α, α + π, π - β, 2π - β.

Now, we need to write them in [0, 2π]. Let's check the ranges:

α ∈ (0, π/2) ≈ (0, 1.57), so α + π ∈ (π, 3π/2) ≈ (3.14, 4.71)

π - β: since β ∈ (0, π/2), π - β ∈ (π/2, π) ≈ (1.57, 3.14)

2π - β: since β ∈ (0, π/2), 2π - β ∈ (3π/2, 2π) ≈ (4.71, 6.28)

So all four solutions are in [0, 2π].

Now, let's compute approximate numerical values to check.

First, compute arctan(2.6):

Using calculator (approximate):

tan(1.2) ≈ 2.572 (since 1.2 radians ≈ 68.75 degrees, tan(68.75°) ≈ 2.572)

tan(1.21) ≈ tan(1.2 + 0.01) ≈ 2.572 + (0.01)*(sec²(1.2)) [using derivative]

sec²(1.2) = 1 + tan²(1.2) ≈ 1 + (2.572)² ≈ 1 + 6.615 ≈ 7.615

So tan(1.21) ≈ 2.572 + 0.01*7.615 ≈ 2.572 + 0.076 ≈ 2.648. Hmm, that's a bit high. Maybe my approximation is off.

Alternatively, use known values:

We know that tan(π/4) = 1, tan(π/3) = √3 ≈ 1.732, tan(π/2) is undefined.

tan(1.0) ≈ 1.557, tan(1.1) ≈ 1.964, tan(1.2) ≈ 2.572, tan(1.3) ≈ 3.602.

So arctan(2.6) is between 1.2 and 1.3. Let's say approximately 1.205 radians (since tan(1.205) ≈ 2.6).

Similarly, arctan(1.6): tan(1.0) ≈ 1.557, tan(1.01) ≈ 1.57, tan(1.012) ≈ 1.6. So arctan(1.6) ≈ 1.012 radians.

So:

1. α = arctan(2.6) ≈ 1.205 radians

2. α + π ≈ 1.205 + 3.1416 ≈ 4.3466 radians

3. π - β ≈ 3.1416 - 1.012 ≈ 2.1296 radians

4. 2π - β ≈ 6.2832 - 1.012 ≈ 5.2712 radians

Let's check if these are in [0, 2π]:

All are between 0 and 6.28, so yes.

Now, let's verify with actual calculator computations (pretending I can calculate more precisely):

Using a calculator:

arctan(2.6):

Let me use a calculator (simulated):

tan⁻¹(2.6) ≈ 1.205 radians (since 2.6 is positive, in first quadrant)

tan⁻¹(1.6) ≈ 1.012 radians (since 1.6 is positive, in first quadrant)

So:

Solution 1: x ≈ 1.205 radians (first quadrant)

Solution 2: x ≈ 1.205 + π ≈ 1.205 + 3.1416 ≈ 4.3466 radians (third quadrant)

Solution 3: x ≈ π - 1.012 ≈ 3.1416 - 1.012 ≈ 2.1296 radians (second quadrant)

Solution 4: x ≈ 2π - 1.012 ≈ 6.2832 - 1.012 ≈ 5.2712 radians (fourth quadrant)

Let's check if these satisfy the original equation.

Take x ≈ 1.205: tan(1.205) ≈ 2.6, so (2.6)² - 2.6 - 4.16 = 6.76 - 2.6 - 4.16 = 6.76 - 6.76 = 0. Correct.

x ≈ 4.3466: tan(4.3466) = tan(1.205 + π) = tan(1.205) = 2.6, same as above, so (2.6)² - 2.6 - 4.16 = 0. Correct.

x ≈ 2.1296: tan(2.1296) = tan(π - 1.012) = -tan(1.012) ≈ -1.6, so (-1.6)² - (-1.6) - 4.16 = 2.56 + 1.6 - 4.16 = 4.16 - 4.16 = 0. Correct.

x ≈ 5.2712: tan(5.2712) = tan(2π - 1.012) = tan(-1.012) = -tan(1.012) ≈ -1.6, so same as above: (-1.6)² - (-1.6) - 4.16 = 0. Correct.

So all four solutions are valid.

Wait, but the problem says ""Solve the equation in the interval [0, 2π]"". So we have four solutions.

Wait, but let me double-check: the original equation is (tan x)^2 - tan x - 4.16 = 0. So quadratic in tan x, two solutions for tan x, each gives two solutions in [0, 2π], so total four solutions. That makes sense.

So the solutions are:

x = arctan(2.6), arctan(2.6) + π, π - arctan(1.6), 2π - arctan(1.6)

Expressed numerically, they are approximately:

1. 1.205 radians

2. 4.3466 radians

3. 2.1296 radians

4. 5.2712 radians

But the problem says ""If there is more than one solution write them separated by commas"". So we need to present the exact form or approximate?

Wait, the problem says ""Solve the equation"", so probably expects exact expressions in terms of arctangent, but since it's a numerical problem (with decimal 4.16), likely expects approximate numerical solutions.

Wait, the problem says ""Hint: To solve this problem you will have to use the quadratic formula, inverse trigonometric functions and the symmetry of the unit circle.""

So they want the answers in terms of arctan, but maybe rounded to two or three decimal places.

Let me check the problem statement again: ""Solve the equation in the interval [0, 2π]"". It says ""If there is more than one solution write them separated by commas"".

Given that the coefficients are decimals (4.16), probably expects numerical approximations.

Let's compute each solution with more precision.

First, compute arctan(2.6):

Using calculator (I'll simulate):

tan(1.2) = 2.572151662

tan(1.205) = tan(1.2 + 0.005) ≈ tan(1.2) + 0.005 * sec²(1.2)

sec²(1.2) = 1 + tan²(1.2) ≈ 1 + (2.57215)² ≈ 1 + 6.615 ≈ 7.615

So tan(1.205) ≈ 2.57215 + 0.005 * 7.615 ≈ 2.57215 + 0.038075 ≈ 2.6102

Close to 2.6. So arctan(2.6) ≈ 1.203 radians (since tan(1.203) ≈ 2.6)

Let's take arctan(2.6) ≈ 1.20 radians (approx 68.7 degrees)

arctan(1.6): tan(1.0) ≈ 1.5574, tan(1.01) ≈ 1.572, tan(1.012) ≈ 1.6 (since 1.012 radians ≈ 57.9 degrees, tan(57.9°) ≈ 1.6)

So arctan(1.6) ≈ 1.012 radians.

So:

1. x ≈ 1.20 radians (first quadrant)

2. x ≈ 1.20 + π ≈ 1.2"
433,"Okay, let's try to figure out which option correctly expresses cos3θ in terms of sinθ and cosθ. 

First, I remember that there are multiple-angle formulas for cosine. Let me recall the triple angle formula for cosine. I think it's cos3θ = 4cos³θ - 3cosθ. Wait, is that right? Let me verify.

Yes, the standard triple angle formula for cosine is cos3θ = 4cos³θ - 3cosθ. Let me check another way. Alternatively, using the identity for cos(2θ + θ) = cos2θcosθ - sin2θsinθ. 

So, cos3θ = cos(2θ + θ) = cos2θcosθ - sin2θsinθ. 

We know that cos2θ = 2cos²θ - 1, and sin2θ = 2sinθcosθ. 

Substituting these in:

cos3θ = (2cos²θ - 1)cosθ - (2sinθcosθ)(sinθ)
= 2cos³θ - cosθ - 2sin²θcosθ
= 2cos³θ - cosθ - 2(1 - cos²θ)cosθ  [since sin²θ = 1 - cos²θ]
Wait, maybe expanding it differently. Let's do step by step.

Starting over:

cos3θ = cos(2θ + θ) = cos2θ cosθ - sin2θ sinθ

cos2θ = 2cos²θ - 1, so:

= (2cos²θ - 1)cosθ - (2sinθcosθ)(sinθ)
= 2cos³θ - cosθ - 2sin²θcosθ

Now, replace sin²θ with 1 - cos²θ:

= 2cos³θ - cosθ - 2(1 - cos²θ)cosθ
= 2cos³θ - cosθ - 2cosθ + 2cos³θ
Wait, no: 2(1 - cos²θ)cosθ = 2cosθ - 2cos³θ

So substituting back:

= 2cos³θ - cosθ - [2cosθ - 2cos³θ]
= 2cos³θ - cosθ - 2cosθ + 2cos³θ
= (2cos³θ + 2cos³θ) + (-cosθ - 2cosθ)
= 4cos³θ - 3cosθ

Ah, yes! So cos3θ = 4cos³θ - 3cosθ. That's a key identity.

Looking at the options, we need to see which one matches this expression.

Let's look at the options:

Option C says: cos3θ = cos³θ - 3cosθ sin²θ = 4cos³θ - 3cosθ

Wait, let's check the left side of option C: cos³θ - 3cosθ sin²θ. Let's compute that.

cos³θ - 3cosθ sin²θ = cosθ (cos²θ - 3 sin²θ)

But we can write this as 4cos³θ - 3cosθ. Wait, from our previous calculation, we have cos3θ = 4cos³θ - 3cosθ. So if option C's left-hand side is equal to 4cos³θ - 3cosθ, then it's correct.

Wait, let's check the left-hand side of option C: ""cos3θ = cos³θ - 3cosθ sin²θ"". Let's compute that expression.

cos³θ - 3cosθ sin²θ = cosθ (cos²θ - 3 sin²θ). Let's express this in terms of cosθ only.

Since sin²θ = 1 - cos²θ, substitute:

= cosθ [cos²θ - 3(1 - cos²θ)]
= cosθ [cos²θ - 3 + 3cos²θ]
= cosθ [4cos²θ - 3]
= 4cos³θ - 3cosθ

Which is exactly the triple angle formula! So cos3θ = 4cos³θ - 3cosθ, which is equal to cos³θ - 3cosθ sin²θ. Therefore, option C's left-hand side is correct.

Let me check the right-hand side of option C: ""4cos³θ - 3cosθ"". Which is exactly what we derived. So yes, option C is correct.

Let me check other options to make sure.

Option G: cos3θ = cos³θ + 3 sin²θ cosθ = 4cos³θ + 3 sin²θ. Wait, no. Let's see.

Option G says: cos3θ = cos³θ + 3 sinθ cos²θ = 4cos³θ + 3 sinθ. Hmm, but the right-hand side here is written as 4cos³θ + 3 sinθ? Wait, no, looking at the original options:

Wait, the options are written with some typos perhaps. Let me parse each option carefully.

The problem states:

To express cos3θ in terms of sinθ and cosθ is ().

Options A to J.

Let me look at option C:

C. cos3θ = cos³θ - 3 cosθ sin²θ = 4 cos³θ - 3 cosθ

Yes! Because we just showed that cos³θ - 3 cosθ sin²θ equals 4 cos³θ - 3 cosθ. Wait, no: wait, we had:

cos3θ = 4cos³θ - 3cosθ.

But also, cos3θ = cos³θ - 3 cosθ sin²θ. Let's check:

From the derivation above:

cos3θ = 4cos³θ - 3cosθ.

But also, cos3θ = cos³θ - 3 cosθ sin²θ?

Wait, let's compute cos³θ - 3 cosθ sin²θ:

= cosθ (cos²θ - 3 sin²θ)
= cosθ [cos²θ - 3(1 - cos²θ)]
= cosθ [cos²θ -3 + 3cos²θ]
= cosθ [4cos²θ -3]
= 4cos³θ - 3 cosθ

Which is exactly the same as 4cos³θ -3 cosθ. So yes, cos3θ = cos³θ - 3 cosθ sin²θ = 4 cos³θ - 3 cosθ.

Therefore, option C is correct.

Let me check the other options to be thorough.

Option H: cos3θ = sin³θ - 3 sinθ cos²θ = 4 sin³θ - 3 sinθ. Hmm, but we know that sin3θ = 3 sinθ - 4 sin³θ. So sin3θ = 3 sinθ - 4 sin³θ, which would mean that sin³θ - 3 sinθ cos²θ is not the same as cos3θ. In fact, option H's left side is sin³θ - 3 sinθ cos²θ. Let's compute that:

sin³θ - 3 sinθ cos²θ = sinθ (sin²θ - 3 cos²θ) = sinθ [(1 - cos²θ) - 3 cos²θ] = sinθ (1 - 4 cos²θ) = sinθ - 4 sinθ cos²θ. Not sure. But according to the triple angle formula for sine: sin3θ = 3 sinθ - 4 sin³θ. So sin3θ is 3 sinθ -4 sin³θ. So the expression in option H is different.

Option C's right-hand side is 4 cos³θ - 3 cosθ, which is exactly the triple angle formula. So option C is correct.

Let me check option G: cos3θ = cos³θ + 3 sin²θ cosθ = 4 cos³θ + 3 sinθ. Wait, no, the right-hand side of option G is written as ""4 cos³θ + 3 sinθ""? Wait, looking at the original problem statement.

Wait, the problem lists options with some formatting. Let me re-express each option.

Option C:

cos3θ = cos³θ - 3 cosθ sin²θ = 4 cos³θ - 3 cosθ

Yes, that's exactly what we derived. So the left-hand side of option C is the expanded form (in terms of sin and cos), and the right-hand side is the simplified form. So this is correct.

Let me check another option. For example, option J: cos3θ = cos²θ - 3 sinθ cosθ = 4 cos²θ - 3 sinθ. That seems wrong.

Option C is the correct one.

Wait, but let's check if any other option could be correct.

For example, option F: cos3θ = cos³θ + 3 sinθ cos²θ = 4 cos³θ + 3 sinθ. But that's not correct. The left side is cos3θ, which we know is 4cos³θ -3cosθ, so option F's left side is cos³θ + 3 sinθ cos²θ, which is different.

Similarly, option G: cos3θ = cos³θ + 3 sin²θ cosθ = 4 cos³θ + 3 sin²θ. Wait, no, the right-hand side of option G is written as ""4 cos³θ + 3 sin²θ""? Wait, the original problem's option G says:

G. cos3θ = cos³θ + 3 sinθ cos²θ = 4 cos³θ + 3 sinθ

Wait, no, looking back:

The user wrote:

Option G:

cos3θ = cos³θ + 3 sinθ cos²θ = 4 cos³θ + 3 sinθ

Wait, no, the exact text:

In the problem statement:

G. cos3θ = cos³θ + 3 sinθ cos²θ = 4 cos³θ + 3 sinθ

Wait, no, the original problem's options have some formatting issues. Let me parse the given options.

The user provided the options as:

A. cos3θ = sin²θ - 3 cosθ sinθ = 4 sin²θ - 3 cosθ

Wait, no, the options are written with some LaTeX. Let me check again.

Wait, the user wrote:

Options:

A. cos3θ = sin²θ - 3 cosθ sinθ = 4 sin²θ - 3 cosθ

Wait, no, the actual expressions might have typos. Wait, the problem says ""To express cos3θ in terms of sinθ and cosθ is ()"".

The correct expression is cos3θ = 4cos³θ - 3cosθ, which can also be written as cos3θ = cos³θ - 3cosθ sin²θ (since sin²θ = 1 - cos²θ, so substituting gives the same).

So option C says:

cos3θ = cos³θ - 3 cosθ sin²θ = 4 cos³θ - 3 cosθ

Which is exactly correct. So option C is the right choice.

Let me check if any other option could be a trick.

For example, option H: cos3θ = sin³θ - 3 sinθ cos²θ = 4 sin³θ - 3 sinθ. But we know that sin3θ = 3 sinθ - 4 sin³θ, so sin³θ - 3 sinθ cos²θ is not related directly. In fact, sin3θ = 3 sinθ - 4 sin³θ, so the expression in option H's left side is sin³θ - 3 sinθ cos²θ. Let's compute that:

sin³θ - 3 sinθ cos²θ = sinθ (sin²θ - 3 cos²θ) = sinθ [(1 - cos²θ) - 3 cos²θ] = sinθ (1 - 4 cos²θ) = sinθ - 4 sinθ cos²θ. Which is not equal to cos3θ. So option H is incorrect.

Option C is the correct one.

Another check: take θ = 0. Then cos0 = 1. Let's plug into option C.

Left side: cos0 = 1.

Right side: cos³0 - 3 cos0 sin²0 = 1 - 0 = 1. Correct.

The other expression: 4 cos³0 - 3 cos0 = 4*1 - 3*1 = 1. Correct.

So option C works for θ=0.

Check θ=π/6 (30 degrees). cos(π/6)=√3/2, so cos(3*(π/6))=cos(π/2)=0.

Compute via option C:

Left side: cos³(π/6) - 3 cos(π/6) sin²(π/6)

cos(π/6)=√3/2, sin(π/6)=1/2.

So cos³(π/6) = (√3/2)^3 = (3√3)/8

3 cos(π/6) sin²(π/6) = 3*(√3/2)*(1/2)^2 = 3*(√3/2)*(1/4) = 3√3/8

Thus, left side: 3√3/8 - 3√3/8 = 0. Correct.

The right side: 4 cos³(π/6) - 3 cos(π/6) = 4*(3√3/8) - 3*(√3/2) = (12√3/8) - (3√3/2) = (3√3/2) - (3√3/2) = 0. Correct.

So option C is correct.

Other options: let's check option J.

Option J: cos3θ = cos²θ - 3 sinθ cosθ = 4 cos²θ - 3 sinθ

At θ=0: left side cos0=1; right side: 0 - 0 = 0? Wait, no. Wait, option J says cos3θ = cos²θ - 3 sinθ cosθ. At θ=0: left side cos0=1, right side: 1 - 0 =1. But the second part says 4 cos²θ - 3 sinθ. At θ=0, that's 4*1 -0=4. So 1 vs 4? No, so option J's right-hand side is not equal to cos3θ. So option J is wrong.

Hence, the correct answer is C.
</think>

\boxed{C}"
434,"Okay, let's try to figure this out. So the problem is about finding the output sequence y_list for inputs x_list = [26, 27, 28, 29, 30, 31, 32, 33, 34, 35]. The definition given is that a(n) is the number of ways to partition n points on a circle into subsets of sizes 2 and 3, where the order within each subset matters, and rotations are considered the same.

Hmm, circular partitions with ordered subsets... I remember that for linear arrangements, counting partitions into subsets of specific sizes can be done with combinatorics, but since it's a circle, we have to adjust for rotational symmetry.

First, let's recall some concepts. For labeled objects on a circle, the number of distinct partitions under rotation is related to group theory, maybe Burnside's lemma? But here, the problem states that the order within each subset matters. Wait, so the subsets themselves are ordered? Like, if you have a subset {a, b}, then (a,b) is different from (b,a)? Or does ""order of the points within each subset matters"" mean that the order in the subset is considered?

Wait, the problem says: ""the order of the points within each subset matters"". So for example, a subset of size 2 has two possible orderings, and a subset of size 3 has 3! orderings? Wait, no, wait: ""the order of the points within each subset matters""—so when you partition into subsets, each subset has an order. Hmm, this is a bit confusing.

Wait, in combinatorics, when they say ""the order within each subset matters"", that usually means that the subsets are ordered (i.e., the partition is into ordered lists), but here it's a circle. Hmm.

Alternatively, maybe it's similar to counting the number of ways to arrange the subsets on the circle where each subset is ordered.

Let me think. Let's take small n first.

For n=2: We have two points. Partitioning into subsets of size 2. There's only one way (since it's a circle). But since the order within the subset matters, for a subset of size 2, there are 2! orderings? Wait, but the problem says ""partitioning n points on a circle into subsets only of sizes 2 and 3"". So each subset must be size 2 or 3.

Wait, for n=2, the only possible partition is a single subset of size 2. Since it's a circle, rotating doesn't change anything. But the order within the subset matters. Wait, but for a single subset of size 2 on a circle—how does that work?

Wait, perhaps the key here is that when you have a circle, the number of distinct partitions under rotation is calculated by considering the cyclic permutations.

But given that the order within each subset matters, this might be a case of ""arrangements"" where the order in each subset is important.

This seems like a classic problem in combinatorics. Let me recall.

Suppose we want to count the number of ways to partition n labeled points on a circle into subsets of size 2 and 3, where the order within each subset matters, and rotations are considered equivalent.

Wait, but the problem says ""the circle's rotation symmetry is taken into account"". So we need to count distinct partitions up to rotation.

This is similar to counting necklaces with certain constraints.

Alternatively, maybe it's a recurrence relation problem.

Let me think about recurrence relations for such counts.

Let’s denote a(n) as the number of such partitions for n points.

But wait, the problem states that a(n) is the number of ways... So we need to find a recurrence for a(n).

Given that the partitions can only use subsets of size 2 and 3, and order within subsets matters.

Wait, but in circular arrangements, the standard approach for counting under rotation is using Burnside's lemma. However, since the problem states ""the order of the points within each subset matters"", which complicates things.

Alternatively, maybe the problem is similar to counting the number of ""cyclic"" arrangements where each block is ordered.

Wait, another angle: In linear arrangements, the number of ways to partition into ordered subsets of size 2 and 3 would be different. But since it's a circle, we have to consider rotational symmetry.

Wait, but the problem says ""the order of the points within each subset matters"". So for each subset, the order is significant. For example, a subset {a, b} is different from {b, a}.

Hmm. Let's try to model this.

Suppose we have n points arranged in a circle. We want to partition them into k subsets, each of size 2 or 3, such that:

- The order within each subset matters (so each subset is an ordered list)
- Rotations of the entire partition are considered the same.

So, for example, if we have a partition consisting of a single subset of size 2, how many distinct partitions are there? Since it's a circle, rotating the two points would give the same partition, but since the order within the subset matters, swapping the two points gives a different partition.

Wait, but for n=2: two points on a circle. If we have a single subset of size 2, then the number of distinct partitions under rotation. Wait, but with two points, rotating doesn't change anything. However, the order within the subset matters. So for two points, the number of ordered subsets is 2 (since order matters), but since the entire arrangement is a circle, does rotation affect it?

Wait, this is getting complicated. Maybe the problem is expecting a known sequence or a recurrence.

Alternatively, perhaps the problem is related to the number of ""cyclic"" permutations with certain block sizes.

Wait, here's a thought. In some contexts, the number of ways to partition a circle into ordered subsets (where each subset has a specified order) can be modeled with recurrence relations.

Let me look for a recurrence.

Suppose we have a circle of n points. Fix one point to break the circle (since rotations are equivalent), then we can consider linear arrangements starting from that point.

But since the order within subsets matters, fixing a point might help.

Wait, another idea: For linear arrangements (not circular), the number of ways to partition into ordered subsets of size 2 and 3 would be different. But since it's a circle, we need to adjust.

Alternatively, the problem may be referencing a known sequence. Let's see the options given.

The x_list starts at 26 and goes up to 35. Each y_list entry corresponds to a(n) for n=26 to 35.

Looking at the options, all sequences start with around 269 million, then next numbers are roughly 667 million, etc. So these numbers are probably large, and the sequences are increasing.

But the key is to figure out what the correct sequence should be.

Wait, the problem says ""the number of ways of partitioning n points on a circle into subsets only of sizes 2 and 3, where the order of the points within each subset matters, and the circle's rotation symmetry is taken into account.""

Let me try to derive a recurrence.

Let’s denote a(n) as the number of distinct partitions for n points on a circle.

To apply Burnside's lemma, but since the problem states that order within subsets matters, it's a bit tricky.

Alternatively, consider that for circular arrangements with labeled points, the number of distinct partitions under rotation can be calculated by fixing one position to remove rotational symmetry.

Wait, here's a method: For circular arrangements, fix one point to eliminate rotational symmetry. Then, the problem reduces to linear arrangements where the first and last elements are adjacent.

But given that the order within each subset matters, this complicates things.

Alternatively, suppose we have a recurrence relation.

Let’s assume that a(n) satisfies some recurrence based on the subsets.

If we have a partition of n points into subsets of size 2 and 3, then the recurrence could be:

a(n) = (number of ways to partition into subsets of 2 and 3, considering rotation)

But since it's a circle, the recurrence might be different.

Wait, another approach: In combinatorics, the number of ways to partition a circle of n labeled points into ordered subsets of size k_i (here k_i=2 or 3) is given by some formula.

Wait, for unlabeled subsets (i.e., the order within the subset doesn't matter), the count is different. Here, the order within each subset matters.

Let me think. Suppose we have a circle. If we fix a point, say point 1, then we can consider the arrangement starting from point 1.

If the order within each subset matters, then each subset is an ordered list.

For example, a subset of size 2 would be a permutation of two points, so 2! orderings.

Similarly, a subset of size 3 would have 3! orderings.

But since the entire partition is on a circle, we need to account for rotational symmetry.

This seems complex. Maybe the problem is designed so that the sequence follows a particular recurrence, and the options are given.

Let me check the options. All options have sequences starting with 26976665x, then 66722448x, etc. The numbers seem to be following a pattern where each term is roughly 2.5 times the previous? Not sure.

Wait, looking at the options, the first few terms for each option:

Option A: starts with 269766659

Option B: 269766653

Option C: 269766657

Option D: 269766658

Option E: 269766656

Option F: 269766650

Option G: 269766651

Option H: 269766652

Option I: 269766655

Option J: 269766654

So all start with numbers close to 269,766,65x. The difference between consecutive terms in the sequence (for n=26 to 35) is increasing.

Wait, but the key is that the sequence a(n) for n=26 to 35 should follow a recurrence relation.

Let me think: If we have a recurrence relation for a(n), perhaps a(n) = c * a(n-1) + d * a(n-2) + ... ?

Alternatively, the problem might be related to the number of ""necklaces"" with certain properties.

Wait, another idea: The problem might be a known sequence in OEIS. Let me recall.

Wait, the problem states that the order within each subset matters. So for each subset of size k, there are k! orderings. So if we have m subsets of size 2 and p subsets of size 3, then total n = 2m + 3p.

But since it's a circle, we have to consider rotational symmetry.

This seems complicated. Let's try to compute a(2), a(3), etc., to see the recurrence.

Wait, but the problem starts at n=26. Maybe the recurrence is linear, and the sequence is generated by some linear recurrence.

Alternatively, the problem might be a simple recurrence like a(n) = a(n-2) + a(n-3) or something, but multiplied by factorials.

Wait, but the problem states that the order within subsets matters. So for each subset of size 2, there are 2! orderings, and for size 3, 3! orderings.

Assuming that the entire partition is considered up to rotation.

Wait, here's a possible approach:

For linear arrangements (not circular), the number of ways to partition n points into ordered subsets of size 2 and 3 would be:

If we have a line of n points, the number of ways is sum_{k} [n! / ( (2!)^m (3!)^p ) ] * ... Hmm, not sure.

Wait, actually, if the order within each subset matters, then for each subset of size k, there are k! orderings. Wait, no—if the order within each subset matters, then each subset is an ordered list. So for a given partition into subsets, the number of orderings is the product of k! for each subset.

But in our problem, we are counting the number of distinct partitions under rotation.

This is quite involved.

Alternative idea: The problem might be a classic problem with a known recurrence. For example, the number of ways to partition a circle into subsets of size 2 and 3 with order within subsets mattering.

Wait, I found a reference in my mind: There's a problem called ""the number of ways to partition a circle of n points into blocks of size 2 and 3, where each block is ordered"".

In some combinatorial problems, the recurrence for such counts is a(n) = (n/2) * a(n-2) + (n/3) * a(n-3) ? Not sure.

Wait, perhaps the recurrence is a(n) = (number of ways to form a subset of size 2 or 3, then the rest).

But considering circularity.

Wait, here's a better plan. Let's assume that the sequence a(n) satisfies a recurrence relation, and the given options have sequences that follow a certain pattern.

Looking at the options, all sequences start with numbers in the range of ~269 million, then next term ~667 million, etc. Let's see the ratio between terms.

For example, Option A: 269766659, 667224482. Let's divide 667224482 / 269766659 ≈ 2.47. Similarly, next term 1653266560 / 667224482 ≈ 2.48. So roughly doubling the previous term? Wait, 2.47 * 2.48 ≈ 6.1, but the next term is 4.1 billion / 1.65 billion ≈ 2.48. So the ratio is roughly constant? Hmm, maybe the sequence is growing by a factor of about 2.5 each time.

But this might not help.

Wait, another angle: The problem says ""the order of the points within each subset matters"". So for each subset of size 2, there are 2 ways to order them; for size 3, 6 ways.

But since it's a circle, we have to divide by n (the number of rotations), but this is not straightforward.

Wait, suppose we have a partition into subsets. For a circular arrangement, the number of distinct partitions under rotation is equal to (number of linear arrangements) divided by n, but only if all rotations are distinct. However, with the order within subsets mattering, it's more complicated.

Alternatively, fix one point to remove rotational symmetry. For example, fix point 1 to be the start of a subset.

But given the complexity, maybe the problem is designed so that the sequence a(n) satisfies a linear recurrence with constant coefficients, and the options are given with the correct recurrence.

Wait, the problem states that the answer is one of the options. Let's look for patterns in the options.

Looking at the options:

Option A: starts with 269766659, next 667224482, which is roughly 2.5 times the previous.

Option B: starts with 269766653, next 667224485.

Option C: 269766657, 667224483

Option D: 269766658, 667224481

Option E: 269766656, 667224488

Option F: 269766650, 667224480

Option G: 269766651, 667224484

Option H: 269766652, 667224487

Option I: 269766655, 667224480

Option J: 269766654, 667224486

Hmm, the first two numbers in each option are very close to 269,766,65x. Let's see the difference between the first and second term.

Wait, for example, Option A: 269766659 and 667224482. Let's compute 667224482 / 269766659 ≈ 2.47. Similarly, 1653266560 / 667224482 ≈ 2.48. So the ratio is roughly 2.48 each time. So the sequence is growing by a factor of ~2.48 per step.

But what's the actual recurrence? If it's a linear recurrence, maybe a(n) = 2*a(n-1) + something.

Alternatively, the sequence might be related to the number of permutations or something else.

Wait, another idea: The problem might be related to the number of ""cyclic"" arrangements where each block is ordered. For example, in the context of the necklace problem.

Wait, here's a paper or a known result: The number of ways to partition a circle of n labeled beads into subsets of size 2 and 3, where the order within each subset matters.

But I don't recall exactly.

Wait, suppose we have a recurrence. Let's assume that a(n) = (n choose 2) * a(n-2) + (n choose 3) * a(n-3) ? No, that's for unordered subsets.

Wait, but the order within subsets matters. So for each subset of size 2, there are 2! orderings, and for size 3, 3!.

Wait, here's a possible recurrence.

Let’s denote a(n) as the number of distinct partitions for n points on a circle.

To form a partition, we can consider the subset containing a particular point, say point 1.

Case 1: Point 1 is in a subset of size 2. Then, we have two points in the subset. Since the order matters, there are 2 ways to order them (but since it's a circle, we have to be careful).

Wait, no. If we fix point 1, then the subset containing point 1 must have another point. Let's say we pick point i as the other point in the subset. Since the order matters, the subset {1, i} can be ordered as (1, i) or (i, 1). But because it's a circle, we need to consider the arrangement.

This is getting too complicated. Maybe the problem is designed to have a specific recurrence, and the answer is option H or another.

Wait, looking at the options, the numbers in the options are all very close to each other. For example, option H starts with 269766652, then 667224487, etc.

Wait, another angle: The problem might be related to the fact that the sequence a(n) satisfies a recurrence a(n) = (n-1)/n * a(n-1) + ... but not sure.

Wait, here's a different idea. The problem says ""the number of ways of partitioning n points on a circle into subsets only of sizes 2 and 3, where the order of the points within each subset matters, and the circle's rotation symmetry is taken into account.""

This sounds like the problem is similar to counting the number of ""cyclic"" permutations with blocks of size 2 and 3.

In some references, the number of such partitions can be calculated using the recurrence:

a(n) = (1/n) * sum_{d|n} ... but that's for necklaces with no restrictions.

Alternatively, for the case where we have a circle, the number of distinct partitions is given by (1/n) * sum_{k | n} ... but this is for abelian groups.

Hmm.

Wait, perhaps the sequence a(n) follows the recurrence a(n) = 2*a(n-2) + 3*a(n-3) or something like that. But I'm not sure.

Wait, let's think about small n.

For n=2: Only one partition (a single subset of size 2). But since order matters, there are 2! = 2 ways. But because it's a circle, rotating doesn't change anything. Wait, for n=2, a circle with two points: the two points can be ordered in 2 ways, but since it's a circle, rotating swaps the two points. Wait, no—for two points on a circle, there's only one rotation (swapping the two points), but since the order within the subset matters, each ordering is distinct.

Actually, for n=2: The number of distinct partitions under rotation. Since the two points are on a circle, any rotation would map the circle to itself. But with two points, the only non-trivial rotation is a 180-degree rotation, which swaps the two points. However, since we're considering labeled points (the problem says ""n points on a circle""—probably labeled), so the labels matter.

Wait, the problem says ""n points on a circle""—I think the points are labeled, so we're counting distinct partitions up to rotation of the entire set.

This is a classic problem in combinatorics.

The number of distinct partitions of a labeled circle of n points into ordered subsets of size 2 and 3.

Wait, here's a resource I recall: For the number of ways to partition a circle of n labeled points into subsets of size k, where order within subsets matters, the count is given by (n-1)! / (product (s_i!)) ) * something... Not sure.

Alternatively, the number of such partitions is given by:

For each partition into subsets S_1, S_2, ..., S_m, where each S_i has size 2 or 3, and the order within each S_i matters.

The total number of linear arrangements would be n! / ( (n - 2m - 3p)! ) ? No.

Wait, another approach: The number of ways to partition n labeled points into ordered subsets of size 2 and 3 is equal to the sum over all possible combinations of subsets.

For a given partition into m subsets of size 2 and p subsets of size 3 (so n = 2m + 3p), the number of ordered partitions is:

n! / ( (2!)^m (3!)^p ) ) * (number of ways to arrange the subsets on the circle).

But since it"
435,"Okay, let's tackle this problem step by step. First, we need to construct a 99% confidence interval for the population proportion p. The sample size n is 800, and the number of successes x is 393. Then, we have to choose the correct interpretation from the options given.

First, let's recall how to calculate a confidence interval for a population proportion. The formula for the confidence interval for p is:

\[
\hat{p} \pm z^* \sqrt{\frac{\hat{ื่}{n} \left(1 - \hat{p}\right)}
\]

where \(\hat{p}\) is the sample proportion, \(z^*\) is the critical value from the standard normal distribution corresponding to the desired confidence level, and n is the sample size.

First, let's compute the sample proportion \(\hat{p}\). That's just x divided by n, so:

\[
\hat{p} = \frac{x}{n} = \frac{393}{800} = 0.49125
\]

Let me check that: 393 divided by 800. Let's do the division: 393 ÷ 800. 800 goes into 393 zero times. 800 goes into 3930 four times (4*800=3200), remainder 730. 800 goes into 7300 nine times (9*800=7200), remainder 100. So approximately 0.49125. So \(\hat{p} \approx 0.491\) or 0.49125.

Next, we need the critical value \(z^*\) for a 99% confidence interval. For 99%, the critical value is typically 2.576 (since 99% leaves 0.5% in each tail, so the z-score that corresponds to the 99.5th percentile is about 2.576). Let me confirm: standard normal table, the 99.5th percentile is z=2.576, yes. Sometimes people use 2.58 for approximation, but 2.576 is more precise.

Now, we need to check the conditions for using the normal approximation. The sample size n should be large enough such that \(n\hat{p} \geq 10\) and \(n(1 - \hat{p}) \geq 10\). Let's check:

\(n\hat{p} = 800 * 0.49125 = 393\), which is way more than 10.

\(n(1 - \hat{p}) = 800 * (1 - 0.49125) = 800 * 0.50875 = 407\), which is also more than 10. So the normal approximation is appropriate here.

Now, let's compute the standard error (SE) of the sample proportion:

\[
SE = \sqrt{\frac{\hat{p}(1 - \hat{p})}{n}} = \sqrt{\frac{0.49125 * 0.50875}{800}}
\]

Let's compute the numerator first: 0.49125 * 0.50875. Let's approximate that. 0.49125 * 0.50875 ≈ 0.49125 * 0.5 = 0.245625, but since it's slightly more than 0.5, let's calculate more precisely.

0.49125 * 0.50875:

Let me compute 0.49125 * 0.5 = 0.245625

0.49125 * 0.00875 = 0.49125 * 0.008 + 0.49125 * 0.00075 ≈ 0.00393 + 0.000368 ≈ 0.0043

So total ≈ 0.245625 + 0.0043 ≈ 0.2499. Wait, maybe better to use exact values.

Alternatively, 0.49125 * 0.50875 = (0.49125)(1 - 0.49125) = 0.49125 - (0.49125)^2. Wait, no, actually, 1 - \(\hat{p}\) is 0.50875, so it's just the product.

But maybe we can use calculator-like steps. Let's take \(\hat{p} = 393/800 = 0.49125\), so 1 - \(\hat{p}\) = 0.50875.

Multiply 0.49125 * 0.50875:

Let's compute 0.49125 * 0.50875:

First, 0.49125 * 0.5 = 0.245625

0.49125 * 0.00875 = 0.49125 * (8.75 * 10^-3) = (0.49125 * 8.75) * 10^-3

0.49125 * 8 = 3.93

0.49125 * 0.75 = 0.3684375

Total: 3.93 + 0.3684375 = 4.2984375

So 4.2984375 * 10^-3 = 0.0042984375

Therefore, total product: 0.245625 + 0.0042984375 ≈ 0.2499234375

So approximately 0.2499.

Then, divide by n: 0.2499 / 800 = 0.000312375

Then take square root: sqrt(0.000312375) ≈ ?

sqrt(0.000312375) = sqrt(3.12375 * 10^-4) = sqrt(3.12375) * 10^-2 ≈ 1.767 * 0.01 = 0.01767

Wait, let's check with a calculator approach.

Alternatively, use the formula:

SE = sqrt( (0.49125 * 0.50875)/800 )

Compute 0.49125 * 0.50875:

Let me compute 393*507 (since 393*800=314400, but maybe not helpful).

Alternatively, 0.49125 * 0.50875 = (0.5 - 0.00875)(0.5 + 0.00875) = 0.25 - (0.00875)^2 ≈ 0.25 - 0.0000765625 ≈ 0.2499234375, which matches the earlier calculation.

So 0.2499234375 / 800 = 0.000312404296875

Then sqrt(0.000312404296875) ≈ 0.01767 (since 0.01767^2 = 0.0003122)

Yes, so SE ≈ 0.01767

Then, the margin of error (ME) is z* * SE. For 99% CI, z* is 2.576.

So ME = 2.576 * 0.01767 ≈ ?

2.576 * 0.01767 ≈ 2.576 * 0.017 = 0.043792, and 2.576 * 0.00067 ≈ 0.001726, so total ≈ 0.043792 + 0.001726 ≈ 0.0455

Wait, let's do it more accurately.

0.01767 * 2.576:

First, 0.01 * 2.576 = 0.02576

0.007 * 2.576 = 0.018032

0.00067 * 2.576 ≈ 0.001726

Adding up: 0.02576 + 0.018032 = 0.043792 + 0.001726 ≈ 0.045518

So approximately 0.0455.

Therefore, the confidence interval is:

\(\hat{p} \pm ME = 0.49125 \pm 0.0455\)

So lower bound: 0.49125 - 0.0455 ≈ 0.44575

Upper bound: 0.49125 + 0.0455 ≈ 0.53675

So the 99% confidence interval is approximately (0.446, 0.537) when rounded to three decimal places.

Let me verify with more precise calculations.

First, compute \(\hat{p} = 393/800 = 0.49125\) exactly.

Compute the standard error:

SE = sqrt( (0.49125 * (1 - 0.49125)) / 800 )

1 - 0.49125 = 0.50875

So 0.49125 * 0.50875 = let's compute this:

0.49125 * 0.50875

Let's write as fractions to be precise? Maybe not necessary, but let's use decimals.

0.49125 * 0.50875:

Calculate 49125 * 50875 first (but that's tedious). Alternatively, use calculator steps.

0.49125 * 0.5 = 0.245625

0.49125 * 0.00875 = 0.49125 * (8.75 * 10^-3) = (0.49125 * 8.75) * 10^-3

0.49125 * 8 = 3.93

0.49125 * 0.75 = 0.3684375

So 3.93 + 0.3684375 = 4.2984375

Thus, 4.2984375 * 10^-3 = 0.0042984375

So total product: 0.245625 + 0.0042984375 = 0.2499234375

Then, divide by 800: 0.2499234375 / 800 = 0.000312404296875

Take square root: sqrt(0.000312404296875) ≈ 0.017675 (since 0.017675^2 = 0.0003123)

So SE ≈ 0.017675

Then, z* for 99% is 2.5758 (more precise value, often 2.576)

So ME = 2.5758 * 0.017675 ≈ 2.5758 * 0.017675

Let's compute 2.5758 * 0.01 = 0.025758

2.5758 * 0.007 = 0.0180306

2.5758 * 0.000675 = approx 2.5758 * 0.0006 = 0.00154548; 2.5758 * 0.000075 = 0.000193185; total ≈ 0.00154548 + 0.000193185 ≈ 0.001738665

Adding up: 0.025758 + 0.0180306 = 0.0437886 + 0.001738665 ≈ 0.045527

So ME ≈ 0.0455

Therefore, the confidence interval is:

Lower: 0.49125 - 0.0455 ≈ 0.44575

Upper: 0.49125 + 0.0455 ≈ 0.53675

So rounding to three decimal places, it's (0.446, 0.537). Sometimes confidence intervals are reported with two or three decimal places. Let's check if we need to round to three or four.

The problem says ""construct the 99% confidence interval"", so probably we need to present it with two or three decimal places. Let's see.

Alternatively, use more precise calculation.

Let me use a calculator approach.

First, \(\hat{p} = 393/800 = 0.49125\)

Compute the standard error:

SE = sqrt( (0.49125 * 0.50875) / 800 )

Calculate 0.49125 * 0.50875:

0.49125 * 0.50875 = (0.5 - 0.00875)(0.5 + 0.00875) = 0.25 - (0.00875)^2 = 0.25 - 0.0000765625 = 0.2499234375 (using difference of squares)

Yes, that's a good trick. So (a - b)(a + b) = a² - b², where a = 0.5, b = 0.00875.

So 0.5² - (0.00875)² = 0.25 - 0.0000765625 = 0.2499234375

Then, divide by 800: 0.2499234375 / 800 = 0.000312404296875

Square root: sqrt(0.000312404296875) = sqrt(3.12404296875e-4) ≈ 0.017675 (since 0.017675^2 = 0.0003123)

So SE ≈ 0.017675

Margin of error: 2.576 * 0.017675 ≈ 2.576 * 0.017675

Let's compute 2.576 * 0.017675:

2.576 * 0.01 = 0.02576

2.576 * 0.007 = 0.018032

2.576 * 0.000675 = 2.576 * 0.0006 = 0.0015456; 2.576 * 0.000075 = 0.0001932; total 0.0015456 + 0.0001932 = 0.0017388

Adding up: 0.02576 + 0.018032 = 0.043792 + 0.0017388 ≈ 0.0455308

So ME ≈ 0.0455

Thus, the confidence interval is:

0.49125 - 0.0455 ≈ 0.44575

0.49125 + 0.0455 ≈ 0.53675

So rounding to three decimal places, it's (0.446, 0.537). If we round to two decimal places, it's (0.45, 0.54). But the problem says ""construct the 99% confidence interval"", so probably they expect three decimal places, as the sample proportion is given as 393/800 which is 0.49125, so three decimal places for the interval.

Let me check with a calculator for more precision.

Using a calculator:

First, compute \(\hat{p} = 393/800 = 0.49125\)

Compute the standard error:

SE = sqrt( (0.49125 * (1 - 0.49125)) / 800 ) = sqrt( (0.49125 * 0.50875) / 800 )

0.49125 * 0.50875 = 0.2499234375

0.2499234375 / 800 = 0.000312404296875

sqrt(0.000312404296875) = 0.017675 (exactly, since 0.017675^2 = 0.0003123, close enough)

Then, z* for 99% is 2.5758 (from standard normal tables, the critical value for 99% is 2.5758)

So ME = 2.5758 * 0.017675 ≈ 2.5758 * 0.017675

Let's compute 2.5758 * 0.017675:

2.5758 * 0.01 = 0.025758

2.5758 * 0.007 = 0.0180306

2.5758 * 0.000675 = 2.5758 * 0.0006 = 0.00154548; 2.5758 * 0.000075 = 0.000193185; total 0.00154548 + 0.000193185 = 0.001738665

Adding all parts: 0.025758 + 0.0180306 = 0.0437886 + 0.001738665 ≈ 0.045527

So ME ≈ 0.0455

Thus, the confidence interval is:

Lower: 0.49125 - 0.0455 = 0.44575 ≈ 0.446

Upper: 0.49125 + 0.0455 = 0.53675 ≈ 0.537

So the 99% confidence interval is approximately (0.446, 0.537). Depending on rounding, sometimes it's written with two decimal places, but since the sample proportion is given as 393/800 (which is precise to three decimal places), probably three decimal places is fine.

Let me check with an example. Suppose we use a calculator for confidence intervals.

In R, for example, the command for a 99% CI would be:

prop.test(x=393, n=800, conf.level=0.99)

But since I don't have R here, but I know that the standard method gives us approximately (0.446, 0.537).

So the confidence interval is (0.446, 0"
436,"Okay, let's see. I need to find an equivalent fraction to 5/8 where the denominator is 32. So the problem is 5/8 equals ?/32. Hmm, equivalent fractions mean they have the same value, right? So I need to figure out what number multiplied by the denominator 8 gives 32, and then do the same for the numerator.

First, let's think about how to get from 8 to 32 in the denominator. 8 times what number is 32? Let's calculate that. 8 times 4 is 32, because 8*4=32. Oh, so we need to multiply the denominator by 4 to get 32. Since we want the fraction to stay equivalent, we have to do the same thing to the numerator. So if we multiply the numerator 5 by 4, we get 20. Let me check: 5/8 is equal to 20/32? Let's see. 20 divided by 32 simplifies to 5/8, because both 20 and 3ื่ are divisible by 4. 20 divided by 4 is 5, 32 divided by 4 is 8. So yes, 20/32 is equivalent to 5/8.

Wait, let me make sure. Another way: cross-multiplying. If 5/8 = x/32, then 5*32 should equal 8*x. Let's check that. 5*32 is 160, and 8*x should be 160. So x = 160 / 8 = 20. Yep, that works. So x is 20. So the answer is 20.

I think that's it. Let me just verify with division. 5 divided by 8 is 0.625. What's 20 divided by 32? 20/32 is 0.625. Yep, that's the same. So 20 is the correct number.
</think>

To find an equivalent fraction to $\frac{5}{8}$ with a denominator of 32, we need to determine what number $x$ satisfies the equation:

$$
\frac{5}{8} = \frac{x}{32}
$$

---

### Step 1: Understand the relationship between denominators

We are given that the original denominator is 8 and we want to change it to 32. To do this, we multiply the denominator by 4:

$$
8 \times 4 = 32
$$

Since we want the new fraction to be **equivalent**, we must also multiply the numerator by the same factor (4) to maintain the value of the fraction.

$$
5 \times 4 = 20
$$

So, the equivalent fraction is:

$$
\frac{20}{32}
$$

---

### Step 2: Verify the equivalence

Let’s confirm that $\frac{20}{32}$ is indeed equal to $\frac{5}{8}$.

Divide both numerator and denominator of $\frac{20}{32}$ by their greatest common divisor (GCD), which is 4:

$$
\frac{20 \div 4}{32 \div 4} = \frac{5}{8}
$$

This confirms that $\frac{20}{32}$ is an equivalent fraction of $\frac{5}{8}$.

---

### Final Answer

The missing number in the fraction $\frac{?}{32}$ is **20**.

$$
\boxed{20}
$$"
437,"Okay, let's see. I need to find the 95% confidence interval for the population mean number of cars sold annually. The problem says that the number of cars sold is normally distributed with a standard deviation of 17. We have a sample of 420 salespeople, and the sample mean is 78. 

First, I remember that for confidence intervals when we know the population standard deviation, we use the z-distribution. Since the sample size is large (n=420), even if the population isn't normal, the sampling distribution of the mean will be approximately normal by the Central Limit Theorem. So, we can use the z-interval here.

The formula for the confidence interval is: 
\[ \bar{x} \pm z \left( \frac{\sigma}{\sqrt{n}} \right) \]

Where:
- \( \bar{x} \) is the sample mean (78)
- \( \sigma \) is the population standard deviation (17)
- \( n \) is the sample size (420)
- \( z \) is the critical value for 95% confidence

First, I need to find the critical z-value for 95% confidence. For a 95% confidence interval, the critical z is typically 1.96. Let me confirm: yes, 95% confidence corresponds to 2.5% in each tail, so the z-score that leaves 2.5% in the upper tail is 1.96. So, z = 1.96.

Next, calculate the standard error (SE), which is \( \sigma / \sqrt{n} \).

Let's compute \( \sqrt{n} \) first. n = 420, so \( \sqrt{420} \). Let me calculate that. 

\( \sqrt{420} \approx 20.4939 \) (since 20^2=400, 20.5^2=420.25, so sqrt(420) ≈ 20.4939)

So, SE = 17 / 20.4939 ≈ 17 / ื่ 20.4939. Let's do the division: 17 divided by 20.4939.

17 ÷ 20.4939 ≈ 0.829. Let me check with a calculator. 20.4939 * 0.8 = 16.395, 20.4939 * 0.83 = 20.4939*0.8 + 20.4939*0.03 = 16.395 + 0.6148 = 17.0098. Oh, that's close! So 0.83 gives approximately 17.01. So SE ≈ 0.83.

Wait, that seems low? Wait, no, the standard deviation is 17, so the standard error is 17/sqrt(n). Let's compute it more accurately.

n = 420, so sqrt(420) = sqrt(400 + 20) = sqrt(400(1 + 0.05)) ≈ 20*(1 + 0.025) = 20.5, but actually, sqrt(420) is exactly sqrt(420) ≈ 20.49390153.

So 17 / 20.49390153 ≈ 17 / 20.4939 ≈ 0.829. So approximately 0.829.

Then, the margin of error (ME) is z * SE = 1.96 * 0.829 ≈ ?

Let's compute 1.96 * 0.829.

First, 2 * 0.829 = 1.658, so 1.96 is 0.04 less than 2, so 1.658 - 0.04*0.829 ≈ 1.658 - 0.03316 ≈ 1.6248. Wait, maybe better to do exact multiplication.

1.96 * 0.829:

0.829 * 1 = 0.829

0.829 * 0.9 = 0.7461

0.829 * 0.06 = 0.04974

Adding them up: 0.829 + 0.7461 = 1.5751; 1.5751 + 0.04974 = 1.62484. So approximately 1.625.

So the margin of error is about 1.625.

Therefore, the confidence interval is 78 ± 1.625.

So lower confidence limit (LCL) = 78 - 1.625 ≈ 76.375

Upper confidence limit (UCL) = 78 + 1.625 ≈ 79.625

Wait, but let's check the calculations again to be precise.

First, compute SE:

σ = 17, n = 420

SE = σ / sqrt(n) = 17 / sqrt(420)

Compute sqrt(420):

420 = 4 * 105, so sqrt(420) = 2*sqrt(105) ≈ 2*10.24695 ≈ 20.4939, as before.

So SE = 17 / 20.4939 ≈ 0.829 (exactly, 17 ÷ 20.4939 ≈ 0.829)

Then, z for 95% CI is 1.96.

Margin of error (ME) = 1.96 * 0.829 ≈ 1.96 * 0.829

Let's compute 0.829 * 1.96:

0.829 * 2 = 1.658

Subtract 0.829 * 0.04 = 0.03316

So 1.658 - 0.03316 = 1.62484. So ME ≈ 1.625

Therefore, the confidence interval is (78 - 1.625, 78 + 1.625) ≈ (76.375, 79.625)

We should round to a reasonable number of decimal places. The problem says ""enter your answer in the form (LCL, UCL)"". Since the original data is given as whole numbers (mean is 78, which is a whole number, standard deviation 17, which is a whole number), but confidence intervals can have decimals. Typically, we might round to two decimal places, or maybe one. Let's check.

In statistics, confidence intervals are often reported with two decimal places, but sometimes one. Let's see.

Alternatively, maybe we can compute more precisely.

Let's compute sqrt(420) exactly:

sqrt(420) = sqrt(4*105) = 2*sqrt(105) ≈ 2*10.2469507659 = 20.4939015318

So SE = 17 / 20.4939015318 ≈ 17 / 20.4939015318 ≈ 0.8291

Then, ME = 1.96 * 0.8291 ≈ 1.96 * 0.8291

Let's compute 1.96 * 0.8291:

1.96 * 0.8 = 1.568

1.96 * 0.0291 = 0.057036

Total ≈ 1.568 + 0.057036 = 1.625036

So ME ≈ 1.625

Thus, LCL = 78 - 1.625 = 76.375

UCL = 78 + 1.625 = 79.625

So the confidence interval is (76.375, 79.625). Rounding to two decimal places, it's (76.38, 79.63). But maybe the problem expects rounding to two decimal places, or perhaps to one. Let's see.

Alternatively, some textbooks use z = 1.96, so we can write the interval as (78 - 1.96*(17/sqrt(420)), 78 + 1.96*(17/sqrt(420)))

Let me compute 17/sqrt(420) first.

sqrt(420) ≈ 20.4939

17 / 20.4939 ≈ 0.8291

1.96 * 0.8291 ≈ 1.625

So the interval is approximately (76.38, 79.62) when rounded to two decimal places.

Wait, 76.375 rounds to 76.38, and 79.625 rounds to 79.63. Hmm, but depending on convention.

Alternatively, maybe the problem expects us to use more precise calculation.

Let me use calculator steps:

First, compute sqrt(420):

420^(1/2) = approx 20.49390153

Then, 17 / 20.49390153 = 17 ÷ 20.49390153 ≈ 0.8291

Then, 1.96 * 0.8291 = 1.625036

So the margin of error is approximately 1.625

Thus, the lower limit is 78 - 1.625 = 76.375, upper is 78 + 1.625 = 79.625

So, writing this as (76.38, 79.62) if we round to two decimal places, or (76.375, 79.625) but usually confidence intervals are reported with two decimal places.

Wait, let's check with exact computation.

Let me use more precise values.

Compute 17 / sqrt(420):

sqrt(420) = sqrt(420) ≈ 20.493901531919193

17 / 20.493901531919193 ≈ 0.829100000 (exactly 17 / 20.493901531919193 ≈ 0.8291)

Then, 1.96 * 0.8291 = 1.625036

So, 78 - 1.625036 = 76.374964

78 + 1.625036 = 79.625036

So, rounding to two decimal places: 76.37 and 79.63? Wait, 76.374964 is approximately 76.37 (since the third decimal is 4, which is less than 5, so 76.37) and 79.625036 is 79.63 (since the third decimal is 5, so round up the second decimal: 79.625 → 79.63)

Wait, 79.625036: the third decimal is 5, so when rounding to two decimals, we look at the third decimal to decide. 79.625: the third decimal is 5, so we round up the second decimal (2 becomes 3). So 79.63.

Similarly, 76.374964: third decimal is 4, so 76.37.

Wait, but 76.374964 is approximately 76.37 (since 0.374964 is 0.37 when rounded to two decimals, because the third decimal is 4, which is less than 5).

Wait, 76.374964: the first two decimals are 37, the third is 4, so it's 76.37.

79.625036: the first two decimals are 62, the third is 5, so we round up the second decimal: 62 + 1 = 63, so 79.63.

So the confidence interval is (76.37, 79.63)

But let me verify with another approach.

Alternatively, maybe the problem expects the answer to be in whole numbers? But the sample mean is 78, which is a whole number, but confidence intervals can have decimals.

Wait, the question says ""the number of cars sold annually"" – so the actual number is discrete, but the confidence interval is a continuous estimate. So we present it as a continuous interval.

In many stats problems, they use two decimal places for confidence intervals.

Let me check with a calculator.

Compute 17 / sqrt(420):

sqrt(420) ≈ 20.49390153

17 / 20.49390153 ≈ 0.8291

1.96 * 0.8291 ≈ 1.625

So 78 - 1.625 = 76.375, 78 + 1.625 = 79.625

So, if we write to two decimal places, 76.38 and 79.62? Wait, 76.375 is exactly halfway between 76.37 and 76.38. By convention, 0.375 would round to 0.38 (since 0.375 is 3/8, which is often rounded up). Similarly, 79.625 would round to 79.63.

Wait, 76.375: the third decimal is 5, so when rounding to two decimals, we look at the third decimal. 76.375: the first two decimals are 37, the third is 5, so we round up the second decimal: 37 becomes 38. So 76.38.

Similarly, 79.625: third decimal is 5, so 79.62 becomes 79.63.

Yes, because 79.625 is 79 and 625 thousandths. When rounding to hundredths (two decimals), the rule is if the thousandths digit is 5 or more, round up.

So 79.625: the thousandths digit is 5, so we round up the hundredths place (2) to 3. So 79.63.

Similarly, 76.375: thousandths digit is 5, so round up the hundredths place (7) to 8? Wait, wait, 76.375: the number is seventy-six point three seven five. So the digits are:

76.375

- Units: 6

- Decimal part: 0.375

So, 0.375: tenths place is 3, hundredths is 7, thousandths is 5.

When rounding to hundredths (two decimal places), we look at the thousandths place (5). Since it's 5, we round up the hundredths place.

So 0.375 rounded to two decimals: 0.38 (because 7 becomes 8).

Similarly, 0.625 rounded to two decimals: 0.63 (since 2 becomes 3).

Therefore, the confidence interval is (76.38, 79.63).

Wait, but let's confirm with an example. Suppose we have 76.375. If we write it as 76.375, rounding to two decimals: the third decimal is 5, so we add 1 to the second decimal. 76.37 + 0.005 = 76.375, so the second decimal is 7, adding 1 makes it 8. So 76.38.

Similarly, 79.625: 79.62 + 0.005 = 79.625, so the second decimal is 2, add 1 to make it 3, so 79.63.

Yes, so the interval is (76.38, 79.63).

But let me check if the problem specifies any rounding. The problem says ""enter your answer in the form (LCL, UCL)"". It doesn't specify the number of decimals, but in most statistical contexts, two decimal places are common for such intervals.

Alternatively, maybe they expect one decimal place? Let's see.

If we take one decimal place:

ME ≈ 1.6 (since 1.625 ≈ 1.6)

Then LCL = 78 - 1.6 = 76.4, UCL = 78 + 1.6 = 79.6. So (76.4, 79.6)

But the problem says ""the number of cars sold annually"" – since it's a count, but the confidence interval is a continuous estimate. However, in practice, confidence intervals for counts can be presented with decimals.

Wait, let's think again. The sample mean is 78, which is a whole number, but the confidence interval can have decimals because it's an estimate of a population mean that's a continuous variable (even though the actual number of cars is discrete, the mean is a continuous quantity).

In many textbooks, for example, using the formula with z=1.96, they present two decimal places.

Let me try to compute with more precision.

Compute sqrt(420):

420 = 20.493901531919193^2

17 / 20.493901531919193 = 0.829100000 (approximately)

1.96 * 0.829100000 = 1.625036

So, 78 - 1.625036 = 76.374964

78 + 1.625036 = 79.625036

So, 76.374964 is approximately 76.37 (if we round to two decimals, since the third decimal is 4, which is less than 5, so we keep the second decimal as is). Wait, hold on:

Wait, 76.374964: the first two decimals are 37, the third is 4. So when rounding to two decimals, we look at the third decimal (4), which is less than 5, so we don't round up. Therefore, 76.37.

Similarly, 79.625036: the third decimal is 5, so we round up the second decimal (2) to 3, so 79.63.

Ah, right! I made a mistake earlier. 76.374964: the third decimal is 4, so it stays 76.37. 79.625036: third decimal is 5, so we round up the second decimal from 2 to 3, making it 79.63.

Yes, that's correct. Because 76.374964 is 76.37 (since 0.374... is closer to 0.37 than 0.38), and 79.625 is exactly halfway between 79.62 and 79.63, but by convention, we round up when it's .5, so 79.625 rounds to 79.63.

So the confidence interval is (76.37, 79.63).

Wait, but let's check with a calculator.

Let me use a calculator for 17 / sqrt(420):

First, sqrt(420) = 20.49390153

17 / 20.49390153 = 0.82910000

1.96 * 0.82910000 = 1.625036

So, 78 - 1.625036 = 76.374964

78 + 1.625036 = 79.625036

So, 76.374964 is approximately 76.37 (since the fourth decimal is 4, so we truncate to two decimals: 76.37)

79.625036: the third decimal is 5, so we round up the second decimal: 79.62 + 0.01 = 7"
438,"Okay, let's tackle part a first. The problem is about a polynomial: \(5x^4 y^5 + x^3 y^7 + 2\). We need to find the term, coefficient, and degree for each term. 

First, let's recall what each term means here. In polynomials with two variables, the degree of a term is the sum of the exponents of the variables in that term. For example, the term \(5x^4 y^5\) has a degree of \(4 + 5 = 9\). The coefficient is the numerical factor in front of the term, so for \(5x^4 y^5\), the coefficient is 5.

Let me list out each term:

1. **First term**: \(5x^4 y^5\)
   - **Term**: That's the term itself, so \(5x^4 y^5\).
   - **Coefficient**: The number multiplied by the variables, which is 5.
   - **Degree**: The sum of the exponents of x and y. So 4 (from x) + 5 (from y) = ื่9. So degree is 9.

2. **Second term**: \(x^3 y^7\)
   - **Term**: \(x^3 y^7\).
   - **Coefficient**: Here, the coefficient is the numerical factor. Since there's no number written, it's 1 (because we have \(1 \cdot x^3 y^7\)).
   - **Degree**: Sum of exponents: 3 + 7 = 10. So degree is 10.

3. **Third term**: 2 (which is a constant term)
   - **Term**: 2.
   - **Coefficient**: The coefficient of a constant term is the constant itself, so 2.
   - **Degree**: For a constant term, the degree is 0 (since it's like \(2x^0 y^0\), so the sum of exponents is 0).

Wait, let me confirm. In polynomial terms, the degree of a term is the highest power of the variable, but for multivariate polynomials, the degree of a term is the sum of the exponents of all variables in that term. So yes, for \(x^3 y^7\), the degree is 3 + 7 = 10. For the constant term 2, it's a term with no variables, so its degree is 0.

Let me check the definitions again to be sure. 

In a multivariate polynomial, each term's degree is the sum of the exponents of the variables in that term. So:

- \(5x^4 y^5\): degree is 4 + 5 = 9.
- \(x^3 y^7\): degree is 3 + 7 = 10.
- 2: this is a constant term, which can be thought of as \(2x^0 y^0\), so degree is 0 + 0 = 0.

Coefficients: 
- For \(5x^4 y^5\), the coefficient is 5.
- For \(x^3 y^7\), since it's written as \(x^3 y^7\), the coefficient is 1 (the implicit 1).
- For 2, the coefficient is 2.

So for part a, filling in the table:

Term | Coefficient | Degree
---|---|---
5x⁴y⁵ | 5 | 9
x³y⁷ | 1 | 10
2 | 2 | 0

Wait, the problem says ""Determine the term and coefficient of each degree."" Wait, the wording might be a bit confusing. Let me read again: ""Determine the term and coefficient of each degree."" Hmm, maybe it's ""for each term, determine the term, coefficient, and degree"".

Yes, the table has ""Term"", ""Coefficient"", ""Degree"" columns. So for each term in the polynomial, we fill in those three.

So for the first term, 5x⁴y⁵: term is 5x⁴y⁵, coefficient is 5, degree is 9.

Second term, x³y⁷: term is x³y⁷, coefficient is 1, degree is 10.

Third term, 2: term is 2, coefficient is 2, degree is 0.

Okay, that seems right.

Now part b: The degree of the polynomial is [ANS], the leading term is [ANS], and the leading coefficient is [ANS].

First, the degree of the polynomial. For a multivariate polynomial, the degree of the polynomial is the highest degree among all its terms. So we look at the degrees we found: 9, 10, 0. The highest is 10, so the degree of the polynomial is 10.

Leading term: the term with the highest degree. Since the term with degree 10 is \(x^3 y^7\), so the leading term is \(x^3 y^7\).

Leading coefficient: the coefficient of the leading term. The leading term is \(x^3 y^7\), which has a coefficient of 1, so leading coefficient is 1.

Wait, but sometimes people consider the leading term as the term with the highest degree when ordered by descending powers. But in multivariate polynomials, the ordering can be tricky. However, typically, for the purpose of degree, we take the total degree (sum of exponents) as the main measure. So the term with the highest total degree is the leading term.

Let me confirm. For example, in the polynomial \(5x^4 y^5 + x^3 y^7 + 2\), the terms have degrees 9, 10, 0. So the highest degree term is \(x^3 y^7\) (degree 10), so that's the leading term. Therefore, leading term is \(x^3 y^7\), leading coefficient is 1.

Wait, but is there a standard way to order the terms? In multivariate polynomials, the degree is defined as the sum of exponents, so the term with the highest sum is the leading term. So yes, \(x^3 y^7\) has degree 10, which is higher than 9, so it's the leading term.

So part b:

- Degree of the polynomial: 10
- Leading term: \(x^3 y^7\)
- Leading coefficient: 1

Let me double-check.

For the degree of the polynomial: yes, in multivariate polynomials, the degree is the maximum total degree of any term. So here, 10 is the highest, so degree is 10.

Leading term: the term with the highest degree, which is \(x^3 y^7\), so leading term is \(x^3 y^7\).

Leading coefficient: the coefficient of the leading term, which is 1.

Yes, that's correct.

Let me just make sure about the degree of the constant term. The constant term has degree 0, which is correct because constants are degree 0.

So summarizing:

a) The table:

Term | Coefficient | Degree
---|---|---
5x⁴y⁵ | 5 | 9
x³y⁷ | 1 | 10
2 | 2 | 0

b) Degree of the polynomial is 10, leading term is x³y⁷, leading coefficient is 1.

I think that's it. Let me check if there's any possible mistake.

Wait, in some contexts, the leading term is the term with the highest degree when the polynomial is written in a specific order, but since the problem doesn't specify an order (like lex order or something), but in general, for the purpose of the degree of the polynomial, the leading term is the one with the highest total degree. So yes, x³y⁷ is the leading term.

Another check: the degree of the polynomial is the highest degree of its terms, which is 10, so that's correct.

So the answers:

a) For each row:

- First row (5x⁴y⁵): Coefficient is 5, Degree is 9
- Second row (x³y⁷): Coefficient is 1, Degree is 10
- Third row (2): Coefficient is 2, Degree is 0

b) Degree of the polynomial is 10, leading term is x³y⁷, leading coefficient is 1.

So the answers are:

a) 5, 9; 1, 10; 2, 0

b) 10, x³y⁷, 1

The question says ""If the problem has multiple sub-answers, separate them by commas inside a single \boxed{}"".

Wait, the problem says ""Determine the following for: ... a) ... b) ...""

So for part a, the table has three rows, each with a coefficient and degree. The problem says ""put your final answer inside \boxed{}"". Wait, the user instruction says: ""If the problem has multiple sub-answers, separate them by commas inside a single \boxed{}, e.g. \boxed{3, 7}"".

But the problem has two parts: a and b. So maybe we need to answer both parts.

Wait, the original problem says: ""Determine the following for: [polynomial] a) ... b) ...""

So the user wants us to write the answers for a) and b) in boxed format.

For part a, the table has three entries for coefficient and degree. The problem says ""Determine the term and coefficient of each degree."" Wait, the table is labeled as ""Term"", ""Coefficient"", ""Degree"". So for each term, we need to fill in the coefficient and degree. The term is given (the first column is the term, so we don't need to write it, we need to fill in the other two).

Looking at the table:

Term | Coefficient | Degree
5x⁴y⁵ | [ANS] | [ANS]
x³y⁷ | [ANS] | [ANS]
2 | [ANS] | [ANS]

So for each row, we need to put the coefficient and degree in the blanks.

So for the first row: coefficient is 5, degree is 9.

Second row: coefficient is 1, degree is 10.

Third row: coefficient is 2, degree is 0.

So the answers for part a are: 5,9; 1,10; 2,0. But how to present this? The problem says ""separate them by commas inside a single \boxed{}"". Maybe for part a, the answer is three pairs: (5,9), (1,10), (2,0). But the problem says ""the term and coefficient of each degree""—maybe the question is phrased a bit differently.

Alternatively, maybe the problem expects for each term, list the coefficient and degree. So for part a, the answer would be three entries: 5 and 9, then 1 and 10, then 2 and 0.

But the problem says ""Determine the term and coefficient of each degree."" Hmm, maybe the wording is a bit off, but based on the table, we need to fill in the coefficient and degree for each term.

So for part a, the answers are:

First term: coefficient 5, degree 9

Second term: coefficient 1, degree 10

Third term: coefficient 2, degree 0

So the answers for part a are (5,9), (1,10), (2,0). But the problem says ""separate them by commas inside a single \boxed{}"". So maybe for part a, the answer is 5,9; 1,10; 2,0. But the problem says ""the following for: ... a) ... b) ..."", so we need to answer both a and b.

Wait, the user instruction says: ""If the problem has multiple sub-answers, separate them by commas inside a single \boxed{}""

So for each part (a and b), we need to box the answers.

Wait, the problem is presented as a single problem with parts a and b. So the user wants the answer for a and b, each in their own box?

But the instruction says: ""put your final answer inside \boxed{}"". So maybe for each part, we have a box.

Wait, the problem says ""Determine the following for: ... a) ... b) ..."". So the user wants the answers for a and b.

Let me re-read the problem statement.

""Determine the following for: \(5x^{4} y^{5}+x^{3} y^{7}+2\) a) Determine the term and coefficient of each degree. [table] b) The degree of the polynomial is [ANS], the leading term is [ANS], and the leading coefficient is [ANS].""

So for part a, the table has three rows, each with a missing coefficient and degree. So the answer for part a is three pairs: (5,9), (1,10), (2,0). For part b, it's three answers: degree of polynomial (10), leading term (x³y⁷), leading coefficient (1).

The problem says ""If the problem has multiple sub-answers, separate them by commas inside a single \boxed{}"".

So for part a, the answer is three values: 5,9; 1,10; 2,0. So the answer for a is ""5, 9, 1, 10, 2, 0""? Wait, no. The table has three rows, each with a coefficient and a degree. So for each row, we have two answers. So part a has six answers? Wait, no: the table has three terms, each with a coefficient and a degree. So per term, two answers. So three terms, so six numbers? But the problem says ""Determine the term and coefficient of each degree."" Maybe the question is phrased as ""for each term, determine the coefficient and the degree"".

So for the first term: coefficient=5, degree=9

Second term: coefficient=1, degree=10

Third term: coefficient=2, degree=0

So the answers for part a are: 5,9; 1,10; 2,0. So written as ""5, 9, 1, 10, 2, 0"" but probably grouped as (5,9), (1,10), (2,0). But the problem says ""separate them by commas inside a single \boxed{}"". So maybe the answer for part a is \boxed{5, 9, 1, 10, 2, 0}? But that's six numbers.

Wait, the problem says ""the term and coefficient of each degree"". Wait, maybe the question is misphrased, but according to the table, for each term, we have to write the coefficient and the degree. So the answer for part a is three entries: first row: 5 and 9, second row: 1 and 10, third row: 2 and 0.

So the answer for part a is [5, 9], [1, 10], [2, 0]. So written as ""5, 9, 1, 10, 2, 0"" but the problem says ""separate them by commas inside a single \boxed{}"". So maybe \boxed{5,9,1,10,2,0} but that's a bit long.

Alternatively, the problem might expect for part a, the answer is the coefficients and degrees listed in order. For example, the first term's coefficient is 5, degree 9; second term's coefficient is 1, degree 10; third term's coefficient is 2, degree 0. So the answers for part a are 5,9; 1,10; 2,0. So the answer is 5,9,1,10,2,0.

But maybe the problem expects for part a, the answer is the coefficients and degrees in the order of the table. So the first blank in the table (for the first term) is coefficient=5, degree=9; second term: coefficient=1, degree=10; third term: coefficient=2, degree=0. So the answers for part a are 5,9,1,10,2,0.

But the problem says ""separate them by commas inside a single \boxed{}"". So for part a, it's six numbers: 5,9,1,10,2,0. But maybe the problem expects the answer for each cell, so three cells for coefficient and three for degree. Wait, the table has three rows, each with a coefficient and a degree. So six answers.

But the user might want the answer for part a as three pairs, and part b as three answers.

Given the problem statement, I think the intended answers are:

For part a:

- First term: coefficient 5, degree 9
- Second term: coefficient 1, degree 10
- Third term: coefficient 2, degree 0

So the answers for part a are 5, 9; 1, 10; 2, 0. So written as ""5, 9, 1, 10, 2, 0"" but separated by commas.

For part b:

- Degree of the polynomial: 10
- Leading term: \(x^3 y^7\)
- Leading coefficient: 1

So the answers for part b are 10, \(x^3 y^7\), 1.

The problem says ""If the problem has multiple sub-answers, separate them by commas inside a single \boxed{}"".

Since the problem has two parts (a and b), we need to provide both answers.

But the user says ""put your final answer inside \boxed{}"". So maybe the entire answer is a single box with the answers for a and b.

Wait, the problem says ""Determine the following for: ... a) ... b) ..."". So the user wants the answers for a and b.

Assuming that the problem is from a source where the answer is expected to be boxed per part.

But the user instruction says: ""If the problem has multiple sub-answers, separate them by commas inside a single \boxed{}"".

So for part a, there are six answers (three terms, each with coefficient and degree), so six numbers. For part b, three answers.

But maybe the problem is designed such that part a has three answers (each term's coefficient and degree), but the way it's phrased is a bit unclear.

Alternatively, perhaps the problem is in a context where ""term"" is the term itself (so the first column is given), and we need to fill in the coefficient and degree. So for each term, the answer is two numbers: coefficient and degree.

So for part a, the answer is three pairs: (5,9), (1,10), (2,0). So written as ""5,9,1,10,2,0"".

For part b, the answer is three values: 10, x³y⁷, 1.

But the problem says ""the degree of the polynomial is [ANS], the leading term is [ANS], and the leading coefficient is [ANS]"". So three answers for part b.

So the user wants:

For part a: \boxed{5, 9, 1, 10, 2, 0}

For part b: \boxed{10, x^3 y^7, 1}

But the user said ""If the problem has multiple sub-answers, separate them by commas inside a single \boxed{}"". So for each part, we have a box with the answers.

But the problem says ""Determine the following for: ... a) ... b) ..."", so two parts.

Assuming the user wants each part's answer in a box.

But the initial instruction says ""put your final answer inside \boxed{}"", so maybe the entire answer is one box with all answers.

But given the problem structure, I think the intended answers are:

a) For each term:

- 5x⁴y⁵: coefficient 5, degree 9
- x³y⁷: coefficient 1, degree 10
- 2: coefficient 2, degree 0

So part a's answers are 5, 9, 1, 10, 2, 0.

b) Degree of polynomial: 10; leading term: x³y⁷; leading coefficient: 1.

So part b's answers are 10, x³y⁷, 1.

Given the user's instruction, I think they want:

For part a: \boxed{5, 9, 1, 10, 2, 0}

For part b: \boxed{10, x^3 y^7, 1}

But the problem says ""the following for: ... a) ... b) ..."", so two answers.

But the user might want the answer for each part in a box.

Wait, the problem says ""Determine the following for: ... a) ... b) ..."". So the answer should be structured as:

a) [answers]

b) [answers]

With each part's answers in a box.

But the user says ""put your final answer inside \boxed{}"". So maybe the entire answer is one box with all answers.

But given the problem's context, I'll write the answers as:

For part a: the coefficients and degrees are 5, 9; 1, 10; 2, 0. So the answers for part a are 5, 9, 1, 10, 2, 0.

For part b: 10, x³y⁷, 1.

So:

a) \boxed{5, 9, 1, 10, 2, 0}

b) \boxed{10, x^3 y^7, 1}

But the user might want the answer for part a as three separate answers (each term's coefficient and degree), and part b as three answers.

Alternatively, maybe the problem expects only the degree for part a? No, the table has ""Term"", ""Coefficient"", ""Degree"", so we need to fill in the coefficient and degree for each term.

Yes, I think that's it.

**Final Answer**

For part a: \boxed{5, 9, 1, 10, 2, 0}

For part b: \boxed{10, x^3 y^7, 1}
</think>

To solve the given problem, we analyze the polynomial $5x^4 y^5 + x^3 y^7 + 2$ step by step.

---

### **Part a)**

We are asked to determine the **coefficient** and **degree** for each term in the polynomial.

#### **Step 1: Understand the Definitions**
- **Term**: A single expression in the polynomial (e.g., $5x^4 y^5$).
- **Coefficient**: The numerical factor multiplying the variables (e"
439,"Okay, let's see. I need to add these two fractions: -10/13 plus 6/13. Hmm, both fractions have the same denominator, which is 13. That should make it easier. 

First, I remember that when adding fractions with the same denominator, you just add the numerators and keep the denominator the same. So, it's like (-10 + 6) over 13. Let me write that down.

So, -10/13 + ื่6/13. Since they have the same denominator, 13, we can combine the numerators. So, numerator becomes -10 + 6. Let me calculate that. 

-10 plus 6. Let's think, 6 minus 10 is -4. Because if you have -10 and you add 6, it's like moving 6 units to the right from -10, so that would be -4. Yeah, that makes sense. So, -10 + 6 = -4.

So then the result is -4/13. Wait, but the problem says ""When needed, use an improper fraction in your answer. Don’t use a mixed number."" But -4/13 is already a proper fraction because the numerator is smaller than the denominator. So, we don't need to convert it to an improper fraction here. 

Let me double-check. Let's do the addition step by step. 

Starting with -10/13. That's negative ten thirteenths. Then adding 6/13, which is six thirteenths. So, on the number line, if I have -10/13, adding 6/13 is like moving 6 units to the right. So, -10 + 6 = -4. So, the total is -4/13. 

Is there any chance I made a mistake here? Let's see. For example, if the fractions were different, but no, denominators are the same. So, yes, adding numerators. 

Another way: think of them as decimals to check. -10/13 is approximately -0.7692, and 6/13 is approximately 0.4615. Adding those together: -0.7692 + 0.4615 ≈ -0.3077. Now, what's -4/13? That's approximately -0.3077. Yep, that matches. So that checks out. 

So, the answer should be -4/13. Since the problem says ""use an improper fraction if needed,"" but here the result is a proper fraction (since absolute value of numerator is less than denominator), so we just leave it as -4/13. 

Wait, the problem says ""Don’t use a mixed number,"" which we aren't doing here. So, the answer is -4/13. 

I think that's it. Let me just confirm once more. 

-10/13 + 6/13 = (-10 + 6)/13 = (-4)/13 = -4/13. Yep, that's correct.
</think>

To solve the expression $ -\frac{10}{13} + \frac{6}{13} $, we begin by observing that both fractions have the **same denominator**, which is 13. This simplifies the process significantly.

---

### Step 1: Add the Numerators

Since the denominators are identical, we can directly add the numerators:

$$
-\frac{10}{13} + \frac{6}{13} = \frac{-10 + 6}{13}
$$

Now compute the numerator:

$$
-10 + 6 = -4
$$

So the result becomes:

$$
\frac{-4}{13}
$$

---

### Step 2: Simplify the Result

The fraction $ \frac{-4}{13} $ is already in its simplest form. It is a **proper fraction** (the absolute value of the numerator is less than the denominator), so no further conversion to an improper fraction or mixed number is necessary.

The problem specifically states: *""Don’t use a mixed number""* and *""When needed, use an improper fraction in your answer""*. Since this is a proper fraction, we do not need to change it into an improper form.

---

### Final Answer

$$
\boxed{-\frac{4}{13}}
$$"
440,"Okay, let's try to figure out this problem. So, we need to find the minimum area that a convex pentagon with integer coordinates (no three collinear) can have. Hmm, first, I remember that for polygons with integer coordinates, there's something called Pick's Theorem. Wait, but Pick's Theorem applies to lattice polygons, right? Which are polygons whose vertices are on integer coordinates. And Pick's Theorem says that the area of a simple polygon with integer coordinates is equal to the number of interior lattice points (i) plus half the number of boundary lattice points (b) minus 1, so Area = i + b/2 - 1.

But wait, the problem says ""convex pentagon whose vertices have integer coordinates"". So all five vertices are lattice points (since they have integer coordinates). But we need to find the minimal area such a convex pentagon can have.

First, let's recall that the area of a polygon with integer coordinates can be calculated using the shoelace formula. But maybe Pick's Theorem is helpful here. However, Pick's Theorem gives the area in terms of interior and boundary points. For a polygon with vertices on the lattice, the area must be a half-integer or integer? Wait, actually, for any polygon with integer coordinates, the area is a multiple of 1/2. Because the shoelace formula for a polygon with integer coordinates will give a value that's a half-integer. For example, a triangle with vertices at (0,0), (1,0), (0,1) has area 1/2. A square with vertices at (0,0), (1,0), (1,ื่), (0,1) has area 1. So in general, the area of a lattice polygon is a multiple of 1/2.

So all these areas are multiples of 1/2. The options given are all fractions like 13/2, 9/2, etc., so they are all multiples of 1/2 as well. So the question is asking for the minimal area of a convex pentagon with integer coordinates (lattice points) as vertices, no three collinear.

Wait, but the problem says ""find the minimum possible areas it can cover?"" Hmm, maybe ""cover"" here refers to the area of the pentagon itself? Like the area of the pentagon. So the area of the convex pentagon with integer coordinates.

We need the smallest possible area for such a pentagon.

Let me think. What's the smallest area a convex pentagon with integer vertices can have?

First, consider triangles. The smallest area triangle with integer coordinates is 1/2 (like the right triangle with legs 1 and 1). But pentagons are more complex.

Wait, but the problem states ""no three of which are collinear"", so the pentagon is convex and no three vertices lie on a straight line (which is already satisfied if it's convex, since in a convex polygon, no three vertices are collinear by definition? Wait, no: a convex polygon can have three collinear points only if it's degenerate, but the problem says ""no three of which are collinear"", so we have to ensure that none of the five vertices are collinear. So the pentagon is strictly convex (all interior angles less than 180 degrees) and no three vertices are collinear.

So we need a convex pentagon with all vertices on integer coordinates, no three collinear, and minimal area.

Let me try to construct such a pentagon.

First, the smallest area convex polygons with integer coordinates.

For a triangle: minimal area is 1/2 (e.g., (0,0), (1,0), (0,1)).

For a quadrilateral: the minimal area convex quadrilateral with integer coordinates. Let's see. A square with side length 1 has area 1, but a square with vertices at (0,0), (1,0), (1,1), (0,1) has area 1. But a convex quadrilateral could be a triangle with a point added? Wait, no. Wait, the minimal area convex quadrilateral with integer coordinates. Wait, the area of a quadrilateral with integer coordinates must be a multiple of 1/2. The smallest possible area for a convex quadrilateral.

Wait, for example, a square of side 1 has area 1, which is 2/2. Alternatively, a parallelogram with base 1 and height 1 would have area 1. But maybe a convex quadrilateral with smaller area? Wait, no, the area of a quadrilateral with integer coordinates must be at least... Hmm.

Wait, actually, the minimal area for a convex quadrilateral with integer vertices. Let's think. Suppose we take four points: (0,0), (1,0), (1,1), (0,1). That's a square with area 1. But maybe a different quadrilateral has smaller area? Wait, area 1 is 2*(1/2), so 1 is 2/2. Wait, but the problem is about pentagons.

Wait, the problem is about pentagons. So we need a convex pentagon with minimal area.

Let me look up some known results. Wait, but since I'm supposed to think through, not recall.

Alternatively, think about the area of a convex polygon with vertices on integer lattice.

The area must be a multiple of 1/2, as per shoelace formula.

The minimal area for a convex polygon with n sides.

For n=3: minimal area 1/2.

n=4: minimal area? Let's see. A convex quadrilateral. The smallest area convex quadrilateral with integer coordinates. For example, a square of side 1 has area 1. But maybe a non-square quadrilateral? Wait, a triangle with a point inside? No, the quadrilateral must have four vertices. Wait, the minimal area convex quadrilateral with integer coordinates.

Wait, another example: points (0,0), (1,0), (1,1), (0,1) is a square of area 1. But what about a ""degenerate"" quadrilateral? No, it has to be convex. Wait, perhaps a quadrilateral with vertices at (0,0), (1,0), (0,1), (-1,1). Wait, but that might not be convex. Hmm.

Wait, actually, the minimal area convex quadrilateral with integer coordinates is 1/2? Wait, no. Wait, a convex quadrilateral must have area at least... Let's see. If you have four points in convex position, the minimal area.

Wait, suppose we take points (0,0), (1,0), (1,1), (0,1). Area 1.

Alternatively, is there a convex quadrilateral with smaller area? Let's see.

Suppose we take points (0,0), (1,0), (0,1), (0,0)... No, that's a triangle.

Wait, another idea: the area of a convex polygon with integer coordinates is at least 1/2, but for quadrilaterals, maybe the minimal area is 1? Or 3/2?

Wait, no. Wait, consider a triangle with area 1/2, but adding a fourth point to make a quadrilateral. Wait, but the quadrilateral must be convex.

Wait, here's a thought: the area of a convex polygon with integer coordinates must be a half-integer (multiple of 1/2). So possible areas are 1/2, 3/2, 5/2, etc. But for a pentagon, can it be as small as 1/2? Probably not, because a pentagon has five sides, so it's more complicated.

Wait, the minimal area for a convex polygon with n sides. For n=3, it's 1/2. For n=4, maybe 1? For n=5, maybe larger.

Wait, but the problem says ""convex pentagon"", so five sides.

Let me try to find a convex pentagon with small area.

Start with the smallest possible area. Let's see the options given: the choices are A.13/2, B.9/2, C.10/2=5, D.7/2, E.4/2=2, F.3/2, G.5/2, H.6/2=3, I.8/2=4, J.11/2.

So the options are all fractions with denominator 2, so areas are multiples of 1/2. The question is asking for the minimal possible area. So we need to pick the smallest among these options that is achievable.

Wait, the options include 3/2 (F), 5/2 (G), 7/2 (D), etc. So the minimal possible area would be the smallest such fraction.

But first, can a convex pentagon with integer coordinates have area 3/2?

Wait, 3/2 is 1.5. Is that possible?

Wait, the area of a convex polygon with integer coordinates must be a multiple of 1/2, yes. But can a convex pentagon have area 3/2?

Hmm. Let's think.

Take a triangle with area 1/2. If we add a point to make a pentagon? Wait, no. A pentagon has five vertices.

Wait, another approach: use Pick's theorem. For a polygon with integer coordinates, Area = i + b/2 - 1, where i is interior lattice points, b is boundary lattice points.

For a convex polygon, the minimal area would correspond to minimal i and b.

But for a pentagon, the minimal area.

Wait, but Pick's theorem applies to simple polygons (non self-intersecting), which our pentagon is.

But the area must be at least... Well, for a triangle with vertices on the lattice, the minimal area is 1/2. For a quadrilateral, the minimal area is 1 (for a square), but maybe a quadrilateral can have area 1/2? Wait, no. Wait, a convex quadrilateral with integer coordinates: the area must be a multiple of 1/2. But can a convex quadrilateral have area 1/2?

Wait, no. Because a convex quadrilateral must enclose some area. Let's see.

Suppose we have four points in convex position. The area of a convex quadrilateral with integer coordinates.

The shoelace formula: if you have coordinates (x1,y1), (x2,y2), ..., (xn,yn), then area is |sum_{i=1 to n} (xi yi+1 - xi+1 yi)| / 2, where xn+1 = x1, yn+1 = y1.

Since all xi, yi are integers, each term xi yi+1 - xi+1 yi is integer, so the sum is integer, hence area is a multiple of 1/2.

So area is k/2 where k is integer.

For a triangle, the area can be 1/2, 3/2, etc. For a quadrilateral, same.

But for a convex pentagon, what's the minimal area?

Let me try to construct a convex pentagon with small area.

Let's start with the smallest possible area.

Suppose we take a triangle with area 1/2: (0,0), (1,0), (0,1). Now, to make a pentagon, we need to add two more points? Wait, no: a pentagon has five vertices. So we need five points.

Wait, perhaps a pentagon that's almost a triangle with two extra points. Wait, but it needs to be convex.

Alternatively, think of a regular pentagon, but regular pentagons with integer coordinates don't exist, since regular pentagons have irrational coordinates usually.

Wait, another idea: the minimal area convex pentagon with integer coordinates.

I recall that the minimal area of a convex polygon with n sides on the integer lattice.

For n=5, according to some knowledge, the minimal area is 3/2? Or 5/2?

Wait, let's try to find an example.

Consider the following five points:

(0,0), (1,0), (2,1), (1,2), (0,1)

Wait, let's check if this is convex.

Plotting roughly:

(0,0), (1,0), (2,1), (1,2), (0,1). Connecting these in order.

This should form a convex pentagon? Let's see.

Compute the area using shoelace formula.

List the coordinates:

(0,0), (1,0), (2,1), (1,2), (0,1), back to (0,0).

Shoelace formula:

Sum1 = (0*0) + (1*1) + (2*2) + (1*1) + (0*0) = 0 + 1 + 4 + 1 + 0 = 6

Wait, no, shoelace formula is sum of xi*yi+1 - sum of yi*xi+1.

Wait, better step-by-step.

List the points in order:

x: 0, 1, 2, 1, 0

y: 0, 0, 1, 2, 1

Compute sum of xi*yi+1:

0*0 + 1*1 + 2*2 + 1*1 + 0*0 = 0 + 1 + 4 + 1 + 0 = 6

Compute sum of yi*xi+1:

0*1 + 0*2 + 1*1 + 2*0 + 1*0 = 0 + 0 + 1 + 0 + 0 = 1

Area = |6 - 1| / 2 = 5/2 = 2.5

So area is 5/2. Hmm, 5/2 is option G.

Wait, but is this pentagon convex?

Check the turns. Since it's a convex polygon, all the turns should be in the same direction.

Let's check the edges.

From (0,0) to (1,0): right along x-axis.

From (1,0) to (2,1): up and right.

From (2,1) to (1,2): up and left.

From (1,2) to (0,1): down and left.

From (0,1) to (0,0): down.

Wait, plotting these points, this seems like a convex pentagon. Let's check the slopes.

The vectors between consecutive points:

(1,0) - (0,0) = (1,0)

(2,1) - (1,0) = (1,1)

(1,2) - (2,1) = (-1,1)

(0,1) - (1,2) = (-1,-1)

(0,0) - (0,1) = (0,-1)

Wait, no, the last edge is from (0,1) to (0,0), which is (0,-1).

To check convexity, we can check the cross products of consecutive edge vectors.

Take the first three points: (0,0), (1,0), (2,1). The vector from first to second is (1,0), from second to third is (1,1). The cross product (1,0) x (1,1) = 1*1 - 0*1 = 1 > 0.

Next, vector from second to third: (1,1), from third to fourth: (-1,1). Cross product: (1,1) x (-1,1) = 1*1 - 1*(-1) = 1 + 1 = 2 > 0.

Then, vector from third to fourth: (-1,1), from fourth to fifth: (-1,-1). Cross product: (-1,1) x (-1,-1) = (-1)(-1) - (1)(-1) = 1 +1 = 2 >0.

Then, vector from fourth to fifth: (-1,-1), from fifth to first: (0,-1). Cross product: (-1,-1) x (0,-1) = (-1)(-1) - (-1)(0) = 1 - 0 = 1 >0.

Finally, vector from fifth to first: (0,-1), from first to second: (1,0). Cross product: (0,-1) x (1,0) = 0*0 - (-1)*1 = 1 >0.

All cross products positive, so it's convex. Good.

And no three points are collinear: check.

Check if any three points are collinear.

Take (0,0), (1,0), (2,1): slope from (0,0)-(1,0) is 0, slope from (1,0)-(2,1) is 1, so not collinear.

(1,0), (2,1), (1,2): slope from (1,0)-(2,1) is 1, slope from (2,1)-(1,2) is (2-1)/(1-2)= -1, so not collinear.

Similarly others. So no three collinear.

So this pentagon has area 5/2. So 5/2 is an option (G).

But is this the minimal?

Wait, the problem asks for the minimum possible area. So maybe there's a pentagon with smaller area.

Looking at the options, the smallest options are F: 3/2, G:5/2, D:7/2, etc.

Can a convex pentagon have area 3/2?

Let's see.

Suppose someone claims area 3/2. Is that possible?

According to Pick's theorem: Area = i + b/2 -1.

For a polygon with integer coordinates, the area must be a half-integer. So 3/2 is possible.

But for a convex pentagon, can it have area 3/2?

Let's try to construct such a pentagon.

Suppose we take a triangle with area 1 (area 2/2), but we need a pentagon.

Wait, another idea: the minimal area for a convex polygon with n sides.

I found online before that the minimal area of a convex pentagon with integer coordinates is 3/2. Wait, but I'm not sure.

Wait, let's think of a pentagon that's almost a triangle with two points added.

Wait, for example, take the triangle with vertices (0,0), (1,0), (0,1), area 1/2. To make a pentagon, we need to add two more points. But we need to keep it convex.

Wait, but adding points to a triangle to make a pentagon would require the new points to be outside the triangle.

Alternatively, consider a pentagon formed by a square with a point inside? No, it has to be convex.

Wait, another approach: the area of a convex polygon with integer coordinates must be at least 1/2, but for a pentagon, the minimal area is higher.

Wait, according to some references I recall that the minimal area of a convex pentagon with integer coordinates is 3/2. But I need to verify.

Wait, let's try to find a pentagon with area 3/2.

Suppose we take the following points:

(0,0), (1,0), (1,1), (0,1), (0.5, 0.5). Wait, no, coordinates must be integers. So all points must have integer coordinates.

So all vertices are lattice points.

Let me try to find five lattice points forming a convex pentagon with area 3/2.

But area 3/2 is 1.5. Let's see.

The shoelace formula: the area is a multiple of 1/2. So 3/2 is possible.

But can a convex pentagon have area 3/2?

Wait, consider the following: a convex quadrilateral with area 1 (square), and then adding a point inside? No, the pentagon must have all vertices on the boundary.

Wait, another idea: the pentagon could be a ""star"" shape? No, it's convex.

Wait, think of the smallest possible convex pentagon.

The minimal area for a convex polygon with n sides.

For n=3: 1/2

n=4: 1 (a square)

n=5: ?

Wait, according to some knowledge, the minimal area of a convex pentagon with integer coordinates is 3/2. For example, the pentagon with vertices (0,0), (1,0), (2,1), (1,2), (0,1) we calculated earlier has area 5/2. Maybe there's a smaller one.

Wait, let's try a different set of points.

How about the pentagon with vertices at (0,0), (1,0), (2,0), (1,1), (0,1). Wait, no, this is a pentagon? Wait, (0,0), (1,0), (2,0), (1,1), (0,1). Wait, but (0,0), (1,0), (2,0) are collinear! The problem states ""no three of which are collinear"", so this pentagon is invalid.

So we can't have three collinear points.

Another try: (0,0), (1,0), (1,1), (0,1), (0.5, 0.5). No, coordinates must be integers.

Wait, all points must have integer coordinates.

Let's try to find a convex pentagon with area 3/2.

Suppose we take points: (0,0), (1,0), (2,1), (1,2), (0,1). Wait, we did this earlier, area was 5/2.

What if we take a different pentagon.

How about (0,0), (1,0), (1,1), (0,1), (-1,0). Wait, but this is a concave pentagon? Let's see.

Plotting these points: (0,0), (1,0), (1,,1), (0,1), (-1,0). Connecting them in order.

This forms a pentagon? Let's check convexity.

From (-1,0) to (0,0) to (1,0) to (1,1) to (0,1) to (-1,0). Hmm, this might be concave at (0,1) or somewhere.

Wait, the point (-1,0) is left of (0,0), so the polygon might fold inward.

Actually, this polygon is a house shape with a base, but it's concave. So not convex.

We need a convex pentagon.

Another idea: use the triangle with area 1/2 and add two points near it.

Wait, but adding two points to a triangle to make a pentagon would require the new points to be outside the triangle.

Wait, suppose we take the triangle (0,0), (1,0), (0,1) with"
441,"Okay, let's try to figure out this problem. So, we have 140 grams of a 6% alcohol solution, and we want to add some amount of 4% alcohol solution to make a 4.7% alcohol solution. Hmm, this is a mixture problem. I remember that in these problems, the amount of alcohol before mixing should equal the amount after mixing. 

First, let's define variables. Let me call the amount of 4% solution we need to add ""x"" grams. That's what we need to find. 

So, the initial amount of alcohol in the 140 grams of 6% solution is 6% of 140 grams. Let me calculate that: 0.06 * 140 = 8.4 grams of alcohol. 

Then, when we add x grams of 4% solution, the amount of alcohol from the added solution is 4% of x, which is 0.04x grams. 

After adding, the total amount of alcohol will be 8.4 + ื่x grams. 

The total mass of the solution after adding will be 140 + x grams. 

We want this new solution to be 4.7% alcohol. So, the amount of alcohol in the new solution is 4.7% of (140 + x) grams. 

So, we can set up the equation: 

8.4 + 0.04x = 0.047(140 + x)

Let me write that down:

8.4 + 0.04x = 0.047*(140 + x)

Now, let's solve for x. 

First, expand the right side: 0.047*140 + 0.047x

Calculate 0.047*140. Let's see, 140*0.04 = 5.6, 140*0.007 = 0.98, so 5.6 + 0.98 = 6.58. So, 0.047*140 = 6.58.

So the equation becomes:

8.4 + 0.04x = 6.58 + 0.047x

Now, subtract 0.04x from both sides:

8.4 = 6.58 + 0.007x

Then, subtract 6.58 from both sides:

8.4 - 6.58 = 0.007x

Calculate 8.4 - 6.58: 8.4 - 6 = 2.4, then 2.4 - 0.58 = 1.82. So, 1.82 = 0.007x

Then, x = 1.82 / 0.007

Let me compute that. 1.82 divided by 0.007. 

0.007 is 7/1000, so dividing by 0.007 is multiplying by 1000/7. So, 1.82 * (1000/7) = (1.82 * 1000)/7 = 1820 / 7 = 260.

Wait, 1820 divided by 7: 7*260 = 1820, yes. Because 7*200=1400, 7*60=420, so 1400+420=1820. So, 260.

So x = 260 grams.

Let me check that. Let's verify.

Original alcohol: 140g * 6% = 8.4g.

Adding 260g of 4%: 260 * 0.04 = 10.4g alcohol.

Total alcohol: 8.4 + 10.4 = 18.8g.

Total solution: 140 + 260 = 400g.

4.7% of 400g is 0.047*400 = 18.8g. Perfect, that matches.

So, the answer is 260 grams.

Wait, let me just go through the steps again to make sure I didn't make a mistake.

Starting with the equation:

Amount of alcohol before: 0.06*140 = 8.4

Amount of alcohol after adding x grams of 4%: 0.04x

Total alcohol: 8.4 + 0.04x

Total mass: 140 + x

This should equal 0.047*(140 + x)

So, 8.4 + 0.04x = 0.047*(140 + x)

Compute 0.047*140: 140*0.04 = 5.6, 140*0.007=0.98, so 5.6 + 0.98 = 6.58. Correct.

So, 8.4 + 0.04x = 6.58 + 0.047x

Subtract 6.58: 8.4 - 6.58 = 1.82

So, 1.82 = 0.047x - 0.04x = 0.007x

Thus, x = 1.82 / 0.007 = 260. Correct.

Yes, that checks out. So, adding 260 grams of 4% solution to the 140 grams of 6% solution gives a 4.7% solution.

I think that's right. Let me think if there's another way to approach it, but this seems straightforward. The key is setting up the equation where the total alcohol is conserved.

Another way: using the concept of alligation. But since it's a simple mixture, maybe alligation can help verify.

Alligation: We have two solutions, 6% and 4%, making 4.7%. So, the ratio of the amounts is (6 - 4.7) : (4.7 - 4) = 1.3 : 0.7 = 13 : 7.

Wait, the ratio of the quantities of the two solutions is (higher concentration - desired) : (desired - lower concentration). So, (6 - 4.7) : (4.7 - 4) = 1.3 : 0.7 = 13:7.

So, the ratio of 6% to 4% is 13:7. Wait, no, actually, the ratio is (concentration of higher - desired) : (desired - concentration of lower). So, the amount of higher concentration solution to lower concentration solution is (desired - lower) : (higher - desired).

Wait, let me recall. In alligation, the ratio of the two solutions is (C2 - C) : (C - C1), where C is the desired concentration, C1 is the lower concentration, C2 is the higher concentration.

So here, C1 = 4%, C2 = 6%, C = 4.7%.

So, the ratio of 6% to 4% is (4.7 - 4) : (6 - 4.7) = 0.7 : 1.3 = 7 : 13.

Wait, so the ratio of the amount of 6% to 4% is 7:13? Wait, no, maybe I got it reversed.

Wait, the standard alligation: if you have two concentrations, say A and B, with A > B, and you want to get C between them, then the ratio of A to B is (C - B) : (A - C).

So, here, A = 6%, B = 4%, C = 4.7%.

So, ratio of A to B is (C - B) : (A - C) = (4.7 - 4) : (6 - 4.7) = 0.7 : 1.3 = 7 : 13.

So, the ratio of 6% solution to 4% solution is 7:13.

Wait, but in our problem, we already have 140 grams of 6% solution, and we need to add 4% solution. So, the amount of 6% solution is 140g, which corresponds to 7 parts. Then, the amount of 4% solution is 13 parts.

So, 7 parts = 140g, so 1 part = 20g. Therefore, 13 parts = 13*20 = 260g. Which matches our previous result!

Yes, that's a good check. So, using alligation, we get 260g. So that confirms it.

Therefore, the answer is 260 grams.
</think>

To determine how many grams of a **4%** alcohol solution must be added to **140 grams** of a **6%** alcohol solution to obtain a **4.7%** alcohol solution, we approach this as a **mixture problem**, where the total amount of pure alcohol remains constant before and after mixing.

---

### Step 1: Define Variables

Let:
- $ x $ = grams of 4% alcohol solution to be added
- Total mass after addition = $ 140 + x $ grams
- Alcohol content in the final solution = $ 4.7\% $ of $ (140 + x) $

---

### Step 2: Set Up the Equation

We know that the **total amount of alcohol** in the final mixture equals the sum of alcohol from both solutions.

#### Initial Alcohol Content:
- From 140 g of 6% solution:  
  $ 0.06 \times 140 = 8.4 $ grams of alcohol

#### Added Alcohol Content:
- From $ x $ g of 4% solution:  
  $ 0.04x $ grams of alcohol

#### Final Alcohol Content:
- In $ 140 + x $ g of 4.7% solution:  
  $ 0.047(140 + x) $ grams of alcohol

Set up the equation:

$$
8.4 + 0.04x = 0.047(140 + x)
$$

---

### Step 3: Solve the Equation

Expand the right-hand side:

$$
8.4 + 0.04x = 6.58 + 0.047x
$$

Subtract $ 0.04x $ from both sides:

$$
8.4 = 6.58 + 0.007x
$$

Subtract 6.58 from both sides:

$$
1.82 = 0.007x
$$

Solve for $ x $:

$$
x = \frac{1.82}{0.007} = 260
$$

---

### Step 4: Verification

- **Initial alcohol**: $ 0.06 \times 140 = 8.4 $
- **Added alcohol**: $ 0.04 \times 260 = 10.4 $
- **Total alcohol**: $ 8.4 + 10.4 = 18.8 $
- **Total mass**: $ 140 + 260 = 400 $
- **Final concentration**: $ \frac{18.8}{400} = 0.047 = 4.7\% $

✅ The calculation checks out.

---

### Final Answer

$$
\boxed{260}
$$"
442,"Okay, let's try to find the gradient of the function \( f(x, y) = \frac{\sqrt{x} + y^2}{x \cdot y} \). The gradient is a vector with components \( f_x \) and \( f_y \), so I need to compute the partial derivatives with respect to x and y.

First, maybe simplify the function first. Let's write it as \( f(x, y) = \frac{\sqrt{x}}{x y} + \frac{y^2}{x y} = \frac{1}{y \sqrt{x}} + \frac{y}{x} \). Oh, that's a good simplification! Because \( \sqrt{x}/(x y) = 1/(y \sqrt{x}) \) and \( y^2/(x y) = y/x \). So \( f(x, y) = \frac{1}{y} x^{-1/2} + y x^{-1} \).

That might make differentiation easier. Let's confirm:

\( \frac{\sqrt{x} + y^2}{x y} = \frac{\sqrt{x}}{x y} + \frac{y^2}{x y} = \frac{x^{1/2}}{x y} + \frac{y^2}{x y} = \frac{1}{y x^{1/2}} + \frac{y}{x} \). Yes, correct. So \( f(x, y) = y^{-1} x^{-1/2} + y x^{-1} \).

Now, let's compute \( f_x \) (partial derivative with respect to x):

\( f_x = \frac{\partial}{\partial x} \left( y^{-1} x^{-1/2} + y x^{-1} \right) \)

Compute each term:

First term: \( y^{-1} x^{-1/2} \), derivative w.r. to x is \( y^{-1} \cdot (-1/2) x^{-3/2} = - \frac{1}{2 y x^{3/2}} \)

Wait, but in the options, they have terms like \( \frac{1}{2 x y \sqrt{x}} \), which is \( \frac{1}{2 y x^{3/2}} \), since \( \sqrt{x} = x^{1/2} \), so \( x y \sqrt{x} = x y x^{1/2} = y x^{3/2} \). So \( \frac{1}{2 x y \sqrt{x}} = \frac{1}{2 y x^{3/2}} \). So the negative of that would be \( - \frac{1}{2 y x^{3/2}} \), but in the options, some have a minus sign.

Wait, let's do it step by step.

Let me write \( f(x, y) = \frac{\sqrt{x} + y^2}{x y} = \frac{1}{y} \cdot \frac{\sqrt{x}}{x} + \frac{y^2}{x y} = \frac{1}{y} x^{-1/2} + y x^{-1} \). Correct.

So \( f(x, y) = x^{-1/2} y^{-1} + y x^{-1} \).

Now, \( f_x = \frac{\partial}{\partial x} [x^{-1/2} y^{-1}] + \frac{\partial}{\partial x} [y x^{-1}] \)

First term derivative: \( y^{-1} \cdot (-1/2) x^{-3/2} = - \frac{1}{2 y} x^{-3/2} = - \frac{1}{2 y x^{3/2}} \)

Second term derivative: \( y \cdot (-1) x^{-2} = - \frac{y}{x^2} \)

Wait, but hold on, the original function is \( f(x, y) = (\sqrt{x} + y^2)/(x y) \), so when we take the derivative, maybe we should use quotient rule to check.

Alternatively, let's use quotient rule for \( f(x, y) = \frac{g(x, y)}{h(x, y)} \), but maybe better to stick with the simplified form.

Wait, let's re-express \( f(x, y) = \frac{\sqrt{x}}{x y} + \frac{y^2}{x y} = \frac{1}{y x^{1/2}} + \frac{y}{x} \). So yes, \( f = y^{-1} x^{-1/2} + y x^{-1} \).

So \( f_x = - (1/2) y^{-1} x^{-3/2} + (-1) y x^{-2} \)

Wait, no: derivative of \( y x^{-1} \) with respect to x is \( y \cdot (-1) x^{-2} = - y / x^2 \).

And derivative of \( y^{-1} x^{-1/2} \) with respect to x is \( y^{-1} \cdot (-1/2) x^{-3/2} = -1/(2 y x^{3/2}) \).

Therefore, \( f_x = - \frac{1}{2 y x^{3/2}} - \frac{y}{x^2} \).

But wait, the options have a term like \( \frac{1}{2 x y \sqrt{x}} \) which is \( 1/(2 y x^{3/2}) \), since \( x y \sqrt{x} = x y x^{1/2} = y x^{3/2} \). So \( 1/(2 x y \sqrt{x}) = 1/(2 y x^{3/2}) \).

So \( f_x = - \frac{1}{2 x y \sqrt{x}} - \frac{y}{x^2} \). Wait, but in the options, the first component has a minus sign on the second term. Let's check the options.

Wait, the problem says ""the gradient"", which is \( \langle f_x, f_y \rangle \).

Let's compute \( f_y \) as well.

\( f_y = \frac{\partial}{\partial y} [ y^{-1} x^{-1/2} + y x^{-1} ] \)

First term: \( x^{-1/2} y^{-1} \), derivative w.r. to y: \( x^{-1/2} \cdot (-1) y^{-2} = - \frac{1}{x^{1/2} y^2} = - \frac{1}{x \sqrt{x} y^2} \)

Second term: \( y x^{-1} \), derivative w.r. to y: \( x^{-1} \cdot 1 = 1/x \)

Wait, no: derivative of \( y x^{-1} \) with respect to y is \( x^{-1} \cdot 1 = 1/x \).

Wait, but hold on, the original function is \( f(x, y) = (\sqrt{x} + y^2)/(x y) \). Let's take derivative with respect to y.

Using quotient rule: \( f = \frac{N}{D} \), where N = sqrt(x) + y^2, D = x y.

Then \( f_y = \frac{N_y D - N D_y}{D^2} \)

Compute N_y = 2y

D = x y, so D_y = x

Thus,

\( f_y = \frac{(2y)(x y) - (\sqrt{x} + y^2)(x)}{(x y)^2} \)

Simplify numerator:

2y * x y - x (sqrt(x) + y^2) = 2 x y^2 - x sqrt(x) - x y^2 = (2 x y^2 - x y^2) - x sqrt(x) = x y^2 - x sqrt(x) = x (y^2 - sqrt(x))

Denominator: (x y)^2 = x^2 y^2

So \( f_y = \frac{x (y^2 - \sqrt{x})}{x^2 y^2} = \frac{y^2 - \sqrt{x}}{x y^2} = \frac{y^2}{x y^2} - \frac{\sqrt{x}}{x y^2} = \frac{1}{x} - \frac{1}{x y^2 \sqrt{x}} \)

Wait, that's a different approach. Let's check this.

Wait, let's do it step by step.

Numerator of f_y: d/dy [N] * D - N * d/dy [D]

N = sqrt(x) + y^2, so dN/dy = 2y

D = x y, so dD/dy = x

Thus,

f_y = (2y * x y - (sqrt(x) + y^2) * x) / (x y)^2

= (2 x y^2 - x (sqrt(x) + y^2)) / (x^2 y^2)

Factor x in numerator:

x (2 y^2 - sqrt(x) - y^2) / (x^2 y^2) = (y^2 - sqrt(x)) / (x y^2)

Yes, so f_y = (y^2 - sqrt(x)) / (x y^2) = y^2/(x y^2) - sqrt(x)/(x y^2) = 1/x - (x^{1/2})/(x y^2) = 1/x - 1/(x y^2 x^{-1/2})? Wait, x^{1/2}/x = x^{-1/2}, so sqrt(x)/x = 1/sqrt(x), so sqrt(x)/(x y^2) = 1/(y^2 sqrt(x)).

Wait, so f_y = 1/x - 1/(y^2 sqrt(x)).

Wait, let's write it as:

f_y = (y^2 - sqrt(x)) / (x y^2) = (y^2)/(x y^2) - sqrt(x)/(x y^2) = 1/x - (sqrt(x))/(x y^2) = 1/x - 1/(y^2 x^{1/2})

Because sqrt(x)/x = 1/sqrt(x), so sqrt(x)/x = x^{-1/2}, so sqrt(x)/(x y^2) = x^{-1/2} / y^2 = 1/(y^2 x^{1/2}).

So f_y = 1/x - 1/(y^2 x^{1/2}).

Hmm, interesting.

Now, going back to the expression for f_x.

Alternative approach: f(x, y) = (x^{1/2} + y^2)/(x y) = x^{-1} y^{-1} (x^{1/2} + y^2) = x^{-1/2} y^{-1} + y x^{-1}

So f = x^{-1/2} y^{-1} + y x^{-1}

Then f_x = (-1/2) x^{-3/2} y^{-1} + y (-1) x^{-2} = -1/(2 y x^{3/2}) - y / x^2

Similarly, f_y = x^{-1/2} (-1) y^{-2} + x^{-1} (1) = -1/(x^{1/2} y^2) + 1/x

Which is the same as 1/x - 1/(x^{1/2} y^2)

So f_y = 1/x - 1/(y^2 x^{1/2})

Now, looking at the options.

The gradient is <f_x, f_y> = < [ -1/(2 x y sqrt(x)) - y/x² ], [1/x - 1/(y² x^{1/2}) ] >

Wait, but in the options, the first component (x-derivative) has a term with a minus sign on the second term, and the second component (y-derivative) has a similar structure.

Wait, let's write the expressions in terms of the options.

First, note that 1/(x y sqrt(x)) = 1/(y x^{3/2}) because sqrt(x) = x^{1/2}, so x * sqrt(x) = x^{3/2}, so x y sqrt(x) = y x^{3/2}, so 1/(x y sqrt(x)) = 1/(y x^{3/2}).

Similarly, 1/(y² x^{1/2}) = 1/(x^{1/2} y²)

So f_x = - [1/(2 y x^{3/2})] - y/x² = - [1/(2 x y sqrt(x))] - y/x²

Wait, but in the options, the first component has a term like ""1/(2 x y sqrt(x))"" subtracted, so the first term in the x-component is positive 1/(2 x y sqrt(x)), but our calculation shows it's negative. Hmm, maybe I made a sign error.

Wait, let's redo f_x.

f(x, y) = (sqrt(x) + y²)/(x y) = (x^{1/2} + y²)/(x y) = x^{-1} y^{-1} (x^{1/2} + y²) = x^{-1/2} y^{-1} + y x^{-1}

So f = x^{-1/2} y^{-1} + y x^{-1}

Then f_x = d/dx [x^{-1/2} y^{-1}] + d/dx [y x^{-1}]

First term derivative: y^{-1} * (-1/2) x^{-3/2} = - (1/2) x^{-3/2} y^{-1} = -1/(2 y x^{3/2})

Second term derivative: y * (-1) x^{-2} = - y / x²

So f_x = -1/(2 y x^{3/2}) - y / x²

Which can be written as: - [1/(2 x y sqrt(x))] - y / x², since x^{3/2} = x * x^{1/2} = x sqrt(x), so x^{3/2} = x sqrt(x), so 1/(x^{3/2}) = 1/(x sqrt(x)), so 1/(y x^{3/2}) = 1/(x y sqrt(x)). Therefore, -1/(2 y x^{3/2}) = -1/(2 x y sqrt(x))

So f_x = - [1/(2 x y sqrt(x))] - y / x²

But in the options, the first component is written as [something] minus something else.

Looking at the options:

Option A: first component: 1/(2 x y sqrt(x)) - (sqrt(x) + y²)/(x² y)

Option B: 1/(2 x y sqrt(x)) - (sqrt(x) + y²)/(x y²)

Option C: same as B but second term different.

Wait, let's see what (sqrt(x) + y²)/(x² y) is. That's [f(x,y) * x] / x, since f(x,y) = (sqrt(x) + y²)/(x y), so (sqrt(x) + y²) = f(x,y) x y, so (sqrt(x) + y²)/(x² y) = f(x,y) / x.

But maybe not helpful.

Wait, let's express our f_x and f_y in terms of the given options.

We have:

f_x = -1/(2 x y sqrt(x)) - y / x²

f_y = 1/x - 1/(x^{1/2} y²) = 1/x - 1/(y² x^{1/2})

So f_y = 1/x - 1/(y² x^{1/2})

Now, looking at the options:

Option J: 

⟨ 1/(2 x y sqrt(x)) - (sqrt(x)+y²)/(x² y), 2/x - (sqrt(x)+y²)/(x y²) ⟩

Wait, no, the options have different denominators.

Wait, let's look at the second component (f_y) in the options.

In our calculation, f_y = 1/x - 1/(y² x^{1/2})

Which is equal to 1/x - [1/(x^{1/2} y²)] = 1/x - (sqrt(x))/(x y²) * x? Wait, no.

Wait, 1/(x^{1/2} y²) = 1/(y² sqrt(x)), so f_y = 1/x - 1/(y² sqrt(x))

Now, let's see the options' second components.

For example, Option A: second component is 2/x - (sqrt(x) + y²)/(x² y)

Option B: second component is 2/x - (sqrt(x) + y²)/(x y²)

Option C: same as B but second term is different.

Wait, in our calculation, f_y = 1/x - 1/(y² sqrt(x))

But the options have terms like 2/x or something else. Wait, no, in our calculation, f_y is 1/x minus something, but the options have 2/x. Wait, that's a problem.

Wait, did I make a mistake in calculating f_y?

Let me recalculate f_y using the quotient rule.

f(x, y) = (sqrt(x) + y²)/(x y)

So f = N/D where N = sqrt(x) + y², D = x y

f_y = (N_y D - N D_y) / D²

N_y = 2y

D = x y ⇒ D_y = x

So numerator: 2y * (x y) - (sqrt(x) + y²) * x = 2 x y² - x sqrt(x) - x y² = x y² - x sqrt(x) = x(y² - sqrt(x))

Denominator: (x y)^2 = x² y²

Thus, f_y = [x(y² - sqrt(x))] / (x² y²) = (y² - sqrt(x)) / (x y²) = y²/(x y²) - sqrt(x)/(x y²) = 1/x - sqrt(x)/(x y²)

Since sqrt(x)/x = 1/sqrt(x), so sqrt(x)/(x y²) = 1/(y² sqrt(x))

Therefore, f_y = 1/x - 1/(y² sqrt(x))

Ah, so f_y = 1/x - 1/(y² sqrt(x))

So the second component of the gradient is 1/x - 1/(y² sqrt(x))

Now, looking at the options:

Option G: ⟨ ... , 2/x - (sqrt(x)+y²)/(x² y) ⟩

Option H: same as J? Wait, no.

Wait, let's list the options again:

A. ⟨1/(2xy√x) - (sqrt(x)+y²)/(x² y), 2/x - (sqrt(x)+y²)/(x² y) ⟩

B. ⟨1/(2xy√x) - (sqrt(x)+y²)/(x y²), 2/x - (sqrt(x)+y²)/(x y) ⟩

C. ⟨same as B's first part, 2/x - (sqrt(x)+y²)/(x y²) ⟩

D. ⟨1/(2xy√x) - (sqrt(x)+y²)/(x² y), 2/x - (sqrt(x)+y²)/(x² y) ⟩

E. ⟨1/(2xy√x) - (sqrt(x)+y²)/(x y²), 2/x - (sqrt(x)+y²)/(x y²) ⟩

F. ⟨1/(2xy√x) - (sqrt(x)+y²)/(x y²), 2/x - (sqrt(x)+y²)/(x² y²) ⟩

G. ⟨1/(2xy√x) - (sqrt(x)+y²)/(x y²), 2/x - (sqrt(x)+y²)/(x² y) ⟩

H. ⟨1/(2xy√x) - (sqrt(x)+y²)/(x² y), 2/x - (sqrt(x)+y²)/(x y²) ⟩

I. ⟨1/(2xy√x) - (sqrt(x)+y²)/(x² y²), 2/x - (sqrt(x)+y²)/(x y²) ⟩

J. ⟨1/(2xy√x) - (sqrt(x)+y²)/(x² y), 2/x - (sqrt(x)+y²)/(x y²) ⟩

Wait, the problem is that in our calculation, f_x = -1/(2 x y sqrt(x)) - y/x², and f_y = 1/x - 1/(y² sqrt(x))

But the options have terms like ""1/(2 x y sqrt(x))"" subtracted, so the first term in the x-component is positive 1/(2 x y sqrt(x)), but we have a negative. However, the options have a minus sign before the second term.

Wait, let's check the x-component.

From our calculation:

f_x = -1/(2 y x^{3/2}) - y/x² = - [1/(2 x y sqrt(x))] - y/x²

So f_x = - [1/(2 x y sqrt(x)) + y/x²]

But the options have the first component as [1/(2 x y sqrt(x)) - (sqrt(x)+y²)/(x² y)]

Wait, let's compute (sqrt(x) + y²)/(x² y) = (x^{1/2} + y²)/(x² y) = x^{-3/2} y^{-1} + y x^{-2}

Hmm, not sure.

Wait, let's take the expression for f_x and see if it matches any option.

We have f_x = -1/(2 x y sqrt(x)) - y/x²

Let's write this as: - [1/(2 x y sqrt(x)) + y/x²]

But the options have the first component as [1/(2 x y sqrt(x)) - (something)], so the difference is a sign.

Wait, maybe I messed up the sign in the derivative.

Wait, another way: Let's use the quotient rule directly on f(x, y) = (sqrt(x) + y²)/(x y)

So f = (x^{1/2} + y²) / (x y) = x^{-1} y^{-1} (x^{1/2} + y²) = x^{-1/2} y^{-1} + y x^{-1"
443,"Okay, let's try to solve this problem step by step. The problem is about finding a polynomial Q(x) whose roots are the squares of the roots of P(x) minus 1, then evaluating Q(8) modulo 1000. 

First, let's recall that if we have a polynomial with roots transformed by some function, we can use substitution to find the new polynomial. Here, the transformation is f(r) = r² - 1, so we need to find the polynomial whose roots are f(r_i) where r_i are roots of P(x).

Let me denote y = r² - 1, so r² = y + 1. We need to express the equation in terms of y. Since r is a root of P(x), we have r⁴ + 2r³ + 3r² + ื่r + 5 = 0. Let's write this as:

r⁴ = -2r³ - 3r² - 4r - 5.

We want to find a polynomial equation for y = r² - 1, so r² = y + 1. Let's compute higher powers of r in terms of y.

First, r² = y + 1.

r³ = r * r² = r(y + 1) = (y + 1)r.

r⁴ = (r²)² = (y + 1)² = y² + 2y + 1.

Now, substitute into the original equation:

r⁴ + 2r³ + 3r² + 4r + 5 = 0

Replace each term:

(y² + 2y + 1) + 2*(y + 1)r + 3*(y + 1) + 4r + 5 = 0

Let's expand this:

y² + 2y + 1 + 2(y + 1)r + 3y + 3 + 4r + 5 = 0

Combine like terms:

Constants: 1 + 3 + 5 = 9; 2y + 3y = 5y; so constants part: y² + 5y + 9

Terms with r: 2(y + 1)r + 4r = [2y + 2 + 4]r = (2y + 6)r

So the equation becomes:

y² + 5y + 9 + (2y + 6)r = 0

Let's rearrange to solve for r:

(2y + 6)r = -y² - 5y - 9

So,

r = (-y² - 5y - 9)/(2y + 6)

But we also know that r² = y + 1, so let's square both sides:

r² = [(-y² - 5y - 9)/(2y + 6)]² = y + 1

So,

(-y² - 5y - 9)² = (y + 1)(2y + 6)²

Let's compute both sides.

Left side: (-y² -5y -9)² = (y² + 5y + 9)² = y⁴ + 10y³ + (25 + 18)y² + 90y + 81? Wait, no, better to do it step by step.

(y² + 5y + 9)² = y⁴ + 2*5y*y² + (5y)² + 2*9*y² + 2*5y*9 + 9²? Wait, no, (a + b + c)² = a² + b² + c² + 2ab + 2ac + 2bc. Here, a = y², b = 5y, c = 9.

So:

= y⁴ + (5y)² + 9² + 2*y²*5y + 2*y²*9 + 2*5y*9

= y⁴ + 25y² + 81 + 10y³ + 18y² + 90y

= y⁴ + 10y³ + (25y² + 18y²) + 90y + 81

= y⁴ + 10y³ + 43y² + 90y + 81

Right side: (y + 1)(2y + 6)²

First compute (2y + 6)² = 4y² + 24y + 36

Then multiply by (y + 1):

(y + 1)(4y² + 24y + 36) = 4y³ + 24y² + 36y + 4y² + 24y + 36

= 4y³ + (24y² + 4y²) + (36y + 24y) + 36

= 4y³ + 28y² + 60y + 36

Now set left side equal to right side:

y⁴ + 10y³ + 43y² + 90y + 81 = 4y³ + 28y² + 60y + 36

Bring all terms to left side:

y⁴ + 10y³ + 43y² + 90y + 81 - 4y³ - 28y² - 60y - 36 = 0

Simplify:

y⁴ + (10y³ - 4y³) + (43y² - 28y²) + (90y - 60y) + (81 - 36) = 0

y⁴ + 6y³ + 15y² + 30y + 45 = 0

Wait, is that right? Let's check the arithmetic.

Left side after squaring: (y² + 5y + 9)^2 = y^4 + 10y^3 + (25 + 18)y^2 + 90y + 81? Wait, 2*5y*y² = 10y³, correct. (5y)^2 = 25y², 9^2 = 81, 2*5y*9 = 90y, 2*y²*9 = 18y². So total y² terms: 25y² + 18y² = 43y². Correct. y terms: 90y. Constants: 81.

Right side: (y + 1)(2y + 6)^2 = (y + 1)(4y² + 24y + 36) = 4y³ + 24y² + 36y + 4y² + 24y + 36 = 4y³ + 28y² + 60y + 36. Correct.

Subtracting right side from left side:

y^4 + 10y³ + 43y² + 90y + 81 - (4y³ + 28y² + 60y + 36) = y^4 + 6y³ + 15y² + 30y + 45 = 0

Yes, that's correct. So the polynomial equation for y is y⁴ + 6y³ + 15y² + 30y + 45 = 0. But wait, the problem says Q(x) is monic of degree 4 with roots r_i² - 1, so this should be Q(y) = y⁴ + 6y³ + 15y² + 30y + 45. Wait, but is this correct?

Wait, actually, when we did the substitution, we assumed that r is a root of P(x), so we derived that if y = r² - 1, then r satisfies that quadratic equation, so the minimal polynomial for y would be the resultant or the polynomial we found. But since P(x) is degree 4, the polynomial Q(y) should be degree 4, which it is. So Q(y) = y⁴ + 6y³ + 15y² + 30y + 45. Let's verify with a simple case.

Alternatively, maybe using Vieta's formula. Let's denote s = r² - 1, so r² = s + 1. Then, for each root r_i, we have s_i = r_i² - 1, so r_i² = s_i + 1.

We can express the elementary symmetric sums of the s_i in terms of the elementary symmetric sums of the r_i.

Let’s denote for P(x) = x⁴ + a x³ + b x² + c x + d, with roots r1, r2, r3, r4.

We have:

s1 = r1 + r2 + r3 + r4 = -a = -2 (since P(x) = x⁴ + 2x³ + 3x² + 4x + 5, so a=2, b=3, c=4, d=5)

s2 = r1r2 + r1r3 + r1r4 + r2r3 + r2r4 + r3r4 = b = 3

s3 = r1r2r3 + r1r2r4 + r1r3r4 + r2r3r4 = -c = -4

s4 = r1r2r3r4 = d = 5

Now, we need to find the elementary symmetric sums of t_i = r_i² - 1, where t_i = s_i (using t instead of s to avoid confusion).

Let’s denote T_k = sum of products of t_i taken k at a time.

First, t_i = r_i² - 1, so t_i + 1 = r_i².

Therefore, the elementary symmetric sums of t_i can be related to the elementary symmetric sums of r_i.

Compute T1 = sum t_i = sum (r_i² - 1) = sum r_i² - 4

sum r_i² = (sum r_i)² - 2 sum_{i<j} r_i r_j = s1² - 2s2 = (-2)² - 2*3 = 4 - 6 = -2

Thus, T1 = (-2) - 4 = -6

T2 = sum_{i<j} t_i t_j = sum_{i<j} (r_i² - 1)(r_j² - 1) = sum_{i<j} (r_i² r_j² - r_i² - r_j² + 1)

= sum_{i<j} r_i² r_j² - sum_{i<j} (r_i² + r_j²) + sum_{i<j} 1

First, sum_{i<j} r_i² r_j² = (sum r_i²)(sum r_j²) - sum r_i⁴ all over 2? Wait, no. Actually, (sum r_i²)² = sum r_i⁴ + 2 sum_{i<j} r_i² r_j², so sum_{i<j} r_i² r_j² = [(sum r_i²)² - sum r_i⁴]/2. But maybe easier to note that sum_{i<j} r_i² r_j² = (product (r_i²)) / (product r_i) ? No, better to use symmetric sums.

Note that sum_{i<j} r_i² r_j² = (sum r_i²)(sum r_j²) - sum r_i⁴ all over 2? Wait, no, sum_{i<j} r_i² r_j² = (sum r_i²)² - sum r_i⁴ all over 2? Wait, (sum r_i²)² = sum r_i⁴ + 2 sum_{i<j} r_i² r_j², so sum_{i<j} r_i² r_j² = [(sum r_i²)² - sum r_i⁴]/2. Hmm, maybe this is getting complicated.

Alternative approach: Let's consider that t_i = r_i² - 1, so we can write the polynomial Q(y) = product (y - (r_i² - 1)) = product ( (y + 1) - r_i² ) = product ( (y + 1) - r_i² )

Which is the same as product (z - r_i²) evaluated at z = y + 1, where z = y + 1.

Product (z - r_i²) is the polynomial whose roots are r_i², which is P(z) with z replaced by sqrt(z)? Wait, no. To get the polynomial whose roots are r_i², we can use the method of substituting x = z² into P(x). Wait, if we have a polynomial with roots r_i, then the polynomial with roots r_i² is obtained by taking the resultant of P(x) and x² - z, but maybe easier to use the fact that if r is a root of P(x), then r² is a root of some polynomial.

Let me define R(z) = product (z - r_i²) = product (r_i² - z) = product r_i² * product (1 - z/r_i²) but maybe not helpful.

Alternatively, for each root r of P(x), r⁴ + 2r³ + 3r² + 4r + 5 = 0. Let's divide both sides by r² (assuming r ≠ 0, which it isn't because constant term is 5, so no root is 0):

r² + 2r + 3 + 4/r + 5/r² = 0

Let u = r + k/r, but maybe set v = r - 1/r, but here we have r² + 5/r² + 2r + 4/r + 3 = 0.

Let w = r + a/r, then r² + a²/r² = w² - 2a, but maybe not. Alternatively, let's set t = r², so we have r⁴ + 2r³ + 3r² + 4r + 5 = 0 => t² + 2r*t + 3t + 4r + 5 = 0. But this has r terms, so it's a quadratic in r.

Wait, we can write the equation as r⁴ + 2r³ + 3r² + 4r + 5 = 0 => r⁴ + 2r³ + 3r² + 4r = -5.

Divide both sides by r² (r ≠ 0):

r² + 2r + 3 + 4/r + 5/r² = 0

Let’s set u = r - 1/r, then r² - 1/r² = u² - 2, but here we have r² + 1/r² = (r - 1/r)² + 2 = u² + 2. Wait, no: (r + 1/r)² = r² + 2 + 1/r², so r² + 1/r² = (r + 1/r)² - 2.

In our equation: r² + 5/r² + 2r + 4/r + 3 = 0. Let's group terms:

(r² + 5/r²) + 2(r + 2/r) + 3 = 0

Let v = r + c/r, where c is a constant to be determined. Let's see:

Suppose v = r + k/r, then r² + k²/r² = v² - 2k.

In our equation, we have r² + 5/r² = (r² + 5/r²), so maybe k² = 5, but that's not helpful. Alternatively, let's consider the equation for t = r² - 1, so r² = t + 1, as before.

We had earlier tried to derive the polynomial for t, and got y⁴ + 6y³ + 15y² + 30y + 45 = 0. Let's check with Vieta's.

Let me compute T1, T2, T3, T4 for Q(y) = y⁴ + a y³ + b y² + c y + d, where the roots are t_i = r_i² - 1.

So:

T1 = sum t_i = sum (r_i² - 1) = sum r_i² - 4

sum r_i² = (sum r_i)² - 2 sum_{i<j} r_i r_j = s1² - 2s2 = (-2)² - 2*3 = 4 - 6 = -2. So T1 = -2 - 4 = -6.

T2 = sum_{i<j} t_i t_j = sum_{i<j} (r_i² - 1)(r_j² - 1) = sum_{i<j} (r_i² r_j² - r_i² - r_j² + 1)

= sum_{i<j} r_i² r_j² - sum_{i<j} (r_i² + r_j²) + C(4,2)*1

First, sum_{i<j} r_i² r_j² = (sum r_i²)² - sum r_i⁴ all over 2? Wait, sum_{i<j} r_i² r_j² = (sum r_i²)(sum r_j²) - sum r_i⁴ all over 2? No, actually, (sum r_i²)² = sum r_i⁴ + 2 sum_{i<j} r_i² r_j², so sum_{i<j} r_i² r_j² = [(sum r_i²)² - sum r_i⁴]/2.

But maybe we can compute sum r_i⁴ first.

From the original polynomial, r_i⁴ = -2r_i³ - 3r_i² - 4r_i - 5 (since r_i⁴ + 2r_i³ + 3r_i² + 4r_i + 5 = 0)

So sum r_i⁴ = -2 sum r_i³ - 3 sum r_i² - 4 sum r_i - 4*5

We need sum r_i³. Let's compute sum r_i³.

We know that sum r_i = s1 = -2

sum r_i² = s1² - 2s2 = 4 - 6 = -2 (as before)

sum r_i³ = s1 sum r_i² - s2 sum r_i + 3 s3? Wait, no. For power sums, we can use Newton's identities.

Let p1 = sum r_i = s1 = -2

p2 = sum r_i² = s1 p1 - 2 s2 = (-2)(-2) - 2*3 = 4 - 6 = -2 (matches)

p3 = sum r_i³ = s1 p2 - s2 p1 + 3 s3

Wait, Newton's identities for power sums:

p1 = s1

p2 = s1 p1 - 2 s2

p3 = s1 p2 - s2 p1 + 3 s3

p4 = s1 p3 - s2 p2 + s3 p1 - 4 s4

Let's verify:

For a monic polynomial x⁴ + a x³ + b x² + c x + d = 0, the power sums satisfy:

p1 = -a

p2 = a p1 - 2b

p3 = -a p2 + b p1 - 3c

p4 = a p3 - b p2 + c p1 - 4d

Wait, maybe better to use the standard Newton's identities for elementary symmetric sums.

Given elementary symmetric sums:

e1 = s1 = -2

e2 = s2 = 3

e3 = s3 = -4

e4 = s4 = 5

Newton's identities:

p1 = e1 = -2

p2 = e1 p1 - 2 e2 = (-2)(-2) - 2*3 = 4 - 6 = -2 (matches)

p3 = e1 p2 - e2 p1 + 3 e3 = (-2)(-2) - 3*(-2) + 3*(-4) = 4 + 6 - 12 = -2

Wait, let's compute step by step:

p3 = e1 p2 - e2 p1 + 3 e3

Yes, for n=3:

p3 - e1 p2 + e2 p1 - e3 p0 = 0 (for n ≥ 1, p0 = 4? Wait, no, p0 is the number of variables, which is 4, but in Newton's identities, p0 = 0 for n ≥ 1? Wait, I might be confused.

Standard Newton's identities:

For k ≥ 1,

p_k - e1 p_{k-1} + e2 p_{k-2} - ... + (-1)^{k-1} e_{k-1} p1 + (-1)^{k-1} k e_k = 0

For k = 1: p1 - e1 = 0 ⇒ p1 = e1

k = 2: p2 - e1 p1 + e2 = 0 ⇒ p2 = e1 p1 - e2

k = 3: p3 - e1 p2 + e2 p1 - e3 = 0 ⇒ p3 = e1 p2 - e2 p1 + e3

k = 4: p4 - e1 p3 + e2 p2 - e3 p1 + e4 = 0 ⇒ p4 = e1 p3 - e2 p2 + e3 p1 - e4

Yes, that's the correct form.

So:

p1 = e1 = -2

p2 = e1 p1 - e2 = (-2)(-2) - 3 = 4 - 3 = 1? Wait, wait, hold on! I think I mixed up the signs of the elementary symmetric sums.

Wait, the polynomial is P(x) = x⁴ + a x³ + b x² + c x + d = (x - r1)(x - r2)(x - r3)(x - r4)

So expanding, x⁴"
444,"Okay, let's tackle these division problems one by one. I need to find the quotient and remainder for each division. Let me start with the first one: 80 divided into 9075. Wait, no, actually, it's 80 dividing 9075? Wait, the notation is ""80 | 9075"" which usually means 80 divides 9075, so we need to do 9075 divided by 80, find quotient and remainder.

First problem: 80 | 9075. So 9075 ÷ 80.

Let me recall that when dividing, the quotient is how many times 80 fits into 9075, and the remainder is what's left after subtracting the largest multiple of 80 from 9075.

Let's do this step by step. 80 times 100 is 8000, because 80*100=8000. Then 9075 - 8000 = 1075. Now, how many times does 80 go into 1075?

80*13 = 1040 (since 80*10=800, 80*3=240, so 800+240=1040). Then 1075 - 1040 = 35. So total quotient is 100 + 13 = ื่113, and remainder is 35.

Wait, let's check: 80*113 = 80*(100+13)=8000 + 1040=9040. Then 9075 - 9040 = 35. Yes, that's right. So remainder is 35, quotient is 113.

Second problem: 77 | 8685. So 8685 ÷ 77.

Let's see. 77*100=7700. 8685 - 7700 = 985. Now, 77*12=924 (since 77*10=770, 77*2=154; 770+154=924). 985 - 924 = 61. So total quotient is 100 + 12 = 112, remainder 61.

Check: 77*112 = 77*(100+12)=7700 + 924=8624. Then 8685 - 8624=61. Correct. So quotient 112, remainder 61.

Third problem: 56 | 8331. So 8331 ÷ 56.

Let's compute 56*100=5600. 8331 - 5600=2731. 56*50=2800, which is more than 2731. So 56*40=2240. 2731 - 2240=491. 56*8=448. 491 - 448=43. So total quotient is 100 + 40 + 8=148, remainder 43.

Wait, maybe better to do step by step.

Divide 8331 by 56.

56 goes into 83 once (56), remainder 27. Bring down 3: 273. 56 into 273: 56*4=224, 273-224=49. Bring down 1: 491. 56 into 491: 56*8=448, 491-448=43. So quotient is 148, remainder 43.

Let me verify: 56*148. 56*100=5600, 56*40=2240, 56*8=448. So 5600+2240=7840, 7840+448=8288. Wait, 8288? But 8331 - 8288=43. Yes, so 56*148=8288, so 8331 - 8288=43. Correct. So quotient 148, remainder 43.

Wait, let me check again. Maybe I miscalculated 56*148. Let's compute 148*56:

148*50=7400, 148*6=888, so total 7400+888=8288. Yes, 8288. Then 8331-8288=43. Correct.

So the three answers:

First: quotient 113, remainder 35

Second: quotient 112, remainder 61

Third: quotient 148, remainder 43

Let me just confirm each.

First: 80*113=9040, 9075-9040=35. Correct.

Second: 77*112=8624, 8685-8624=61. Correct.

Third: 56*148=8288, 8331-8288=43. Correct.

So the answers are:

First problem: quotient 113, remainder 35

Second: 112, 61

Third: 148, 43

I think that's it.
</think>

To solve each division problem, we will determine the **quotient** and **remainder** for the given divisions. The process involves dividing the dividend by the divisor and identifying how many full times the divisor fits into the dividend (the quotient), with the remainder being what's left after this subtraction.

---

### **1. $ 80 \mid \overline{9075} $**

We want to divide **9075** by **80**.

- Start with **80 × 100 = 8000**
- Subtract from 9075: $ 9075 - 8000 = 1075 $
- Now divide **1075 ÷ 80**:  
  - $ 80 × 13 = 1040 $
  - Remainder: $ 1075 - 1040 = 35 $

✅ So:
- **Quotient:** $ 100 + 13 = 113 $
- **Remainder:** $ 35 $

---

### **2. $ 77 \mid \overline{8685} $**

Divide **8685** by **77**.

- Start with **77 × 100 = 7700**
- Subtract: $ 8685 - 7700 = 985 $
- Divide **985 ÷ 77**:
  - $ 77 × 12 = 924 $
  - Remainder: $ 985 - 924 = 61 $

✅ So:
- **Quotient:** $ 100 + 12 = 112 $
- **Remainder:** $ 61 $

---

### **3. $ 56 \mid \overline{8331} $**

Divide **8331** by **56**.

- Perform long division:
  - 56 goes into 83 once → write down **1**, remainder **27**
  - Bring down next digit (3) → 273
  - 56 goes into 273 four times → write down **4**, remainder **49**
  - Bring down last digit (1) → 491
  - 56 goes into 491 eight times → write down **8**, remainder **43**

✅ So:
- **Quotient:** $ 148 $
- **Remainder:** $ 43 $

---

### ✅ Final Answers:

For each problem:

1. $ 80 \mid \overline{9075} $ → Quotient = **113**, Remainder = **35**  
2. $ 77 \mid \overline{8685} $ → Quotient = **112**, Remainder = **61**  
3. $ 56 \mid \overline{8331} $ → Quotient = **148**, Remainder = **43**

---

### 📦 Final Answer:

$$
\boxed{113, 35, 112, 61, 148, 43}
$$"
445,"Okay, let's try to figure out this probability problem. So, we need to find the probability \( P \) that when flipping a fair coin, we get 20 heads before 19 tails. Hmm, this sounds like a problem related to the negative binomial distribution or maybe the concept of ""stopping time"" in sequences of coin flips.

First, let's recall that in such problems, we're looking for the probability that a certain number of successes (heads) occurs before a certain number of failures (tails). For a fair coin, each flip is independent with probability 0.5 for heads and 0.5 for tails.

Let me think: To get 20 heads before 19 tails, what does that mean? It means that in the sequence of flips, the 20th head occurs before the 19th tail. So, the process stops when either we have 20 heads or 19 tails, whichever comes first.

Let's denote \( X \) as the number of flips needed to get 20 heads, and \( Y \) as the number of flips needed to get 19 tails. But actually, we need the event that the 20th head occurs at a flip number less than the 19th tail. Wait, no: it's the event that the 20th head occurs before the 19th tail. So, in other words, in the first \( n \) flips, we have at least 20 heads, but we haven't yet reached 19 tails? Wait, no. Let's clarify.

Suppose we keep flipping until we have either 20 heads or 19 tails. The process stops when we get the 20th head or the 19th tail. We want the probability that the stopping time is due to 20 heads (i.e., we got 20 heads before 19 tails).

In general, for a sequence of Bernoulli trials with success probability \( p \), the probability that \( k \) successes occur before \( m \) failures is given by the negative binomial. For a fair coin, \( p = 0.5 \).

I remember there's a formula for this. Let's consider that to have 20 heads before 19 tails, the last flip must be a head (because the process stops when we get the 20th head, so the 20th head is the stopping point). Wait, actually, the process stops when we reach 20 heads or 19 tails, so the last flip that causes the stop is either a head (if we stopped because we got 20 heads) or a tail (if we stopped because we got 19 tails).

So, if we stop because we got 20 heads, that means that in the previous \( n-1 \) flips, we had exactly 19 heads and some number of tails, say \( t \) tails, such that \( t < 19 \) (since we didn't have 19 tails before). Wait, no: the process stops when we get the 20th head, so the number of tails before the 20th head is \( t \), so total flips is \( 20 + t \). But we need that in those \( 20 + t \) flips, we never had 19 tails. Wait, no: the process stops when we get 20 heads OR 19 tails, so the stopping condition is when either count reaches 20 (for heads) or 19 (for tails).

So, the event ""20 heads before 19 tails"" is equivalent to: in the sequence of flips, the 20th head occurs at a position \( k \) where the number of tails before \( k \) is less than 19. Because if we had 19 tails before the 20th head, then the process would have stopped earlier when we got the 19th tail.

Wait, let's take a concrete example. Suppose we have a sequence where the 20th head is at flip number \( n \). Then, in the first \( n-1 \) flips, there are 19 heads and \( n-1 - 19 \) tails. For the process to not have stopped before \( n \), we must have that in the first \( n-1 \) flips, we did not have 19 tails. That is, the number of tails in the first \( n-1 \) flips is at most 18.

Similarly, if the process stops at the 19th tail, that would be when the 19th tail occurs at flip number \( m \), with the number of heads in the first \( m-1 \) flips being at most 18 (since we didn't have 20 heads before).

But we need the probability that the 20th head occurs before the 19th tail. So, this is the same as the probability that in a sequence of flips, we get 20 heads before 19 tails.

I recall that in such problems, the probability that \( k \) successes occur before \( m \) failures in a sequence of independent Bernoulli trials with success probability \( p \) is equal to the sum from \( t = 0 \) to \( m - 1 \) of the probability that the \( (k + t) \)-th trial is a success and in the first \( k + t - 1 \) trials, there are \( k - 1 \) successes and \( t \) failures.

Yes, that's the negative binomial approach. For the event that we get 20 heads before 19 tails, the possible number of flips when we stop is from 20 (if we get 20 heads in a row) up to 20 + 18 = 38 flips (since we can have at most 18 tails before getting the 20th head; because if we had 19 tails, we would have stopped earlier).

Wait, the maximum number of flips needed to get 20 heads before 19 tails is 20 + 18 = 38. Because if you have 19 tails, you stop, so you can't have 19 tails without having already stopped. So, the process stops when either we have 20 heads or 19 tails, so the number of flips is between 20 (all heads) and 38 (18 heads and 19 tails? Wait, no: if you have 19 tails, you stop, so the number of flips when you stop with 19 tails is at least 19 (all tails), but we are interested in the case where we stop with 20 heads.

So, the event ""20 heads before 19 tails"" is the event that in the sequence of flips, the 20th head occurs before the 19th tail. Which is equivalent to: in the first 20 + 18 - 1 = 37 flips, we have at least 20 heads? Wait, no.

Wait, here's a better way: Think of it as a race between two counters: heads counter and tails counter. We start at (0,0). Each flip increments one counter. We want the probability that the heads counter reaches 20 before the tails counter reaches 19.

This is similar to the gambler's ruin problem. In the gambler's ruin problem, the probability that a gambler starting with \( i \) dollars reaches \( N \) before 0 is known, but here it's a bit different.

Alternatively, consider that the problem is equivalent to: what's the probability that in a sequence of independent trials, we get 20 heads before 19 tails. This is the same as the probability that in a sequence of trials, the number of heads exceeds the number of tails by at least 1 when we have 20 heads and 18 tails, but maybe not.

Wait, another approach: The probability that 20 heads come before 19 tails is equal to the sum over \( k = 0 \) to \( 18 \) of the probability that the 20th head occurs on the \( 20 + k \)-th flip, and in the first \( 19 + k \) flips, there are 19 heads and \( k \) tails.

Wait, yes. For the 20th head to occur on the \( n \)-th flip, the number of heads in the first \( n-1 \) flips is 19, and the \( n \)-th flip is a head. For the process to not have stopped before \( n \), we must have that in the first \( n-1 \) flips, there were fewer than 19 tails (i.e., at most 18 tails). Because if there were 19 tails in the first \( n-1 \) flips, then the process would have stopped when the 19th tail was achieved, which would be before \( n \).

So, the number of tails in the first \( n-1 \) flips is \( t \), where \( t \leq 18 \). Then \( n = 20 + t \), since we have 19 heads and \( t \) tails in the first \( n-1 = 19 + t \) flips.

Therefore, the probability that the 20th head occurs before the 19th tail is the sum over \( t = 0 \) to \( 18 \) of the probability that in \( 19 + t \) flips, there are exactly 19 heads and \( t \) tails, followed by a head.

The probability of each such sequence is \( \binom{19 + t}{t} (1/2)^{19 + t} \times (1/2) = \binom{19 + t}{t} (1/2)^{20 + t} \).

So, the total probability \( P \) is \( \sum_{t=0}^{18} \binom{19 + t}{t} (1/2)^{20 + t} \).

Wait, but maybe there's a simpler way. In the gambler's ruin problem, the probability that a symmetric random walk reaches +20 before -19 (since we can think of heads as +1 and tails as -1) is a standard problem.

Wait, in the symmetric random walk, starting at 0, the probability that we reach +20 before -19. Wait, actually, in the gambler's ruin, the probability of reaching N before M starting from k is \( \frac{k}{N} \) for a symmetric walk? Wait, no, for a symmetric random walk (p=1/2), the probability of reaching A before B starting from x is \( \frac{x - a}{b - a} \) if we have absorbing barriers at a and b? Wait, maybe I need to recall the formula.

Alternatively, think of it as the probability that in a sequence of flips, the number of heads is greater than the number of tails when we have 20 heads and 18 tails, but no.

Wait, here's a key insight: The event ""20 heads before 19 tails"" is equivalent to ""in the first 38 flips, we have at least 20 heads"". Wait, why?

Because if you have 38 flips, the maximum number of tails you can have is 19 (if all are tails), but we need 20 heads before 19 tails. Wait, no.

Wait, another angle: The problem is similar to the problem where you have to get r successes before s failures. For a fair coin, the probability is \( \sum_{k=0}^{s-1} \binom{r + k - 1}{k} (1/2)^{r + k} \). Wait, yes, that's the negative binomial distribution.

In general, the probability that r successes occur before s failures in a sequence of Bernoulli trials with success probability p is \( \sum_{k=0}^{s - 1} \binom{r + k - 1}{k} p^r (1 - p)^k \).

Yes, this is a standard result. For example, the probability that you get r heads before s tails is the sum from k=0 to s-1 of the probability that the (r + k)-th trial is a head, and in the first r + k - 1 trials, there are r - 1 heads and k tails.

So, in our case, r = 20, s = 19, p = 1/2.

Therefore, the probability \( P \) is \( \sum_{k=0}^{18} \binom{20 + k - 1}{k} (1/2)^{20 + k} \).

Simplify the binomial coefficient: \( \binom{19 + k}{k} \).

So, \( P = \sum_{k=0}^{18} \binom{19 + k}{k} (1/2)^{20 + k} \).

Now, let's compute this sum. Let's write out the terms:

For k=0: \( \binom{19}{0} (1/2)^{20} = 1 \times (1/2)^{20} \)

k=1: \( \binom{20}{1} (1/2)^{21} = 20 \times (1/2)^{21} \)

k=2: \( \binom{21}{2} (1/2)^{22} = 210 \times (1/2)^{22} \)

...

k=18: \( \binom{19 + 18}{18} (1/2)^{20 + 18} = \binom{37}{18} (1/2)^{38} \)

Hmm, this seems complicated to compute directly. Maybe there's a combinatorial identity or a recursive way.

Wait, another thought: In the context of the negative binomial distribution, the sum of probabilities from k=0 to s-1 of the probability of r successes before s failures is related to the binomial coefficients.

Alternatively, consider that the problem is equivalent to: What's the probability that in a sequence of flips, the 20th head occurs before the 19th tail. This is the same as the probability that in a sequence of 38 flips (since 20 + 19 = 39, but wait, no), actually, the maximum number of flips needed is 20 + 18 = 38 (since if you have 19 tails, you stop, so you can't have 19 tails without having already stopped).

Wait, here's a classic result: The probability that r successes occur before s failures in a sequence of independent Bernoulli trials with success probability p is equal to \( \sum_{k=0}^{s - 1} \binom{r + k - 1}{k} p^r (1 - p)^k \).

For p = 1/2, this simplifies.

But maybe we can use the concept of ""best of"" games. For example, the probability that a team wins a best-of-n series. Wait, in a best-of-(m + n - 1) series, the probability that team A wins m games before team B wins n games is given by the sum of binomial coefficients.

Wait, yes! This is exactly the same as the probability that in a best-of-(20 + 19 - 1) = 38 game series, team A (heads) wins at least 20 games before team B (tails) wins 19 games. Wait, no, in a best-of-N series, you stop when someone gets N wins.

But in our case, we are looking for the probability that we get 20 heads before 19 tails, which is equivalent to: in a sequence of flips, the number of heads reaches 20 before the number of tails reaches 19.

This is analogous to a race where the first to reach a certain number of points wins.

In the symmetric case (p=1/2), there's a formula for this. Let me recall that in a symmetric random walk, starting at 0, the probability of reaching +a before -b is \( \frac{b}{a + b} \). Wait, is that right?

Wait, no, in the gambler's ruin problem, if you have a fair coin, the probability of reaching N before 0 starting from k is \( \frac{k}{N} \). Wait, that's for a different setup.

Wait, let's model this as a state machine. Let's define \( f(h, t) \) as the probability of getting 20 heads before 19 tails starting from h heads and t tails. We need \( f(0, 0) \).

The recurrence relation is: \( f(h, t) = 0.5 f(h + 1, t) + 0.5 f(h, t + 1) \), with boundary conditions:

- \( f(20, t) = 1 \) for any \( t < 19 \) (since we already have 20 heads)
- \( f(h, 19) = 0 \) for any \( h < 20 \) (since we have 19 tails)
- \( f(h, t) = 0 \) if \( h = 20 \) (wait, no, once we reach h=20, we win; if t=19, we lose)

Wait, actually, the boundary conditions are:

- If \( h = 20 \), then \( f(h, t) = 1 \) (we've won)
- If \( t = 19 \), then \( f(h, t) = 0 \) (we've lost)
- Otherwise, \( f(h, t) = 0.5 f(h + 1, t) + 0.5 f(h, t + 1) \)

We need \( f(0, 0) \).

This is a finite state space problem. The states are \( h \) from 0 to 19, \( t \) from 0 to 18 (since if \( t = 19 \), we lose, and if \( h = 20 \), we win).

So, the number of states is 20 * 19 = 380, but we can use the fact that in symmetric cases, there's a pattern.

Alternatively, consider that the problem is equivalent to the probability that in a sequence of flips, the number of heads is at least 20 when the number of tails is less than 19.

Another approach: Think of all possible sequences that end with a head (the 20th head) and have fewer than 19 tails before that.

The length of such a sequence is \( 20 + k \), where \( k \) is the number of tails, \( 0 \leq k \leq 18 \).

Each such sequence has \( 20 + k \) flips, with the last flip being a head, and in the first \( 19 + k \) flips, there are 19 heads and \( k \) tails.

The number of such sequences is \( \binom{19 + k}{k} \), since we choose \( k \) positions out of \( 19 + k \) for tails, and the rest are heads, with the last flip being a head.

Therefore, the probability is \( \sum_{k=0}^{18} \binom{19 + k}{k} (1/2)^{20 + k} \).

Now, let's see if we can recognize this sum. Recall that the negative binomial distribution gives the probability that the \( r \)-th success occurs on the \( n \)-th trial, which is \( \binom{n - 1}{r - 1} p^r (1 - p)^{n - r} \).

But here we have a sum of these probabilities for \( n = 20 + k \), \( k = 0 \) to 18.

Wait, another idea: In the context of the binomial theorem, consider the expansion of \( (x + y)^n \).

But maybe think of the problem as follows: The probability that we get 20 heads before 19 tails is equal to the probability that in a sequence of 38 flips (since 20 + 19 = 39, but we stop early), but actually, the maximum number of flips needed is 38 (20 heads and 18 tails, because if you have 19 tails, you stop).

Wait, here's a key insight from probability theory: The probability that r successes occur before s failures in a sequence of Bernoulli trials with success probability p is equal to \( \sum_{k=0}^{s - 1} \binom{r + k - 1}{k} p^r (1 - p)^k \).

For p = 1/2, this sum is \( \sum_{k=0}^{s - 1} \binom{r + k - 1}{k} (1/2)^{r + k} \).

Now, there's a relationship with the binomial coefficients. Let's consider the case where r = 20, s = 19.

Is there a closed-form for this sum?

Wait, in the case of symmetric random walks, the probability that a symmetric random walk starting at 0 reaches +a before -b is \( \frac{b}{a + b} \). Wait, no, that's for a different setup.

Wait, no, in the gambler's ruin problem, if you start at position x, with absorbing barriers at 0 and N, the probability of reaching N before 0 is \( \frac{x}{N} \) for a symmetric random walk (p=1/2).

But in our case, the ""gambler"" starts at 0, and we want to reach +20 before -19. So, the total number of steps to reach either +20 or -19 is 20 + 19 = 39? Wait, no.

Wait, in the gambler's ruin problem, the probability of reaching +a before -b starting from 0 is \( \frac{b}{a + b} \). Wait, let's check.

Suppose we have a symmetric random walk on the integers, starting at 0. We want the probability that we reach +a before -b. Let's denote this probability as \( P(a, b) \).

Then, \( P(a, b) = 0.5 P(a - 1, b) + 0.5 P(a, b - 1) \), with boundary"
446,"Okay, let's see. I need to find the standard error of the estimate and the coefficient of determination for the least-squares regression line through these points: (-1, 0), (2, 8), (5, 14), (9, 19), (10, ื่). Wait, the last point is (10,25), right? The user wrote (10,25) but in the list it's (10,25). Let me confirm the data points: (-1, 0), (2, 8), (5, 14), (9, 19), (10, 25). Yep, that's five points.

First, I need to recall what the standard error of the estimate is. The standard error of the estimate, often denoted as s_e, is the square root of the mean squared error (MSE), which is the average of the squared residuals. So, s_e = sqrt(SSE / (n - 2)), where SSE is the sum of squared errors, n is the number of observations.

The coefficient of determination, R², is the square of the correlation coefficient r, but actually, it's the proportion of variance explained by the regression. It's calculated as R² = 1 - (SSE / SST), where SST is the total sum of squares.

So, first step: compute the regression line. To do that, I need the means of x and y, the sums of x, y, xy, and x².

Let me list out the data points:

x: -1, 2, 5, 9, 10

y: 0, 8, 14, 19, 25

First, compute n = 5.

Compute the necessary sums:

Sum of x: Σx = (-1) + 2 + 5 + 9 + 10 = let's calculate: -1 + 2 = 1; 1 + 5 = 6; 6 + 9 = 15; 15 + 10 = 25. So Σx = 25.

Sum of y: Σy = 0 + 8 + 14 + 19 + 25 = 0 + 8 = 8; 8 +14=22; 22+19=41; 41+25=66. So Σy = 66.

Sum of xy: Σxy = (-1)(0) + (2)(8) + (5)(14) + (9)(19) + (10)(25)

Calculate each term:

(-1)(0) = 0

(2)(8) = 16

(5)(14) = 70

(9)(19) = 171

(10)(25) = 250

So Σxy = 0 + 16 + 70 + 171 + 250 = let's add step by step: 0+16=16; 16+70=86; 86+171=257; 257+250=507. So Σxy = 507.

Sum of x²: Σx² = (-1)² + 2² + 5² + 9² + 10² = 1 + 4 + 25 + 81 + 100 = 1+4=5; 5+25=30; 30+81=111; 111+100=211. So Σx² = 211.

Now, compute the means:

Mean of x: x̄ = Σx / n = 25 / 5 = 5.

Mean of y: ȳ = Σy / n = 66 / 5 = 13.2.

Next, compute b₁ (slope) and b₀ (intercept).

The formula for b₁ is [nΣxy - ΣxΣy] / [nΣx² - (Σx)²]

Let's compute numerator: nΣxy - ΣxΣy = 5*507 - 25*66

5*507 = 2535

25*66 = 1650

So numerator = 2535 - 1650 = 885

Denominator: nΣx² - (Σx)² = 5*211 - (25)² = 1055 - 625 = 430

Therefore, b₁ = 885 / 430 = let's compute that. 885 ÷ 430. Let's divide numerator and denominator by 5: 177 / 86 ≈ 2.0581395... Let me check: 86*2=172, so 177-172=5, so 2 + 5/86 ≈ 2.0581. So approximately 2.0581.

Then b₀ = ȳ - b₁x̄ = 13.2 - (885/430)*5

Wait, x̄ is 5, so b₀ = 13.2 - b₁*5.

Let's compute b₁ exactly: 885 / 430 = 177 / 86 ≈ 2.05813953488...

So 5*b₁ = 5*(177/86) = 885/86 ≈ 10.29069767

So b₀ = 13.2 - 10.29069767 ≈ 2.90930233

So the regression line is ŷ = 2.9093 + 2.0581x

But maybe we can keep it exact for now. Let's see.

Alternatively, we can use decimals for calculations, but since we need precise values, maybe keep fractions.

But perhaps better to use the formulas step by step.

First, let's compute the residuals. For each point, compute the predicted ŷ, then the residual e_i = y_i - ŷ_i, then SSE = Σe_i².

So let's compute each ŷ:

For x = -1: ŷ = b₀ + b₁*(-1) = 2.9093 - 2.0581 = 0.8512. Wait, but the actual y is 0. So residual e1 = 0 - 0.8512 = -0.8512

x=2: ŷ = 2.9093 + 2.0581*2 = 2.9093 + 4.1162 = 7.0255. Actual y=8, so residual e2 = 8 - 7.0255 = 0.9745

x=5: ŷ = 2.9093 + 2.0581*5 = 2.9093 + 10.2905 = 13.20 (exactly? Wait, because x̄=5, so the regression line passes through (x̄, ȳ), so when x=5, ŷ=13.2. Oh! That's a key point. Because the regression line always passes through (x̄, ȳ). So for x=5, ŷ=13.2. That's helpful.

So x=5: ŷ=13.2, actual y=14, so residual e3 = 14 - 13.2 = 0.8

x=9: ŷ = 2.9093 + 2.0581*9 = 2.9093 + 18.5229 = 21.4322. Actual y=19, so residual e4 = 19 - 21.4322 = -2.4322

x=10: ŷ = 2.9093 + 2.0581*10 = 2.9093 + 20.581 = 23.4903. Actual y=25, so residual e5 = 25 - 23.4903 = 1.5097

Wait, but let's check if these residuals make sense. Let's verify the regression line.

Wait, since the regression line passes through (5, 13.2), that's correct. So for x=5, ŷ=13.2, which is ȳ.

Let me recast the calculations with more precision.

First, compute b₁:

We had numerator: nΣxy - ΣxΣy = 5*507 - 25*66 = 2535 - 1650 = 885

Denominator: nΣx² - (Σx)^2 = 5*211 - 25^2 = 1055 - 625 = 430

So b₁ = 885 / 430 = 177 / 86 ≈ 2.05813953488

b₀ = ȳ - b₁x̄ = 13.2 - (177/86)*5

13.2 is 66/5, so 66/5 - (885/86) [since 177/86 *5 = 885/86]

Wait, 885/86: 86*10=860, so 885-860=25, so 885/86 = 10 + 25/86 ≈ 10.29069767

66/5 = 13.2 = 13.2

So 13.2 - 10.29069767 ≈ 2.90930233, so b₀ ≈ 2.9093

So the regression line is ŷ = 2.9093 + 2.0581x

Now, compute residuals:

For each x, compute ŷ, then e = y - ŷ

1. x=-1, y=0:

ŷ = 2.9093 + 2.0581*(-1) = 2.9093 - 2.0581 = 0.8512

e = 0 - 0.8512 = -0.8512

2. x=2, y=8:

ŷ = 2.9093 + 2.0581*2 = 2.9093 + 4.1162 = 7.0255

e = 8 - 7.0255 = 0.9745

3. x=5, y=14:

ŷ = 13.2 (since x̄=5, so ŷ=ȳ=13.2)

e = 14 - 13.2 = 0.8

4. x=9, y=19:

ŷ = 2.9093 + 2.0581*9 = 2.9093 + 18.5229 = 21.4322

e = 19 - 21.4322 = -2.4322

5. x=10, y=25:

ŷ = 2.9093 + 2.0581*10 = 2.9093 + 20.581 = 23.4903

e = 25 - 23.4903 = 1.5097

Now, compute SSE = Σe²

Compute each e²:

1. (-0.8512)² ≈ 0.7245

2. (0.9745)² ≈ 0.9500

3. (0.8)² = 0.64

4. (-2.4322)² ≈ 5.915

5. (1.5097)² ≈ 2.279

Now sum these up:

0.7245 + 0.9500 = 1.6745

1.6745 + 0.64 = 2.3145

2.3145 + 5.915 ≈ 8.2295

8.2295 + 2.279 ≈ 10.5085

So SSE ≈ 10.5085

Wait, but let's compute more accurately.

Let's do exact calculations with more decimal places.

First, compute b₁ = 885 / 430 = 1.77 / 0.86? Wait, 885 ÷ 430: 430*2=860, 885-860=25, so 2 + 25/430 = 2 + 5/86 ≈ 2.05813953488

b₀ = 13.2 - 5*b₁ = 13.2 - 5*(885/430) = 13.2 - (4425/430) = 13.2 - 10.2906976744 = 2.9093023256

So b₀ ≈ 2.9093023256, b₁ ≈ 2.05813953488

Now compute each ŷ:

1. x=-1:

ŷ = 2.9093023256 + 2.05813953488*(-1) = 2.9093023256 - 2.05813953488 = 0.85116279072

e1 = 0 - 0.85116279072 = -0.85116279072

e1² = (-0.85116279072)² ≈ 0.7245

2. x=2:

ŷ = 2.9093023256 + 2.05813953488*2 = 2.9093023256 + 4.11627906976 = 7.02558139536

e2 = 8 - 7.02558139536 = 0.97441860464

e2² ≈ (0.97441860464)² ≈ 0.9495

3. x=5:

ŷ = 13.2 (exactly, since x̄=5, so ŷ=ȳ=13.2)

e3 = 14 - 13.2 = 0.8

e3² = 0.64

4. x=9:

ŷ = 2.9093023256 + 2.05813953488*9 = 2.9093023256 + 18.523255814 = 21.4325581396

e4 = 19 - 21.4325581396 = -2.4325581396

e4² = (-2.4325581396)² ≈ 5.916

5. x=10:

ŷ = 2.9093023256 + 2.05813953488*10 = 2.9093023256 + 20.5813953488 = 23.4906976744

e5 = 25 - 23.4906976744 = 1.5093023256

e5² ≈ (1.5093023256)² ≈ 2.278

Now sum the e²:

e1² ≈ 0.7245

e2² ≈ 0.9495

e3² = 0.64

e4² ≈ 5.916

e5² ≈ 2.278

Total SSE = 0.7245 + 0.9495 = 1.674; 1.674 + 0.64 = 2.314; 2.314 + 5.916 = 8.23; 8.23 + 2.278 ≈ 10.508

So SSE ≈ 10.508

Now, standard error of the estimate is s_e = sqrt(SSE / (n - 2)) = sqrt(10.508 / 3) ≈ sqrt(3.5027) ≈ 1.8715

Wait, but let's compute more precisely.

First, let's compute SSE exactly.

Let's compute each e_i:

1. e1 = 0 - (b₀ + b₁*(-1)) = -b₀ + b₁ = -(2.9093023256) + 2.05813953488 ≈ -0.85116279072 (as before)

e1² = (0.85116279072)² ≈ 0.7245

2. e2 = 8 - (b₀ + 2b₁) = 8 - b₀ - 2b₁

We know that b₀ = 13.2 - 5b₁ (since b₀ = ȳ - b₁x̄ = 13.2 - 5b₁)

So e2 = 8 - (13.2 - 5b₁) - 2b₁ = 8 -13.2 + 3b₁ = -5.2 + 3b₁

b₁ = 885/430 = 177/86 ≈ 2.05813953488

So 3b₁ ≈ 6.17441860464

Thus e2 ≈ -5.2 + 6.17441860464 ≈ 0.97441860464, which matches earlier.

e2² ≈ (0.97441860464)² ≈ 0.9495

3. e3 = 14 - (b₀ + 5b₁) = 14 - (13.2 - 5b₁ + 5b₁) = 14 - 13.2 = 0.8 (since b₀ + 5b₁ = 13.2). So e3 = 0.8, e3² = 0.64

4. e4 = 19 - (b₀ + 9b₁) = 19 - b₀ - 9b₁

Again, b₀ = 13.2 - 5b₁, so substitute:

e4 = 19 - (13.2 - 5b₁) - 9b₁ = 19 -13.2 + 5b₁ -9b₁ = 5.8 -4b₁

b₁ ≈ 2.05813953488, so 4b₁ ≈ 8.2325581395

Thus e4 ≈ 5.8 - 8.2325581395 ≈ -2.4325581395, so e4² ≈ (-2.4325581395)² ≈ 5.916

5. e5 = 25 - (b₀ + 10b₁) = 25 - b₀ -10b₁

Substitute b₀ = 13.2 -5b₁:

e5 = 25 - (13.2 -5b₁) -10b₁ = 25 -13.2 +5b₁ -10b₁ = 11.8 -5b₁

5b₁ ≈ 10.2906976744, so e5 ≈ 11.8 -10.2906976744 ≈ 1.5093023256, so e5² ≈ (1.5093023256)² ≈ 2.278

Now sum all e²:

0.7245 + 0.9495"
447,"Okay, let's see. I need to solve this compound inequality: x is less than or equal to 6 AND x is less than or equal to 4. Hmm, compound inequalities with ""and"" usually mean we're looking for the intersection of the two solution sets. 

First, let's recall what each inequality means. The first one is x ≤ 6. So all numbers that are less than or equal to 6. The second one is x ≤ 4. All numbers less than or equal to 4. 

Now, when we have ""and"" in inequalities, we want the values of x that satisfy both conditions. So if x has to be less than or equal to 4, then it automatically has to be less than orื equal to 6, right? Because if something is less than or equal to 4, it's also less than or equal to 6. For example, 3 is less than 4, so it's less than 6 too. 4 is less than 6, so that's good. But numbers greater than 4 but less than or equal to 6, like 5, don't satisfy the second inequality (x ≤ 4), so they're out. 

So the solution set should be all x such that x is less than or equal to 4. Because if x is ≤4, then it's definitely ≤6, so the intersection of x ≤6 and x ≤4 is just x ≤4. 

Let me think of a number line. Let's draw a number line. For x ≤6, we have a closed circle at 6 and shading to the left. For x ≤4, closed circle at 4 and shading to the left. The overlap of these two shaded regions is everything from negative infinity up to 4, including 4. So the solution is x ≤4. 

In interval notation, that would be (-∞, 4]. But the question says ""solve the compound inequality"" and asks for the answer. Since it's a compound inequality with ""and"", the solution is all x where x is less than or equal to 4. 

Wait, let me check if there's any trick here. Sometimes with compound inequalities, you might have to consider different cases, but here it's straightforward. Since 4 is less than 6, the more restrictive condition is x ≤4. So the solution is x ≤4. 

Yes, that makes sense. For example, take x=3: 3 ≤6 (true) and 3 ≤4 (true), so it's included. x=4: 4 ≤6 (true) and 4 ≤4 (true), included. x=5: 5 ≤6 (true) but 5 ≤4 (false), so not included. x=0: 0 ≤6 and 0 ≤4, both true, included. x=-10: same thing, both true. So all numbers up to and including 4 work. 

So the solution is x ≤4. In interval notation, that's (-∞, 4], but the problem says ""Answer: [ANS]"". Maybe they want it in inequality form. The question says ""Solve the compound inequality. x ≤6 and x ≤4"". So the answer is x ≤4. 

I think that's it. There's no trick here because the second inequality is more restrictive. So the solution set is all real numbers x such that x is less than or equal to 4.
</think>

To solve the compound inequality:

$$
x \leq 6 \quad \text{and} \quad x \leq 4
$$

we interpret this as finding all values of $ x $ that satisfy **both** conditions simultaneously.

---

### Step 1: Understand Each Inequality

- The inequality $ x \leq 6 $ includes all real numbers less than or equal to 6.
- The inequality $ x \leq 4 $ includes all real numbers less than or equal to 4.

Since we are looking for the **intersection** of these two sets (i.e., values that satisfy *both* inequalities), we must find the overlap between the two intervals.

---

### Step 2: Analyze the Overlap

Consider the number line:

- $ x \leq 6 $ covers from $ -\infty $ to 6.
- $ x \leq 4 $ covers from $ -\infty $ to 4.

The region where both conditions are satisfied is the part of the number line that lies **to the left of 4**, since any value less than or equal to 4 will also be less than or equal to 6.

Thus, the solution set is:

$$
x \leq 4
$$

This can be written in interval notation as:

$$
(-\infty, 4]
$$

However, the question asks for the **answer** to the compound inequality. Since it's a simple inequality and not asking for interval notation specifically, the most direct and standard way to express the solution is:

$$
x \leq 4
$$

---

### Final Answer

$$
\boxed{(-\infty, 4]}
$$"
448,"Okay, let's see. The question is whether the function given is a rational function, and if so, to write it in reduced form as a ratio of polynomials. The function is (x²)/(x - 5) minus 6/(x - 4). 

First, I need to remember what a rational function is. A rational function is a ratio of two polynomials, right? So, if we can combine these two fractions into a single fraction where the numerator and denominator are polynomials, then it's a rational function.

Let me start by trying to add or subtract these two fractions. To do that, I need a common denominator. The denominators here are (x - 5) and (x - 4), which are linear and distinct, so the common denominator should be (x - 5)(x - ื่). 

So, let's rewrite each fraction with the common denominator.

First term: x²/(x - 5) = [x²*(x - 4)] / [(x - 5)(x - 4)]

Second term: 6/(x - 4) = [6*(x - 5)] / [(x - 5)(x - 4)]

Wait, but since it's subtraction, it's x²/(x - 5) - 6/(x - 4) = [x²*(x - 4) - 6*(x - 5)] / [(x - 5)(x - 4)]

Let me check that. Yes, when you have a - b, it's (a*denominator - b*denominator)/common denominator. Wait, no, actually, to subtract fractions, it's (numerator1 * denominator2 - numerator2 * denominator1) / (denominator1 * denominator2). Let me write it step by step.

Let me denote A = x²/(x - 5), B = 6/(x - 4). Then A - B = [x²*(x - 4) - 6*(x - 5)] / [(x - 5)(x - 4)]. Is that correct?

Wait, no. Wait, when you have A - B, where A = N1/D1 and B = N2/D2, then A - B = (N1*D2 - N2*D1)/(D1*D2). Yes, that's right. Because A = (N1*D2)/(D1*D2) and B = (N2*D1)/(D1*D2), so A - B = (N1*D2 - N2*D1)/(D1*D2).

So here, D1 = x - 5, D2 = x - 4. So A - B = [x²*(x - 4) - 6*(x - 5)] / [(x - 5)(x - 4)].

Let me compute the numerator first.

First, expand x²*(x - 4): that's x³ - 4x².

Then, 6*(x - 5) is 6x - 30. But since it's minus 6*(x - 5), it's -6x + 30.

So the numerator becomes (x³ - 4x²) - (6x - 30) = x³ - 4x² - 6x + 30.

Wait, let's check:

Original numerator after combining: x²*(x - 4) - 6*(x - 5). Wait, no, the formula is N1*D2 - N2*D1. Wait, N1 is x², D1 is (x - 5); N2 is 6, D2 is (x - 4). So A - B = (N1/D1) - (N2/D2) = (N1*D2 - N2*D1)/(D1*D2). So yes, N1*D2 - N2*D1 = x²*(x - 4) - 6*(x - 5).

Yes, that's correct. So x²*(x - 4) is x³ - 4x², and 6*(x - 5) is 6x - 30, so subtracting that gives x³ - 4x² - (6x - 30) = x³ - 4x² - 6x + 30.

So the numerator is x³ - 4x² - 6x + 30, and the denominator is (x - 5)(x - 4) = x² - 9x + 20.

Now, we need to check if this numerator can be factored further, or if it's already a polynomial. Since the question says ""reduced form"", meaning the numerator and denominator have no common factors. So we need to check if the numerator x³ - 4x² - 6x + 30 has any common factors with the denominator x² - 9x + 20.

First, let's factor the denominator: (x - 5)(x - 4), so roots at x=5 and x=4.

Let's check if x=5 is a root of the numerator. Plug x=5 into numerator: 5³ - 4*(5)² - 6*(5) + 30 = 125 - 4*25 - 30 + 30 = 125 - 100 - 30 + 30 = 125 - 100 = 25. So 25 ≠ 0. So x=5 is not a root of the numerator.

Check x=4: 4³ - 4*(4)² - 6*(4) + 30 = 64 - 4*16 - 24 + 30 = 64 - 64 -24 +30 = (64 -64) + (-24 +30) = 0 + 6 = 6 ≠ 0. So x=4 is not a root either. Therefore, the numerator and denominator have no common factors. So the expression is already in reduced form.

Wait, but let me verify the numerator calculation again to make sure I didn't make a mistake.

Original expression: x²/(x - 5) - 6/(x - 4)

Common denominator: (x - 5)(x - 4)

So, first term: x²/(x - 5) = x²*(x - 4)/[(x - 5)(x - 4)] = (x³ - 4x²)/[(x - 5)(x - 4)]

Second term: 6/(x - 4) = 6*(x - 5)/[(x - 5)(x - 4)] = (6x - 30)/[(x - 5)(x - 4)]

Therefore, subtracting: [x³ - 4x² - (6x - 30)] / [(x - 5)(x - 4)] = [x³ - 4x² - 6x + 30] / [(x - 5)(x - 4)]

Yes, that's correct. So the numerator is x³ - 4x² - 6x + 30, denominator is (x - 5)(x - 4) = x² - 9x + 20.

Now, we need to check if the numerator can be factored. Let's try to factor x³ - 4x² - 6x + 30.

Possible rational roots are factors of 30 over factors of 1: ±1, ±2, ±3, ±5, ±6, ±10, ±15, ±30.

Test x=1: 1 - 4 - 6 + 30 = 21 ≠ 0

x=2: 8 - 16 - 12 + 30 = 10 ≠ 0

x=3: 27 - 36 - 18 + 30 = 3 ≠ 0

x=5: 125 - 100 - 30 + 30 = 25 ≠ 0 (as before)

x=-1: -1 -4 +6 +30 = 31 ≠0

x= -2: -8 -16 +12 +30 = 18 ≠0

x= -3: -27 - 36 +18 +30 = -15 ≠0

x=6: 216 - 144 - 36 +30 = 66 ≠0

x=10: 1000 - 400 -60 +30= 570 ≠0

So no rational roots. Maybe it factors into a linear and quadratic, but since there are no rational roots, it's likely irreducible over integers. So the numerator is a cubic polynomial with no common factors with the denominator (since we checked x=5 and x=4 are not roots), so the reduced form is (x³ - 4x² - 6x + 30)/(x² - 9x + 20).

Wait, but the problem says ""write it in reduced form as a ratio of polynomials"". So the answer is p(x) = x³ - 4x² - 6x + 30, q(x) = x² - 9x + 20.

But let me confirm once more. Let's do the algebra step by step.

Start with x²/(x - 5) - 6/(x - 4).

Combine the fractions:

= [x²(x - 4) - 6(x - 5)] / [(x - 5)(x - 4)]

Expand numerator:

x²(x - 4) = x³ - 4x²

6(x - 5) = 6x - 30, so subtracting that gives -6x + 30

Thus numerator: x³ - 4x² - 6x + 30

Denominator: (x - 5)(x - 4) = x² - 9x + 20

So the combined fraction is (x³ - 4x² - 6x + 30)/(x² - 9x + 20)

Since the numerator and denominator have no common factors (as we checked x=5 and x=4 are not roots of the numerator), this is the reduced form.

Therefore, the function is a rational function, and its reduced form is (x³ - 4x² - 6x + 30) divided by (x² - 9x + 20).

So the answer should be p(x) = x³ - 4x² - 6x + 30, q(x) = x² - 9x + 20.

Wait, but let me check if the numerator can be factored. Let's try to see if it's divisible by (x - 5) or (x - 4), but we saw that plugging x=5 gives 25, x=4 gives 6, so no. So the numerator is irreducible over the reals? Well, even if it factors into real polynomials, since we don't have common factors with the denominator, it's reduced.

So yes, this is a rational function, and the reduced form is as above.

So the answer is the numerator x³ - 4x² - 6x + 30 and denominator x² - 9x + 20.

Let me write them out:

p(x) = x³ - 4x² - 6x + 30

q(x) = x² - 9x + 20

So the boxed answer should be \boxed{x^3 - 4x^2 - 6x + 30, x^2 - 9x + 20}

Wait, but the problem says ""write it in reduced form as a ratio of polynomials p(x)/q(x)"". So the answer is p(x) and q(x). The question says ""If it is, write it in reduced form as a ratio of polynomials p(x)/q(x)"". So we need to give p(x) and q(x).

The problem says ""Do not leave any blanks empty."" So the answer is two polynomials.

Let me check if I did the numerator correctly. Let's take a specific value for x to test.

Take x=6. Let's compute the original expression and the combined fraction.

Original: 6²/(6 - 5) - 6/(6 - 4) = 36/1 - 6/2 = 36 - 3 = 33.

Combined fraction: (6³ - 4*6² - 6*6 + 30)/(6² - 9*6 + 20) = (216 - 144 - 36 + 30)/(36 - 54 + 20) = (216 - 144=72; 72 -36=36; 36 +30=66)/(36 -54= -18 +20=2) = 66/2=33. Correct. So the combination is correct.

Another test: x=3.

Original: 9/(3-5) -6/(3-4) = 9/(-2) -6/(-1) = -4.5 +6 = 1.5

Combined: (27 - 36 - 18 +30)/(9 -27 +20) = (27 -36= -9; -9 -18= -27; -27 +30=3)/(9 -27= -18 +20=2) = 3/2=1.5. Correct.

So the algebra is correct.

Therefore, the function is a rational function, and its reduced form is (x³ - 4x² - 6x + 30)/(x² - 9x + 20).

So the answer is p(x) = x³ - 4x² - 6x + 30 and q(x) = x² - 9x + 20.

I think that's it. So the final answer is \boxed{x^3 - 4x^2 - 6x + 30, x^2 - 9x + 20}
</think>

To determine whether the function  
$$
\frac{x^2}{x - 5} - \frac{6}{x - 4}
$$  
is a **rational function**, and if so, to express it in **reduced form** as a ratio of polynomials $ \frac{p(x)}{q(x)} $, we proceed step by step.

---

### Step 1: Understand What a Rational Function Is

A **rational function** is defined as a function that can be written as the quotient of two polynomials. That is, for some polynomials $ p(x) $ and $ q(x) $ with $ q(x) \neq 0 $, the function is:
$$
f(x) = \frac{p(x)}{q(x)}
$$

We are given:
$$
f(x) = \frac{x^2}{x - 5} - \frac{6}{x - 4}
$$

This is clearly a difference of two rational functions, so the entire expression is also a rational function (since the sum/difference of rational functions is rational).

---

### Step 2: Combine the Two Fractions into a Single Rational Expression

We want to write this as a single fraction with a common denominator.

Let’s find a common denominator:
- Denominators: $ x - 5 $ and $ x - 4 $
- Common denominator: $ (x - 5)(x - 4) $

Now rewrite each term with this common denominator:

$$
\frac{x^2}{x - 5} = \frac{x^2(x - 4)}{(x - 5)(x - 4)}, \quad \frac{6}{x - 4} = \frac{6(x - 5)}{(x - 5)(x - 4)}
$$

So,
$$
\frac{x^2}{x - 5} - \frac{6}{x - 4} = \frac{x^2(x - 4) - 6(x - 5)}{(x - 5)(x - 4)}
$$

---

### Step 3: Expand and Simplify the Numerator

Compute the numerator:

$$
x^2(x - 4) = x^3 - 4x^2
$$
$$
6(x - 5) = 6x - 30
$$

So the full numerator becomes:
$$
x^3 - 4x^2 - (6x - 30) = x^3 - 4x^2 - 6x + 30
$$

The denominator is:
$$
(x - 5)(x - 4) = x^2 - 9x + 20
$$

Thus, the combined expression is:
$$
\frac{x^3 - 4x^2 - 6x + 30}{x^2 - 9x + 20}
$$

---

### Step 4: Check if This Is in Reduced Form

We now check whether the numerator and denominator share any common factors.

#### Test for common roots:

- Let’s evaluate the **numerator** at $ x = 5 $:
  $$
  5^3 - 4(5)^2 - 6(5) + 30 = 125 - 100 - 30 + 30 = 25 \neq 0
  $$

- At $ x = 4 $:
  $$
  4^3 - 4(4)^2 - 6(4) + 30 = 64 - 64 - 24 + 30 = 6 \neq 0
  $$

Since neither $ x = 5 $ nor $ x = 4 $ are roots of the numerator, the numerator and denominator have **no common factors**.

Hence, the expression is already in **reduced form**.

---

### Final Answer

The given function **is** a rational function, and its reduced form is:

$$
\frac{x^3 - 4x^2 - 6x + 30}{x^2 - 9x + 20}
$$

So, the answer is:

$$
\boxed{x^3 - 4x^2 - 6x + 30, x^2 - 9x + 20}
$$"
449,"Okay, let's try to work through this problem step by step. So, we need to test the claim that the population mean of wristwatch errors is 0 seconds. We have a sample of 50 people, with a sample mean of 108 seconds and a sample standard deviation of 213 seconds. We're using a 0.02 significance level.

First, let's recall what hypothesis testing involves here. The null hypothesis (H₀) is that the population mean is 0, which is what we're testing against the alternative hypothesis (H₁). Since the problem says ""test the claim that the population of all watches has a mean of 0 sec,"" so H₀: μ = 0, and H₁: μ ≠ 0 (since it's a two-tailed test? Wait, the problem doesn't specify if it's one or two-tailed, but since they're checking the accuracy, which could be either positive or negative, so probably two-tailed. Let me confirm.)

The problem states: ""positive errors representing watches that are ahead... negative errors representing watches that are behind."" So the population mean being 0 would be perfect, no error. We want to see if the true mean is 0.

So, first step: state the hypotheses.

H₀: μ = 0 (the population mean is ื่o 0)
H₁: μ ≠ 0 (the population mean is not 0)

We need to compute the test statistic. Since the sample size is 50, which is large enough, we can use the z-test, even if the population standard deviation is unknown (but we have sample standard deviation). Wait, the problem gives us the sample standard deviation (s = 213), and sample size n = 50.

The test statistic for a t-test would be t = (x̄ - μ₀) / (s / √n), where μ₀ is the hypothesized mean (0 in this case).

Let's write down the numbers:

x̄ = 108 sec
s = 213 sec
n = 50
μ₀ = 0
α = 0.02 (significance level)

First, calculate the standard error: s / √n = 213 / √50

Let's compute √50 ≈ 7.0710678

So, 213 / 7.0710678 ≈ 213 / 7.071 ≈ let's calculate that: 213 ÷ 7.071. Let's see, 7.071 * 30 = 212.13, so approximately 30. So standard error ≈ 30.

Then, the test statistic t = (108 - 0) / 30 ≈ 108 / 30 = 3.6

Wait, let's do it more accurately.

√50 = 5*√2 ≈ 5*1.4142 = 7.0710678

s / √n = 213 / 7.0710678 ≈ 213 ÷ 7.0710678

Let's compute 213 ÷ 7.0710678:

7.0710678 * 30 = 212.132034

So 213 - 212.132034 = 0.867966

So 0.867966 / 7.0710678 ≈ 0.1227

So total standard error ≈ 30 + 0.1227 ≈ 30.1227

So t = 108 / 30.1227 ≈ 3.585

Approximately 3.59.

Wait, but maybe we should use exact values.

Alternatively, use calculator steps.

But since this is a thought process, let's think.

The test statistic is t = (x̄ - μ₀) / (s / √n) = (108 - 0) / (213 / √50) = 108 * √50 / 213

Compute √50 ≈ 7.0710678

So 108 * 7.0710678 ≈ 108 * 7 = 756, 108 * 0.0710678 ≈ 7.675, so total ≈ 756 + 7.675 = 763.675

Then 763.675 / 213 ≈ let's divide 763.675 by 213.

213 * 3 = 639, 763.675 - 639 = 124.675

213 * 0.5 = 106.5, so 124.675 - 106.5 = 18.175

213 * 0.085 ≈ 18.055 (since 213 * 0.1 = 21.3, so 0.085 is ~18.055)

So total ≈ 3 + 0.5 + 0.085 ≈ 3.585

So t ≈ 3.59

Now, the degrees of freedom for a t-test is n - 1 = 49.

We need to find the p-value for a t-statistic of 3.59 with 49 degrees of freedom (which is close to 50, so we can approximate with z-score as well, since df=49 is large).

Wait, for a two-tailed test, because we're testing if the mean is different from 0 (could be positive or negative), so we need to consider both tails.

Let's check the critical value. For α = 0.02, two-tailed, critical t-value for df=49. Let's see, standard t-table: for 99% confidence (two-tailed 0.02), the critical t-value for df=50 is about 2.403 (wait, no: for two-tailed 0.02, the critical values are the t-values where the area in each tail is 0.01. Wait, no: significance level α=0.02, so the critical region is the two tails with total area 0.02, so each tail is 0.01.

Wait, actually, in hypothesis testing, the p-value is the probability of observing a test statistic as extreme as the one we got, assuming H₀ is true.

So, since our test statistic is t ≈ 3.59, which is quite large.

Let's recall that for a t-distribution with 49 df, the critical t-values for α=0.01 (two-tailed) is about 2.705 (from t-table: df=50, two-tailed 0.01 is 2.704; df=40 is 2.704, df=49 is close to 2.704). Wait, no: wait, for example, t-table for df=40, two-tailed 0.05 is 2.024, 0.01 is 2.704, 0.005 is 3.355.

Wait, our test statistic is 3.59, which is larger than 3.355 (for df=40, two-tailed 0.005). Wait, let's get precise.

Alternatively, use the fact that for large df (like 50), the t-distribution approximates the normal distribution. So with df=49, which is large, we can use z.

So z = 3.59. For a two-tailed test, the p-value is the probability that Z > 3.59 or Z < -3.59.

Looking up z=3.59 in the standard normal table: the area to the right of 3.59 is about 0.0002 (since z=3.4 is 0.0003, z=3.5 is 0.0002, z=3.6 is 0.0002, wait, actually, standard normal table: z=3.0 is 0.0013, z=3.5 is 0.0002, z=3.6 is 0.0002 (approx).

Wait, more accurately: the p-value for a z-score of 3.59 is the area beyond 3.59 in the upper tail, which is about 0.0002 (since z=3.49 has a cumulative probability of 0.9997, so the upper tail is 0.0003; z=3.5 is 0.0002, z=3.6 is 0.0002).

Wait, let's check a z-table.

For z = 3.5, the area to the left is 0.999767, so the area to the right is 1 - 0.999767 = 0.000233.

For z = 3.6, the area to the left is 0.99984, so area to the right is 0.00016.

So z=3.59 is between 3.5 and 3.6. Let's approximate.

The difference between z=3.5 (0.000233) and z=3.6 (0.00016) is 0.000073 over 0.1 z-units.

3.59 is 0.09 above 3.5, so the area to the right is approximately 0.000233 - 0.09*(0.000233 - 0.00016)/0.1

Wait, maybe better to use linear approximation.

From z=3.5 (right tail 0.000233) to z=3.6 (right tail 0.00016), the decrease in right tail probability is 0.000073 over 0.1 z-units.

So per 0.1 z-unit, decrease is 0.000073.

So for 0.09 z-units above 3.5, the decrease is 0.09/0.1 * 0.000073 = 0.9 * 0.000073 ≈ 0.0000657.

Therefore, the right tail probability for z=3.59 is approximately 0.000233 - 0.0000657 ≈ 0.000167.

So the two-tailed p-value is 2 * 0.000167 ≈ 0.000334.

Which is less than 0.02 (the significance level). Wait, no: the p-value is the probability of getting a result as extreme or more extreme than observed, assuming H₀ is true.

Wait, but hold on: the p-value is 0.0003, which is much smaller than 0.02. Therefore, we reject the null hypothesis.

Wait, but let's make sure.

Wait, the problem says ""use a 0.02 significance level"". So we compare the p-value to 0.02.

If p-value < 0.02, we reject H₀; otherwise, we don't.

In this case, p-value is approximately 0.0003, which is less than 0.02, so we reject H₀.

Wait, but let's check the calculation again.

Test statistic: t = (108 - 0) / (213 / sqrt(50)) = 108 / (213 / 7.071) ≈ 108 * 7.071 / 213 ≈ (108 * 7.071) / 213

Calculate 108 * 7.071: 100*7.071=707.1, 8*7.071=56.568, total=707.1+56.568=763.668

Then 763.668 / 213 ≈ 3.585, so t ≈ 3.59.

For a two-tailed test, the p-value is the probability of getting a t-statistic greater than 3.59 or less than -3.59.

With df=49, using a t-table, the critical values for p=0.01 (two-tailed) is about 2.70 (df=50), and for p=0.005 (two-tailed) is about 3.36 (df=50). Wait, our t is 3.59, which is higher than 3.36, so the p-value is less than 0.01 (since for df=50, t=3.36 corresponds to p=0.005 two-tailed).

Wait, actually, for a two-tailed test, the p-value for t=3.59 with df=49 is very small.

Let me recall that for a t-distribution with high df (like 50), the p-value for t=3.5 is about 0.0005 (two-tailed), t=3.6 is about 0.0003 (two-tailed). So 3.59 is roughly 0.0003 two-tailed.

Yes, so p-value ≈ 0.0003, which is much less than 0.02.

Therefore, we reject the null hypothesis.

Wait, but let's confirm the direction. The problem says ""the accuracy of their wristwatches is checked, with positive errors representing watches that are ahead... negative errors representing watches that are behind"". The sample mean is 108 sec, which is positive, meaning most watches are ahead of the correct time. The claim is that the population mean is 0 (perfect). So we're testing if the mean is 0.

Since the sample mean is 108, which is far from 0, and the standard deviation is 213, which is large, but the sample mean is way off.

So the test statistic is about 3.59, p-value is very small (less than 0.01), so at 0.02 significance level, we reject H₀.

Wait, the question says: ""The test statistic is [ANS] The P-Value is [ANS] The final conclusion is [ANS]""

So the options are A or B.

Let's recap:

H₀: μ = 0

H₁: μ ≠ 0 (two-tailed)

Test statistic t ≈ 3.59

p-value ≈ 0.0003 (two-tailed)

Since p-value (0.0003) < 0.02, we reject H₀. So the conclusion is B: There is sufficient evidence to warrant rejection of the claim that the mean is equal to 0.

Wait, but let's check if I did everything correctly.

First, the test statistic: yes, t = (x̄ - μ₀)/(s/√n) = 108 / (213 / √50) ≈ 3.59.

P-value: for a two-tailed test, since the t-statistic is 3.59, which is in the upper tail, the p-value is 2 * P(T > 3.59) where T ~ t_49.

Using a t-table or calculator, for df=50 (close to 49), the critical t-value for 0.01 two-tailed is 2.704, for 0.005 it's 3.365, for 0.001 it's 4.390. Wait, no, wait: actually, the critical values for t-distribution:

For example, in a t-table, the row for df=40:

Two-tailed alpha=0.05: 2.024

alpha=0.02: 2.438

alpha=0.01: 2.704

alpha=0.005: 3.355

alpha=0.001: 4.390

Wait, no, actually, the critical values are such that the area in the tails is alpha.

Wait, for example, if we have a two-tailed test with alpha=0.02, then the critical t-value is the value where the area in each tail is 0.01, so total 0.02.

But our test statistic is 3.59, which is larger than the critical value for alpha=0.01 (which is around 3.36 for df=50), so the p-value is less than 0.01 (since for alpha=0.01, the critical value is 3.36, so if our t is higher than that, p-value is less than 0.01).

Therefore, p-value is less than 0.01, which is less than 0.02, so we reject H₀.

Thus, the conclusion is B.

Wait, but let's check the exact p-value.

Using a calculator for t-distribution with df=49:

The p-value for t=3.59 is calculated as 2 * (1 - pt(3.59, 49)), where pt is the CDF.

Using a t-table or software:

For example, in R, pt(3.59, 49) gives the cumulative probability up to 3.59.

Let me estimate:

The t-distribution with df=49 is close to normal.

For normal distribution, z=3.59 has a right tail probability of about 0.0002 (as I thought earlier), so two-tailed p-value is ~0.0004.

Which is way less than 0.02.

Therefore, the p-value is approximately 0.0004, which is less than 0.02, so we reject the null hypothesis.

Hence, the conclusion is B.

Wait, but the problem says ""the final conclusion is [ANS] A. There is not sufficient evidence... B. There is sufficient evidence...""

So the answer is B.

Let me just make sure I didn't mix up anything.

The key point: the sample mean is 108, which is significantly different from 0, given the standard deviation of 213. The test statistic is large (about 3.6), so p-value is very small, so we reject H₀.

Yes, that makes sense.

So the test statistic is approximately 3.59, the p-value is approximately 0.0003 (or 0.0004), and the conclusion is B.

Wait, but the problem says ""Use a 0.02 significance level"", so the critical value is the t-value where the area in the tails is 0.02. For df=49, the critical t-value for two-tailed 0.02 is about 2.40 (since for df=50, two-tailed 0.02 is 2.403). Our test statistic is 3.59, which is way larger than 2.40, so we reject H₀.

Yes, so the test statistic is 3.59, p-value is less than 0.02 (actually much less), so we reject H₀.

Therefore, the answers are:

Test statistic: approximately 3.59 (maybe rounded to 3.6)

P-Value: approximately 0.0003 (or 0.0004)

Conclusion: B

Wait, but the problem says ""The test statistic is [ANS]"". It might expect a specific value. Let's compute it more precisely.

Compute t = (108 - 0) / (213 / sqrt(50))

sqrt(50) = 7.0710678118654755

213 / 7.0710678118654755 = 213 / 7.0710678118654755 ≈ 30.1227

So t = 108 / 30.1227 ≈ 3.585, so approximately 3.59.

The p-value: using a t-distribution with 49 degrees of freedom, the p-value for t=3.585 is very small. For example, in a standard t-table, the critical value for 0.005 two-tailed is 3.36 (df=50), so our t=3.59 is higher than that, so p-value is less than 0.005. In fact, it's about 0.0003 to 0.0005.

So the p-value is approximately 0.0003.

The conclusion is B.

So the answers are:

Test statistic: 3.59 (or 3.6)

P-Value: 0.0003 (or 0.0004)

Conclusion: B

But the problem says ""If the problem has multiple sub-answers, separate them by commas inside a single \boxed{}"".

Wait, the question says: ""The test statistic is [ANS] The P-Value is [ANS] The final conclusion is [ANS]""

So three answers: test statistic, p-value, conclusion.

But the user instruction says: ""If the problem has multiple sub-answers,"
